Copyright 1986-2022 Xilinx, Inc. All Rights Reserved. Copyright 2022-2024 Advanced Micro Devices, Inc. All Rights Reserved.
---------------------------------------------------------------------------------------------------------------------------------------------------------------------------------------------------------
| Tool Version : Vivado v.2024.2 (win64) Build 5239630 Fri Nov 08 22:35:27 MST 2024
| Date         : Mon Mar  9 15:28:45 2026
| Host         : C27-5CG31328K0 running 64-bit major release  (build 9200)
| Command      : report_timing_summary -max_paths 10 -report_unconstrained -file lab2_timing_summary_routed.rpt -pb lab2_timing_summary_routed.pb -rpx lab2_timing_summary_routed.rpx -warn_on_violation
| Design       : lab2
| Device       : 7a200t-sbg484
| Speed File   : -1  PRODUCTION 1.23 2018-06-13
| Design State : Routed
---------------------------------------------------------------------------------------------------------------------------------------------------------------------------------------------------------

Timing Summary Report

------------------------------------------------------------------------------------------------
| Timer Settings
| --------------
------------------------------------------------------------------------------------------------

  Enable Multi Corner Analysis               :  Yes
  Enable Pessimism Removal                   :  Yes
  Pessimism Removal Resolution               :  Nearest Common Node
  Enable Input Delay Default Clock           :  No
  Enable Preset / Clear Arcs                 :  No
  Disable Flight Delays                      :  No
  Ignore I/O Paths                           :  No
  Timing Early Launch at Borrowing Latches   :  No
  Borrow Time for Max Delay Exceptions       :  Yes
  Merge Timing Exceptions                    :  Yes
  Inter-SLR Compensation                     :  Conservative

  Corner  Analyze    Analyze    
  Name    Max Paths  Min Paths  
  ------  ---------  ---------  
  Slow    Yes        Yes        
  Fast    Yes        Yes        


------------------------------------------------------------------------------------------------
| Report Methodology
| ------------------
------------------------------------------------------------------------------------------------

Rule       Severity          Description                                        Violations  
---------  ----------------  -------------------------------------------------  ----------  
TIMING-17  Critical Warning  Non-clocked sequential cell                        301         
TIMING-27  Critical Warning  Invalid primary clock on hierarchical pin          2           
XDCC-2     Warning           Scoped Non-Timing constraint/property overwritten  1           

Note: This report is based on the most recent report_methodology run and may not be up-to-date. Run report_methodology on the current design for the latest report.



check_timing report

Table of Contents
-----------------
1. checking no_clock (301)
2. checking constant_clock (0)
3. checking pulse_width_clock (0)
4. checking unconstrained_internal_endpoints (861)
5. checking no_input_delay (12)
6. checking no_output_delay (15)
7. checking multiple_clock (0)
8. checking generated_clocks (0)
9. checking loops (0)
10. checking partial_input_delay (0)
11. checking partial_output_delay (0)
12. checking latch_loops (0)

1. checking no_clock (301)
--------------------------
 There are 301 register/latch pins with no clock driven by root clock pin: clk (HIGH)


2. checking constant_clock (0)
------------------------------
 There are 0 register/latch pins with constant_clock.


3. checking pulse_width_clock (0)
---------------------------------
 There are 0 register/latch pins which need pulse_width check


4. checking unconstrained_internal_endpoints (861)
--------------------------------------------------
 There are 861 pins that are not constrained for maximum delay. (HIGH)

 There are 0 pins that are not constrained for maximum delay due to constant clock.


5. checking no_input_delay (12)
-------------------------------
 There are 12 input ports with no input delay specified. (HIGH)

 There are 0 input ports with no input delay but user has a false path constraint.


6. checking no_output_delay (15)
--------------------------------
 There are 15 ports with no output delay specified. (HIGH)

 There are 0 ports with no output delay but user has a false path constraint

 There are 0 ports with no output delay but with a timing clock defined on it or propagating through it


7. checking multiple_clock (0)
------------------------------
 There are 0 register/latch pins with multiple clocks.


8. checking generated_clocks (0)
--------------------------------
 There are 0 generated clocks that are not connected to a clock source.


9. checking loops (0)
---------------------
 There are 0 combinational loops in the design.


10. checking partial_input_delay (0)
------------------------------------
 There are 0 input ports with partial input delay specified.


11. checking partial_output_delay (0)
-------------------------------------
 There are 0 ports with partial output delay specified.


12. checking latch_loops (0)
----------------------------
 There are 0 combinational latch loops in the design through latch input



------------------------------------------------------------------------------------------------
| Design Timing Summary
| ---------------------
------------------------------------------------------------------------------------------------

    WNS(ns)      TNS(ns)  TNS Failing Endpoints  TNS Total Endpoints      WHS(ns)      THS(ns)  THS Failing Endpoints  THS Total Endpoints     WPWS(ns)     TPWS(ns)  TPWS Failing Endpoints  TPWS Total Endpoints  
    -------      -------  ---------------------  -------------------      -------      -------  ---------------------  -------------------     --------     --------  ----------------------  --------------------  
      3.543        0.000                      0                  385        0.124        0.000                      0                  385        3.000        0.000                       0                   258  


All user specified timing constraints are met.


------------------------------------------------------------------------------------------------
| Clock Summary
| -------------
------------------------------------------------------------------------------------------------

Clock                                                          Waveform(ns)         Period(ns)      Frequency(MHz)
-----                                                          ------------         ----------      --------------
datapath/Audio_Codec/audiocodec_master_clock/inst/clk_in1      {0.000 5.000}        10.000          100.000         
  clk_out1_clk_wiz_1                                           {0.000 40.687}       81.375          12.289          
  clk_out2_clk_wiz_1                                           {0.000 10.000}       20.000          50.000          
  clkfbout_clk_wiz_1                                           {0.000 5.000}        10.000          100.000         
datapath/video_inst/mmcm_adv_inst_display_clocks/inst/clk_in1  {0.000 5.000}        10.000          100.000         
  clk_out1_clk_wiz_2                                           {0.000 20.000}       40.000          25.000          
  clk_out2_clk_wiz_2                                           {0.000 4.000}        8.000           125.000         
  clkfbout_clk_wiz_2                                           {0.000 5.000}        10.000          100.000         


------------------------------------------------------------------------------------------------
| Intra Clock Table
| -----------------
------------------------------------------------------------------------------------------------

Clock                                                              WNS(ns)      TNS(ns)  TNS Failing Endpoints  TNS Total Endpoints      WHS(ns)      THS(ns)  THS Failing Endpoints  THS Total Endpoints     WPWS(ns)     TPWS(ns)  TPWS Failing Endpoints  TPWS Total Endpoints  
-----                                                              -------      -------  ---------------------  -------------------      -------      -------  ---------------------  -------------------     --------     --------  ----------------------  --------------------  
datapath/Audio_Codec/audiocodec_master_clock/inst/clk_in1                                                                                                                                                        3.000        0.000                       0                     1  
  clk_out1_clk_wiz_1                                                                                                                                                                                            79.220        0.000                       0                     2  
  clk_out2_clk_wiz_1                                                14.010        0.000                      0                  207        0.132        0.000                      0                  207        9.500        0.000                       0                   117  
  clkfbout_clk_wiz_1                                                                                                                                                                                             7.845        0.000                       0                     3  
datapath/video_inst/mmcm_adv_inst_display_clocks/inst/clk_in1                                                                                                                                                    3.000        0.000                       0                     1  
  clk_out1_clk_wiz_2                                                17.800        0.000                      0                  119        0.124        0.000                      0                  119       19.500        0.000                       0                    85  
  clk_out2_clk_wiz_2                                                 3.543        0.000                      0                   53        0.155        0.000                      0                   53        3.500        0.000                       0                    46  
  clkfbout_clk_wiz_2                                                                                                                                                                                             7.845        0.000                       0                     3  


------------------------------------------------------------------------------------------------
| Inter Clock Table
| -----------------
------------------------------------------------------------------------------------------------

From Clock          To Clock                WNS(ns)      TNS(ns)  TNS Failing Endpoints  TNS Total Endpoints      WHS(ns)      THS(ns)  THS Failing Endpoints  THS Total Endpoints  
----------          --------                -------      -------  ---------------------  -------------------      -------      -------  ---------------------  -------------------  
clk_out1_clk_wiz_2  clk_out2_clk_wiz_2        4.441        0.000                      0                   30        0.185        0.000                      0                   30  


------------------------------------------------------------------------------------------------
| Other Path Groups Table
| -----------------------
------------------------------------------------------------------------------------------------

Path Group    From Clock    To Clock          WNS(ns)      TNS(ns)  TNS Failing Endpoints  TNS Total Endpoints      WHS(ns)      THS(ns)  THS Failing Endpoints  THS Total Endpoints  
----------    ----------    --------          -------      -------  ---------------------  -------------------      -------      -------  ---------------------  -------------------  


------------------------------------------------------------------------------------------------
| User Ignored Path Table
| -----------------------
------------------------------------------------------------------------------------------------

Path Group    From Clock    To Clock    
----------    ----------    --------    


------------------------------------------------------------------------------------------------
| Unconstrained Path Table
| ------------------------
------------------------------------------------------------------------------------------------

Path Group          From Clock          To Clock          
----------          ----------          --------          
(none)                                                      
(none)              clk_out1_clk_wiz_1                      
(none)              clk_out1_clk_wiz_2                      
(none)              clk_out2_clk_wiz_1                      
(none)              clk_out2_clk_wiz_2                      
(none)              clkfbout_clk_wiz_1                      
(none)              clkfbout_clk_wiz_2                      
(none)                                  clk_out1_clk_wiz_2  
(none)                                  clk_out2_clk_wiz_1  


------------------------------------------------------------------------------------------------
| Timing Details
| --------------
------------------------------------------------------------------------------------------------


---------------------------------------------------------------------------------------------------
From Clock:  datapath/Audio_Codec/audiocodec_master_clock/inst/clk_in1
  To Clock:  datapath/Audio_Codec/audiocodec_master_clock/inst/clk_in1

Setup :           NA  Failing Endpoints,  Worst Slack           NA  ,  Total Violation           NA
Hold  :           NA  Failing Endpoints,  Worst Slack           NA  ,  Total Violation           NA
PW    :            0  Failing Endpoints,  Worst Slack        3.000ns,  Total Violation        0.000ns
---------------------------------------------------------------------------------------------------


Pulse Width Checks
--------------------------------------------------------------------------------------
Clock Name:         datapath/Audio_Codec/audiocodec_master_clock/inst/clk_in1
Waveform(ns):       { 0.000 5.000 }
Period(ns):         10.000
Sources:            { datapath/Audio_Codec/audiocodec_master_clock/inst/clk_in1 }

Check Type        Corner  Lib Pin            Reference Pin  Required(ns)  Actual(ns)  Slack(ns)  Location         Pin
Min Period        n/a     MMCME2_ADV/CLKIN1  n/a            1.249         10.000      8.751      MMCME2_ADV_X0Y2  datapath/Audio_Codec/audiocodec_master_clock/inst/mmcm_adv_inst/CLKIN1
Max Period        n/a     MMCME2_ADV/CLKIN1  n/a            100.000       10.000      90.000     MMCME2_ADV_X0Y2  datapath/Audio_Codec/audiocodec_master_clock/inst/mmcm_adv_inst/CLKIN1
Low Pulse Width   Slow    MMCME2_ADV/CLKIN1  n/a            2.000         5.000       3.000      MMCME2_ADV_X0Y2  datapath/Audio_Codec/audiocodec_master_clock/inst/mmcm_adv_inst/CLKIN1
Low Pulse Width   Fast    MMCME2_ADV/CLKIN1  n/a            2.000         5.000       3.000      MMCME2_ADV_X0Y2  datapath/Audio_Codec/audiocodec_master_clock/inst/mmcm_adv_inst/CLKIN1
High Pulse Width  Slow    MMCME2_ADV/CLKIN1  n/a            2.000         5.000       3.000      MMCME2_ADV_X0Y2  datapath/Audio_Codec/audiocodec_master_clock/inst/mmcm_adv_inst/CLKIN1
High Pulse Width  Fast    MMCME2_ADV/CLKIN1  n/a            2.000         5.000       3.000      MMCME2_ADV_X0Y2  datapath/Audio_Codec/audiocodec_master_clock/inst/mmcm_adv_inst/CLKIN1



---------------------------------------------------------------------------------------------------
From Clock:  clk_out1_clk_wiz_1
  To Clock:  clk_out1_clk_wiz_1

Setup :           NA  Failing Endpoints,  Worst Slack           NA  ,  Total Violation           NA
Hold  :           NA  Failing Endpoints,  Worst Slack           NA  ,  Total Violation           NA
PW    :            0  Failing Endpoints,  Worst Slack       79.220ns,  Total Violation        0.000ns
---------------------------------------------------------------------------------------------------


Pulse Width Checks
--------------------------------------------------------------------------------------
Clock Name:         clk_out1_clk_wiz_1
Waveform(ns):       { 0.000 40.688 }
Period(ns):         81.375
Sources:            { datapath/Audio_Codec/audiocodec_master_clock/inst/mmcm_adv_inst/CLKOUT0 }

Check Type  Corner  Lib Pin             Reference Pin  Required(ns)  Actual(ns)  Slack(ns)  Location         Pin
Min Period  n/a     BUFG/I              n/a            2.155         81.375      79.220     BUFGCTRL_X0Y1    datapath/Audio_Codec/audiocodec_master_clock/inst/clkout1_buf/I
Min Period  n/a     MMCME2_ADV/CLKOUT0  n/a            1.249         81.375      80.126     MMCME2_ADV_X0Y2  datapath/Audio_Codec/audiocodec_master_clock/inst/mmcm_adv_inst/CLKOUT0
Max Period  n/a     MMCME2_ADV/CLKOUT0  n/a            213.360       81.375      131.985    MMCME2_ADV_X0Y2  datapath/Audio_Codec/audiocodec_master_clock/inst/mmcm_adv_inst/CLKOUT0



---------------------------------------------------------------------------------------------------
From Clock:  clk_out2_clk_wiz_1
  To Clock:  clk_out2_clk_wiz_1

Setup :            0  Failing Endpoints,  Worst Slack       14.010ns,  Total Violation        0.000ns
Hold  :            0  Failing Endpoints,  Worst Slack        0.132ns,  Total Violation        0.000ns
PW    :            0  Failing Endpoints,  Worst Slack        9.500ns,  Total Violation        0.000ns
---------------------------------------------------------------------------------------------------


Max Delay Paths
--------------------------------------------------------------------------------------
Slack (MET) :             14.010ns  (required time - arrival time)
  Source:                 datapath/Audio_Codec/initialize_audio/delaycnt_reg[12]/C
                            (rising edge-triggered cell FDSE clocked by clk_out2_clk_wiz_1  {rise@0.000ns fall@10.000ns period=20.000ns})
  Destination:            datapath/Audio_Codec/initialize_audio/initA_reg[0]/CE
                            (rising edge-triggered cell FDRE clocked by clk_out2_clk_wiz_1  {rise@0.000ns fall@10.000ns period=20.000ns})
  Path Group:             clk_out2_clk_wiz_1
  Path Type:              Setup (Max at Slow Process Corner)
  Requirement:            20.000ns  (clk_out2_clk_wiz_1 rise@20.000ns - clk_out2_clk_wiz_1 rise@0.000ns)
  Data Path Delay:        5.707ns  (logic 1.076ns (18.854%)  route 4.631ns (81.146%))
  Logic Levels:           5  (LUT4=2 LUT5=1 LUT6=2)
  Clock Path Skew:        -0.030ns (DCD - SCD + CPR)
    Destination Clock Delay (DCD):    1.697ns = ( 21.697 - 20.000 ) 
    Source Clock Delay      (SCD):    1.821ns
    Clock Pessimism Removal (CPR):    0.094ns
  Clock Uncertainty:      0.084ns  ((TSJ^2 + DJ^2)^1/2) / 2 + PE
    Total System Jitter     (TSJ):    0.071ns
    Discrete Jitter          (DJ):    0.152ns
    Phase Error              (PE):    0.000ns

    Location             Delay type                Incr(ns)  Path(ns)    Netlist Resource(s)
  -------------------------------------------------------------------    -------------------
                         (clock clk_out2_clk_wiz_1 rise edge)
                                                      0.000     0.000 r  
    BUFGCTRL_X0Y2        BUFG                         0.000     0.000 r  clk_IBUF_BUFG_inst/O
                         net (fo=303, routed)         1.761     1.761    datapath/Audio_Codec/audiocodec_master_clock/inst/clk_in1
    MMCME2_ADV_X0Y2      MMCME2_ADV (Prop_mmcme2_adv_CLKIN1_CLKOUT1)
                                                     -3.701    -1.939 r  datapath/Audio_Codec/audiocodec_master_clock/inst/mmcm_adv_inst/CLKOUT1
                         net (fo=1, routed)           1.843    -0.096    datapath/Audio_Codec/audiocodec_master_clock/inst/clk_out2_clk_wiz_1
    BUFGCTRL_X0Y3        BUFG (Prop_bufg_I_O)         0.096    -0.000 r  datapath/Audio_Codec/audiocodec_master_clock/inst/clkout2_buf/O
                         net (fo=115, routed)         1.821     1.821    datapath/Audio_Codec/initialize_audio/CLK
    SLICE_X157Y117       FDSE                                         r  datapath/Audio_Codec/initialize_audio/delaycnt_reg[12]/C
  -------------------------------------------------------------------    -------------------
    SLICE_X157Y117       FDSE (Prop_fdse_C_Q)         0.456     2.277 f  datapath/Audio_Codec/initialize_audio/delaycnt_reg[12]/Q
                         net (fo=3, routed)           0.837     3.115    datapath/Audio_Codec/initialize_audio/delaycnt[12]
    SLICE_X156Y118       LUT4 (Prop_lut4_I1_O)        0.124     3.239 f  datapath/Audio_Codec/initialize_audio/state[3]_i_10/O
                         net (fo=1, routed)           0.646     3.885    datapath/Audio_Codec/initialize_audio/state[3]_i_10_n_0
    SLICE_X156Y117       LUT5 (Prop_lut5_I4_O)        0.124     4.009 f  datapath/Audio_Codec/initialize_audio/state[3]_i_6/O
                         net (fo=1, routed)           0.640     4.649    datapath/Audio_Codec/initialize_audio/state[3]_i_6_n_0
    SLICE_X156Y119       LUT4 (Prop_lut4_I0_O)        0.124     4.773 f  datapath/Audio_Codec/initialize_audio/state[3]_i_3/O
                         net (fo=4, routed)           1.104     5.877    datapath/Audio_Codec/initialize_audio/state[3]_i_3_n_0
    SLICE_X156Y121       LUT6 (Prop_lut6_I5_O)        0.124     6.001 r  datapath/Audio_Codec/initialize_audio/initA[6]_i_3/O
                         net (fo=1, routed)           0.298     6.299    datapath/Audio_Codec/initialize_audio/twi_controller/initA_reg[0]
    SLICE_X159Y122       LUT6 (Prop_lut6_I0_O)        0.124     6.423 r  datapath/Audio_Codec/initialize_audio/twi_controller/initA[6]_i_1/O
                         net (fo=7, routed)           1.106     7.528    datapath/Audio_Codec/initialize_audio/twi_controller_n_6
    SLICE_X158Y122       FDRE                                         r  datapath/Audio_Codec/initialize_audio/initA_reg[0]/CE
  -------------------------------------------------------------------    -------------------

                         (clock clk_out2_clk_wiz_1 rise edge)
                                                     20.000    20.000 r  
    BUFGCTRL_X0Y2        BUFG                         0.000    20.000 r  clk_IBUF_BUFG_inst/O
                         net (fo=303, routed)         1.643    21.643    datapath/Audio_Codec/audiocodec_master_clock/inst/clk_in1
    MMCME2_ADV_X0Y2      MMCME2_ADV (Prop_mmcme2_adv_CLKIN1_CLKOUT1)
                                                     -3.494    18.149 r  datapath/Audio_Codec/audiocodec_master_clock/inst/mmcm_adv_inst/CLKOUT1
                         net (fo=1, routed)           1.760    19.909    datapath/Audio_Codec/audiocodec_master_clock/inst/clk_out2_clk_wiz_1
    BUFGCTRL_X0Y3        BUFG (Prop_bufg_I_O)         0.091    20.000 r  datapath/Audio_Codec/audiocodec_master_clock/inst/clkout2_buf/O
                         net (fo=115, routed)         1.697    21.697    datapath/Audio_Codec/initialize_audio/CLK
    SLICE_X158Y122       FDRE                                         r  datapath/Audio_Codec/initialize_audio/initA_reg[0]/C
                         clock pessimism              0.094    21.791    
                         clock uncertainty           -0.084    21.708    
    SLICE_X158Y122       FDRE (Setup_fdre_C_CE)      -0.169    21.539    datapath/Audio_Codec/initialize_audio/initA_reg[0]
  -------------------------------------------------------------------
                         required time                         21.539    
                         arrival time                          -7.528    
  -------------------------------------------------------------------
                         slack                                 14.010    

Slack (MET) :             14.010ns  (required time - arrival time)
  Source:                 datapath/Audio_Codec/initialize_audio/delaycnt_reg[12]/C
                            (rising edge-triggered cell FDSE clocked by clk_out2_clk_wiz_1  {rise@0.000ns fall@10.000ns period=20.000ns})
  Destination:            datapath/Audio_Codec/initialize_audio/initA_reg[1]/CE
                            (rising edge-triggered cell FDRE clocked by clk_out2_clk_wiz_1  {rise@0.000ns fall@10.000ns period=20.000ns})
  Path Group:             clk_out2_clk_wiz_1
  Path Type:              Setup (Max at Slow Process Corner)
  Requirement:            20.000ns  (clk_out2_clk_wiz_1 rise@20.000ns - clk_out2_clk_wiz_1 rise@0.000ns)
  Data Path Delay:        5.707ns  (logic 1.076ns (18.854%)  route 4.631ns (81.146%))
  Logic Levels:           5  (LUT4=2 LUT5=1 LUT6=2)
  Clock Path Skew:        -0.030ns (DCD - SCD + CPR)
    Destination Clock Delay (DCD):    1.697ns = ( 21.697 - 20.000 ) 
    Source Clock Delay      (SCD):    1.821ns
    Clock Pessimism Removal (CPR):    0.094ns
  Clock Uncertainty:      0.084ns  ((TSJ^2 + DJ^2)^1/2) / 2 + PE
    Total System Jitter     (TSJ):    0.071ns
    Discrete Jitter          (DJ):    0.152ns
    Phase Error              (PE):    0.000ns

    Location             Delay type                Incr(ns)  Path(ns)    Netlist Resource(s)
  -------------------------------------------------------------------    -------------------
                         (clock clk_out2_clk_wiz_1 rise edge)
                                                      0.000     0.000 r  
    BUFGCTRL_X0Y2        BUFG                         0.000     0.000 r  clk_IBUF_BUFG_inst/O
                         net (fo=303, routed)         1.761     1.761    datapath/Audio_Codec/audiocodec_master_clock/inst/clk_in1
    MMCME2_ADV_X0Y2      MMCME2_ADV (Prop_mmcme2_adv_CLKIN1_CLKOUT1)
                                                     -3.701    -1.939 r  datapath/Audio_Codec/audiocodec_master_clock/inst/mmcm_adv_inst/CLKOUT1
                         net (fo=1, routed)           1.843    -0.096    datapath/Audio_Codec/audiocodec_master_clock/inst/clk_out2_clk_wiz_1
    BUFGCTRL_X0Y3        BUFG (Prop_bufg_I_O)         0.096    -0.000 r  datapath/Audio_Codec/audiocodec_master_clock/inst/clkout2_buf/O
                         net (fo=115, routed)         1.821     1.821    datapath/Audio_Codec/initialize_audio/CLK
    SLICE_X157Y117       FDSE                                         r  datapath/Audio_Codec/initialize_audio/delaycnt_reg[12]/C
  -------------------------------------------------------------------    -------------------
    SLICE_X157Y117       FDSE (Prop_fdse_C_Q)         0.456     2.277 f  datapath/Audio_Codec/initialize_audio/delaycnt_reg[12]/Q
                         net (fo=3, routed)           0.837     3.115    datapath/Audio_Codec/initialize_audio/delaycnt[12]
    SLICE_X156Y118       LUT4 (Prop_lut4_I1_O)        0.124     3.239 f  datapath/Audio_Codec/initialize_audio/state[3]_i_10/O
                         net (fo=1, routed)           0.646     3.885    datapath/Audio_Codec/initialize_audio/state[3]_i_10_n_0
    SLICE_X156Y117       LUT5 (Prop_lut5_I4_O)        0.124     4.009 f  datapath/Audio_Codec/initialize_audio/state[3]_i_6/O
                         net (fo=1, routed)           0.640     4.649    datapath/Audio_Codec/initialize_audio/state[3]_i_6_n_0
    SLICE_X156Y119       LUT4 (Prop_lut4_I0_O)        0.124     4.773 f  datapath/Audio_Codec/initialize_audio/state[3]_i_3/O
                         net (fo=4, routed)           1.104     5.877    datapath/Audio_Codec/initialize_audio/state[3]_i_3_n_0
    SLICE_X156Y121       LUT6 (Prop_lut6_I5_O)        0.124     6.001 r  datapath/Audio_Codec/initialize_audio/initA[6]_i_3/O
                         net (fo=1, routed)           0.298     6.299    datapath/Audio_Codec/initialize_audio/twi_controller/initA_reg[0]
    SLICE_X159Y122       LUT6 (Prop_lut6_I0_O)        0.124     6.423 r  datapath/Audio_Codec/initialize_audio/twi_controller/initA[6]_i_1/O
                         net (fo=7, routed)           1.106     7.528    datapath/Audio_Codec/initialize_audio/twi_controller_n_6
    SLICE_X158Y122       FDRE                                         r  datapath/Audio_Codec/initialize_audio/initA_reg[1]/CE
  -------------------------------------------------------------------    -------------------

                         (clock clk_out2_clk_wiz_1 rise edge)
                                                     20.000    20.000 r  
    BUFGCTRL_X0Y2        BUFG                         0.000    20.000 r  clk_IBUF_BUFG_inst/O
                         net (fo=303, routed)         1.643    21.643    datapath/Audio_Codec/audiocodec_master_clock/inst/clk_in1
    MMCME2_ADV_X0Y2      MMCME2_ADV (Prop_mmcme2_adv_CLKIN1_CLKOUT1)
                                                     -3.494    18.149 r  datapath/Audio_Codec/audiocodec_master_clock/inst/mmcm_adv_inst/CLKOUT1
                         net (fo=1, routed)           1.760    19.909    datapath/Audio_Codec/audiocodec_master_clock/inst/clk_out2_clk_wiz_1
    BUFGCTRL_X0Y3        BUFG (Prop_bufg_I_O)         0.091    20.000 r  datapath/Audio_Codec/audiocodec_master_clock/inst/clkout2_buf/O
                         net (fo=115, routed)         1.697    21.697    datapath/Audio_Codec/initialize_audio/CLK
    SLICE_X158Y122       FDRE                                         r  datapath/Audio_Codec/initialize_audio/initA_reg[1]/C
                         clock pessimism              0.094    21.791    
                         clock uncertainty           -0.084    21.708    
    SLICE_X158Y122       FDRE (Setup_fdre_C_CE)      -0.169    21.539    datapath/Audio_Codec/initialize_audio/initA_reg[1]
  -------------------------------------------------------------------
                         required time                         21.539    
                         arrival time                          -7.528    
  -------------------------------------------------------------------
                         slack                                 14.010    

Slack (MET) :             14.010ns  (required time - arrival time)
  Source:                 datapath/Audio_Codec/initialize_audio/delaycnt_reg[12]/C
                            (rising edge-triggered cell FDSE clocked by clk_out2_clk_wiz_1  {rise@0.000ns fall@10.000ns period=20.000ns})
  Destination:            datapath/Audio_Codec/initialize_audio/initA_reg[2]/CE
                            (rising edge-triggered cell FDRE clocked by clk_out2_clk_wiz_1  {rise@0.000ns fall@10.000ns period=20.000ns})
  Path Group:             clk_out2_clk_wiz_1
  Path Type:              Setup (Max at Slow Process Corner)
  Requirement:            20.000ns  (clk_out2_clk_wiz_1 rise@20.000ns - clk_out2_clk_wiz_1 rise@0.000ns)
  Data Path Delay:        5.707ns  (logic 1.076ns (18.854%)  route 4.631ns (81.146%))
  Logic Levels:           5  (LUT4=2 LUT5=1 LUT6=2)
  Clock Path Skew:        -0.030ns (DCD - SCD + CPR)
    Destination Clock Delay (DCD):    1.697ns = ( 21.697 - 20.000 ) 
    Source Clock Delay      (SCD):    1.821ns
    Clock Pessimism Removal (CPR):    0.094ns
  Clock Uncertainty:      0.084ns  ((TSJ^2 + DJ^2)^1/2) / 2 + PE
    Total System Jitter     (TSJ):    0.071ns
    Discrete Jitter          (DJ):    0.152ns
    Phase Error              (PE):    0.000ns

    Location             Delay type                Incr(ns)  Path(ns)    Netlist Resource(s)
  -------------------------------------------------------------------    -------------------
                         (clock clk_out2_clk_wiz_1 rise edge)
                                                      0.000     0.000 r  
    BUFGCTRL_X0Y2        BUFG                         0.000     0.000 r  clk_IBUF_BUFG_inst/O
                         net (fo=303, routed)         1.761     1.761    datapath/Audio_Codec/audiocodec_master_clock/inst/clk_in1
    MMCME2_ADV_X0Y2      MMCME2_ADV (Prop_mmcme2_adv_CLKIN1_CLKOUT1)
                                                     -3.701    -1.939 r  datapath/Audio_Codec/audiocodec_master_clock/inst/mmcm_adv_inst/CLKOUT1
                         net (fo=1, routed)           1.843    -0.096    datapath/Audio_Codec/audiocodec_master_clock/inst/clk_out2_clk_wiz_1
    BUFGCTRL_X0Y3        BUFG (Prop_bufg_I_O)         0.096    -0.000 r  datapath/Audio_Codec/audiocodec_master_clock/inst/clkout2_buf/O
                         net (fo=115, routed)         1.821     1.821    datapath/Audio_Codec/initialize_audio/CLK
    SLICE_X157Y117       FDSE                                         r  datapath/Audio_Codec/initialize_audio/delaycnt_reg[12]/C
  -------------------------------------------------------------------    -------------------
    SLICE_X157Y117       FDSE (Prop_fdse_C_Q)         0.456     2.277 f  datapath/Audio_Codec/initialize_audio/delaycnt_reg[12]/Q
                         net (fo=3, routed)           0.837     3.115    datapath/Audio_Codec/initialize_audio/delaycnt[12]
    SLICE_X156Y118       LUT4 (Prop_lut4_I1_O)        0.124     3.239 f  datapath/Audio_Codec/initialize_audio/state[3]_i_10/O
                         net (fo=1, routed)           0.646     3.885    datapath/Audio_Codec/initialize_audio/state[3]_i_10_n_0
    SLICE_X156Y117       LUT5 (Prop_lut5_I4_O)        0.124     4.009 f  datapath/Audio_Codec/initialize_audio/state[3]_i_6/O
                         net (fo=1, routed)           0.640     4.649    datapath/Audio_Codec/initialize_audio/state[3]_i_6_n_0
    SLICE_X156Y119       LUT4 (Prop_lut4_I0_O)        0.124     4.773 f  datapath/Audio_Codec/initialize_audio/state[3]_i_3/O
                         net (fo=4, routed)           1.104     5.877    datapath/Audio_Codec/initialize_audio/state[3]_i_3_n_0
    SLICE_X156Y121       LUT6 (Prop_lut6_I5_O)        0.124     6.001 r  datapath/Audio_Codec/initialize_audio/initA[6]_i_3/O
                         net (fo=1, routed)           0.298     6.299    datapath/Audio_Codec/initialize_audio/twi_controller/initA_reg[0]
    SLICE_X159Y122       LUT6 (Prop_lut6_I0_O)        0.124     6.423 r  datapath/Audio_Codec/initialize_audio/twi_controller/initA[6]_i_1/O
                         net (fo=7, routed)           1.106     7.528    datapath/Audio_Codec/initialize_audio/twi_controller_n_6
    SLICE_X158Y122       FDRE                                         r  datapath/Audio_Codec/initialize_audio/initA_reg[2]/CE
  -------------------------------------------------------------------    -------------------

                         (clock clk_out2_clk_wiz_1 rise edge)
                                                     20.000    20.000 r  
    BUFGCTRL_X0Y2        BUFG                         0.000    20.000 r  clk_IBUF_BUFG_inst/O
                         net (fo=303, routed)         1.643    21.643    datapath/Audio_Codec/audiocodec_master_clock/inst/clk_in1
    MMCME2_ADV_X0Y2      MMCME2_ADV (Prop_mmcme2_adv_CLKIN1_CLKOUT1)
                                                     -3.494    18.149 r  datapath/Audio_Codec/audiocodec_master_clock/inst/mmcm_adv_inst/CLKOUT1
                         net (fo=1, routed)           1.760    19.909    datapath/Audio_Codec/audiocodec_master_clock/inst/clk_out2_clk_wiz_1
    BUFGCTRL_X0Y3        BUFG (Prop_bufg_I_O)         0.091    20.000 r  datapath/Audio_Codec/audiocodec_master_clock/inst/clkout2_buf/O
                         net (fo=115, routed)         1.697    21.697    datapath/Audio_Codec/initialize_audio/CLK
    SLICE_X158Y122       FDRE                                         r  datapath/Audio_Codec/initialize_audio/initA_reg[2]/C
                         clock pessimism              0.094    21.791    
                         clock uncertainty           -0.084    21.708    
    SLICE_X158Y122       FDRE (Setup_fdre_C_CE)      -0.169    21.539    datapath/Audio_Codec/initialize_audio/initA_reg[2]
  -------------------------------------------------------------------
                         required time                         21.539    
                         arrival time                          -7.528    
  -------------------------------------------------------------------
                         slack                                 14.010    

Slack (MET) :             14.010ns  (required time - arrival time)
  Source:                 datapath/Audio_Codec/initialize_audio/delaycnt_reg[12]/C
                            (rising edge-triggered cell FDSE clocked by clk_out2_clk_wiz_1  {rise@0.000ns fall@10.000ns period=20.000ns})
  Destination:            datapath/Audio_Codec/initialize_audio/initA_reg[3]/CE
                            (rising edge-triggered cell FDRE clocked by clk_out2_clk_wiz_1  {rise@0.000ns fall@10.000ns period=20.000ns})
  Path Group:             clk_out2_clk_wiz_1
  Path Type:              Setup (Max at Slow Process Corner)
  Requirement:            20.000ns  (clk_out2_clk_wiz_1 rise@20.000ns - clk_out2_clk_wiz_1 rise@0.000ns)
  Data Path Delay:        5.707ns  (logic 1.076ns (18.854%)  route 4.631ns (81.146%))
  Logic Levels:           5  (LUT4=2 LUT5=1 LUT6=2)
  Clock Path Skew:        -0.030ns (DCD - SCD + CPR)
    Destination Clock Delay (DCD):    1.697ns = ( 21.697 - 20.000 ) 
    Source Clock Delay      (SCD):    1.821ns
    Clock Pessimism Removal (CPR):    0.094ns
  Clock Uncertainty:      0.084ns  ((TSJ^2 + DJ^2)^1/2) / 2 + PE
    Total System Jitter     (TSJ):    0.071ns
    Discrete Jitter          (DJ):    0.152ns
    Phase Error              (PE):    0.000ns

    Location             Delay type                Incr(ns)  Path(ns)    Netlist Resource(s)
  -------------------------------------------------------------------    -------------------
                         (clock clk_out2_clk_wiz_1 rise edge)
                                                      0.000     0.000 r  
    BUFGCTRL_X0Y2        BUFG                         0.000     0.000 r  clk_IBUF_BUFG_inst/O
                         net (fo=303, routed)         1.761     1.761    datapath/Audio_Codec/audiocodec_master_clock/inst/clk_in1
    MMCME2_ADV_X0Y2      MMCME2_ADV (Prop_mmcme2_adv_CLKIN1_CLKOUT1)
                                                     -3.701    -1.939 r  datapath/Audio_Codec/audiocodec_master_clock/inst/mmcm_adv_inst/CLKOUT1
                         net (fo=1, routed)           1.843    -0.096    datapath/Audio_Codec/audiocodec_master_clock/inst/clk_out2_clk_wiz_1
    BUFGCTRL_X0Y3        BUFG (Prop_bufg_I_O)         0.096    -0.000 r  datapath/Audio_Codec/audiocodec_master_clock/inst/clkout2_buf/O
                         net (fo=115, routed)         1.821     1.821    datapath/Audio_Codec/initialize_audio/CLK
    SLICE_X157Y117       FDSE                                         r  datapath/Audio_Codec/initialize_audio/delaycnt_reg[12]/C
  -------------------------------------------------------------------    -------------------
    SLICE_X157Y117       FDSE (Prop_fdse_C_Q)         0.456     2.277 f  datapath/Audio_Codec/initialize_audio/delaycnt_reg[12]/Q
                         net (fo=3, routed)           0.837     3.115    datapath/Audio_Codec/initialize_audio/delaycnt[12]
    SLICE_X156Y118       LUT4 (Prop_lut4_I1_O)        0.124     3.239 f  datapath/Audio_Codec/initialize_audio/state[3]_i_10/O
                         net (fo=1, routed)           0.646     3.885    datapath/Audio_Codec/initialize_audio/state[3]_i_10_n_0
    SLICE_X156Y117       LUT5 (Prop_lut5_I4_O)        0.124     4.009 f  datapath/Audio_Codec/initialize_audio/state[3]_i_6/O
                         net (fo=1, routed)           0.640     4.649    datapath/Audio_Codec/initialize_audio/state[3]_i_6_n_0
    SLICE_X156Y119       LUT4 (Prop_lut4_I0_O)        0.124     4.773 f  datapath/Audio_Codec/initialize_audio/state[3]_i_3/O
                         net (fo=4, routed)           1.104     5.877    datapath/Audio_Codec/initialize_audio/state[3]_i_3_n_0
    SLICE_X156Y121       LUT6 (Prop_lut6_I5_O)        0.124     6.001 r  datapath/Audio_Codec/initialize_audio/initA[6]_i_3/O
                         net (fo=1, routed)           0.298     6.299    datapath/Audio_Codec/initialize_audio/twi_controller/initA_reg[0]
    SLICE_X159Y122       LUT6 (Prop_lut6_I0_O)        0.124     6.423 r  datapath/Audio_Codec/initialize_audio/twi_controller/initA[6]_i_1/O
                         net (fo=7, routed)           1.106     7.528    datapath/Audio_Codec/initialize_audio/twi_controller_n_6
    SLICE_X158Y122       FDRE                                         r  datapath/Audio_Codec/initialize_audio/initA_reg[3]/CE
  -------------------------------------------------------------------    -------------------

                         (clock clk_out2_clk_wiz_1 rise edge)
                                                     20.000    20.000 r  
    BUFGCTRL_X0Y2        BUFG                         0.000    20.000 r  clk_IBUF_BUFG_inst/O
                         net (fo=303, routed)         1.643    21.643    datapath/Audio_Codec/audiocodec_master_clock/inst/clk_in1
    MMCME2_ADV_X0Y2      MMCME2_ADV (Prop_mmcme2_adv_CLKIN1_CLKOUT1)
                                                     -3.494    18.149 r  datapath/Audio_Codec/audiocodec_master_clock/inst/mmcm_adv_inst/CLKOUT1
                         net (fo=1, routed)           1.760    19.909    datapath/Audio_Codec/audiocodec_master_clock/inst/clk_out2_clk_wiz_1
    BUFGCTRL_X0Y3        BUFG (Prop_bufg_I_O)         0.091    20.000 r  datapath/Audio_Codec/audiocodec_master_clock/inst/clkout2_buf/O
                         net (fo=115, routed)         1.697    21.697    datapath/Audio_Codec/initialize_audio/CLK
    SLICE_X158Y122       FDRE                                         r  datapath/Audio_Codec/initialize_audio/initA_reg[3]/C
                         clock pessimism              0.094    21.791    
                         clock uncertainty           -0.084    21.708    
    SLICE_X158Y122       FDRE (Setup_fdre_C_CE)      -0.169    21.539    datapath/Audio_Codec/initialize_audio/initA_reg[3]
  -------------------------------------------------------------------
                         required time                         21.539    
                         arrival time                          -7.528    
  -------------------------------------------------------------------
                         slack                                 14.010    

Slack (MET) :             14.010ns  (required time - arrival time)
  Source:                 datapath/Audio_Codec/initialize_audio/delaycnt_reg[12]/C
                            (rising edge-triggered cell FDSE clocked by clk_out2_clk_wiz_1  {rise@0.000ns fall@10.000ns period=20.000ns})
  Destination:            datapath/Audio_Codec/initialize_audio/initA_reg[4]/CE
                            (rising edge-triggered cell FDRE clocked by clk_out2_clk_wiz_1  {rise@0.000ns fall@10.000ns period=20.000ns})
  Path Group:             clk_out2_clk_wiz_1
  Path Type:              Setup (Max at Slow Process Corner)
  Requirement:            20.000ns  (clk_out2_clk_wiz_1 rise@20.000ns - clk_out2_clk_wiz_1 rise@0.000ns)
  Data Path Delay:        5.707ns  (logic 1.076ns (18.854%)  route 4.631ns (81.146%))
  Logic Levels:           5  (LUT4=2 LUT5=1 LUT6=2)
  Clock Path Skew:        -0.030ns (DCD - SCD + CPR)
    Destination Clock Delay (DCD):    1.697ns = ( 21.697 - 20.000 ) 
    Source Clock Delay      (SCD):    1.821ns
    Clock Pessimism Removal (CPR):    0.094ns
  Clock Uncertainty:      0.084ns  ((TSJ^2 + DJ^2)^1/2) / 2 + PE
    Total System Jitter     (TSJ):    0.071ns
    Discrete Jitter          (DJ):    0.152ns
    Phase Error              (PE):    0.000ns

    Location             Delay type                Incr(ns)  Path(ns)    Netlist Resource(s)
  -------------------------------------------------------------------    -------------------
                         (clock clk_out2_clk_wiz_1 rise edge)
                                                      0.000     0.000 r  
    BUFGCTRL_X0Y2        BUFG                         0.000     0.000 r  clk_IBUF_BUFG_inst/O
                         net (fo=303, routed)         1.761     1.761    datapath/Audio_Codec/audiocodec_master_clock/inst/clk_in1
    MMCME2_ADV_X0Y2      MMCME2_ADV (Prop_mmcme2_adv_CLKIN1_CLKOUT1)
                                                     -3.701    -1.939 r  datapath/Audio_Codec/audiocodec_master_clock/inst/mmcm_adv_inst/CLKOUT1
                         net (fo=1, routed)           1.843    -0.096    datapath/Audio_Codec/audiocodec_master_clock/inst/clk_out2_clk_wiz_1
    BUFGCTRL_X0Y3        BUFG (Prop_bufg_I_O)         0.096    -0.000 r  datapath/Audio_Codec/audiocodec_master_clock/inst/clkout2_buf/O
                         net (fo=115, routed)         1.821     1.821    datapath/Audio_Codec/initialize_audio/CLK
    SLICE_X157Y117       FDSE                                         r  datapath/Audio_Codec/initialize_audio/delaycnt_reg[12]/C
  -------------------------------------------------------------------    -------------------
    SLICE_X157Y117       FDSE (Prop_fdse_C_Q)         0.456     2.277 f  datapath/Audio_Codec/initialize_audio/delaycnt_reg[12]/Q
                         net (fo=3, routed)           0.837     3.115    datapath/Audio_Codec/initialize_audio/delaycnt[12]
    SLICE_X156Y118       LUT4 (Prop_lut4_I1_O)        0.124     3.239 f  datapath/Audio_Codec/initialize_audio/state[3]_i_10/O
                         net (fo=1, routed)           0.646     3.885    datapath/Audio_Codec/initialize_audio/state[3]_i_10_n_0
    SLICE_X156Y117       LUT5 (Prop_lut5_I4_O)        0.124     4.009 f  datapath/Audio_Codec/initialize_audio/state[3]_i_6/O
                         net (fo=1, routed)           0.640     4.649    datapath/Audio_Codec/initialize_audio/state[3]_i_6_n_0
    SLICE_X156Y119       LUT4 (Prop_lut4_I0_O)        0.124     4.773 f  datapath/Audio_Codec/initialize_audio/state[3]_i_3/O
                         net (fo=4, routed)           1.104     5.877    datapath/Audio_Codec/initialize_audio/state[3]_i_3_n_0
    SLICE_X156Y121       LUT6 (Prop_lut6_I5_O)        0.124     6.001 r  datapath/Audio_Codec/initialize_audio/initA[6]_i_3/O
                         net (fo=1, routed)           0.298     6.299    datapath/Audio_Codec/initialize_audio/twi_controller/initA_reg[0]
    SLICE_X159Y122       LUT6 (Prop_lut6_I0_O)        0.124     6.423 r  datapath/Audio_Codec/initialize_audio/twi_controller/initA[6]_i_1/O
                         net (fo=7, routed)           1.106     7.528    datapath/Audio_Codec/initialize_audio/twi_controller_n_6
    SLICE_X158Y122       FDRE                                         r  datapath/Audio_Codec/initialize_audio/initA_reg[4]/CE
  -------------------------------------------------------------------    -------------------

                         (clock clk_out2_clk_wiz_1 rise edge)
                                                     20.000    20.000 r  
    BUFGCTRL_X0Y2        BUFG                         0.000    20.000 r  clk_IBUF_BUFG_inst/O
                         net (fo=303, routed)         1.643    21.643    datapath/Audio_Codec/audiocodec_master_clock/inst/clk_in1
    MMCME2_ADV_X0Y2      MMCME2_ADV (Prop_mmcme2_adv_CLKIN1_CLKOUT1)
                                                     -3.494    18.149 r  datapath/Audio_Codec/audiocodec_master_clock/inst/mmcm_adv_inst/CLKOUT1
                         net (fo=1, routed)           1.760    19.909    datapath/Audio_Codec/audiocodec_master_clock/inst/clk_out2_clk_wiz_1
    BUFGCTRL_X0Y3        BUFG (Prop_bufg_I_O)         0.091    20.000 r  datapath/Audio_Codec/audiocodec_master_clock/inst/clkout2_buf/O
                         net (fo=115, routed)         1.697    21.697    datapath/Audio_Codec/initialize_audio/CLK
    SLICE_X158Y122       FDRE                                         r  datapath/Audio_Codec/initialize_audio/initA_reg[4]/C
                         clock pessimism              0.094    21.791    
                         clock uncertainty           -0.084    21.708    
    SLICE_X158Y122       FDRE (Setup_fdre_C_CE)      -0.169    21.539    datapath/Audio_Codec/initialize_audio/initA_reg[4]
  -------------------------------------------------------------------
                         required time                         21.539    
                         arrival time                          -7.528    
  -------------------------------------------------------------------
                         slack                                 14.010    

Slack (MET) :             14.010ns  (required time - arrival time)
  Source:                 datapath/Audio_Codec/initialize_audio/delaycnt_reg[12]/C
                            (rising edge-triggered cell FDSE clocked by clk_out2_clk_wiz_1  {rise@0.000ns fall@10.000ns period=20.000ns})
  Destination:            datapath/Audio_Codec/initialize_audio/initA_reg[5]/CE
                            (rising edge-triggered cell FDRE clocked by clk_out2_clk_wiz_1  {rise@0.000ns fall@10.000ns period=20.000ns})
  Path Group:             clk_out2_clk_wiz_1
  Path Type:              Setup (Max at Slow Process Corner)
  Requirement:            20.000ns  (clk_out2_clk_wiz_1 rise@20.000ns - clk_out2_clk_wiz_1 rise@0.000ns)
  Data Path Delay:        5.707ns  (logic 1.076ns (18.854%)  route 4.631ns (81.146%))
  Logic Levels:           5  (LUT4=2 LUT5=1 LUT6=2)
  Clock Path Skew:        -0.030ns (DCD - SCD + CPR)
    Destination Clock Delay (DCD):    1.697ns = ( 21.697 - 20.000 ) 
    Source Clock Delay      (SCD):    1.821ns
    Clock Pessimism Removal (CPR):    0.094ns
  Clock Uncertainty:      0.084ns  ((TSJ^2 + DJ^2)^1/2) / 2 + PE
    Total System Jitter     (TSJ):    0.071ns
    Discrete Jitter          (DJ):    0.152ns
    Phase Error              (PE):    0.000ns

    Location             Delay type                Incr(ns)  Path(ns)    Netlist Resource(s)
  -------------------------------------------------------------------    -------------------
                         (clock clk_out2_clk_wiz_1 rise edge)
                                                      0.000     0.000 r  
    BUFGCTRL_X0Y2        BUFG                         0.000     0.000 r  clk_IBUF_BUFG_inst/O
                         net (fo=303, routed)         1.761     1.761    datapath/Audio_Codec/audiocodec_master_clock/inst/clk_in1
    MMCME2_ADV_X0Y2      MMCME2_ADV (Prop_mmcme2_adv_CLKIN1_CLKOUT1)
                                                     -3.701    -1.939 r  datapath/Audio_Codec/audiocodec_master_clock/inst/mmcm_adv_inst/CLKOUT1
                         net (fo=1, routed)           1.843    -0.096    datapath/Audio_Codec/audiocodec_master_clock/inst/clk_out2_clk_wiz_1
    BUFGCTRL_X0Y3        BUFG (Prop_bufg_I_O)         0.096    -0.000 r  datapath/Audio_Codec/audiocodec_master_clock/inst/clkout2_buf/O
                         net (fo=115, routed)         1.821     1.821    datapath/Audio_Codec/initialize_audio/CLK
    SLICE_X157Y117       FDSE                                         r  datapath/Audio_Codec/initialize_audio/delaycnt_reg[12]/C
  -------------------------------------------------------------------    -------------------
    SLICE_X157Y117       FDSE (Prop_fdse_C_Q)         0.456     2.277 f  datapath/Audio_Codec/initialize_audio/delaycnt_reg[12]/Q
                         net (fo=3, routed)           0.837     3.115    datapath/Audio_Codec/initialize_audio/delaycnt[12]
    SLICE_X156Y118       LUT4 (Prop_lut4_I1_O)        0.124     3.239 f  datapath/Audio_Codec/initialize_audio/state[3]_i_10/O
                         net (fo=1, routed)           0.646     3.885    datapath/Audio_Codec/initialize_audio/state[3]_i_10_n_0
    SLICE_X156Y117       LUT5 (Prop_lut5_I4_O)        0.124     4.009 f  datapath/Audio_Codec/initialize_audio/state[3]_i_6/O
                         net (fo=1, routed)           0.640     4.649    datapath/Audio_Codec/initialize_audio/state[3]_i_6_n_0
    SLICE_X156Y119       LUT4 (Prop_lut4_I0_O)        0.124     4.773 f  datapath/Audio_Codec/initialize_audio/state[3]_i_3/O
                         net (fo=4, routed)           1.104     5.877    datapath/Audio_Codec/initialize_audio/state[3]_i_3_n_0
    SLICE_X156Y121       LUT6 (Prop_lut6_I5_O)        0.124     6.001 r  datapath/Audio_Codec/initialize_audio/initA[6]_i_3/O
                         net (fo=1, routed)           0.298     6.299    datapath/Audio_Codec/initialize_audio/twi_controller/initA_reg[0]
    SLICE_X159Y122       LUT6 (Prop_lut6_I0_O)        0.124     6.423 r  datapath/Audio_Codec/initialize_audio/twi_controller/initA[6]_i_1/O
                         net (fo=7, routed)           1.106     7.528    datapath/Audio_Codec/initialize_audio/twi_controller_n_6
    SLICE_X158Y122       FDRE                                         r  datapath/Audio_Codec/initialize_audio/initA_reg[5]/CE
  -------------------------------------------------------------------    -------------------

                         (clock clk_out2_clk_wiz_1 rise edge)
                                                     20.000    20.000 r  
    BUFGCTRL_X0Y2        BUFG                         0.000    20.000 r  clk_IBUF_BUFG_inst/O
                         net (fo=303, routed)         1.643    21.643    datapath/Audio_Codec/audiocodec_master_clock/inst/clk_in1
    MMCME2_ADV_X0Y2      MMCME2_ADV (Prop_mmcme2_adv_CLKIN1_CLKOUT1)
                                                     -3.494    18.149 r  datapath/Audio_Codec/audiocodec_master_clock/inst/mmcm_adv_inst/CLKOUT1
                         net (fo=1, routed)           1.760    19.909    datapath/Audio_Codec/audiocodec_master_clock/inst/clk_out2_clk_wiz_1
    BUFGCTRL_X0Y3        BUFG (Prop_bufg_I_O)         0.091    20.000 r  datapath/Audio_Codec/audiocodec_master_clock/inst/clkout2_buf/O
                         net (fo=115, routed)         1.697    21.697    datapath/Audio_Codec/initialize_audio/CLK
    SLICE_X158Y122       FDRE                                         r  datapath/Audio_Codec/initialize_audio/initA_reg[5]/C
                         clock pessimism              0.094    21.791    
                         clock uncertainty           -0.084    21.708    
    SLICE_X158Y122       FDRE (Setup_fdre_C_CE)      -0.169    21.539    datapath/Audio_Codec/initialize_audio/initA_reg[5]
  -------------------------------------------------------------------
                         required time                         21.539    
                         arrival time                          -7.528    
  -------------------------------------------------------------------
                         slack                                 14.010    

Slack (MET) :             14.271ns  (required time - arrival time)
  Source:                 datapath/Audio_Codec/initialize_audio/delaycnt_reg[12]/C
                            (rising edge-triggered cell FDSE clocked by clk_out2_clk_wiz_1  {rise@0.000ns fall@10.000ns period=20.000ns})
  Destination:            datapath/Audio_Codec/initialize_audio/initA_reg[6]/CE
                            (rising edge-triggered cell FDRE clocked by clk_out2_clk_wiz_1  {rise@0.000ns fall@10.000ns period=20.000ns})
  Path Group:             clk_out2_clk_wiz_1
  Path Type:              Setup (Max at Slow Process Corner)
  Requirement:            20.000ns  (clk_out2_clk_wiz_1 rise@20.000ns - clk_out2_clk_wiz_1 rise@0.000ns)
  Data Path Delay:        5.411ns  (logic 1.076ns (19.887%)  route 4.335ns (80.113%))
  Logic Levels:           5  (LUT4=2 LUT5=1 LUT6=2)
  Clock Path Skew:        -0.030ns (DCD - SCD + CPR)
    Destination Clock Delay (DCD):    1.697ns = ( 21.697 - 20.000 ) 
    Source Clock Delay      (SCD):    1.821ns
    Clock Pessimism Removal (CPR):    0.094ns
  Clock Uncertainty:      0.084ns  ((TSJ^2 + DJ^2)^1/2) / 2 + PE
    Total System Jitter     (TSJ):    0.071ns
    Discrete Jitter          (DJ):    0.152ns
    Phase Error              (PE):    0.000ns

    Location             Delay type                Incr(ns)  Path(ns)    Netlist Resource(s)
  -------------------------------------------------------------------    -------------------
                         (clock clk_out2_clk_wiz_1 rise edge)
                                                      0.000     0.000 r  
    BUFGCTRL_X0Y2        BUFG                         0.000     0.000 r  clk_IBUF_BUFG_inst/O
                         net (fo=303, routed)         1.761     1.761    datapath/Audio_Codec/audiocodec_master_clock/inst/clk_in1
    MMCME2_ADV_X0Y2      MMCME2_ADV (Prop_mmcme2_adv_CLKIN1_CLKOUT1)
                                                     -3.701    -1.939 r  datapath/Audio_Codec/audiocodec_master_clock/inst/mmcm_adv_inst/CLKOUT1
                         net (fo=1, routed)           1.843    -0.096    datapath/Audio_Codec/audiocodec_master_clock/inst/clk_out2_clk_wiz_1
    BUFGCTRL_X0Y3        BUFG (Prop_bufg_I_O)         0.096    -0.000 r  datapath/Audio_Codec/audiocodec_master_clock/inst/clkout2_buf/O
                         net (fo=115, routed)         1.821     1.821    datapath/Audio_Codec/initialize_audio/CLK
    SLICE_X157Y117       FDSE                                         r  datapath/Audio_Codec/initialize_audio/delaycnt_reg[12]/C
  -------------------------------------------------------------------    -------------------
    SLICE_X157Y117       FDSE (Prop_fdse_C_Q)         0.456     2.277 f  datapath/Audio_Codec/initialize_audio/delaycnt_reg[12]/Q
                         net (fo=3, routed)           0.837     3.115    datapath/Audio_Codec/initialize_audio/delaycnt[12]
    SLICE_X156Y118       LUT4 (Prop_lut4_I1_O)        0.124     3.239 f  datapath/Audio_Codec/initialize_audio/state[3]_i_10/O
                         net (fo=1, routed)           0.646     3.885    datapath/Audio_Codec/initialize_audio/state[3]_i_10_n_0
    SLICE_X156Y117       LUT5 (Prop_lut5_I4_O)        0.124     4.009 f  datapath/Audio_Codec/initialize_audio/state[3]_i_6/O
                         net (fo=1, routed)           0.640     4.649    datapath/Audio_Codec/initialize_audio/state[3]_i_6_n_0
    SLICE_X156Y119       LUT4 (Prop_lut4_I0_O)        0.124     4.773 f  datapath/Audio_Codec/initialize_audio/state[3]_i_3/O
                         net (fo=4, routed)           1.104     5.877    datapath/Audio_Codec/initialize_audio/state[3]_i_3_n_0
    SLICE_X156Y121       LUT6 (Prop_lut6_I5_O)        0.124     6.001 r  datapath/Audio_Codec/initialize_audio/initA[6]_i_3/O
                         net (fo=1, routed)           0.298     6.299    datapath/Audio_Codec/initialize_audio/twi_controller/initA_reg[0]
    SLICE_X159Y122       LUT6 (Prop_lut6_I0_O)        0.124     6.423 r  datapath/Audio_Codec/initialize_audio/twi_controller/initA[6]_i_1/O
                         net (fo=7, routed)           0.809     7.232    datapath/Audio_Codec/initialize_audio/twi_controller_n_6
    SLICE_X156Y122       FDRE                                         r  datapath/Audio_Codec/initialize_audio/initA_reg[6]/CE
  -------------------------------------------------------------------    -------------------

                         (clock clk_out2_clk_wiz_1 rise edge)
                                                     20.000    20.000 r  
    BUFGCTRL_X0Y2        BUFG                         0.000    20.000 r  clk_IBUF_BUFG_inst/O
                         net (fo=303, routed)         1.643    21.643    datapath/Audio_Codec/audiocodec_master_clock/inst/clk_in1
    MMCME2_ADV_X0Y2      MMCME2_ADV (Prop_mmcme2_adv_CLKIN1_CLKOUT1)
                                                     -3.494    18.149 r  datapath/Audio_Codec/audiocodec_master_clock/inst/mmcm_adv_inst/CLKOUT1
                         net (fo=1, routed)           1.760    19.909    datapath/Audio_Codec/audiocodec_master_clock/inst/clk_out2_clk_wiz_1
    BUFGCTRL_X0Y3        BUFG (Prop_bufg_I_O)         0.091    20.000 r  datapath/Audio_Codec/audiocodec_master_clock/inst/clkout2_buf/O
                         net (fo=115, routed)         1.697    21.697    datapath/Audio_Codec/initialize_audio/CLK
    SLICE_X156Y122       FDRE                                         r  datapath/Audio_Codec/initialize_audio/initA_reg[6]/C
                         clock pessimism              0.094    21.791    
                         clock uncertainty           -0.084    21.708    
    SLICE_X156Y122       FDRE (Setup_fdre_C_CE)      -0.205    21.503    datapath/Audio_Codec/initialize_audio/initA_reg[6]
  -------------------------------------------------------------------
                         required time                         21.503    
                         arrival time                          -7.232    
  -------------------------------------------------------------------
                         slack                                 14.271    

Slack (MET) :             14.410ns  (required time - arrival time)
  Source:                 datapath/Audio_Codec/initialize_audio/twi_controller/sclCnt_reg[1]/C
                            (rising edge-triggered cell FDSE clocked by clk_out2_clk_wiz_1  {rise@0.000ns fall@10.000ns period=20.000ns})
  Destination:            datapath/Audio_Codec/initialize_audio/twi_controller/FSM_gray_state_reg[2]/CE
                            (rising edge-triggered cell FDRE clocked by clk_out2_clk_wiz_1  {rise@0.000ns fall@10.000ns period=20.000ns})
  Path Group:             clk_out2_clk_wiz_1
  Path Type:              Setup (Max at Slow Process Corner)
  Requirement:            20.000ns  (clk_out2_clk_wiz_1 rise@20.000ns - clk_out2_clk_wiz_1 rise@0.000ns)
  Data Path Delay:        5.274ns  (logic 1.390ns (26.355%)  route 3.884ns (73.645%))
  Logic Levels:           5  (LUT2=1 LUT6=4)
  Clock Path Skew:        -0.027ns (DCD - SCD + CPR)
    Destination Clock Delay (DCD):    1.702ns = ( 21.702 - 20.000 ) 
    Source Clock Delay      (SCD):    1.823ns
    Clock Pessimism Removal (CPR):    0.094ns
  Clock Uncertainty:      0.084ns  ((TSJ^2 + DJ^2)^1/2) / 2 + PE
    Total System Jitter     (TSJ):    0.071ns
    Discrete Jitter          (DJ):    0.152ns
    Phase Error              (PE):    0.000ns

    Location             Delay type                Incr(ns)  Path(ns)    Netlist Resource(s)
  -------------------------------------------------------------------    -------------------
                         (clock clk_out2_clk_wiz_1 rise edge)
                                                      0.000     0.000 r  
    BUFGCTRL_X0Y2        BUFG                         0.000     0.000 r  clk_IBUF_BUFG_inst/O
                         net (fo=303, routed)         1.761     1.761    datapath/Audio_Codec/audiocodec_master_clock/inst/clk_in1
    MMCME2_ADV_X0Y2      MMCME2_ADV (Prop_mmcme2_adv_CLKIN1_CLKOUT1)
                                                     -3.701    -1.939 r  datapath/Audio_Codec/audiocodec_master_clock/inst/mmcm_adv_inst/CLKOUT1
                         net (fo=1, routed)           1.843    -0.096    datapath/Audio_Codec/audiocodec_master_clock/inst/clk_out2_clk_wiz_1
    BUFGCTRL_X0Y3        BUFG (Prop_bufg_I_O)         0.096    -0.000 r  datapath/Audio_Codec/audiocodec_master_clock/inst/clkout2_buf/O
                         net (fo=115, routed)         1.823     1.823    datapath/Audio_Codec/initialize_audio/twi_controller/CLK
    SLICE_X162Y117       FDSE                                         r  datapath/Audio_Codec/initialize_audio/twi_controller/sclCnt_reg[1]/C
  -------------------------------------------------------------------    -------------------
    SLICE_X162Y117       FDSE (Prop_fdse_C_Q)         0.518     2.341 f  datapath/Audio_Codec/initialize_audio/twi_controller/sclCnt_reg[1]/Q
                         net (fo=6, routed)           0.697     3.039    datapath/Audio_Codec/initialize_audio/twi_controller/sclCnt_reg[1]
    SLICE_X162Y117       LUT6 (Prop_lut6_I3_O)        0.124     3.163 f  datapath/Audio_Codec/initialize_audio/twi_controller/sclCnt[6]_i_4/O
                         net (fo=2, routed)           0.811     3.974    datapath/Audio_Codec/initialize_audio/twi_controller/sclCnt[6]_i_4_n_0
    SLICE_X162Y118       LUT2 (Prop_lut2_I0_O)        0.152     4.126 f  datapath/Audio_Codec/initialize_audio/twi_controller/subState[1]_i_2/O
                         net (fo=10, routed)          0.626     4.751    datapath/Audio_Codec/initialize_audio/twi_controller/subState[1]_i_2_n_0
    SLICE_X161Y118       LUT6 (Prop_lut6_I5_O)        0.348     5.099 r  datapath/Audio_Codec/initialize_audio/twi_controller/FSM_gray_state[3]_i_11/O
                         net (fo=1, routed)           0.664     5.763    datapath/Audio_Codec/initialize_audio/twi_controller/FSM_gray_state[3]_i_11_n_0
    SLICE_X160Y118       LUT6 (Prop_lut6_I5_O)        0.124     5.887 r  datapath/Audio_Codec/initialize_audio/twi_controller/FSM_gray_state[3]_i_3/O
                         net (fo=1, routed)           0.292     6.179    datapath/Audio_Codec/initialize_audio/twi_controller/FSM_gray_state[3]_i_3_n_0
    SLICE_X161Y119       LUT6 (Prop_lut6_I0_O)        0.124     6.303 r  datapath/Audio_Codec/initialize_audio/twi_controller/FSM_gray_state[3]_i_1/O
                         net (fo=4, routed)           0.794     7.097    datapath/Audio_Codec/initialize_audio/twi_controller/FSM_gray_state[3]_i_1_n_0
    SLICE_X160Y120       FDRE                                         r  datapath/Audio_Codec/initialize_audio/twi_controller/FSM_gray_state_reg[2]/CE
  -------------------------------------------------------------------    -------------------

                         (clock clk_out2_clk_wiz_1 rise edge)
                                                     20.000    20.000 r  
    BUFGCTRL_X0Y2        BUFG                         0.000    20.000 r  clk_IBUF_BUFG_inst/O
                         net (fo=303, routed)         1.643    21.643    datapath/Audio_Codec/audiocodec_master_clock/inst/clk_in1
    MMCME2_ADV_X0Y2      MMCME2_ADV (Prop_mmcme2_adv_CLKIN1_CLKOUT1)
                                                     -3.494    18.149 r  datapath/Audio_Codec/audiocodec_master_clock/inst/mmcm_adv_inst/CLKOUT1
                         net (fo=1, routed)           1.760    19.909    datapath/Audio_Codec/audiocodec_master_clock/inst/clk_out2_clk_wiz_1
    BUFGCTRL_X0Y3        BUFG (Prop_bufg_I_O)         0.091    20.000 r  datapath/Audio_Codec/audiocodec_master_clock/inst/clkout2_buf/O
                         net (fo=115, routed)         1.702    21.702    datapath/Audio_Codec/initialize_audio/twi_controller/CLK
    SLICE_X160Y120       FDRE                                         r  datapath/Audio_Codec/initialize_audio/twi_controller/FSM_gray_state_reg[2]/C
                         clock pessimism              0.094    21.796    
                         clock uncertainty           -0.084    21.713    
    SLICE_X160Y120       FDRE (Setup_fdre_C_CE)      -0.205    21.508    datapath/Audio_Codec/initialize_audio/twi_controller/FSM_gray_state_reg[2]
  -------------------------------------------------------------------
                         required time                         21.508    
                         arrival time                          -7.097    
  -------------------------------------------------------------------
                         slack                                 14.410    

Slack (MET) :             14.410ns  (required time - arrival time)
  Source:                 datapath/Audio_Codec/initialize_audio/twi_controller/sclCnt_reg[1]/C
                            (rising edge-triggered cell FDSE clocked by clk_out2_clk_wiz_1  {rise@0.000ns fall@10.000ns period=20.000ns})
  Destination:            datapath/Audio_Codec/initialize_audio/twi_controller/FSM_gray_state_reg[3]/CE
                            (rising edge-triggered cell FDRE clocked by clk_out2_clk_wiz_1  {rise@0.000ns fall@10.000ns period=20.000ns})
  Path Group:             clk_out2_clk_wiz_1
  Path Type:              Setup (Max at Slow Process Corner)
  Requirement:            20.000ns  (clk_out2_clk_wiz_1 rise@20.000ns - clk_out2_clk_wiz_1 rise@0.000ns)
  Data Path Delay:        5.274ns  (logic 1.390ns (26.355%)  route 3.884ns (73.645%))
  Logic Levels:           5  (LUT2=1 LUT6=4)
  Clock Path Skew:        -0.027ns (DCD - SCD + CPR)
    Destination Clock Delay (DCD):    1.702ns = ( 21.702 - 20.000 ) 
    Source Clock Delay      (SCD):    1.823ns
    Clock Pessimism Removal (CPR):    0.094ns
  Clock Uncertainty:      0.084ns  ((TSJ^2 + DJ^2)^1/2) / 2 + PE
    Total System Jitter     (TSJ):    0.071ns
    Discrete Jitter          (DJ):    0.152ns
    Phase Error              (PE):    0.000ns

    Location             Delay type                Incr(ns)  Path(ns)    Netlist Resource(s)
  -------------------------------------------------------------------    -------------------
                         (clock clk_out2_clk_wiz_1 rise edge)
                                                      0.000     0.000 r  
    BUFGCTRL_X0Y2        BUFG                         0.000     0.000 r  clk_IBUF_BUFG_inst/O
                         net (fo=303, routed)         1.761     1.761    datapath/Audio_Codec/audiocodec_master_clock/inst/clk_in1
    MMCME2_ADV_X0Y2      MMCME2_ADV (Prop_mmcme2_adv_CLKIN1_CLKOUT1)
                                                     -3.701    -1.939 r  datapath/Audio_Codec/audiocodec_master_clock/inst/mmcm_adv_inst/CLKOUT1
                         net (fo=1, routed)           1.843    -0.096    datapath/Audio_Codec/audiocodec_master_clock/inst/clk_out2_clk_wiz_1
    BUFGCTRL_X0Y3        BUFG (Prop_bufg_I_O)         0.096    -0.000 r  datapath/Audio_Codec/audiocodec_master_clock/inst/clkout2_buf/O
                         net (fo=115, routed)         1.823     1.823    datapath/Audio_Codec/initialize_audio/twi_controller/CLK
    SLICE_X162Y117       FDSE                                         r  datapath/Audio_Codec/initialize_audio/twi_controller/sclCnt_reg[1]/C
  -------------------------------------------------------------------    -------------------
    SLICE_X162Y117       FDSE (Prop_fdse_C_Q)         0.518     2.341 f  datapath/Audio_Codec/initialize_audio/twi_controller/sclCnt_reg[1]/Q
                         net (fo=6, routed)           0.697     3.039    datapath/Audio_Codec/initialize_audio/twi_controller/sclCnt_reg[1]
    SLICE_X162Y117       LUT6 (Prop_lut6_I3_O)        0.124     3.163 f  datapath/Audio_Codec/initialize_audio/twi_controller/sclCnt[6]_i_4/O
                         net (fo=2, routed)           0.811     3.974    datapath/Audio_Codec/initialize_audio/twi_controller/sclCnt[6]_i_4_n_0
    SLICE_X162Y118       LUT2 (Prop_lut2_I0_O)        0.152     4.126 f  datapath/Audio_Codec/initialize_audio/twi_controller/subState[1]_i_2/O
                         net (fo=10, routed)          0.626     4.751    datapath/Audio_Codec/initialize_audio/twi_controller/subState[1]_i_2_n_0
    SLICE_X161Y118       LUT6 (Prop_lut6_I5_O)        0.348     5.099 r  datapath/Audio_Codec/initialize_audio/twi_controller/FSM_gray_state[3]_i_11/O
                         net (fo=1, routed)           0.664     5.763    datapath/Audio_Codec/initialize_audio/twi_controller/FSM_gray_state[3]_i_11_n_0
    SLICE_X160Y118       LUT6 (Prop_lut6_I5_O)        0.124     5.887 r  datapath/Audio_Codec/initialize_audio/twi_controller/FSM_gray_state[3]_i_3/O
                         net (fo=1, routed)           0.292     6.179    datapath/Audio_Codec/initialize_audio/twi_controller/FSM_gray_state[3]_i_3_n_0
    SLICE_X161Y119       LUT6 (Prop_lut6_I0_O)        0.124     6.303 r  datapath/Audio_Codec/initialize_audio/twi_controller/FSM_gray_state[3]_i_1/O
                         net (fo=4, routed)           0.794     7.097    datapath/Audio_Codec/initialize_audio/twi_controller/FSM_gray_state[3]_i_1_n_0
    SLICE_X160Y120       FDRE                                         r  datapath/Audio_Codec/initialize_audio/twi_controller/FSM_gray_state_reg[3]/CE
  -------------------------------------------------------------------    -------------------

                         (clock clk_out2_clk_wiz_1 rise edge)
                                                     20.000    20.000 r  
    BUFGCTRL_X0Y2        BUFG                         0.000    20.000 r  clk_IBUF_BUFG_inst/O
                         net (fo=303, routed)         1.643    21.643    datapath/Audio_Codec/audiocodec_master_clock/inst/clk_in1
    MMCME2_ADV_X0Y2      MMCME2_ADV (Prop_mmcme2_adv_CLKIN1_CLKOUT1)
                                                     -3.494    18.149 r  datapath/Audio_Codec/audiocodec_master_clock/inst/mmcm_adv_inst/CLKOUT1
                         net (fo=1, routed)           1.760    19.909    datapath/Audio_Codec/audiocodec_master_clock/inst/clk_out2_clk_wiz_1
    BUFGCTRL_X0Y3        BUFG (Prop_bufg_I_O)         0.091    20.000 r  datapath/Audio_Codec/audiocodec_master_clock/inst/clkout2_buf/O
                         net (fo=115, routed)         1.702    21.702    datapath/Audio_Codec/initialize_audio/twi_controller/CLK
    SLICE_X160Y120       FDRE                                         r  datapath/Audio_Codec/initialize_audio/twi_controller/FSM_gray_state_reg[3]/C
                         clock pessimism              0.094    21.796    
                         clock uncertainty           -0.084    21.713    
    SLICE_X160Y120       FDRE (Setup_fdre_C_CE)      -0.205    21.508    datapath/Audio_Codec/initialize_audio/twi_controller/FSM_gray_state_reg[3]
  -------------------------------------------------------------------
                         required time                         21.508    
                         arrival time                          -7.097    
  -------------------------------------------------------------------
                         slack                                 14.410    

Slack (MET) :             14.595ns  (required time - arrival time)
  Source:                 datapath/Audio_Codec/initialize_audio/twi_controller/sclCnt_reg[1]/C
                            (rising edge-triggered cell FDSE clocked by clk_out2_clk_wiz_1  {rise@0.000ns fall@10.000ns period=20.000ns})
  Destination:            datapath/Audio_Codec/initialize_audio/twi_controller/FSM_gray_state_reg[0]/CE
                            (rising edge-triggered cell FDRE clocked by clk_out2_clk_wiz_1  {rise@0.000ns fall@10.000ns period=20.000ns})
  Path Group:             clk_out2_clk_wiz_1
  Path Type:              Setup (Max at Slow Process Corner)
  Requirement:            20.000ns  (clk_out2_clk_wiz_1 rise@20.000ns - clk_out2_clk_wiz_1 rise@0.000ns)
  Data Path Delay:        5.125ns  (logic 1.390ns (27.122%)  route 3.735ns (72.878%))
  Logic Levels:           5  (LUT2=1 LUT6=4)
  Clock Path Skew:        -0.027ns (DCD - SCD + CPR)
    Destination Clock Delay (DCD):    1.702ns = ( 21.702 - 20.000 ) 
    Source Clock Delay      (SCD):    1.823ns
    Clock Pessimism Removal (CPR):    0.094ns
  Clock Uncertainty:      0.084ns  ((TSJ^2 + DJ^2)^1/2) / 2 + PE
    Total System Jitter     (TSJ):    0.071ns
    Discrete Jitter          (DJ):    0.152ns
    Phase Error              (PE):    0.000ns

    Location             Delay type                Incr(ns)  Path(ns)    Netlist Resource(s)
  -------------------------------------------------------------------    -------------------
                         (clock clk_out2_clk_wiz_1 rise edge)
                                                      0.000     0.000 r  
    BUFGCTRL_X0Y2        BUFG                         0.000     0.000 r  clk_IBUF_BUFG_inst/O
                         net (fo=303, routed)         1.761     1.761    datapath/Audio_Codec/audiocodec_master_clock/inst/clk_in1
    MMCME2_ADV_X0Y2      MMCME2_ADV (Prop_mmcme2_adv_CLKIN1_CLKOUT1)
                                                     -3.701    -1.939 r  datapath/Audio_Codec/audiocodec_master_clock/inst/mmcm_adv_inst/CLKOUT1
                         net (fo=1, routed)           1.843    -0.096    datapath/Audio_Codec/audiocodec_master_clock/inst/clk_out2_clk_wiz_1
    BUFGCTRL_X0Y3        BUFG (Prop_bufg_I_O)         0.096    -0.000 r  datapath/Audio_Codec/audiocodec_master_clock/inst/clkout2_buf/O
                         net (fo=115, routed)         1.823     1.823    datapath/Audio_Codec/initialize_audio/twi_controller/CLK
    SLICE_X162Y117       FDSE                                         r  datapath/Audio_Codec/initialize_audio/twi_controller/sclCnt_reg[1]/C
  -------------------------------------------------------------------    -------------------
    SLICE_X162Y117       FDSE (Prop_fdse_C_Q)         0.518     2.341 f  datapath/Audio_Codec/initialize_audio/twi_controller/sclCnt_reg[1]/Q
                         net (fo=6, routed)           0.697     3.039    datapath/Audio_Codec/initialize_audio/twi_controller/sclCnt_reg[1]
    SLICE_X162Y117       LUT6 (Prop_lut6_I3_O)        0.124     3.163 f  datapath/Audio_Codec/initialize_audio/twi_controller/sclCnt[6]_i_4/O
                         net (fo=2, routed)           0.811     3.974    datapath/Audio_Codec/initialize_audio/twi_controller/sclCnt[6]_i_4_n_0
    SLICE_X162Y118       LUT2 (Prop_lut2_I0_O)        0.152     4.126 f  datapath/Audio_Codec/initialize_audio/twi_controller/subState[1]_i_2/O
                         net (fo=10, routed)          0.626     4.751    datapath/Audio_Codec/initialize_audio/twi_controller/subState[1]_i_2_n_0
    SLICE_X161Y118       LUT6 (Prop_lut6_I5_O)        0.348     5.099 r  datapath/Audio_Codec/initialize_audio/twi_controller/FSM_gray_state[3]_i_11/O
                         net (fo=1, routed)           0.664     5.763    datapath/Audio_Codec/initialize_audio/twi_controller/FSM_gray_state[3]_i_11_n_0
    SLICE_X160Y118       LUT6 (Prop_lut6_I5_O)        0.124     5.887 r  datapath/Audio_Codec/initialize_audio/twi_controller/FSM_gray_state[3]_i_3/O
                         net (fo=1, routed)           0.292     6.179    datapath/Audio_Codec/initialize_audio/twi_controller/FSM_gray_state[3]_i_3_n_0
    SLICE_X161Y119       LUT6 (Prop_lut6_I0_O)        0.124     6.303 r  datapath/Audio_Codec/initialize_audio/twi_controller/FSM_gray_state[3]_i_1/O
                         net (fo=4, routed)           0.645     6.948    datapath/Audio_Codec/initialize_audio/twi_controller/FSM_gray_state[3]_i_1_n_0
    SLICE_X162Y119       FDRE                                         r  datapath/Audio_Codec/initialize_audio/twi_controller/FSM_gray_state_reg[0]/CE
  -------------------------------------------------------------------    -------------------

                         (clock clk_out2_clk_wiz_1 rise edge)
                                                     20.000    20.000 r  
    BUFGCTRL_X0Y2        BUFG                         0.000    20.000 r  clk_IBUF_BUFG_inst/O
                         net (fo=303, routed)         1.643    21.643    datapath/Audio_Codec/audiocodec_master_clock/inst/clk_in1
    MMCME2_ADV_X0Y2      MMCME2_ADV (Prop_mmcme2_adv_CLKIN1_CLKOUT1)
                                                     -3.494    18.149 r  datapath/Audio_Codec/audiocodec_master_clock/inst/mmcm_adv_inst/CLKOUT1
                         net (fo=1, routed)           1.760    19.909    datapath/Audio_Codec/audiocodec_master_clock/inst/clk_out2_clk_wiz_1
    BUFGCTRL_X0Y3        BUFG (Prop_bufg_I_O)         0.091    20.000 r  datapath/Audio_Codec/audiocodec_master_clock/inst/clkout2_buf/O
                         net (fo=115, routed)         1.702    21.702    datapath/Audio_Codec/initialize_audio/twi_controller/CLK
    SLICE_X162Y119       FDRE                                         r  datapath/Audio_Codec/initialize_audio/twi_controller/FSM_gray_state_reg[0]/C
                         clock pessimism              0.094    21.796    
                         clock uncertainty           -0.084    21.713    
    SLICE_X162Y119       FDRE (Setup_fdre_C_CE)      -0.169    21.544    datapath/Audio_Codec/initialize_audio/twi_controller/FSM_gray_state_reg[0]
  -------------------------------------------------------------------
                         required time                         21.544    
                         arrival time                          -6.948    
  -------------------------------------------------------------------
                         slack                                 14.595    





Min Delay Paths
--------------------------------------------------------------------------------------
Slack (MET) :             0.132ns  (arrival time - required time)
  Source:                 datapath/Audio_Codec/initialize_audio/initWord_reg[15]/C
                            (rising edge-triggered cell FDRE clocked by clk_out2_clk_wiz_1  {rise@0.000ns fall@10.000ns period=20.000ns})
  Destination:            datapath/Audio_Codec/initialize_audio/data_i_reg[7]/D
                            (rising edge-triggered cell FDRE clocked by clk_out2_clk_wiz_1  {rise@0.000ns fall@10.000ns period=20.000ns})
  Path Group:             clk_out2_clk_wiz_1
  Path Type:              Hold (Min at Fast Process Corner)
  Requirement:            0.000ns  (clk_out2_clk_wiz_1 rise@0.000ns - clk_out2_clk_wiz_1 rise@0.000ns)
  Data Path Delay:        0.237ns  (logic 0.186ns (78.504%)  route 0.051ns (21.496%))
  Logic Levels:           1  (LUT6=1)
  Clock Path Skew:        0.013ns (DCD - SCD - CPR)
    Destination Clock Delay (DCD):    0.906ns
    Source Clock Delay      (SCD):    0.636ns
    Clock Pessimism Removal (CPR):    0.257ns

    Location             Delay type                Incr(ns)  Path(ns)    Netlist Resource(s)
  -------------------------------------------------------------------    -------------------
                         (clock clk_out2_clk_wiz_1 rise edge)
                                                      0.000     0.000 r  
    BUFGCTRL_X0Y2        BUFG                         0.000     0.000 r  clk_IBUF_BUFG_inst/O
                         net (fo=303, routed)         0.610     0.610    datapath/Audio_Codec/audiocodec_master_clock/inst/clk_in1
    MMCME2_ADV_X0Y2      MMCME2_ADV (Prop_mmcme2_adv_CLKIN1_CLKOUT1)
                                                     -1.180    -0.571 r  datapath/Audio_Codec/audiocodec_master_clock/inst/mmcm_adv_inst/CLKOUT1
                         net (fo=1, routed)           0.545    -0.026    datapath/Audio_Codec/audiocodec_master_clock/inst/clk_out2_clk_wiz_1
    BUFGCTRL_X0Y3        BUFG (Prop_bufg_I_O)         0.026     0.000 r  datapath/Audio_Codec/audiocodec_master_clock/inst/clkout2_buf/O
                         net (fo=115, routed)         0.636     0.636    datapath/Audio_Codec/initialize_audio/CLK
    SLICE_X160Y123       FDRE                                         r  datapath/Audio_Codec/initialize_audio/initWord_reg[15]/C
  -------------------------------------------------------------------    -------------------
    SLICE_X160Y123       FDRE (Prop_fdre_C_Q)         0.141     0.777 r  datapath/Audio_Codec/initialize_audio/initWord_reg[15]/Q
                         net (fo=1, routed)           0.051     0.828    datapath/Audio_Codec/initialize_audio/data2[7]
    SLICE_X161Y123       LUT6 (Prop_lut6_I0_O)        0.045     0.873 r  datapath/Audio_Codec/initialize_audio/data_i[7]_i_1/O
                         net (fo=1, routed)           0.000     0.873    datapath/Audio_Codec/initialize_audio/data_i[7]_i_1_n_0
    SLICE_X161Y123       FDRE                                         r  datapath/Audio_Codec/initialize_audio/data_i_reg[7]/D
  -------------------------------------------------------------------    -------------------

                         (clock clk_out2_clk_wiz_1 rise edge)
                                                      0.000     0.000 r  
    BUFGCTRL_X0Y2        BUFG                         0.000     0.000 r  clk_IBUF_BUFG_inst/O
                         net (fo=303, routed)         0.879     0.879    datapath/Audio_Codec/audiocodec_master_clock/inst/clk_in1
    MMCME2_ADV_X0Y2      MMCME2_ADV (Prop_mmcme2_adv_CLKIN1_CLKOUT1)
                                                     -1.502    -0.624 r  datapath/Audio_Codec/audiocodec_master_clock/inst/mmcm_adv_inst/CLKOUT1
                         net (fo=1, routed)           0.595    -0.029    datapath/Audio_Codec/audiocodec_master_clock/inst/clk_out2_clk_wiz_1
    BUFGCTRL_X0Y3        BUFG (Prop_bufg_I_O)         0.029    -0.000 r  datapath/Audio_Codec/audiocodec_master_clock/inst/clkout2_buf/O
                         net (fo=115, routed)         0.906     0.906    datapath/Audio_Codec/initialize_audio/CLK
    SLICE_X161Y123       FDRE                                         r  datapath/Audio_Codec/initialize_audio/data_i_reg[7]/C
                         clock pessimism             -0.257     0.649    
    SLICE_X161Y123       FDRE (Hold_fdre_C_D)         0.092     0.741    datapath/Audio_Codec/initialize_audio/data_i_reg[7]
  -------------------------------------------------------------------
                         required time                         -0.741    
                         arrival time                           0.873    
  -------------------------------------------------------------------
                         slack                                  0.132    

Slack (MET) :             0.148ns  (arrival time - required time)
  Source:                 datapath/Audio_Codec/initialize_audio/initWord_reg[17]/C
                            (rising edge-triggered cell FDRE clocked by clk_out2_clk_wiz_1  {rise@0.000ns fall@10.000ns period=20.000ns})
  Destination:            datapath/Audio_Codec/initialize_audio/data_i_reg[1]/D
                            (rising edge-triggered cell FDRE clocked by clk_out2_clk_wiz_1  {rise@0.000ns fall@10.000ns period=20.000ns})
  Path Group:             clk_out2_clk_wiz_1
  Path Type:              Hold (Min at Fast Process Corner)
  Requirement:            0.000ns  (clk_out2_clk_wiz_1 rise@0.000ns - clk_out2_clk_wiz_1 rise@0.000ns)
  Data Path Delay:        0.252ns  (logic 0.186ns (73.783%)  route 0.066ns (26.217%))
  Logic Levels:           1  (LUT6=1)
  Clock Path Skew:        0.013ns (DCD - SCD - CPR)
    Destination Clock Delay (DCD):    0.906ns
    Source Clock Delay      (SCD):    0.636ns
    Clock Pessimism Removal (CPR):    0.257ns

    Location             Delay type                Incr(ns)  Path(ns)    Netlist Resource(s)
  -------------------------------------------------------------------    -------------------
                         (clock clk_out2_clk_wiz_1 rise edge)
                                                      0.000     0.000 r  
    BUFGCTRL_X0Y2        BUFG                         0.000     0.000 r  clk_IBUF_BUFG_inst/O
                         net (fo=303, routed)         0.610     0.610    datapath/Audio_Codec/audiocodec_master_clock/inst/clk_in1
    MMCME2_ADV_X0Y2      MMCME2_ADV (Prop_mmcme2_adv_CLKIN1_CLKOUT1)
                                                     -1.180    -0.571 r  datapath/Audio_Codec/audiocodec_master_clock/inst/mmcm_adv_inst/CLKOUT1
                         net (fo=1, routed)           0.545    -0.026    datapath/Audio_Codec/audiocodec_master_clock/inst/clk_out2_clk_wiz_1
    BUFGCTRL_X0Y3        BUFG (Prop_bufg_I_O)         0.026     0.000 r  datapath/Audio_Codec/audiocodec_master_clock/inst/clkout2_buf/O
                         net (fo=115, routed)         0.636     0.636    datapath/Audio_Codec/initialize_audio/CLK
    SLICE_X160Y123       FDRE                                         r  datapath/Audio_Codec/initialize_audio/initWord_reg[17]/C
  -------------------------------------------------------------------    -------------------
    SLICE_X160Y123       FDRE (Prop_fdre_C_Q)         0.141     0.777 r  datapath/Audio_Codec/initialize_audio/initWord_reg[17]/Q
                         net (fo=4, routed)           0.066     0.843    datapath/Audio_Codec/initialize_audio/data1[1]
    SLICE_X161Y123       LUT6 (Prop_lut6_I1_O)        0.045     0.888 r  datapath/Audio_Codec/initialize_audio/data_i[1]_i_1/O
                         net (fo=1, routed)           0.000     0.888    datapath/Audio_Codec/initialize_audio/data_i[1]_i_1_n_0
    SLICE_X161Y123       FDRE                                         r  datapath/Audio_Codec/initialize_audio/data_i_reg[1]/D
  -------------------------------------------------------------------    -------------------

                         (clock clk_out2_clk_wiz_1 rise edge)
                                                      0.000     0.000 r  
    BUFGCTRL_X0Y2        BUFG                         0.000     0.000 r  clk_IBUF_BUFG_inst/O
                         net (fo=303, routed)         0.879     0.879    datapath/Audio_Codec/audiocodec_master_clock/inst/clk_in1
    MMCME2_ADV_X0Y2      MMCME2_ADV (Prop_mmcme2_adv_CLKIN1_CLKOUT1)
                                                     -1.502    -0.624 r  datapath/Audio_Codec/audiocodec_master_clock/inst/mmcm_adv_inst/CLKOUT1
                         net (fo=1, routed)           0.595    -0.029    datapath/Audio_Codec/audiocodec_master_clock/inst/clk_out2_clk_wiz_1
    BUFGCTRL_X0Y3        BUFG (Prop_bufg_I_O)         0.029    -0.000 r  datapath/Audio_Codec/audiocodec_master_clock/inst/clkout2_buf/O
                         net (fo=115, routed)         0.906     0.906    datapath/Audio_Codec/initialize_audio/CLK
    SLICE_X161Y123       FDRE                                         r  datapath/Audio_Codec/initialize_audio/data_i_reg[1]/C
                         clock pessimism             -0.257     0.649    
    SLICE_X161Y123       FDRE (Hold_fdre_C_D)         0.091     0.740    datapath/Audio_Codec/initialize_audio/data_i_reg[1]
  -------------------------------------------------------------------
                         required time                         -0.740    
                         arrival time                           0.888    
  -------------------------------------------------------------------
                         slack                                  0.148    

Slack (MET) :             0.176ns  (arrival time - required time)
  Source:                 datapath/Audio_Codec/initialize_audio/initWord_reg[21]/C
                            (rising edge-triggered cell FDRE clocked by clk_out2_clk_wiz_1  {rise@0.000ns fall@10.000ns period=20.000ns})
  Destination:            datapath/Audio_Codec/initialize_audio/data_i_reg[5]/D
                            (rising edge-triggered cell FDRE clocked by clk_out2_clk_wiz_1  {rise@0.000ns fall@10.000ns period=20.000ns})
  Path Group:             clk_out2_clk_wiz_1
  Path Type:              Hold (Min at Fast Process Corner)
  Requirement:            0.000ns  (clk_out2_clk_wiz_1 rise@0.000ns - clk_out2_clk_wiz_1 rise@0.000ns)
  Data Path Delay:        0.306ns  (logic 0.186ns (60.726%)  route 0.120ns (39.274%))
  Logic Levels:           1  (LUT5=1)
  Clock Path Skew:        0.038ns (DCD - SCD - CPR)
    Destination Clock Delay (DCD):    0.906ns
    Source Clock Delay      (SCD):    0.634ns
    Clock Pessimism Removal (CPR):    0.234ns

    Location             Delay type                Incr(ns)  Path(ns)    Netlist Resource(s)
  -------------------------------------------------------------------    -------------------
                         (clock clk_out2_clk_wiz_1 rise edge)
                                                      0.000     0.000 r  
    BUFGCTRL_X0Y2        BUFG                         0.000     0.000 r  clk_IBUF_BUFG_inst/O
                         net (fo=303, routed)         0.610     0.610    datapath/Audio_Codec/audiocodec_master_clock/inst/clk_in1
    MMCME2_ADV_X0Y2      MMCME2_ADV (Prop_mmcme2_adv_CLKIN1_CLKOUT1)
                                                     -1.180    -0.571 r  datapath/Audio_Codec/audiocodec_master_clock/inst/mmcm_adv_inst/CLKOUT1
                         net (fo=1, routed)           0.545    -0.026    datapath/Audio_Codec/audiocodec_master_clock/inst/clk_out2_clk_wiz_1
    BUFGCTRL_X0Y3        BUFG (Prop_bufg_I_O)         0.026     0.000 r  datapath/Audio_Codec/audiocodec_master_clock/inst/clkout2_buf/O
                         net (fo=115, routed)         0.634     0.634    datapath/Audio_Codec/initialize_audio/CLK
    SLICE_X159Y124       FDRE                                         r  datapath/Audio_Codec/initialize_audio/initWord_reg[21]/C
  -------------------------------------------------------------------    -------------------
    SLICE_X159Y124       FDRE (Prop_fdre_C_Q)         0.141     0.775 r  datapath/Audio_Codec/initialize_audio/initWord_reg[21]/Q
                         net (fo=4, routed)           0.120     0.895    datapath/Audio_Codec/initialize_audio/data1[5]
    SLICE_X161Y123       LUT5 (Prop_lut5_I1_O)        0.045     0.940 r  datapath/Audio_Codec/initialize_audio/data_i[5]_i_1/O
                         net (fo=1, routed)           0.000     0.940    datapath/Audio_Codec/initialize_audio/data_i[5]_i_1_n_0
    SLICE_X161Y123       FDRE                                         r  datapath/Audio_Codec/initialize_audio/data_i_reg[5]/D
  -------------------------------------------------------------------    -------------------

                         (clock clk_out2_clk_wiz_1 rise edge)
                                                      0.000     0.000 r  
    BUFGCTRL_X0Y2        BUFG                         0.000     0.000 r  clk_IBUF_BUFG_inst/O
                         net (fo=303, routed)         0.879     0.879    datapath/Audio_Codec/audiocodec_master_clock/inst/clk_in1
    MMCME2_ADV_X0Y2      MMCME2_ADV (Prop_mmcme2_adv_CLKIN1_CLKOUT1)
                                                     -1.502    -0.624 r  datapath/Audio_Codec/audiocodec_master_clock/inst/mmcm_adv_inst/CLKOUT1
                         net (fo=1, routed)           0.595    -0.029    datapath/Audio_Codec/audiocodec_master_clock/inst/clk_out2_clk_wiz_1
    BUFGCTRL_X0Y3        BUFG (Prop_bufg_I_O)         0.029    -0.000 r  datapath/Audio_Codec/audiocodec_master_clock/inst/clkout2_buf/O
                         net (fo=115, routed)         0.906     0.906    datapath/Audio_Codec/initialize_audio/CLK
    SLICE_X161Y123       FDRE                                         r  datapath/Audio_Codec/initialize_audio/data_i_reg[5]/C
                         clock pessimism             -0.234     0.672    
    SLICE_X161Y123       FDRE (Hold_fdre_C_D)         0.092     0.764    datapath/Audio_Codec/initialize_audio/data_i_reg[5]
  -------------------------------------------------------------------
                         required time                         -0.764    
                         arrival time                           0.940    
  -------------------------------------------------------------------
                         slack                                  0.176    

Slack (MET) :             0.186ns  (arrival time - required time)
  Source:                 datapath/Audio_Codec/initialize_audio/data_i_reg[5]/C
                            (rising edge-triggered cell FDRE clocked by clk_out2_clk_wiz_1  {rise@0.000ns fall@10.000ns period=20.000ns})
  Destination:            datapath/Audio_Codec/initialize_audio/twi_controller/dataByte_reg[5]/D
                            (rising edge-triggered cell FDRE clocked by clk_out2_clk_wiz_1  {rise@0.000ns fall@10.000ns period=20.000ns})
  Path Group:             clk_out2_clk_wiz_1
  Path Type:              Hold (Min at Fast Process Corner)
  Requirement:            0.000ns  (clk_out2_clk_wiz_1 rise@0.000ns - clk_out2_clk_wiz_1 rise@0.000ns)
  Data Path Delay:        0.293ns  (logic 0.186ns (63.444%)  route 0.107ns (36.556%))
  Logic Levels:           1  (LUT4=1)
  Clock Path Skew:        0.015ns (DCD - SCD - CPR)
    Destination Clock Delay (DCD):    0.908ns
    Source Clock Delay      (SCD):    0.636ns
    Clock Pessimism Removal (CPR):    0.257ns

    Location             Delay type                Incr(ns)  Path(ns)    Netlist Resource(s)
  -------------------------------------------------------------------    -------------------
                         (clock clk_out2_clk_wiz_1 rise edge)
                                                      0.000     0.000 r  
    BUFGCTRL_X0Y2        BUFG                         0.000     0.000 r  clk_IBUF_BUFG_inst/O
                         net (fo=303, routed)         0.610     0.610    datapath/Audio_Codec/audiocodec_master_clock/inst/clk_in1
    MMCME2_ADV_X0Y2      MMCME2_ADV (Prop_mmcme2_adv_CLKIN1_CLKOUT1)
                                                     -1.180    -0.571 r  datapath/Audio_Codec/audiocodec_master_clock/inst/mmcm_adv_inst/CLKOUT1
                         net (fo=1, routed)           0.545    -0.026    datapath/Audio_Codec/audiocodec_master_clock/inst/clk_out2_clk_wiz_1
    BUFGCTRL_X0Y3        BUFG (Prop_bufg_I_O)         0.026     0.000 r  datapath/Audio_Codec/audiocodec_master_clock/inst/clkout2_buf/O
                         net (fo=115, routed)         0.636     0.636    datapath/Audio_Codec/initialize_audio/CLK
    SLICE_X161Y123       FDRE                                         r  datapath/Audio_Codec/initialize_audio/data_i_reg[5]/C
  -------------------------------------------------------------------    -------------------
    SLICE_X161Y123       FDRE (Prop_fdre_C_Q)         0.141     0.777 r  datapath/Audio_Codec/initialize_audio/data_i_reg[5]/Q
                         net (fo=1, routed)           0.107     0.884    datapath/Audio_Codec/initialize_audio/twi_controller/Q[5]
    SLICE_X161Y122       LUT4 (Prop_lut4_I3_O)        0.045     0.929 r  datapath/Audio_Codec/initialize_audio/twi_controller/dataByte[5]_i_1/O
                         net (fo=1, routed)           0.000     0.929    datapath/Audio_Codec/initialize_audio/twi_controller/p_1_in_0[5]
    SLICE_X161Y122       FDRE                                         r  datapath/Audio_Codec/initialize_audio/twi_controller/dataByte_reg[5]/D
  -------------------------------------------------------------------    -------------------

                         (clock clk_out2_clk_wiz_1 rise edge)
                                                      0.000     0.000 r  
    BUFGCTRL_X0Y2        BUFG                         0.000     0.000 r  clk_IBUF_BUFG_inst/O
                         net (fo=303, routed)         0.879     0.879    datapath/Audio_Codec/audiocodec_master_clock/inst/clk_in1
    MMCME2_ADV_X0Y2      MMCME2_ADV (Prop_mmcme2_adv_CLKIN1_CLKOUT1)
                                                     -1.502    -0.624 r  datapath/Audio_Codec/audiocodec_master_clock/inst/mmcm_adv_inst/CLKOUT1
                         net (fo=1, routed)           0.595    -0.029    datapath/Audio_Codec/audiocodec_master_clock/inst/clk_out2_clk_wiz_1
    BUFGCTRL_X0Y3        BUFG (Prop_bufg_I_O)         0.029    -0.000 r  datapath/Audio_Codec/audiocodec_master_clock/inst/clkout2_buf/O
                         net (fo=115, routed)         0.908     0.908    datapath/Audio_Codec/initialize_audio/twi_controller/CLK
    SLICE_X161Y122       FDRE                                         r  datapath/Audio_Codec/initialize_audio/twi_controller/dataByte_reg[5]/C
                         clock pessimism             -0.257     0.651    
    SLICE_X161Y122       FDRE (Hold_fdre_C_D)         0.092     0.743    datapath/Audio_Codec/initialize_audio/twi_controller/dataByte_reg[5]
  -------------------------------------------------------------------
                         required time                         -0.743    
                         arrival time                           0.929    
  -------------------------------------------------------------------
                         slack                                  0.186    

Slack (MET) :             0.187ns  (arrival time - required time)
  Source:                 datapath/Audio_Codec/initialize_audio/initWord_reg[8]/C
                            (rising edge-triggered cell FDRE clocked by clk_out2_clk_wiz_1  {rise@0.000ns fall@10.000ns period=20.000ns})
  Destination:            datapath/Audio_Codec/initialize_audio/data_i_reg[0]/D
                            (rising edge-triggered cell FDRE clocked by clk_out2_clk_wiz_1  {rise@0.000ns fall@10.000ns period=20.000ns})
  Path Group:             clk_out2_clk_wiz_1
  Path Type:              Hold (Min at Fast Process Corner)
  Requirement:            0.000ns  (clk_out2_clk_wiz_1 rise@0.000ns - clk_out2_clk_wiz_1 rise@0.000ns)
  Data Path Delay:        0.292ns  (logic 0.209ns (71.550%)  route 0.083ns (28.450%))
  Logic Levels:           1  (LUT6=1)
  Clock Path Skew:        0.013ns (DCD - SCD - CPR)
    Destination Clock Delay (DCD):    0.908ns
    Source Clock Delay      (SCD):    0.637ns
    Clock Pessimism Removal (CPR):    0.258ns

    Location             Delay type                Incr(ns)  Path(ns)    Netlist Resource(s)
  -------------------------------------------------------------------    -------------------
                         (clock clk_out2_clk_wiz_1 rise edge)
                                                      0.000     0.000 r  
    BUFGCTRL_X0Y2        BUFG                         0.000     0.000 r  clk_IBUF_BUFG_inst/O
                         net (fo=303, routed)         0.610     0.610    datapath/Audio_Codec/audiocodec_master_clock/inst/clk_in1
    MMCME2_ADV_X0Y2      MMCME2_ADV (Prop_mmcme2_adv_CLKIN1_CLKOUT1)
                                                     -1.180    -0.571 r  datapath/Audio_Codec/audiocodec_master_clock/inst/mmcm_adv_inst/CLKOUT1
                         net (fo=1, routed)           0.545    -0.026    datapath/Audio_Codec/audiocodec_master_clock/inst/clk_out2_clk_wiz_1
    BUFGCTRL_X0Y3        BUFG (Prop_bufg_I_O)         0.026     0.000 r  datapath/Audio_Codec/audiocodec_master_clock/inst/clkout2_buf/O
                         net (fo=115, routed)         0.637     0.637    datapath/Audio_Codec/initialize_audio/CLK
    SLICE_X158Y121       FDRE                                         r  datapath/Audio_Codec/initialize_audio/initWord_reg[8]/C
  -------------------------------------------------------------------    -------------------
    SLICE_X158Y121       FDRE (Prop_fdre_C_Q)         0.164     0.801 r  datapath/Audio_Codec/initialize_audio/initWord_reg[8]/Q
                         net (fo=1, routed)           0.083     0.884    datapath/Audio_Codec/initialize_audio/data2[0]
    SLICE_X159Y121       LUT6 (Prop_lut6_I4_O)        0.045     0.929 r  datapath/Audio_Codec/initialize_audio/data_i[0]_i_1/O
                         net (fo=1, routed)           0.000     0.929    datapath/Audio_Codec/initialize_audio/data_i[0]_i_1_n_0
    SLICE_X159Y121       FDRE                                         r  datapath/Audio_Codec/initialize_audio/data_i_reg[0]/D
  -------------------------------------------------------------------    -------------------

                         (clock clk_out2_clk_wiz_1 rise edge)
                                                      0.000     0.000 r  
    BUFGCTRL_X0Y2        BUFG                         0.000     0.000 r  clk_IBUF_BUFG_inst/O
                         net (fo=303, routed)         0.879     0.879    datapath/Audio_Codec/audiocodec_master_clock/inst/clk_in1
    MMCME2_ADV_X0Y2      MMCME2_ADV (Prop_mmcme2_adv_CLKIN1_CLKOUT1)
                                                     -1.502    -0.624 r  datapath/Audio_Codec/audiocodec_master_clock/inst/mmcm_adv_inst/CLKOUT1
                         net (fo=1, routed)           0.595    -0.029    datapath/Audio_Codec/audiocodec_master_clock/inst/clk_out2_clk_wiz_1
    BUFGCTRL_X0Y3        BUFG (Prop_bufg_I_O)         0.029    -0.000 r  datapath/Audio_Codec/audiocodec_master_clock/inst/clkout2_buf/O
                         net (fo=115, routed)         0.908     0.908    datapath/Audio_Codec/initialize_audio/CLK
    SLICE_X159Y121       FDRE                                         r  datapath/Audio_Codec/initialize_audio/data_i_reg[0]/C
                         clock pessimism             -0.258     0.650    
    SLICE_X159Y121       FDRE (Hold_fdre_C_D)         0.092     0.742    datapath/Audio_Codec/initialize_audio/data_i_reg[0]
  -------------------------------------------------------------------
                         required time                         -0.742    
                         arrival time                           0.929    
  -------------------------------------------------------------------
                         slack                                  0.187    

Slack (MET) :             0.189ns  (arrival time - required time)
  Source:                 datapath/Audio_Codec/initialize_audio/twi_controller/dataByte_reg[3]/C
                            (rising edge-triggered cell FDRE clocked by clk_out2_clk_wiz_1  {rise@0.000ns fall@10.000ns period=20.000ns})
  Destination:            datapath/Audio_Codec/initialize_audio/twi_controller/dataByte_reg[4]/D
                            (rising edge-triggered cell FDRE clocked by clk_out2_clk_wiz_1  {rise@0.000ns fall@10.000ns period=20.000ns})
  Path Group:             clk_out2_clk_wiz_1
  Path Type:              Hold (Min at Fast Process Corner)
  Requirement:            0.000ns  (clk_out2_clk_wiz_1 rise@0.000ns - clk_out2_clk_wiz_1 rise@0.000ns)
  Data Path Delay:        0.293ns  (logic 0.186ns (63.444%)  route 0.107ns (36.556%))
  Logic Levels:           1  (LUT4=1)
  Clock Path Skew:        0.013ns (DCD - SCD - CPR)
    Destination Clock Delay (DCD):    0.908ns
    Source Clock Delay      (SCD):    0.638ns
    Clock Pessimism Removal (CPR):    0.257ns

    Location             Delay type                Incr(ns)  Path(ns)    Netlist Resource(s)
  -------------------------------------------------------------------    -------------------
                         (clock clk_out2_clk_wiz_1 rise edge)
                                                      0.000     0.000 r  
    BUFGCTRL_X0Y2        BUFG                         0.000     0.000 r  clk_IBUF_BUFG_inst/O
                         net (fo=303, routed)         0.610     0.610    datapath/Audio_Codec/audiocodec_master_clock/inst/clk_in1
    MMCME2_ADV_X0Y2      MMCME2_ADV (Prop_mmcme2_adv_CLKIN1_CLKOUT1)
                                                     -1.180    -0.571 r  datapath/Audio_Codec/audiocodec_master_clock/inst/mmcm_adv_inst/CLKOUT1
                         net (fo=1, routed)           0.545    -0.026    datapath/Audio_Codec/audiocodec_master_clock/inst/clk_out2_clk_wiz_1
    BUFGCTRL_X0Y3        BUFG (Prop_bufg_I_O)         0.026     0.000 r  datapath/Audio_Codec/audiocodec_master_clock/inst/clkout2_buf/O
                         net (fo=115, routed)         0.638     0.638    datapath/Audio_Codec/initialize_audio/twi_controller/CLK
    SLICE_X161Y121       FDRE                                         r  datapath/Audio_Codec/initialize_audio/twi_controller/dataByte_reg[3]/C
  -------------------------------------------------------------------    -------------------
    SLICE_X161Y121       FDRE (Prop_fdre_C_Q)         0.141     0.779 r  datapath/Audio_Codec/initialize_audio/twi_controller/dataByte_reg[3]/Q
                         net (fo=1, routed)           0.107     0.886    datapath/Audio_Codec/initialize_audio/twi_controller/dataByte[3]
    SLICE_X161Y122       LUT4 (Prop_lut4_I1_O)        0.045     0.931 r  datapath/Audio_Codec/initialize_audio/twi_controller/dataByte[4]_i_1/O
                         net (fo=1, routed)           0.000     0.931    datapath/Audio_Codec/initialize_audio/twi_controller/p_1_in_0[4]
    SLICE_X161Y122       FDRE                                         r  datapath/Audio_Codec/initialize_audio/twi_controller/dataByte_reg[4]/D
  -------------------------------------------------------------------    -------------------

                         (clock clk_out2_clk_wiz_1 rise edge)
                                                      0.000     0.000 r  
    BUFGCTRL_X0Y2        BUFG                         0.000     0.000 r  clk_IBUF_BUFG_inst/O
                         net (fo=303, routed)         0.879     0.879    datapath/Audio_Codec/audiocodec_master_clock/inst/clk_in1
    MMCME2_ADV_X0Y2      MMCME2_ADV (Prop_mmcme2_adv_CLKIN1_CLKOUT1)
                                                     -1.502    -0.624 r  datapath/Audio_Codec/audiocodec_master_clock/inst/mmcm_adv_inst/CLKOUT1
                         net (fo=1, routed)           0.595    -0.029    datapath/Audio_Codec/audiocodec_master_clock/inst/clk_out2_clk_wiz_1
    BUFGCTRL_X0Y3        BUFG (Prop_bufg_I_O)         0.029    -0.000 r  datapath/Audio_Codec/audiocodec_master_clock/inst/clkout2_buf/O
                         net (fo=115, routed)         0.908     0.908    datapath/Audio_Codec/initialize_audio/twi_controller/CLK
    SLICE_X161Y122       FDRE                                         r  datapath/Audio_Codec/initialize_audio/twi_controller/dataByte_reg[4]/C
                         clock pessimism             -0.257     0.651    
    SLICE_X161Y122       FDRE (Hold_fdre_C_D)         0.091     0.742    datapath/Audio_Codec/initialize_audio/twi_controller/dataByte_reg[4]
  -------------------------------------------------------------------
                         required time                         -0.742    
                         arrival time                           0.931    
  -------------------------------------------------------------------
                         slack                                  0.189    

Slack (MET) :             0.211ns  (arrival time - required time)
  Source:                 datapath/Audio_Codec/initialize_audio/twi_controller/bitCount_reg[1]/C
                            (rising edge-triggered cell FDRE clocked by clk_out2_clk_wiz_1  {rise@0.000ns fall@10.000ns period=20.000ns})
  Destination:            datapath/Audio_Codec/initialize_audio/twi_controller/bitCount_reg[2]/D
                            (rising edge-triggered cell FDRE clocked by clk_out2_clk_wiz_1  {rise@0.000ns fall@10.000ns period=20.000ns})
  Path Group:             clk_out2_clk_wiz_1
  Path Type:              Hold (Min at Fast Process Corner)
  Requirement:            0.000ns  (clk_out2_clk_wiz_1 rise@0.000ns - clk_out2_clk_wiz_1 rise@0.000ns)
  Data Path Delay:        0.332ns  (logic 0.246ns (74.207%)  route 0.086ns (25.793%))
  Logic Levels:           1  (LUT6=1)
  Clock Path Skew:        0.000ns (DCD - SCD - CPR)
    Destination Clock Delay (DCD):    0.910ns
    Source Clock Delay      (SCD):    0.639ns
    Clock Pessimism Removal (CPR):    0.271ns

    Location             Delay type                Incr(ns)  Path(ns)    Netlist Resource(s)
  -------------------------------------------------------------------    -------------------
                         (clock clk_out2_clk_wiz_1 rise edge)
                                                      0.000     0.000 r  
    BUFGCTRL_X0Y2        BUFG                         0.000     0.000 r  clk_IBUF_BUFG_inst/O
                         net (fo=303, routed)         0.610     0.610    datapath/Audio_Codec/audiocodec_master_clock/inst/clk_in1
    MMCME2_ADV_X0Y2      MMCME2_ADV (Prop_mmcme2_adv_CLKIN1_CLKOUT1)
                                                     -1.180    -0.571 r  datapath/Audio_Codec/audiocodec_master_clock/inst/mmcm_adv_inst/CLKOUT1
                         net (fo=1, routed)           0.545    -0.026    datapath/Audio_Codec/audiocodec_master_clock/inst/clk_out2_clk_wiz_1
    BUFGCTRL_X0Y3        BUFG (Prop_bufg_I_O)         0.026     0.000 r  datapath/Audio_Codec/audiocodec_master_clock/inst/clkout2_buf/O
                         net (fo=115, routed)         0.639     0.639    datapath/Audio_Codec/initialize_audio/twi_controller/CLK
    SLICE_X162Y120       FDRE                                         r  datapath/Audio_Codec/initialize_audio/twi_controller/bitCount_reg[1]/C
  -------------------------------------------------------------------    -------------------
    SLICE_X162Y120       FDRE (Prop_fdre_C_Q)         0.148     0.787 r  datapath/Audio_Codec/initialize_audio/twi_controller/bitCount_reg[1]/Q
                         net (fo=4, routed)           0.086     0.872    datapath/Audio_Codec/initialize_audio/twi_controller/bitCount[1]
    SLICE_X162Y120       LUT6 (Prop_lut6_I3_O)        0.098     0.970 r  datapath/Audio_Codec/initialize_audio/twi_controller/bitCount[2]_i_1/O
                         net (fo=1, routed)           0.000     0.970    datapath/Audio_Codec/initialize_audio/twi_controller/bitCount[2]_i_1_n_0
    SLICE_X162Y120       FDRE                                         r  datapath/Audio_Codec/initialize_audio/twi_controller/bitCount_reg[2]/D
  -------------------------------------------------------------------    -------------------

                         (clock clk_out2_clk_wiz_1 rise edge)
                                                      0.000     0.000 r  
    BUFGCTRL_X0Y2        BUFG                         0.000     0.000 r  clk_IBUF_BUFG_inst/O
                         net (fo=303, routed)         0.879     0.879    datapath/Audio_Codec/audiocodec_master_clock/inst/clk_in1
    MMCME2_ADV_X0Y2      MMCME2_ADV (Prop_mmcme2_adv_CLKIN1_CLKOUT1)
                                                     -1.502    -0.624 r  datapath/Audio_Codec/audiocodec_master_clock/inst/mmcm_adv_inst/CLKOUT1
                         net (fo=1, routed)           0.595    -0.029    datapath/Audio_Codec/audiocodec_master_clock/inst/clk_out2_clk_wiz_1
    BUFGCTRL_X0Y3        BUFG (Prop_bufg_I_O)         0.029    -0.000 r  datapath/Audio_Codec/audiocodec_master_clock/inst/clkout2_buf/O
                         net (fo=115, routed)         0.910     0.910    datapath/Audio_Codec/initialize_audio/twi_controller/CLK
    SLICE_X162Y120       FDRE                                         r  datapath/Audio_Codec/initialize_audio/twi_controller/bitCount_reg[2]/C
                         clock pessimism             -0.271     0.639    
    SLICE_X162Y120       FDRE (Hold_fdre_C_D)         0.121     0.760    datapath/Audio_Codec/initialize_audio/twi_controller/bitCount_reg[2]
  -------------------------------------------------------------------
                         required time                         -0.760    
                         arrival time                           0.970    
  -------------------------------------------------------------------
                         slack                                  0.211    

Slack (MET) :             0.213ns  (arrival time - required time)
  Source:                 datapath/Audio_Codec/initialize_audio/twi_controller/FSM_gray_state_reg[3]/C
                            (rising edge-triggered cell FDRE clocked by clk_out2_clk_wiz_1  {rise@0.000ns fall@10.000ns period=20.000ns})
  Destination:            datapath/Audio_Codec/initialize_audio/twi_controller/int_Rst_reg/D
                            (rising edge-triggered cell FDRE clocked by clk_out2_clk_wiz_1  {rise@0.000ns fall@10.000ns period=20.000ns})
  Path Group:             clk_out2_clk_wiz_1
  Path Type:              Hold (Min at Fast Process Corner)
  Requirement:            0.000ns  (clk_out2_clk_wiz_1 rise@0.000ns - clk_out2_clk_wiz_1 rise@0.000ns)
  Data Path Delay:        0.318ns  (logic 0.186ns (58.563%)  route 0.132ns (41.437%))
  Logic Levels:           1  (LUT6=1)
  Clock Path Skew:        0.013ns (DCD - SCD - CPR)
    Destination Clock Delay (DCD):    0.910ns
    Source Clock Delay      (SCD):    0.639ns
    Clock Pessimism Removal (CPR):    0.258ns

    Location             Delay type                Incr(ns)  Path(ns)    Netlist Resource(s)
  -------------------------------------------------------------------    -------------------
                         (clock clk_out2_clk_wiz_1 rise edge)
                                                      0.000     0.000 r  
    BUFGCTRL_X0Y2        BUFG                         0.000     0.000 r  clk_IBUF_BUFG_inst/O
                         net (fo=303, routed)         0.610     0.610    datapath/Audio_Codec/audiocodec_master_clock/inst/clk_in1
    MMCME2_ADV_X0Y2      MMCME2_ADV (Prop_mmcme2_adv_CLKIN1_CLKOUT1)
                                                     -1.180    -0.571 r  datapath/Audio_Codec/audiocodec_master_clock/inst/mmcm_adv_inst/CLKOUT1
                         net (fo=1, routed)           0.545    -0.026    datapath/Audio_Codec/audiocodec_master_clock/inst/clk_out2_clk_wiz_1
    BUFGCTRL_X0Y3        BUFG (Prop_bufg_I_O)         0.026     0.000 r  datapath/Audio_Codec/audiocodec_master_clock/inst/clkout2_buf/O
                         net (fo=115, routed)         0.639     0.639    datapath/Audio_Codec/initialize_audio/twi_controller/CLK
    SLICE_X160Y120       FDRE                                         r  datapath/Audio_Codec/initialize_audio/twi_controller/FSM_gray_state_reg[3]/C
  -------------------------------------------------------------------    -------------------
    SLICE_X160Y120       FDRE (Prop_fdre_C_Q)         0.141     0.780 r  datapath/Audio_Codec/initialize_audio/twi_controller/FSM_gray_state_reg[3]/Q
                         net (fo=26, routed)          0.132     0.911    datapath/Audio_Codec/initialize_audio/twi_controller/state[3]
    SLICE_X161Y120       LUT6 (Prop_lut6_I2_O)        0.045     0.956 r  datapath/Audio_Codec/initialize_audio/twi_controller/int_Rst_i_1/O
                         net (fo=1, routed)           0.000     0.956    datapath/Audio_Codec/initialize_audio/twi_controller/int_Rst_i_1_n_0
    SLICE_X161Y120       FDRE                                         r  datapath/Audio_Codec/initialize_audio/twi_controller/int_Rst_reg/D
  -------------------------------------------------------------------    -------------------

                         (clock clk_out2_clk_wiz_1 rise edge)
                                                      0.000     0.000 r  
    BUFGCTRL_X0Y2        BUFG                         0.000     0.000 r  clk_IBUF_BUFG_inst/O
                         net (fo=303, routed)         0.879     0.879    datapath/Audio_Codec/audiocodec_master_clock/inst/clk_in1
    MMCME2_ADV_X0Y2      MMCME2_ADV (Prop_mmcme2_adv_CLKIN1_CLKOUT1)
                                                     -1.502    -0.624 r  datapath/Audio_Codec/audiocodec_master_clock/inst/mmcm_adv_inst/CLKOUT1
                         net (fo=1, routed)           0.595    -0.029    datapath/Audio_Codec/audiocodec_master_clock/inst/clk_out2_clk_wiz_1
    BUFGCTRL_X0Y3        BUFG (Prop_bufg_I_O)         0.029    -0.000 r  datapath/Audio_Codec/audiocodec_master_clock/inst/clkout2_buf/O
                         net (fo=115, routed)         0.910     0.910    datapath/Audio_Codec/initialize_audio/twi_controller/CLK
    SLICE_X161Y120       FDRE                                         r  datapath/Audio_Codec/initialize_audio/twi_controller/int_Rst_reg/C
                         clock pessimism             -0.258     0.652    
    SLICE_X161Y120       FDRE (Hold_fdre_C_D)         0.092     0.744    datapath/Audio_Codec/initialize_audio/twi_controller/int_Rst_reg
  -------------------------------------------------------------------
                         required time                         -0.744    
                         arrival time                           0.956    
  -------------------------------------------------------------------
                         slack                                  0.213    

Slack (MET) :             0.221ns  (arrival time - required time)
  Source:                 datapath/Audio_Codec/initialize_audio/data_i_reg[1]/C
                            (rising edge-triggered cell FDRE clocked by clk_out2_clk_wiz_1  {rise@0.000ns fall@10.000ns period=20.000ns})
  Destination:            datapath/Audio_Codec/initialize_audio/twi_controller/dataByte_reg[1]/D
                            (rising edge-triggered cell FDRE clocked by clk_out2_clk_wiz_1  {rise@0.000ns fall@10.000ns period=20.000ns})
  Path Group:             clk_out2_clk_wiz_1
  Path Type:              Hold (Min at Fast Process Corner)
  Requirement:            0.000ns  (clk_out2_clk_wiz_1 rise@0.000ns - clk_out2_clk_wiz_1 rise@0.000ns)
  Data Path Delay:        0.328ns  (logic 0.186ns (56.636%)  route 0.142ns (43.364%))
  Logic Levels:           1  (LUT4=1)
  Clock Path Skew:        0.016ns (DCD - SCD - CPR)
    Destination Clock Delay (DCD):    0.909ns
    Source Clock Delay      (SCD):    0.636ns
    Clock Pessimism Removal (CPR):    0.257ns

    Location             Delay type                Incr(ns)  Path(ns)    Netlist Resource(s)
  -------------------------------------------------------------------    -------------------
                         (clock clk_out2_clk_wiz_1 rise edge)
                                                      0.000     0.000 r  
    BUFGCTRL_X0Y2        BUFG                         0.000     0.000 r  clk_IBUF_BUFG_inst/O
                         net (fo=303, routed)         0.610     0.610    datapath/Audio_Codec/audiocodec_master_clock/inst/clk_in1
    MMCME2_ADV_X0Y2      MMCME2_ADV (Prop_mmcme2_adv_CLKIN1_CLKOUT1)
                                                     -1.180    -0.571 r  datapath/Audio_Codec/audiocodec_master_clock/inst/mmcm_adv_inst/CLKOUT1
                         net (fo=1, routed)           0.545    -0.026    datapath/Audio_Codec/audiocodec_master_clock/inst/clk_out2_clk_wiz_1
    BUFGCTRL_X0Y3        BUFG (Prop_bufg_I_O)         0.026     0.000 r  datapath/Audio_Codec/audiocodec_master_clock/inst/clkout2_buf/O
                         net (fo=115, routed)         0.636     0.636    datapath/Audio_Codec/initialize_audio/CLK
    SLICE_X161Y123       FDRE                                         r  datapath/Audio_Codec/initialize_audio/data_i_reg[1]/C
  -------------------------------------------------------------------    -------------------
    SLICE_X161Y123       FDRE (Prop_fdre_C_Q)         0.141     0.777 r  datapath/Audio_Codec/initialize_audio/data_i_reg[1]/Q
                         net (fo=1, routed)           0.142     0.919    datapath/Audio_Codec/initialize_audio/twi_controller/Q[1]
    SLICE_X161Y121       LUT4 (Prop_lut4_I3_O)        0.045     0.964 r  datapath/Audio_Codec/initialize_audio/twi_controller/dataByte[1]_i_1/O
                         net (fo=1, routed)           0.000     0.964    datapath/Audio_Codec/initialize_audio/twi_controller/p_1_in_0[1]
    SLICE_X161Y121       FDRE                                         r  datapath/Audio_Codec/initialize_audio/twi_controller/dataByte_reg[1]/D
  -------------------------------------------------------------------    -------------------

                         (clock clk_out2_clk_wiz_1 rise edge)
                                                      0.000     0.000 r  
    BUFGCTRL_X0Y2        BUFG                         0.000     0.000 r  clk_IBUF_BUFG_inst/O
                         net (fo=303, routed)         0.879     0.879    datapath/Audio_Codec/audiocodec_master_clock/inst/clk_in1
    MMCME2_ADV_X0Y2      MMCME2_ADV (Prop_mmcme2_adv_CLKIN1_CLKOUT1)
                                                     -1.502    -0.624 r  datapath/Audio_Codec/audiocodec_master_clock/inst/mmcm_adv_inst/CLKOUT1
                         net (fo=1, routed)           0.595    -0.029    datapath/Audio_Codec/audiocodec_master_clock/inst/clk_out2_clk_wiz_1
    BUFGCTRL_X0Y3        BUFG (Prop_bufg_I_O)         0.029    -0.000 r  datapath/Audio_Codec/audiocodec_master_clock/inst/clkout2_buf/O
                         net (fo=115, routed)         0.909     0.909    datapath/Audio_Codec/initialize_audio/twi_controller/CLK
    SLICE_X161Y121       FDRE                                         r  datapath/Audio_Codec/initialize_audio/twi_controller/dataByte_reg[1]/C
                         clock pessimism             -0.257     0.652    
    SLICE_X161Y121       FDRE (Hold_fdre_C_D)         0.091     0.743    datapath/Audio_Codec/initialize_audio/twi_controller/dataByte_reg[1]
  -------------------------------------------------------------------
                         required time                         -0.743    
                         arrival time                           0.964    
  -------------------------------------------------------------------
                         slack                                  0.221    

Slack (MET) :             0.225ns  (arrival time - required time)
  Source:                 datapath/Audio_Codec/initialize_audio/twi_controller/ddSda_reg/C
                            (rising edge-triggered cell FDRE clocked by clk_out2_clk_wiz_1  {rise@0.000ns fall@10.000ns period=20.000ns})
  Destination:            datapath/Audio_Codec/initialize_audio/twi_controller/busState_reg[1]/D
                            (rising edge-triggered cell FDRE clocked by clk_out2_clk_wiz_1  {rise@0.000ns fall@10.000ns period=20.000ns})
  Path Group:             clk_out2_clk_wiz_1
  Path Type:              Hold (Min at Fast Process Corner)
  Requirement:            0.000ns  (clk_out2_clk_wiz_1 rise@0.000ns - clk_out2_clk_wiz_1 rise@0.000ns)
  Data Path Delay:        0.317ns  (logic 0.227ns (71.697%)  route 0.090ns (28.303%))
  Logic Levels:           1  (LUT6=1)
  Clock Path Skew:        0.000ns (DCD - SCD - CPR)
    Destination Clock Delay (DCD):    0.912ns
    Source Clock Delay      (SCD):    0.641ns
    Clock Pessimism Removal (CPR):    0.271ns

    Location             Delay type                Incr(ns)  Path(ns)    Netlist Resource(s)
  -------------------------------------------------------------------    -------------------
                         (clock clk_out2_clk_wiz_1 rise edge)
                                                      0.000     0.000 r  
    BUFGCTRL_X0Y2        BUFG                         0.000     0.000 r  clk_IBUF_BUFG_inst/O
                         net (fo=303, routed)         0.610     0.610    datapath/Audio_Codec/audiocodec_master_clock/inst/clk_in1
    MMCME2_ADV_X0Y2      MMCME2_ADV (Prop_mmcme2_adv_CLKIN1_CLKOUT1)
                                                     -1.180    -0.571 r  datapath/Audio_Codec/audiocodec_master_clock/inst/mmcm_adv_inst/CLKOUT1
                         net (fo=1, routed)           0.545    -0.026    datapath/Audio_Codec/audiocodec_master_clock/inst/clk_out2_clk_wiz_1
    BUFGCTRL_X0Y3        BUFG (Prop_bufg_I_O)         0.026     0.000 r  datapath/Audio_Codec/audiocodec_master_clock/inst/clkout2_buf/O
                         net (fo=115, routed)         0.641     0.641    datapath/Audio_Codec/initialize_audio/twi_controller/CLK
    SLICE_X160Y118       FDRE                                         r  datapath/Audio_Codec/initialize_audio/twi_controller/ddSda_reg/C
  -------------------------------------------------------------------    -------------------
    SLICE_X160Y118       FDRE (Prop_fdre_C_Q)         0.128     0.769 r  datapath/Audio_Codec/initialize_audio/twi_controller/ddSda_reg/Q
                         net (fo=3, routed)           0.090     0.858    datapath/Audio_Codec/initialize_audio/twi_controller/ddSda
    SLICE_X160Y118       LUT6 (Prop_lut6_I0_O)        0.099     0.957 r  datapath/Audio_Codec/initialize_audio/twi_controller/busState[1]_i_1/O
                         net (fo=1, routed)           0.000     0.957    datapath/Audio_Codec/initialize_audio/twi_controller/busState[1]_i_1_n_0
    SLICE_X160Y118       FDRE                                         r  datapath/Audio_Codec/initialize_audio/twi_controller/busState_reg[1]/D
  -------------------------------------------------------------------    -------------------

                         (clock clk_out2_clk_wiz_1 rise edge)
                                                      0.000     0.000 r  
    BUFGCTRL_X0Y2        BUFG                         0.000     0.000 r  clk_IBUF_BUFG_inst/O
                         net (fo=303, routed)         0.879     0.879    datapath/Audio_Codec/audiocodec_master_clock/inst/clk_in1
    MMCME2_ADV_X0Y2      MMCME2_ADV (Prop_mmcme2_adv_CLKIN1_CLKOUT1)
                                                     -1.502    -0.624 r  datapath/Audio_Codec/audiocodec_master_clock/inst/mmcm_adv_inst/CLKOUT1
                         net (fo=1, routed)           0.595    -0.029    datapath/Audio_Codec/audiocodec_master_clock/inst/clk_out2_clk_wiz_1
    BUFGCTRL_X0Y3        BUFG (Prop_bufg_I_O)         0.029    -0.000 r  datapath/Audio_Codec/audiocodec_master_clock/inst/clkout2_buf/O
                         net (fo=115, routed)         0.912     0.912    datapath/Audio_Codec/initialize_audio/twi_controller/CLK
    SLICE_X160Y118       FDRE                                         r  datapath/Audio_Codec/initialize_audio/twi_controller/busState_reg[1]/C
                         clock pessimism             -0.271     0.641    
    SLICE_X160Y118       FDRE (Hold_fdre_C_D)         0.092     0.733    datapath/Audio_Codec/initialize_audio/twi_controller/busState_reg[1]
  -------------------------------------------------------------------
                         required time                         -0.733    
                         arrival time                           0.957    
  -------------------------------------------------------------------
                         slack                                  0.225    





Pulse Width Checks
--------------------------------------------------------------------------------------
Clock Name:         clk_out2_clk_wiz_1
Waveform(ns):       { 0.000 10.000 }
Period(ns):         20.000
Sources:            { datapath/Audio_Codec/audiocodec_master_clock/inst/mmcm_adv_inst/CLKOUT1 }

Check Type        Corner  Lib Pin             Reference Pin  Required(ns)  Actual(ns)  Slack(ns)  Location         Pin
Min Period        n/a     BUFG/I              n/a            2.155         20.000      17.845     BUFGCTRL_X0Y3    datapath/Audio_Codec/audiocodec_master_clock/inst/clkout2_buf/I
Min Period        n/a     MMCME2_ADV/CLKOUT1  n/a            1.249         20.000      18.751     MMCME2_ADV_X0Y2  datapath/Audio_Codec/audiocodec_master_clock/inst/mmcm_adv_inst/CLKOUT1
Min Period        n/a     FDRE/C              n/a            1.000         20.000      19.000     SLICE_X159Y121   datapath/Audio_Codec/initialize_audio/data_i_reg[0]/C
Min Period        n/a     FDRE/C              n/a            1.000         20.000      19.000     SLICE_X161Y123   datapath/Audio_Codec/initialize_audio/data_i_reg[1]/C
Min Period        n/a     FDRE/C              n/a            1.000         20.000      19.000     SLICE_X160Y122   datapath/Audio_Codec/initialize_audio/data_i_reg[2]/C
Min Period        n/a     FDRE/C              n/a            1.000         20.000      19.000     SLICE_X161Y123   datapath/Audio_Codec/initialize_audio/data_i_reg[3]/C
Min Period        n/a     FDRE/C              n/a            1.000         20.000      19.000     SLICE_X159Y123   datapath/Audio_Codec/initialize_audio/data_i_reg[4]/C
Min Period        n/a     FDRE/C              n/a            1.000         20.000      19.000     SLICE_X161Y123   datapath/Audio_Codec/initialize_audio/data_i_reg[5]/C
Min Period        n/a     FDRE/C              n/a            1.000         20.000      19.000     SLICE_X160Y122   datapath/Audio_Codec/initialize_audio/data_i_reg[6]/C
Min Period        n/a     FDRE/C              n/a            1.000         20.000      19.000     SLICE_X161Y123   datapath/Audio_Codec/initialize_audio/data_i_reg[7]/C
Max Period        n/a     MMCME2_ADV/CLKOUT1  n/a            213.360       20.000      193.360    MMCME2_ADV_X0Y2  datapath/Audio_Codec/audiocodec_master_clock/inst/mmcm_adv_inst/CLKOUT1
Low Pulse Width   Slow    FDRE/C              n/a            0.500         10.000      9.500      SLICE_X159Y121   datapath/Audio_Codec/initialize_audio/data_i_reg[0]/C
Low Pulse Width   Fast    FDRE/C              n/a            0.500         10.000      9.500      SLICE_X159Y121   datapath/Audio_Codec/initialize_audio/data_i_reg[0]/C
Low Pulse Width   Slow    FDRE/C              n/a            0.500         10.000      9.500      SLICE_X161Y123   datapath/Audio_Codec/initialize_audio/data_i_reg[1]/C
Low Pulse Width   Fast    FDRE/C              n/a            0.500         10.000      9.500      SLICE_X161Y123   datapath/Audio_Codec/initialize_audio/data_i_reg[1]/C
Low Pulse Width   Slow    FDRE/C              n/a            0.500         10.000      9.500      SLICE_X160Y122   datapath/Audio_Codec/initialize_audio/data_i_reg[2]/C
Low Pulse Width   Fast    FDRE/C              n/a            0.500         10.000      9.500      SLICE_X160Y122   datapath/Audio_Codec/initialize_audio/data_i_reg[2]/C
Low Pulse Width   Slow    FDRE/C              n/a            0.500         10.000      9.500      SLICE_X161Y123   datapath/Audio_Codec/initialize_audio/data_i_reg[3]/C
Low Pulse Width   Fast    FDRE/C              n/a            0.500         10.000      9.500      SLICE_X161Y123   datapath/Audio_Codec/initialize_audio/data_i_reg[3]/C
Low Pulse Width   Slow    FDRE/C              n/a            0.500         10.000      9.500      SLICE_X159Y123   datapath/Audio_Codec/initialize_audio/data_i_reg[4]/C
Low Pulse Width   Fast    FDRE/C              n/a            0.500         10.000      9.500      SLICE_X159Y123   datapath/Audio_Codec/initialize_audio/data_i_reg[4]/C
High Pulse Width  Slow    FDRE/C              n/a            0.500         10.000      9.500      SLICE_X159Y121   datapath/Audio_Codec/initialize_audio/data_i_reg[0]/C
High Pulse Width  Fast    FDRE/C              n/a            0.500         10.000      9.500      SLICE_X159Y121   datapath/Audio_Codec/initialize_audio/data_i_reg[0]/C
High Pulse Width  Slow    FDRE/C              n/a            0.500         10.000      9.500      SLICE_X161Y123   datapath/Audio_Codec/initialize_audio/data_i_reg[1]/C
High Pulse Width  Fast    FDRE/C              n/a            0.500         10.000      9.500      SLICE_X161Y123   datapath/Audio_Codec/initialize_audio/data_i_reg[1]/C
High Pulse Width  Slow    FDRE/C              n/a            0.500         10.000      9.500      SLICE_X160Y122   datapath/Audio_Codec/initialize_audio/data_i_reg[2]/C
High Pulse Width  Fast    FDRE/C              n/a            0.500         10.000      9.500      SLICE_X160Y122   datapath/Audio_Codec/initialize_audio/data_i_reg[2]/C
High Pulse Width  Slow    FDRE/C              n/a            0.500         10.000      9.500      SLICE_X161Y123   datapath/Audio_Codec/initialize_audio/data_i_reg[3]/C
High Pulse Width  Fast    FDRE/C              n/a            0.500         10.000      9.500      SLICE_X161Y123   datapath/Audio_Codec/initialize_audio/data_i_reg[3]/C
High Pulse Width  Slow    FDRE/C              n/a            0.500         10.000      9.500      SLICE_X159Y123   datapath/Audio_Codec/initialize_audio/data_i_reg[4]/C
High Pulse Width  Fast    FDRE/C              n/a            0.500         10.000      9.500      SLICE_X159Y123   datapath/Audio_Codec/initialize_audio/data_i_reg[4]/C



---------------------------------------------------------------------------------------------------
From Clock:  clkfbout_clk_wiz_1
  To Clock:  clkfbout_clk_wiz_1

Setup :           NA  Failing Endpoints,  Worst Slack           NA  ,  Total Violation           NA
Hold  :           NA  Failing Endpoints,  Worst Slack           NA  ,  Total Violation           NA
PW    :            0  Failing Endpoints,  Worst Slack        7.845ns,  Total Violation        0.000ns
---------------------------------------------------------------------------------------------------


Pulse Width Checks
--------------------------------------------------------------------------------------
Clock Name:         clkfbout_clk_wiz_1
Waveform(ns):       { 0.000 5.000 }
Period(ns):         10.000
Sources:            { datapath/Audio_Codec/audiocodec_master_clock/inst/mmcm_adv_inst/CLKFBOUT }

Check Type  Corner  Lib Pin              Reference Pin  Required(ns)  Actual(ns)  Slack(ns)  Location         Pin
Min Period  n/a     BUFG/I               n/a            2.155         10.000      7.845      BUFGCTRL_X0Y5    datapath/Audio_Codec/audiocodec_master_clock/inst/clkf_buf/I
Min Period  n/a     MMCME2_ADV/CLKFBOUT  n/a            1.249         10.000      8.751      MMCME2_ADV_X0Y2  datapath/Audio_Codec/audiocodec_master_clock/inst/mmcm_adv_inst/CLKFBOUT
Min Period  n/a     MMCME2_ADV/CLKFBIN   n/a            1.249         10.000      8.751      MMCME2_ADV_X0Y2  datapath/Audio_Codec/audiocodec_master_clock/inst/mmcm_adv_inst/CLKFBIN
Max Period  n/a     MMCME2_ADV/CLKFBIN   n/a            100.000       10.000      90.000     MMCME2_ADV_X0Y2  datapath/Audio_Codec/audiocodec_master_clock/inst/mmcm_adv_inst/CLKFBIN
Max Period  n/a     MMCME2_ADV/CLKFBOUT  n/a            213.360       10.000      203.360    MMCME2_ADV_X0Y2  datapath/Audio_Codec/audiocodec_master_clock/inst/mmcm_adv_inst/CLKFBOUT



---------------------------------------------------------------------------------------------------
From Clock:  datapath/video_inst/mmcm_adv_inst_display_clocks/inst/clk_in1
  To Clock:  datapath/video_inst/mmcm_adv_inst_display_clocks/inst/clk_in1

Setup :           NA  Failing Endpoints,  Worst Slack           NA  ,  Total Violation           NA
Hold  :           NA  Failing Endpoints,  Worst Slack           NA  ,  Total Violation           NA
PW    :            0  Failing Endpoints,  Worst Slack        3.000ns,  Total Violation        0.000ns
---------------------------------------------------------------------------------------------------


Pulse Width Checks
--------------------------------------------------------------------------------------
Clock Name:         datapath/video_inst/mmcm_adv_inst_display_clocks/inst/clk_in1
Waveform(ns):       { 0.000 5.000 }
Period(ns):         10.000
Sources:            { datapath/video_inst/mmcm_adv_inst_display_clocks/inst/clk_in1 }

Check Type        Corner  Lib Pin            Reference Pin  Required(ns)  Actual(ns)  Slack(ns)  Location         Pin
Min Period        n/a     MMCME2_ADV/CLKIN1  n/a            1.249         10.000      8.751      MMCME2_ADV_X1Y0  datapath/video_inst/mmcm_adv_inst_display_clocks/inst/mmcm_adv_inst/CLKIN1
Max Period        n/a     MMCME2_ADV/CLKIN1  n/a            100.000       10.000      90.000     MMCME2_ADV_X1Y0  datapath/video_inst/mmcm_adv_inst_display_clocks/inst/mmcm_adv_inst/CLKIN1
Low Pulse Width   Slow    MMCME2_ADV/CLKIN1  n/a            2.000         5.000       3.000      MMCME2_ADV_X1Y0  datapath/video_inst/mmcm_adv_inst_display_clocks/inst/mmcm_adv_inst/CLKIN1
Low Pulse Width   Fast    MMCME2_ADV/CLKIN1  n/a            2.000         5.000       3.000      MMCME2_ADV_X1Y0  datapath/video_inst/mmcm_adv_inst_display_clocks/inst/mmcm_adv_inst/CLKIN1
High Pulse Width  Slow    MMCME2_ADV/CLKIN1  n/a            2.000         5.000       3.000      MMCME2_ADV_X1Y0  datapath/video_inst/mmcm_adv_inst_display_clocks/inst/mmcm_adv_inst/CLKIN1
High Pulse Width  Fast    MMCME2_ADV/CLKIN1  n/a            2.000         5.000       3.000      MMCME2_ADV_X1Y0  datapath/video_inst/mmcm_adv_inst_display_clocks/inst/mmcm_adv_inst/CLKIN1



---------------------------------------------------------------------------------------------------
From Clock:  clk_out1_clk_wiz_2
  To Clock:  clk_out1_clk_wiz_2

Setup :            0  Failing Endpoints,  Worst Slack       17.800ns,  Total Violation        0.000ns
Hold  :            0  Failing Endpoints,  Worst Slack        0.124ns,  Total Violation        0.000ns
PW    :            0  Failing Endpoints,  Worst Slack       19.500ns,  Total Violation        0.000ns
---------------------------------------------------------------------------------------------------


Max Delay Paths
--------------------------------------------------------------------------------------
Slack (MET) :             17.800ns  (required time - arrival time)
  Source:                 datapath/video_inst/Inst_vga/u_vga_sig/current_pos_reg[row][3]/C
                            (rising edge-triggered cell FDRE clocked by clk_out1_clk_wiz_2  {rise@0.000ns fall@20.000ns period=40.000ns})
  Destination:            datapath/video_inst/inst_dvid/TDMS_encoder_green/encoded_reg[1]/D
                            (rising edge-triggered cell FDRE clocked by clk_out1_clk_wiz_2  {rise@0.000ns fall@20.000ns period=40.000ns})
  Path Group:             clk_out1_clk_wiz_2
  Path Type:              Setup (Max at Slow Process Corner)
  Requirement:            40.000ns  (clk_out1_clk_wiz_2 rise@40.000ns - clk_out1_clk_wiz_2 rise@0.000ns)
  Data Path Delay:        22.067ns  (logic 6.144ns (27.842%)  route 15.923ns (72.158%))
  Logic Levels:           22  (CARRY4=8 LUT2=2 LUT3=2 LUT4=3 LUT5=2 LUT6=5)
  Clock Path Skew:        0.029ns (DCD - SCD + CPR)
    Destination Clock Delay (DCD):    1.705ns = ( 41.705 - 40.000 ) 
    Source Clock Delay      (SCD):    1.751ns
    Clock Pessimism Removal (CPR):    0.075ns
  Clock Uncertainty:      0.095ns  ((TSJ^2 + DJ^2)^1/2) / 2 + PE
    Total System Jitter     (TSJ):    0.071ns
    Discrete Jitter          (DJ):    0.175ns
    Phase Error              (PE):    0.000ns

    Location             Delay type                Incr(ns)  Path(ns)    Netlist Resource(s)
  -------------------------------------------------------------------    -------------------
                         (clock clk_out1_clk_wiz_2 rise edge)
                                                      0.000     0.000 r  
    BUFGCTRL_X0Y2        BUFG                         0.000     0.000 r  clk_IBUF_BUFG_inst/O
                         net (fo=303, routed)         2.106     2.106    datapath/video_inst/mmcm_adv_inst_display_clocks/inst/clk_in1
    MMCME2_ADV_X1Y0      MMCME2_ADV (Prop_mmcme2_adv_CLKIN1_CLKOUT0)
                                                     -4.900    -2.793 r  datapath/video_inst/mmcm_adv_inst_display_clocks/inst/mmcm_adv_inst/CLKOUT0
                         net (fo=1, routed)           2.697    -0.096    datapath/video_inst/mmcm_adv_inst_display_clocks/inst/clk_out1_clk_wiz_2
    BUFGCTRL_X0Y4        BUFG (Prop_bufg_I_O)         0.096    -0.000 r  datapath/video_inst/mmcm_adv_inst_display_clocks/inst/clkout1_buf/O
                         net (fo=83, routed)          1.751     1.751    datapath/video_inst/Inst_vga/u_vga_sig/clk_out1
    SLICE_X150Y136       FDRE                                         r  datapath/video_inst/Inst_vga/u_vga_sig/current_pos_reg[row][3]/C
  -------------------------------------------------------------------    -------------------
    SLICE_X150Y136       FDRE (Prop_fdre_C_Q)         0.518     2.269 r  datapath/video_inst/Inst_vga/u_vga_sig/current_pos_reg[row][3]/Q
                         net (fo=44, routed)          2.103     4.372    datapath/video_inst/Inst_vga/u_vga_sig/Q[3]
    SLICE_X150Y128       LUT4 (Prop_lut4_I3_O)        0.146     4.518 r  datapath/video_inst/Inst_vga/u_vga_sig/dc_bias[3]_i_15__0/O
                         net (fo=5, routed)           1.261     5.779    datapath/video_inst/Inst_vga/u_vga_sig/dc_bias[3]_i_15__0_n_0
    SLICE_X153Y131       LUT5 (Prop_lut5_I0_O)        0.328     6.107 f  datapath/video_inst/Inst_vga/u_vga_sig/dc_bias[3]_i_11/O
                         net (fo=39, routed)          0.790     6.896    datapath/video_inst/Inst_vga/u_vga_sig/current_pos_reg[row][8]_3
    SLICE_X153Y134       LUT5 (Prop_lut5_I0_O)        0.124     7.020 r  datapath/video_inst/Inst_vga/u_vga_sig/dc_bias[3]_i_37/O
                         net (fo=60, routed)          1.398     8.418    datapath/video_inst/Inst_vga/u_vga_sig/is_horizontal_gridline6[4]
    SLICE_X159Y132       LUT3 (Prop_lut3_I2_O)        0.150     8.568 r  datapath/video_inst/Inst_vga/u_vga_sig/dc_bias[3]_i_470/O
                         net (fo=2, routed)           0.650     9.218    datapath/video_inst/Inst_vga/u_color/dc_bias[3]_i_541_2[1]
    SLICE_X156Y129       CARRY4 (Prop_carry4_DI[3]_CO[3])
                                                      0.587     9.805 r  datapath/video_inst/Inst_vga/u_color/dc_bias_reg[3]_i_478/CO[3]
                         net (fo=1, routed)           0.000     9.805    datapath/video_inst/Inst_vga/u_color/dc_bias_reg[3]_i_478_n_0
    SLICE_X156Y130       CARRY4 (Prop_carry4_CI_CO[3])
                                                      0.114     9.919 r  datapath/video_inst/Inst_vga/u_color/dc_bias_reg[3]_i_389/CO[3]
                         net (fo=1, routed)           0.000     9.919    datapath/video_inst/Inst_vga/u_color/dc_bias_reg[3]_i_389_n_0
    SLICE_X156Y131       CARRY4 (Prop_carry4_CI_CO[3])
                                                      0.114    10.033 f  datapath/video_inst/Inst_vga/u_color/dc_bias_reg[3]_i_263/CO[3]
                         net (fo=42, routed)          1.438    11.471    datapath/video_inst/Inst_vga/u_vga_sig/dc_bias_reg[3]_i_212[0]
    SLICE_X153Y132       LUT3 (Prop_lut3_I0_O)        0.152    11.623 r  datapath/video_inst/Inst_vga/u_vga_sig/dc_bias[3]_i_274/O
                         net (fo=2, routed)           0.839    12.462    datapath/video_inst/Inst_vga/u_color/dc_bias_reg[3]_i_212_0[2]
    SLICE_X159Y135       LUT4 (Prop_lut4_I0_O)        0.326    12.788 r  datapath/video_inst/Inst_vga/u_color/dc_bias[3]_i_277/O
                         net (fo=1, routed)           0.000    12.788    datapath/video_inst/Inst_vga/u_color/dc_bias[3]_i_277_n_0
    SLICE_X159Y135       CARRY4 (Prop_carry4_S[3]_CO[3])
                                                      0.401    13.189 r  datapath/video_inst/Inst_vga/u_color/dc_bias_reg[3]_i_212/CO[3]
                         net (fo=1, routed)           0.000    13.189    datapath/video_inst/Inst_vga/u_color/dc_bias_reg[3]_i_212_n_0
    SLICE_X159Y136       CARRY4 (Prop_carry4_CI_O[1])
                                                      0.334    13.523 r  datapath/video_inst/Inst_vga/u_color/dc_bias_reg[3]_i_215/O[1]
                         net (fo=4, routed)           0.857    14.380    datapath/video_inst/Inst_vga/u_color/dc_bias_reg[3]_i_215_n_6
    SLICE_X160Y137       LUT6 (Prop_lut6_I3_O)        0.303    14.683 r  datapath/video_inst/Inst_vga/u_color/dc_bias[3]_i_197/O
                         net (fo=2, routed)           0.574    15.257    datapath/video_inst/Inst_vga/u_color/dc_bias[3]_i_197_n_0
    SLICE_X158Y137       LUT6 (Prop_lut6_I0_O)        0.124    15.381 r  datapath/video_inst/Inst_vga/u_color/dc_bias[3]_i_200/O
                         net (fo=1, routed)           0.000    15.381    datapath/video_inst/Inst_vga/u_color/dc_bias[3]_i_200_n_0
    SLICE_X158Y137       CARRY4 (Prop_carry4_S[0]_O[1])
                                                      0.427    15.808 r  datapath/video_inst/Inst_vga/u_color/dc_bias_reg[3]_i_142/O[1]
                         net (fo=2, routed)           0.681    16.489    datapath/video_inst/Inst_vga/u_color/dc_bias_reg[3]_i_142_n_6
    SLICE_X155Y136       LUT2 (Prop_lut2_I0_O)        0.306    16.795 r  datapath/video_inst/Inst_vga/u_color/dc_bias[3]_i_144/O
                         net (fo=1, routed)           0.000    16.795    datapath/video_inst/Inst_vga/u_color/dc_bias[3]_i_144_n_0
    SLICE_X155Y136       CARRY4 (Prop_carry4_S[1]_O[1])
                                                      0.227    17.022 r  datapath/video_inst/Inst_vga/u_color/dc_bias_reg[3]_i_110/O[1]
                         net (fo=1, routed)           0.829    17.851    datapath/video_inst/Inst_vga/u_vga_sig/dc_bias_reg[3]_i_22[1]
    SLICE_X146Y135       LUT2 (Prop_lut2_I1_O)        0.303    18.154 r  datapath/video_inst/Inst_vga/u_vga_sig/dc_bias[3]_i_53/O
                         net (fo=1, routed)           0.000    18.154    datapath/video_inst/Inst_vga/u_color/dc_bias[3]_i_9_1[3]
    SLICE_X146Y135       CARRY4 (Prop_carry4_S[3]_O[3])
                                                      0.255    18.409 f  datapath/video_inst/Inst_vga/u_color/dc_bias_reg[3]_i_22/O[3]
                         net (fo=3, routed)           0.815    19.224    datapath/video_inst/Inst_vga/u_color/current_pos_reg[row][0]_4[1]
    SLICE_X146Y134       LUT4 (Prop_lut4_I1_O)        0.329    19.553 f  datapath/video_inst/Inst_vga/u_color/dc_bias[3]_i_9/O
                         net (fo=1, routed)           0.845    20.398    datapath/video_inst/Inst_vga/u_color/dc_bias[3]_i_9_n_0
    SLICE_X146Y134       LUT6 (Prop_lut6_I0_O)        0.328    20.726 r  datapath/video_inst/Inst_vga/u_color/dc_bias[3]_i_3__0/O
                         net (fo=4, routed)           0.590    21.316    datapath/video_inst/Inst_vga/u_vga_sig/encoded_reg[1]
    SLICE_X145Y134       LUT6 (Prop_lut6_I2_O)        0.124    21.440 r  datapath/video_inst/Inst_vga/u_vga_sig/dc_bias[3]_i_2__0/O
                         net (fo=6, routed)           1.702    23.143    datapath/video_inst/inst_dvid/TDMS_encoder_green/pixel[color][0]
    SLICE_X162Y131       LUT6 (Prop_lut6_I4_O)        0.124    23.267 r  datapath/video_inst/inst_dvid/TDMS_encoder_green/encoded[1]_i_1__0/O
                         net (fo=2, routed)           0.552    23.819    datapath/video_inst/inst_dvid/TDMS_encoder_green/encoded[1]_i_1__0_n_0
    SLICE_X163Y132       FDRE                                         r  datapath/video_inst/inst_dvid/TDMS_encoder_green/encoded_reg[1]/D
  -------------------------------------------------------------------    -------------------

                         (clock clk_out1_clk_wiz_2 rise edge)
                                                     40.000    40.000 r  
    BUFGCTRL_X0Y2        BUFG                         0.000    40.000 r  clk_IBUF_BUFG_inst/O
                         net (fo=303, routed)         1.972    41.972    datapath/video_inst/mmcm_adv_inst_display_clocks/inst/clk_in1
    MMCME2_ADV_X1Y0      MMCME2_ADV (Prop_mmcme2_adv_CLKIN1_CLKOUT0)
                                                     -4.637    37.335 r  datapath/video_inst/mmcm_adv_inst_display_clocks/inst/mmcm_adv_inst/CLKOUT0
                         net (fo=1, routed)           2.574    39.909    datapath/video_inst/mmcm_adv_inst_display_clocks/inst/clk_out1_clk_wiz_2
    BUFGCTRL_X0Y4        BUFG (Prop_bufg_I_O)         0.091    40.000 r  datapath/video_inst/mmcm_adv_inst_display_clocks/inst/clkout1_buf/O
                         net (fo=83, routed)          1.705    41.705    datapath/video_inst/inst_dvid/TDMS_encoder_green/clk_out1
    SLICE_X163Y132       FDRE                                         r  datapath/video_inst/inst_dvid/TDMS_encoder_green/encoded_reg[1]/C
                         clock pessimism              0.075    41.780    
                         clock uncertainty           -0.095    41.686    
    SLICE_X163Y132       FDRE (Setup_fdre_C_D)       -0.067    41.619    datapath/video_inst/inst_dvid/TDMS_encoder_green/encoded_reg[1]
  -------------------------------------------------------------------
                         required time                         41.619    
                         arrival time                         -23.819    
  -------------------------------------------------------------------
                         slack                                 17.800    

Slack (MET) :             17.818ns  (required time - arrival time)
  Source:                 datapath/video_inst/Inst_vga/u_vga_sig/current_pos_reg[row][3]/C
                            (rising edge-triggered cell FDRE clocked by clk_out1_clk_wiz_2  {rise@0.000ns fall@20.000ns period=40.000ns})
  Destination:            datapath/video_inst/inst_dvid/TDMS_encoder_green/encoded_reg[2]/D
                            (rising edge-triggered cell FDSE clocked by clk_out1_clk_wiz_2  {rise@0.000ns fall@20.000ns period=40.000ns})
  Path Group:             clk_out1_clk_wiz_2
  Path Type:              Setup (Max at Slow Process Corner)
  Requirement:            40.000ns  (clk_out1_clk_wiz_2 rise@40.000ns - clk_out1_clk_wiz_2 rise@0.000ns)
  Data Path Delay:        22.035ns  (logic 6.144ns (27.883%)  route 15.891ns (72.117%))
  Logic Levels:           22  (CARRY4=8 LUT2=2 LUT3=2 LUT4=3 LUT5=2 LUT6=5)
  Clock Path Skew:        0.029ns (DCD - SCD + CPR)
    Destination Clock Delay (DCD):    1.705ns = ( 41.705 - 40.000 ) 
    Source Clock Delay      (SCD):    1.751ns
    Clock Pessimism Removal (CPR):    0.075ns
  Clock Uncertainty:      0.095ns  ((TSJ^2 + DJ^2)^1/2) / 2 + PE
    Total System Jitter     (TSJ):    0.071ns
    Discrete Jitter          (DJ):    0.175ns
    Phase Error              (PE):    0.000ns

    Location             Delay type                Incr(ns)  Path(ns)    Netlist Resource(s)
  -------------------------------------------------------------------    -------------------
                         (clock clk_out1_clk_wiz_2 rise edge)
                                                      0.000     0.000 r  
    BUFGCTRL_X0Y2        BUFG                         0.000     0.000 r  clk_IBUF_BUFG_inst/O
                         net (fo=303, routed)         2.106     2.106    datapath/video_inst/mmcm_adv_inst_display_clocks/inst/clk_in1
    MMCME2_ADV_X1Y0      MMCME2_ADV (Prop_mmcme2_adv_CLKIN1_CLKOUT0)
                                                     -4.900    -2.793 r  datapath/video_inst/mmcm_adv_inst_display_clocks/inst/mmcm_adv_inst/CLKOUT0
                         net (fo=1, routed)           2.697    -0.096    datapath/video_inst/mmcm_adv_inst_display_clocks/inst/clk_out1_clk_wiz_2
    BUFGCTRL_X0Y4        BUFG (Prop_bufg_I_O)         0.096    -0.000 r  datapath/video_inst/mmcm_adv_inst_display_clocks/inst/clkout1_buf/O
                         net (fo=83, routed)          1.751     1.751    datapath/video_inst/Inst_vga/u_vga_sig/clk_out1
    SLICE_X150Y136       FDRE                                         r  datapath/video_inst/Inst_vga/u_vga_sig/current_pos_reg[row][3]/C
  -------------------------------------------------------------------    -------------------
    SLICE_X150Y136       FDRE (Prop_fdre_C_Q)         0.518     2.269 r  datapath/video_inst/Inst_vga/u_vga_sig/current_pos_reg[row][3]/Q
                         net (fo=44, routed)          2.103     4.372    datapath/video_inst/Inst_vga/u_vga_sig/Q[3]
    SLICE_X150Y128       LUT4 (Prop_lut4_I3_O)        0.146     4.518 r  datapath/video_inst/Inst_vga/u_vga_sig/dc_bias[3]_i_15__0/O
                         net (fo=5, routed)           1.261     5.779    datapath/video_inst/Inst_vga/u_vga_sig/dc_bias[3]_i_15__0_n_0
    SLICE_X153Y131       LUT5 (Prop_lut5_I0_O)        0.328     6.107 f  datapath/video_inst/Inst_vga/u_vga_sig/dc_bias[3]_i_11/O
                         net (fo=39, routed)          0.790     6.896    datapath/video_inst/Inst_vga/u_vga_sig/current_pos_reg[row][8]_3
    SLICE_X153Y134       LUT5 (Prop_lut5_I0_O)        0.124     7.020 r  datapath/video_inst/Inst_vga/u_vga_sig/dc_bias[3]_i_37/O
                         net (fo=60, routed)          1.398     8.418    datapath/video_inst/Inst_vga/u_vga_sig/is_horizontal_gridline6[4]
    SLICE_X159Y132       LUT3 (Prop_lut3_I2_O)        0.150     8.568 r  datapath/video_inst/Inst_vga/u_vga_sig/dc_bias[3]_i_470/O
                         net (fo=2, routed)           0.650     9.218    datapath/video_inst/Inst_vga/u_color/dc_bias[3]_i_541_2[1]
    SLICE_X156Y129       CARRY4 (Prop_carry4_DI[3]_CO[3])
                                                      0.587     9.805 r  datapath/video_inst/Inst_vga/u_color/dc_bias_reg[3]_i_478/CO[3]
                         net (fo=1, routed)           0.000     9.805    datapath/video_inst/Inst_vga/u_color/dc_bias_reg[3]_i_478_n_0
    SLICE_X156Y130       CARRY4 (Prop_carry4_CI_CO[3])
                                                      0.114     9.919 r  datapath/video_inst/Inst_vga/u_color/dc_bias_reg[3]_i_389/CO[3]
                         net (fo=1, routed)           0.000     9.919    datapath/video_inst/Inst_vga/u_color/dc_bias_reg[3]_i_389_n_0
    SLICE_X156Y131       CARRY4 (Prop_carry4_CI_CO[3])
                                                      0.114    10.033 f  datapath/video_inst/Inst_vga/u_color/dc_bias_reg[3]_i_263/CO[3]
                         net (fo=42, routed)          1.438    11.471    datapath/video_inst/Inst_vga/u_vga_sig/dc_bias_reg[3]_i_212[0]
    SLICE_X153Y132       LUT3 (Prop_lut3_I0_O)        0.152    11.623 r  datapath/video_inst/Inst_vga/u_vga_sig/dc_bias[3]_i_274/O
                         net (fo=2, routed)           0.839    12.462    datapath/video_inst/Inst_vga/u_color/dc_bias_reg[3]_i_212_0[2]
    SLICE_X159Y135       LUT4 (Prop_lut4_I0_O)        0.326    12.788 r  datapath/video_inst/Inst_vga/u_color/dc_bias[3]_i_277/O
                         net (fo=1, routed)           0.000    12.788    datapath/video_inst/Inst_vga/u_color/dc_bias[3]_i_277_n_0
    SLICE_X159Y135       CARRY4 (Prop_carry4_S[3]_CO[3])
                                                      0.401    13.189 r  datapath/video_inst/Inst_vga/u_color/dc_bias_reg[3]_i_212/CO[3]
                         net (fo=1, routed)           0.000    13.189    datapath/video_inst/Inst_vga/u_color/dc_bias_reg[3]_i_212_n_0
    SLICE_X159Y136       CARRY4 (Prop_carry4_CI_O[1])
                                                      0.334    13.523 r  datapath/video_inst/Inst_vga/u_color/dc_bias_reg[3]_i_215/O[1]
                         net (fo=4, routed)           0.857    14.380    datapath/video_inst/Inst_vga/u_color/dc_bias_reg[3]_i_215_n_6
    SLICE_X160Y137       LUT6 (Prop_lut6_I3_O)        0.303    14.683 r  datapath/video_inst/Inst_vga/u_color/dc_bias[3]_i_197/O
                         net (fo=2, routed)           0.574    15.257    datapath/video_inst/Inst_vga/u_color/dc_bias[3]_i_197_n_0
    SLICE_X158Y137       LUT6 (Prop_lut6_I0_O)        0.124    15.381 r  datapath/video_inst/Inst_vga/u_color/dc_bias[3]_i_200/O
                         net (fo=1, routed)           0.000    15.381    datapath/video_inst/Inst_vga/u_color/dc_bias[3]_i_200_n_0
    SLICE_X158Y137       CARRY4 (Prop_carry4_S[0]_O[1])
                                                      0.427    15.808 r  datapath/video_inst/Inst_vga/u_color/dc_bias_reg[3]_i_142/O[1]
                         net (fo=2, routed)           0.681    16.489    datapath/video_inst/Inst_vga/u_color/dc_bias_reg[3]_i_142_n_6
    SLICE_X155Y136       LUT2 (Prop_lut2_I0_O)        0.306    16.795 r  datapath/video_inst/Inst_vga/u_color/dc_bias[3]_i_144/O
                         net (fo=1, routed)           0.000    16.795    datapath/video_inst/Inst_vga/u_color/dc_bias[3]_i_144_n_0
    SLICE_X155Y136       CARRY4 (Prop_carry4_S[1]_O[1])
                                                      0.227    17.022 r  datapath/video_inst/Inst_vga/u_color/dc_bias_reg[3]_i_110/O[1]
                         net (fo=1, routed)           0.829    17.851    datapath/video_inst/Inst_vga/u_vga_sig/dc_bias_reg[3]_i_22[1]
    SLICE_X146Y135       LUT2 (Prop_lut2_I1_O)        0.303    18.154 r  datapath/video_inst/Inst_vga/u_vga_sig/dc_bias[3]_i_53/O
                         net (fo=1, routed)           0.000    18.154    datapath/video_inst/Inst_vga/u_color/dc_bias[3]_i_9_1[3]
    SLICE_X146Y135       CARRY4 (Prop_carry4_S[3]_O[3])
                                                      0.255    18.409 f  datapath/video_inst/Inst_vga/u_color/dc_bias_reg[3]_i_22/O[3]
                         net (fo=3, routed)           0.815    19.224    datapath/video_inst/Inst_vga/u_color/current_pos_reg[row][0]_4[1]
    SLICE_X146Y134       LUT4 (Prop_lut4_I1_O)        0.329    19.553 f  datapath/video_inst/Inst_vga/u_color/dc_bias[3]_i_9/O
                         net (fo=1, routed)           0.845    20.398    datapath/video_inst/Inst_vga/u_color/dc_bias[3]_i_9_n_0
    SLICE_X146Y134       LUT6 (Prop_lut6_I0_O)        0.328    20.726 r  datapath/video_inst/Inst_vga/u_color/dc_bias[3]_i_3__0/O
                         net (fo=4, routed)           0.590    21.316    datapath/video_inst/Inst_vga/u_vga_sig/encoded_reg[1]
    SLICE_X145Y134       LUT6 (Prop_lut6_I2_O)        0.124    21.440 r  datapath/video_inst/Inst_vga/u_vga_sig/dc_bias[3]_i_2__0/O
                         net (fo=6, routed)           1.702    23.143    datapath/video_inst/inst_dvid/TDMS_encoder_green/pixel[color][0]
    SLICE_X162Y131       LUT6 (Prop_lut6_I4_O)        0.124    23.267 r  datapath/video_inst/inst_dvid/TDMS_encoder_green/encoded[1]_i_1__0/O
                         net (fo=2, routed)           0.520    23.787    datapath/video_inst/inst_dvid/TDMS_encoder_green/encoded[1]_i_1__0_n_0
    SLICE_X163Y132       FDSE                                         r  datapath/video_inst/inst_dvid/TDMS_encoder_green/encoded_reg[2]/D
  -------------------------------------------------------------------    -------------------

                         (clock clk_out1_clk_wiz_2 rise edge)
                                                     40.000    40.000 r  
    BUFGCTRL_X0Y2        BUFG                         0.000    40.000 r  clk_IBUF_BUFG_inst/O
                         net (fo=303, routed)         1.972    41.972    datapath/video_inst/mmcm_adv_inst_display_clocks/inst/clk_in1
    MMCME2_ADV_X1Y0      MMCME2_ADV (Prop_mmcme2_adv_CLKIN1_CLKOUT0)
                                                     -4.637    37.335 r  datapath/video_inst/mmcm_adv_inst_display_clocks/inst/mmcm_adv_inst/CLKOUT0
                         net (fo=1, routed)           2.574    39.909    datapath/video_inst/mmcm_adv_inst_display_clocks/inst/clk_out1_clk_wiz_2
    BUFGCTRL_X0Y4        BUFG (Prop_bufg_I_O)         0.091    40.000 r  datapath/video_inst/mmcm_adv_inst_display_clocks/inst/clkout1_buf/O
                         net (fo=83, routed)          1.705    41.705    datapath/video_inst/inst_dvid/TDMS_encoder_green/clk_out1
    SLICE_X163Y132       FDSE                                         r  datapath/video_inst/inst_dvid/TDMS_encoder_green/encoded_reg[2]/C
                         clock pessimism              0.075    41.780    
                         clock uncertainty           -0.095    41.686    
    SLICE_X163Y132       FDSE (Setup_fdse_C_D)       -0.081    41.605    datapath/video_inst/inst_dvid/TDMS_encoder_green/encoded_reg[2]
  -------------------------------------------------------------------
                         required time                         41.605    
                         arrival time                         -23.787    
  -------------------------------------------------------------------
                         slack                                 17.818    

Slack (MET) :             18.213ns  (required time - arrival time)
  Source:                 datapath/video_inst/Inst_vga/u_vga_sig/current_pos_reg[row][3]/C
                            (rising edge-triggered cell FDRE clocked by clk_out1_clk_wiz_2  {rise@0.000ns fall@20.000ns period=40.000ns})
  Destination:            datapath/video_inst/inst_dvid/TDMS_encoder_green/dc_bias_reg[1]/D
                            (rising edge-triggered cell FDRE clocked by clk_out1_clk_wiz_2  {rise@0.000ns fall@20.000ns period=40.000ns})
  Path Group:             clk_out1_clk_wiz_2
  Path Type:              Setup (Max at Slow Process Corner)
  Requirement:            40.000ns  (clk_out1_clk_wiz_2 rise@40.000ns - clk_out1_clk_wiz_2 rise@0.000ns)
  Data Path Delay:        21.795ns  (logic 6.144ns (28.189%)  route 15.651ns (71.811%))
  Logic Levels:           22  (CARRY4=8 LUT2=2 LUT3=2 LUT4=3 LUT5=2 LUT6=5)
  Clock Path Skew:        0.026ns (DCD - SCD + CPR)
    Destination Clock Delay (DCD):    1.702ns = ( 41.702 - 40.000 ) 
    Source Clock Delay      (SCD):    1.751ns
    Clock Pessimism Removal (CPR):    0.075ns
  Clock Uncertainty:      0.095ns  ((TSJ^2 + DJ^2)^1/2) / 2 + PE
    Total System Jitter     (TSJ):    0.071ns
    Discrete Jitter          (DJ):    0.175ns
    Phase Error              (PE):    0.000ns

    Location             Delay type                Incr(ns)  Path(ns)    Netlist Resource(s)
  -------------------------------------------------------------------    -------------------
                         (clock clk_out1_clk_wiz_2 rise edge)
                                                      0.000     0.000 r  
    BUFGCTRL_X0Y2        BUFG                         0.000     0.000 r  clk_IBUF_BUFG_inst/O
                         net (fo=303, routed)         2.106     2.106    datapath/video_inst/mmcm_adv_inst_display_clocks/inst/clk_in1
    MMCME2_ADV_X1Y0      MMCME2_ADV (Prop_mmcme2_adv_CLKIN1_CLKOUT0)
                                                     -4.900    -2.793 r  datapath/video_inst/mmcm_adv_inst_display_clocks/inst/mmcm_adv_inst/CLKOUT0
                         net (fo=1, routed)           2.697    -0.096    datapath/video_inst/mmcm_adv_inst_display_clocks/inst/clk_out1_clk_wiz_2
    BUFGCTRL_X0Y4        BUFG (Prop_bufg_I_O)         0.096    -0.000 r  datapath/video_inst/mmcm_adv_inst_display_clocks/inst/clkout1_buf/O
                         net (fo=83, routed)          1.751     1.751    datapath/video_inst/Inst_vga/u_vga_sig/clk_out1
    SLICE_X150Y136       FDRE                                         r  datapath/video_inst/Inst_vga/u_vga_sig/current_pos_reg[row][3]/C
  -------------------------------------------------------------------    -------------------
    SLICE_X150Y136       FDRE (Prop_fdre_C_Q)         0.518     2.269 r  datapath/video_inst/Inst_vga/u_vga_sig/current_pos_reg[row][3]/Q
                         net (fo=44, routed)          2.103     4.372    datapath/video_inst/Inst_vga/u_vga_sig/Q[3]
    SLICE_X150Y128       LUT4 (Prop_lut4_I3_O)        0.146     4.518 r  datapath/video_inst/Inst_vga/u_vga_sig/dc_bias[3]_i_15__0/O
                         net (fo=5, routed)           1.261     5.779    datapath/video_inst/Inst_vga/u_vga_sig/dc_bias[3]_i_15__0_n_0
    SLICE_X153Y131       LUT5 (Prop_lut5_I0_O)        0.328     6.107 f  datapath/video_inst/Inst_vga/u_vga_sig/dc_bias[3]_i_11/O
                         net (fo=39, routed)          0.790     6.896    datapath/video_inst/Inst_vga/u_vga_sig/current_pos_reg[row][8]_3
    SLICE_X153Y134       LUT5 (Prop_lut5_I0_O)        0.124     7.020 r  datapath/video_inst/Inst_vga/u_vga_sig/dc_bias[3]_i_37/O
                         net (fo=60, routed)          1.398     8.418    datapath/video_inst/Inst_vga/u_vga_sig/is_horizontal_gridline6[4]
    SLICE_X159Y132       LUT3 (Prop_lut3_I2_O)        0.150     8.568 r  datapath/video_inst/Inst_vga/u_vga_sig/dc_bias[3]_i_470/O
                         net (fo=2, routed)           0.650     9.218    datapath/video_inst/Inst_vga/u_color/dc_bias[3]_i_541_2[1]
    SLICE_X156Y129       CARRY4 (Prop_carry4_DI[3]_CO[3])
                                                      0.587     9.805 r  datapath/video_inst/Inst_vga/u_color/dc_bias_reg[3]_i_478/CO[3]
                         net (fo=1, routed)           0.000     9.805    datapath/video_inst/Inst_vga/u_color/dc_bias_reg[3]_i_478_n_0
    SLICE_X156Y130       CARRY4 (Prop_carry4_CI_CO[3])
                                                      0.114     9.919 r  datapath/video_inst/Inst_vga/u_color/dc_bias_reg[3]_i_389/CO[3]
                         net (fo=1, routed)           0.000     9.919    datapath/video_inst/Inst_vga/u_color/dc_bias_reg[3]_i_389_n_0
    SLICE_X156Y131       CARRY4 (Prop_carry4_CI_CO[3])
                                                      0.114    10.033 f  datapath/video_inst/Inst_vga/u_color/dc_bias_reg[3]_i_263/CO[3]
                         net (fo=42, routed)          1.438    11.471    datapath/video_inst/Inst_vga/u_vga_sig/dc_bias_reg[3]_i_212[0]
    SLICE_X153Y132       LUT3 (Prop_lut3_I0_O)        0.152    11.623 r  datapath/video_inst/Inst_vga/u_vga_sig/dc_bias[3]_i_274/O
                         net (fo=2, routed)           0.839    12.462    datapath/video_inst/Inst_vga/u_color/dc_bias_reg[3]_i_212_0[2]
    SLICE_X159Y135       LUT4 (Prop_lut4_I0_O)        0.326    12.788 r  datapath/video_inst/Inst_vga/u_color/dc_bias[3]_i_277/O
                         net (fo=1, routed)           0.000    12.788    datapath/video_inst/Inst_vga/u_color/dc_bias[3]_i_277_n_0
    SLICE_X159Y135       CARRY4 (Prop_carry4_S[3]_CO[3])
                                                      0.401    13.189 r  datapath/video_inst/Inst_vga/u_color/dc_bias_reg[3]_i_212/CO[3]
                         net (fo=1, routed)           0.000    13.189    datapath/video_inst/Inst_vga/u_color/dc_bias_reg[3]_i_212_n_0
    SLICE_X159Y136       CARRY4 (Prop_carry4_CI_O[1])
                                                      0.334    13.523 r  datapath/video_inst/Inst_vga/u_color/dc_bias_reg[3]_i_215/O[1]
                         net (fo=4, routed)           0.857    14.380    datapath/video_inst/Inst_vga/u_color/dc_bias_reg[3]_i_215_n_6
    SLICE_X160Y137       LUT6 (Prop_lut6_I3_O)        0.303    14.683 r  datapath/video_inst/Inst_vga/u_color/dc_bias[3]_i_197/O
                         net (fo=2, routed)           0.574    15.257    datapath/video_inst/Inst_vga/u_color/dc_bias[3]_i_197_n_0
    SLICE_X158Y137       LUT6 (Prop_lut6_I0_O)        0.124    15.381 r  datapath/video_inst/Inst_vga/u_color/dc_bias[3]_i_200/O
                         net (fo=1, routed)           0.000    15.381    datapath/video_inst/Inst_vga/u_color/dc_bias[3]_i_200_n_0
    SLICE_X158Y137       CARRY4 (Prop_carry4_S[0]_O[1])
                                                      0.427    15.808 r  datapath/video_inst/Inst_vga/u_color/dc_bias_reg[3]_i_142/O[1]
                         net (fo=2, routed)           0.681    16.489    datapath/video_inst/Inst_vga/u_color/dc_bias_reg[3]_i_142_n_6
    SLICE_X155Y136       LUT2 (Prop_lut2_I0_O)        0.306    16.795 r  datapath/video_inst/Inst_vga/u_color/dc_bias[3]_i_144/O
                         net (fo=1, routed)           0.000    16.795    datapath/video_inst/Inst_vga/u_color/dc_bias[3]_i_144_n_0
    SLICE_X155Y136       CARRY4 (Prop_carry4_S[1]_O[1])
                                                      0.227    17.022 r  datapath/video_inst/Inst_vga/u_color/dc_bias_reg[3]_i_110/O[1]
                         net (fo=1, routed)           0.829    17.851    datapath/video_inst/Inst_vga/u_vga_sig/dc_bias_reg[3]_i_22[1]
    SLICE_X146Y135       LUT2 (Prop_lut2_I1_O)        0.303    18.154 r  datapath/video_inst/Inst_vga/u_vga_sig/dc_bias[3]_i_53/O
                         net (fo=1, routed)           0.000    18.154    datapath/video_inst/Inst_vga/u_color/dc_bias[3]_i_9_1[3]
    SLICE_X146Y135       CARRY4 (Prop_carry4_S[3]_O[3])
                                                      0.255    18.409 f  datapath/video_inst/Inst_vga/u_color/dc_bias_reg[3]_i_22/O[3]
                         net (fo=3, routed)           0.815    19.224    datapath/video_inst/Inst_vga/u_color/current_pos_reg[row][0]_4[1]
    SLICE_X146Y134       LUT4 (Prop_lut4_I1_O)        0.329    19.553 f  datapath/video_inst/Inst_vga/u_color/dc_bias[3]_i_9/O
                         net (fo=1, routed)           0.845    20.398    datapath/video_inst/Inst_vga/u_color/dc_bias[3]_i_9_n_0
    SLICE_X146Y134       LUT6 (Prop_lut6_I0_O)        0.328    20.726 r  datapath/video_inst/Inst_vga/u_color/dc_bias[3]_i_3__0/O
                         net (fo=4, routed)           0.818    21.544    datapath/video_inst/Inst_vga/u_vga_sig/encoded_reg[1]
    SLICE_X145Y134       LUT6 (Prop_lut6_I2_O)        0.124    21.668 r  datapath/video_inst/Inst_vga/u_vga_sig/dc_bias[3]_i_3/O
                         net (fo=7, routed)           1.754    23.423    datapath/video_inst/inst_dvid/TDMS_encoder_green/pixel[color][1]
    SLICE_X162Y129       LUT6 (Prop_lut6_I5_O)        0.124    23.547 r  datapath/video_inst/inst_dvid/TDMS_encoder_green/dc_bias[1]_i_1__0/O
                         net (fo=1, routed)           0.000    23.547    datapath/video_inst/inst_dvid/TDMS_encoder_green/dc_bias[1]_i_1__0_n_0
    SLICE_X162Y129       FDRE                                         r  datapath/video_inst/inst_dvid/TDMS_encoder_green/dc_bias_reg[1]/D
  -------------------------------------------------------------------    -------------------

                         (clock clk_out1_clk_wiz_2 rise edge)
                                                     40.000    40.000 r  
    BUFGCTRL_X0Y2        BUFG                         0.000    40.000 r  clk_IBUF_BUFG_inst/O
                         net (fo=303, routed)         1.972    41.972    datapath/video_inst/mmcm_adv_inst_display_clocks/inst/clk_in1
    MMCME2_ADV_X1Y0      MMCME2_ADV (Prop_mmcme2_adv_CLKIN1_CLKOUT0)
                                                     -4.637    37.335 r  datapath/video_inst/mmcm_adv_inst_display_clocks/inst/mmcm_adv_inst/CLKOUT0
                         net (fo=1, routed)           2.574    39.909    datapath/video_inst/mmcm_adv_inst_display_clocks/inst/clk_out1_clk_wiz_2
    BUFGCTRL_X0Y4        BUFG (Prop_bufg_I_O)         0.091    40.000 r  datapath/video_inst/mmcm_adv_inst_display_clocks/inst/clkout1_buf/O
                         net (fo=83, routed)          1.702    41.702    datapath/video_inst/inst_dvid/TDMS_encoder_green/clk_out1
    SLICE_X162Y129       FDRE                                         r  datapath/video_inst/inst_dvid/TDMS_encoder_green/dc_bias_reg[1]/C
                         clock pessimism              0.075    41.777    
                         clock uncertainty           -0.095    41.683    
    SLICE_X162Y129       FDRE (Setup_fdre_C_D)        0.077    41.760    datapath/video_inst/inst_dvid/TDMS_encoder_green/dc_bias_reg[1]
  -------------------------------------------------------------------
                         required time                         41.760    
                         arrival time                         -23.547    
  -------------------------------------------------------------------
                         slack                                 18.213    

Slack (MET) :             18.227ns  (required time - arrival time)
  Source:                 datapath/video_inst/Inst_vga/u_vga_sig/current_pos_reg[row][3]/C
                            (rising edge-triggered cell FDRE clocked by clk_out1_clk_wiz_2  {rise@0.000ns fall@20.000ns period=40.000ns})
  Destination:            datapath/video_inst/inst_dvid/TDMS_encoder_green/dc_bias_reg[2]/D
                            (rising edge-triggered cell FDRE clocked by clk_out1_clk_wiz_2  {rise@0.000ns fall@20.000ns period=40.000ns})
  Path Group:             clk_out1_clk_wiz_2
  Path Type:              Setup (Max at Slow Process Corner)
  Requirement:            40.000ns  (clk_out1_clk_wiz_2 rise@40.000ns - clk_out1_clk_wiz_2 rise@0.000ns)
  Data Path Delay:        21.785ns  (logic 6.144ns (28.202%)  route 15.641ns (71.798%))
  Logic Levels:           22  (CARRY4=8 LUT2=2 LUT3=2 LUT4=3 LUT5=2 LUT6=5)
  Clock Path Skew:        0.026ns (DCD - SCD + CPR)
    Destination Clock Delay (DCD):    1.702ns = ( 41.702 - 40.000 ) 
    Source Clock Delay      (SCD):    1.751ns
    Clock Pessimism Removal (CPR):    0.075ns
  Clock Uncertainty:      0.095ns  ((TSJ^2 + DJ^2)^1/2) / 2 + PE
    Total System Jitter     (TSJ):    0.071ns
    Discrete Jitter          (DJ):    0.175ns
    Phase Error              (PE):    0.000ns

    Location             Delay type                Incr(ns)  Path(ns)    Netlist Resource(s)
  -------------------------------------------------------------------    -------------------
                         (clock clk_out1_clk_wiz_2 rise edge)
                                                      0.000     0.000 r  
    BUFGCTRL_X0Y2        BUFG                         0.000     0.000 r  clk_IBUF_BUFG_inst/O
                         net (fo=303, routed)         2.106     2.106    datapath/video_inst/mmcm_adv_inst_display_clocks/inst/clk_in1
    MMCME2_ADV_X1Y0      MMCME2_ADV (Prop_mmcme2_adv_CLKIN1_CLKOUT0)
                                                     -4.900    -2.793 r  datapath/video_inst/mmcm_adv_inst_display_clocks/inst/mmcm_adv_inst/CLKOUT0
                         net (fo=1, routed)           2.697    -0.096    datapath/video_inst/mmcm_adv_inst_display_clocks/inst/clk_out1_clk_wiz_2
    BUFGCTRL_X0Y4        BUFG (Prop_bufg_I_O)         0.096    -0.000 r  datapath/video_inst/mmcm_adv_inst_display_clocks/inst/clkout1_buf/O
                         net (fo=83, routed)          1.751     1.751    datapath/video_inst/Inst_vga/u_vga_sig/clk_out1
    SLICE_X150Y136       FDRE                                         r  datapath/video_inst/Inst_vga/u_vga_sig/current_pos_reg[row][3]/C
  -------------------------------------------------------------------    -------------------
    SLICE_X150Y136       FDRE (Prop_fdre_C_Q)         0.518     2.269 r  datapath/video_inst/Inst_vga/u_vga_sig/current_pos_reg[row][3]/Q
                         net (fo=44, routed)          2.103     4.372    datapath/video_inst/Inst_vga/u_vga_sig/Q[3]
    SLICE_X150Y128       LUT4 (Prop_lut4_I3_O)        0.146     4.518 r  datapath/video_inst/Inst_vga/u_vga_sig/dc_bias[3]_i_15__0/O
                         net (fo=5, routed)           1.261     5.779    datapath/video_inst/Inst_vga/u_vga_sig/dc_bias[3]_i_15__0_n_0
    SLICE_X153Y131       LUT5 (Prop_lut5_I0_O)        0.328     6.107 f  datapath/video_inst/Inst_vga/u_vga_sig/dc_bias[3]_i_11/O
                         net (fo=39, routed)          0.790     6.896    datapath/video_inst/Inst_vga/u_vga_sig/current_pos_reg[row][8]_3
    SLICE_X153Y134       LUT5 (Prop_lut5_I0_O)        0.124     7.020 r  datapath/video_inst/Inst_vga/u_vga_sig/dc_bias[3]_i_37/O
                         net (fo=60, routed)          1.398     8.418    datapath/video_inst/Inst_vga/u_vga_sig/is_horizontal_gridline6[4]
    SLICE_X159Y132       LUT3 (Prop_lut3_I2_O)        0.150     8.568 r  datapath/video_inst/Inst_vga/u_vga_sig/dc_bias[3]_i_470/O
                         net (fo=2, routed)           0.650     9.218    datapath/video_inst/Inst_vga/u_color/dc_bias[3]_i_541_2[1]
    SLICE_X156Y129       CARRY4 (Prop_carry4_DI[3]_CO[3])
                                                      0.587     9.805 r  datapath/video_inst/Inst_vga/u_color/dc_bias_reg[3]_i_478/CO[3]
                         net (fo=1, routed)           0.000     9.805    datapath/video_inst/Inst_vga/u_color/dc_bias_reg[3]_i_478_n_0
    SLICE_X156Y130       CARRY4 (Prop_carry4_CI_CO[3])
                                                      0.114     9.919 r  datapath/video_inst/Inst_vga/u_color/dc_bias_reg[3]_i_389/CO[3]
                         net (fo=1, routed)           0.000     9.919    datapath/video_inst/Inst_vga/u_color/dc_bias_reg[3]_i_389_n_0
    SLICE_X156Y131       CARRY4 (Prop_carry4_CI_CO[3])
                                                      0.114    10.033 f  datapath/video_inst/Inst_vga/u_color/dc_bias_reg[3]_i_263/CO[3]
                         net (fo=42, routed)          1.438    11.471    datapath/video_inst/Inst_vga/u_vga_sig/dc_bias_reg[3]_i_212[0]
    SLICE_X153Y132       LUT3 (Prop_lut3_I0_O)        0.152    11.623 r  datapath/video_inst/Inst_vga/u_vga_sig/dc_bias[3]_i_274/O
                         net (fo=2, routed)           0.839    12.462    datapath/video_inst/Inst_vga/u_color/dc_bias_reg[3]_i_212_0[2]
    SLICE_X159Y135       LUT4 (Prop_lut4_I0_O)        0.326    12.788 r  datapath/video_inst/Inst_vga/u_color/dc_bias[3]_i_277/O
                         net (fo=1, routed)           0.000    12.788    datapath/video_inst/Inst_vga/u_color/dc_bias[3]_i_277_n_0
    SLICE_X159Y135       CARRY4 (Prop_carry4_S[3]_CO[3])
                                                      0.401    13.189 r  datapath/video_inst/Inst_vga/u_color/dc_bias_reg[3]_i_212/CO[3]
                         net (fo=1, routed)           0.000    13.189    datapath/video_inst/Inst_vga/u_color/dc_bias_reg[3]_i_212_n_0
    SLICE_X159Y136       CARRY4 (Prop_carry4_CI_O[1])
                                                      0.334    13.523 r  datapath/video_inst/Inst_vga/u_color/dc_bias_reg[3]_i_215/O[1]
                         net (fo=4, routed)           0.857    14.380    datapath/video_inst/Inst_vga/u_color/dc_bias_reg[3]_i_215_n_6
    SLICE_X160Y137       LUT6 (Prop_lut6_I3_O)        0.303    14.683 r  datapath/video_inst/Inst_vga/u_color/dc_bias[3]_i_197/O
                         net (fo=2, routed)           0.574    15.257    datapath/video_inst/Inst_vga/u_color/dc_bias[3]_i_197_n_0
    SLICE_X158Y137       LUT6 (Prop_lut6_I0_O)        0.124    15.381 r  datapath/video_inst/Inst_vga/u_color/dc_bias[3]_i_200/O
                         net (fo=1, routed)           0.000    15.381    datapath/video_inst/Inst_vga/u_color/dc_bias[3]_i_200_n_0
    SLICE_X158Y137       CARRY4 (Prop_carry4_S[0]_O[1])
                                                      0.427    15.808 r  datapath/video_inst/Inst_vga/u_color/dc_bias_reg[3]_i_142/O[1]
                         net (fo=2, routed)           0.681    16.489    datapath/video_inst/Inst_vga/u_color/dc_bias_reg[3]_i_142_n_6
    SLICE_X155Y136       LUT2 (Prop_lut2_I0_O)        0.306    16.795 r  datapath/video_inst/Inst_vga/u_color/dc_bias[3]_i_144/O
                         net (fo=1, routed)           0.000    16.795    datapath/video_inst/Inst_vga/u_color/dc_bias[3]_i_144_n_0
    SLICE_X155Y136       CARRY4 (Prop_carry4_S[1]_O[1])
                                                      0.227    17.022 r  datapath/video_inst/Inst_vga/u_color/dc_bias_reg[3]_i_110/O[1]
                         net (fo=1, routed)           0.829    17.851    datapath/video_inst/Inst_vga/u_vga_sig/dc_bias_reg[3]_i_22[1]
    SLICE_X146Y135       LUT2 (Prop_lut2_I1_O)        0.303    18.154 r  datapath/video_inst/Inst_vga/u_vga_sig/dc_bias[3]_i_53/O
                         net (fo=1, routed)           0.000    18.154    datapath/video_inst/Inst_vga/u_color/dc_bias[3]_i_9_1[3]
    SLICE_X146Y135       CARRY4 (Prop_carry4_S[3]_O[3])
                                                      0.255    18.409 f  datapath/video_inst/Inst_vga/u_color/dc_bias_reg[3]_i_22/O[3]
                         net (fo=3, routed)           0.815    19.224    datapath/video_inst/Inst_vga/u_color/current_pos_reg[row][0]_4[1]
    SLICE_X146Y134       LUT4 (Prop_lut4_I1_O)        0.329    19.553 f  datapath/video_inst/Inst_vga/u_color/dc_bias[3]_i_9/O
                         net (fo=1, routed)           0.845    20.398    datapath/video_inst/Inst_vga/u_color/dc_bias[3]_i_9_n_0
    SLICE_X146Y134       LUT6 (Prop_lut6_I0_O)        0.328    20.726 r  datapath/video_inst/Inst_vga/u_color/dc_bias[3]_i_3__0/O
                         net (fo=4, routed)           0.818    21.544    datapath/video_inst/Inst_vga/u_vga_sig/encoded_reg[1]
    SLICE_X145Y134       LUT6 (Prop_lut6_I2_O)        0.124    21.668 r  datapath/video_inst/Inst_vga/u_vga_sig/dc_bias[3]_i_3/O
                         net (fo=7, routed)           1.744    23.413    datapath/video_inst/inst_dvid/TDMS_encoder_green/pixel[color][1]
    SLICE_X162Y129       LUT6 (Prop_lut6_I5_O)        0.124    23.537 r  datapath/video_inst/inst_dvid/TDMS_encoder_green/dc_bias[2]_i_1__0/O
                         net (fo=1, routed)           0.000    23.537    datapath/video_inst/inst_dvid/TDMS_encoder_green/dc_bias[2]_i_1__0_n_0
    SLICE_X162Y129       FDRE                                         r  datapath/video_inst/inst_dvid/TDMS_encoder_green/dc_bias_reg[2]/D
  -------------------------------------------------------------------    -------------------

                         (clock clk_out1_clk_wiz_2 rise edge)
                                                     40.000    40.000 r  
    BUFGCTRL_X0Y2        BUFG                         0.000    40.000 r  clk_IBUF_BUFG_inst/O
                         net (fo=303, routed)         1.972    41.972    datapath/video_inst/mmcm_adv_inst_display_clocks/inst/clk_in1
    MMCME2_ADV_X1Y0      MMCME2_ADV (Prop_mmcme2_adv_CLKIN1_CLKOUT0)
                                                     -4.637    37.335 r  datapath/video_inst/mmcm_adv_inst_display_clocks/inst/mmcm_adv_inst/CLKOUT0
                         net (fo=1, routed)           2.574    39.909    datapath/video_inst/mmcm_adv_inst_display_clocks/inst/clk_out1_clk_wiz_2
    BUFGCTRL_X0Y4        BUFG (Prop_bufg_I_O)         0.091    40.000 r  datapath/video_inst/mmcm_adv_inst_display_clocks/inst/clkout1_buf/O
                         net (fo=83, routed)          1.702    41.702    datapath/video_inst/inst_dvid/TDMS_encoder_green/clk_out1
    SLICE_X162Y129       FDRE                                         r  datapath/video_inst/inst_dvid/TDMS_encoder_green/dc_bias_reg[2]/C
                         clock pessimism              0.075    41.777    
                         clock uncertainty           -0.095    41.683    
    SLICE_X162Y129       FDRE (Setup_fdre_C_D)        0.081    41.764    datapath/video_inst/inst_dvid/TDMS_encoder_green/dc_bias_reg[2]
  -------------------------------------------------------------------
                         required time                         41.764    
                         arrival time                         -23.537    
  -------------------------------------------------------------------
                         slack                                 18.227    

Slack (MET) :             18.364ns  (required time - arrival time)
  Source:                 datapath/video_inst/Inst_vga/u_vga_sig/current_pos_reg[row][3]/C
                            (rising edge-triggered cell FDRE clocked by clk_out1_clk_wiz_2  {rise@0.000ns fall@20.000ns period=40.000ns})
  Destination:            datapath/video_inst/inst_dvid/TDMS_encoder_green/dc_bias_reg[0]/D
                            (rising edge-triggered cell FDRE clocked by clk_out1_clk_wiz_2  {rise@0.000ns fall@20.000ns period=40.000ns})
  Path Group:             clk_out1_clk_wiz_2
  Path Type:              Setup (Max at Slow Process Corner)
  Requirement:            40.000ns  (clk_out1_clk_wiz_2 rise@40.000ns - clk_out1_clk_wiz_2 rise@0.000ns)
  Data Path Delay:        21.646ns  (logic 6.144ns (28.384%)  route 15.502ns (71.616%))
  Logic Levels:           22  (CARRY4=8 LUT2=2 LUT3=2 LUT4=3 LUT5=2 LUT6=5)
  Clock Path Skew:        0.027ns (DCD - SCD + CPR)
    Destination Clock Delay (DCD):    1.703ns = ( 41.703 - 40.000 ) 
    Source Clock Delay      (SCD):    1.751ns
    Clock Pessimism Removal (CPR):    0.075ns
  Clock Uncertainty:      0.095ns  ((TSJ^2 + DJ^2)^1/2) / 2 + PE
    Total System Jitter     (TSJ):    0.071ns
    Discrete Jitter          (DJ):    0.175ns
    Phase Error              (PE):    0.000ns

    Location             Delay type                Incr(ns)  Path(ns)    Netlist Resource(s)
  -------------------------------------------------------------------    -------------------
                         (clock clk_out1_clk_wiz_2 rise edge)
                                                      0.000     0.000 r  
    BUFGCTRL_X0Y2        BUFG                         0.000     0.000 r  clk_IBUF_BUFG_inst/O
                         net (fo=303, routed)         2.106     2.106    datapath/video_inst/mmcm_adv_inst_display_clocks/inst/clk_in1
    MMCME2_ADV_X1Y0      MMCME2_ADV (Prop_mmcme2_adv_CLKIN1_CLKOUT0)
                                                     -4.900    -2.793 r  datapath/video_inst/mmcm_adv_inst_display_clocks/inst/mmcm_adv_inst/CLKOUT0
                         net (fo=1, routed)           2.697    -0.096    datapath/video_inst/mmcm_adv_inst_display_clocks/inst/clk_out1_clk_wiz_2
    BUFGCTRL_X0Y4        BUFG (Prop_bufg_I_O)         0.096    -0.000 r  datapath/video_inst/mmcm_adv_inst_display_clocks/inst/clkout1_buf/O
                         net (fo=83, routed)          1.751     1.751    datapath/video_inst/Inst_vga/u_vga_sig/clk_out1
    SLICE_X150Y136       FDRE                                         r  datapath/video_inst/Inst_vga/u_vga_sig/current_pos_reg[row][3]/C
  -------------------------------------------------------------------    -------------------
    SLICE_X150Y136       FDRE (Prop_fdre_C_Q)         0.518     2.269 r  datapath/video_inst/Inst_vga/u_vga_sig/current_pos_reg[row][3]/Q
                         net (fo=44, routed)          2.103     4.372    datapath/video_inst/Inst_vga/u_vga_sig/Q[3]
    SLICE_X150Y128       LUT4 (Prop_lut4_I3_O)        0.146     4.518 r  datapath/video_inst/Inst_vga/u_vga_sig/dc_bias[3]_i_15__0/O
                         net (fo=5, routed)           1.261     5.779    datapath/video_inst/Inst_vga/u_vga_sig/dc_bias[3]_i_15__0_n_0
    SLICE_X153Y131       LUT5 (Prop_lut5_I0_O)        0.328     6.107 f  datapath/video_inst/Inst_vga/u_vga_sig/dc_bias[3]_i_11/O
                         net (fo=39, routed)          0.790     6.896    datapath/video_inst/Inst_vga/u_vga_sig/current_pos_reg[row][8]_3
    SLICE_X153Y134       LUT5 (Prop_lut5_I0_O)        0.124     7.020 r  datapath/video_inst/Inst_vga/u_vga_sig/dc_bias[3]_i_37/O
                         net (fo=60, routed)          1.398     8.418    datapath/video_inst/Inst_vga/u_vga_sig/is_horizontal_gridline6[4]
    SLICE_X159Y132       LUT3 (Prop_lut3_I2_O)        0.150     8.568 r  datapath/video_inst/Inst_vga/u_vga_sig/dc_bias[3]_i_470/O
                         net (fo=2, routed)           0.650     9.218    datapath/video_inst/Inst_vga/u_color/dc_bias[3]_i_541_2[1]
    SLICE_X156Y129       CARRY4 (Prop_carry4_DI[3]_CO[3])
                                                      0.587     9.805 r  datapath/video_inst/Inst_vga/u_color/dc_bias_reg[3]_i_478/CO[3]
                         net (fo=1, routed)           0.000     9.805    datapath/video_inst/Inst_vga/u_color/dc_bias_reg[3]_i_478_n_0
    SLICE_X156Y130       CARRY4 (Prop_carry4_CI_CO[3])
                                                      0.114     9.919 r  datapath/video_inst/Inst_vga/u_color/dc_bias_reg[3]_i_389/CO[3]
                         net (fo=1, routed)           0.000     9.919    datapath/video_inst/Inst_vga/u_color/dc_bias_reg[3]_i_389_n_0
    SLICE_X156Y131       CARRY4 (Prop_carry4_CI_CO[3])
                                                      0.114    10.033 f  datapath/video_inst/Inst_vga/u_color/dc_bias_reg[3]_i_263/CO[3]
                         net (fo=42, routed)          1.438    11.471    datapath/video_inst/Inst_vga/u_vga_sig/dc_bias_reg[3]_i_212[0]
    SLICE_X153Y132       LUT3 (Prop_lut3_I0_O)        0.152    11.623 r  datapath/video_inst/Inst_vga/u_vga_sig/dc_bias[3]_i_274/O
                         net (fo=2, routed)           0.839    12.462    datapath/video_inst/Inst_vga/u_color/dc_bias_reg[3]_i_212_0[2]
    SLICE_X159Y135       LUT4 (Prop_lut4_I0_O)        0.326    12.788 r  datapath/video_inst/Inst_vga/u_color/dc_bias[3]_i_277/O
                         net (fo=1, routed)           0.000    12.788    datapath/video_inst/Inst_vga/u_color/dc_bias[3]_i_277_n_0
    SLICE_X159Y135       CARRY4 (Prop_carry4_S[3]_CO[3])
                                                      0.401    13.189 r  datapath/video_inst/Inst_vga/u_color/dc_bias_reg[3]_i_212/CO[3]
                         net (fo=1, routed)           0.000    13.189    datapath/video_inst/Inst_vga/u_color/dc_bias_reg[3]_i_212_n_0
    SLICE_X159Y136       CARRY4 (Prop_carry4_CI_O[1])
                                                      0.334    13.523 r  datapath/video_inst/Inst_vga/u_color/dc_bias_reg[3]_i_215/O[1]
                         net (fo=4, routed)           0.857    14.380    datapath/video_inst/Inst_vga/u_color/dc_bias_reg[3]_i_215_n_6
    SLICE_X160Y137       LUT6 (Prop_lut6_I3_O)        0.303    14.683 r  datapath/video_inst/Inst_vga/u_color/dc_bias[3]_i_197/O
                         net (fo=2, routed)           0.574    15.257    datapath/video_inst/Inst_vga/u_color/dc_bias[3]_i_197_n_0
    SLICE_X158Y137       LUT6 (Prop_lut6_I0_O)        0.124    15.381 r  datapath/video_inst/Inst_vga/u_color/dc_bias[3]_i_200/O
                         net (fo=1, routed)           0.000    15.381    datapath/video_inst/Inst_vga/u_color/dc_bias[3]_i_200_n_0
    SLICE_X158Y137       CARRY4 (Prop_carry4_S[0]_O[1])
                                                      0.427    15.808 r  datapath/video_inst/Inst_vga/u_color/dc_bias_reg[3]_i_142/O[1]
                         net (fo=2, routed)           0.681    16.489    datapath/video_inst/Inst_vga/u_color/dc_bias_reg[3]_i_142_n_6
    SLICE_X155Y136       LUT2 (Prop_lut2_I0_O)        0.306    16.795 r  datapath/video_inst/Inst_vga/u_color/dc_bias[3]_i_144/O
                         net (fo=1, routed)           0.000    16.795    datapath/video_inst/Inst_vga/u_color/dc_bias[3]_i_144_n_0
    SLICE_X155Y136       CARRY4 (Prop_carry4_S[1]_O[1])
                                                      0.227    17.022 r  datapath/video_inst/Inst_vga/u_color/dc_bias_reg[3]_i_110/O[1]
                         net (fo=1, routed)           0.829    17.851    datapath/video_inst/Inst_vga/u_vga_sig/dc_bias_reg[3]_i_22[1]
    SLICE_X146Y135       LUT2 (Prop_lut2_I1_O)        0.303    18.154 r  datapath/video_inst/Inst_vga/u_vga_sig/dc_bias[3]_i_53/O
                         net (fo=1, routed)           0.000    18.154    datapath/video_inst/Inst_vga/u_color/dc_bias[3]_i_9_1[3]
    SLICE_X146Y135       CARRY4 (Prop_carry4_S[3]_O[3])
                                                      0.255    18.409 f  datapath/video_inst/Inst_vga/u_color/dc_bias_reg[3]_i_22/O[3]
                         net (fo=3, routed)           0.815    19.224    datapath/video_inst/Inst_vga/u_color/current_pos_reg[row][0]_4[1]
    SLICE_X146Y134       LUT4 (Prop_lut4_I1_O)        0.329    19.553 f  datapath/video_inst/Inst_vga/u_color/dc_bias[3]_i_9/O
                         net (fo=1, routed)           0.845    20.398    datapath/video_inst/Inst_vga/u_color/dc_bias[3]_i_9_n_0
    SLICE_X146Y134       LUT6 (Prop_lut6_I0_O)        0.328    20.726 r  datapath/video_inst/Inst_vga/u_color/dc_bias[3]_i_3__0/O
                         net (fo=4, routed)           0.818    21.544    datapath/video_inst/Inst_vga/u_vga_sig/encoded_reg[1]
    SLICE_X145Y134       LUT6 (Prop_lut6_I2_O)        0.124    21.668 r  datapath/video_inst/Inst_vga/u_vga_sig/dc_bias[3]_i_3/O
                         net (fo=7, routed)           1.605    23.273    datapath/video_inst/inst_dvid/TDMS_encoder_green/pixel[color][1]
    SLICE_X162Y131       LUT6 (Prop_lut6_I5_O)        0.124    23.397 r  datapath/video_inst/inst_dvid/TDMS_encoder_green/dc_bias[0]_i_1__0/O
                         net (fo=1, routed)           0.000    23.397    datapath/video_inst/inst_dvid/TDMS_encoder_green/dc_bias[0]_i_1__0_n_0
    SLICE_X162Y131       FDRE                                         r  datapath/video_inst/inst_dvid/TDMS_encoder_green/dc_bias_reg[0]/D
  -------------------------------------------------------------------    -------------------

                         (clock clk_out1_clk_wiz_2 rise edge)
                                                     40.000    40.000 r  
    BUFGCTRL_X0Y2        BUFG                         0.000    40.000 r  clk_IBUF_BUFG_inst/O
                         net (fo=303, routed)         1.972    41.972    datapath/video_inst/mmcm_adv_inst_display_clocks/inst/clk_in1
    MMCME2_ADV_X1Y0      MMCME2_ADV (Prop_mmcme2_adv_CLKIN1_CLKOUT0)
                                                     -4.637    37.335 r  datapath/video_inst/mmcm_adv_inst_display_clocks/inst/mmcm_adv_inst/CLKOUT0
                         net (fo=1, routed)           2.574    39.909    datapath/video_inst/mmcm_adv_inst_display_clocks/inst/clk_out1_clk_wiz_2
    BUFGCTRL_X0Y4        BUFG (Prop_bufg_I_O)         0.091    40.000 r  datapath/video_inst/mmcm_adv_inst_display_clocks/inst/clkout1_buf/O
                         net (fo=83, routed)          1.703    41.703    datapath/video_inst/inst_dvid/TDMS_encoder_green/clk_out1
    SLICE_X162Y131       FDRE                                         r  datapath/video_inst/inst_dvid/TDMS_encoder_green/dc_bias_reg[0]/C
                         clock pessimism              0.075    41.778    
                         clock uncertainty           -0.095    41.684    
    SLICE_X162Y131       FDRE (Setup_fdre_C_D)        0.077    41.761    datapath/video_inst/inst_dvid/TDMS_encoder_green/dc_bias_reg[0]
  -------------------------------------------------------------------
                         required time                         41.761    
                         arrival time                         -23.397    
  -------------------------------------------------------------------
                         slack                                 18.364    

Slack (MET) :             18.378ns  (required time - arrival time)
  Source:                 datapath/video_inst/Inst_vga/u_vga_sig/current_pos_reg[row][3]/C
                            (rising edge-triggered cell FDRE clocked by clk_out1_clk_wiz_2  {rise@0.000ns fall@20.000ns period=40.000ns})
  Destination:            datapath/video_inst/inst_dvid/TDMS_encoder_green/dc_bias_reg[3]/D
                            (rising edge-triggered cell FDRE clocked by clk_out1_clk_wiz_2  {rise@0.000ns fall@20.000ns period=40.000ns})
  Path Group:             clk_out1_clk_wiz_2
  Path Type:              Setup (Max at Slow Process Corner)
  Requirement:            40.000ns  (clk_out1_clk_wiz_2 rise@40.000ns - clk_out1_clk_wiz_2 rise@0.000ns)
  Data Path Delay:        21.636ns  (logic 6.144ns (28.397%)  route 15.492ns (71.603%))
  Logic Levels:           22  (CARRY4=8 LUT2=2 LUT3=2 LUT4=3 LUT5=2 LUT6=5)
  Clock Path Skew:        0.027ns (DCD - SCD + CPR)
    Destination Clock Delay (DCD):    1.703ns = ( 41.703 - 40.000 ) 
    Source Clock Delay      (SCD):    1.751ns
    Clock Pessimism Removal (CPR):    0.075ns
  Clock Uncertainty:      0.095ns  ((TSJ^2 + DJ^2)^1/2) / 2 + PE
    Total System Jitter     (TSJ):    0.071ns
    Discrete Jitter          (DJ):    0.175ns
    Phase Error              (PE):    0.000ns

    Location             Delay type                Incr(ns)  Path(ns)    Netlist Resource(s)
  -------------------------------------------------------------------    -------------------
                         (clock clk_out1_clk_wiz_2 rise edge)
                                                      0.000     0.000 r  
    BUFGCTRL_X0Y2        BUFG                         0.000     0.000 r  clk_IBUF_BUFG_inst/O
                         net (fo=303, routed)         2.106     2.106    datapath/video_inst/mmcm_adv_inst_display_clocks/inst/clk_in1
    MMCME2_ADV_X1Y0      MMCME2_ADV (Prop_mmcme2_adv_CLKIN1_CLKOUT0)
                                                     -4.900    -2.793 r  datapath/video_inst/mmcm_adv_inst_display_clocks/inst/mmcm_adv_inst/CLKOUT0
                         net (fo=1, routed)           2.697    -0.096    datapath/video_inst/mmcm_adv_inst_display_clocks/inst/clk_out1_clk_wiz_2
    BUFGCTRL_X0Y4        BUFG (Prop_bufg_I_O)         0.096    -0.000 r  datapath/video_inst/mmcm_adv_inst_display_clocks/inst/clkout1_buf/O
                         net (fo=83, routed)          1.751     1.751    datapath/video_inst/Inst_vga/u_vga_sig/clk_out1
    SLICE_X150Y136       FDRE                                         r  datapath/video_inst/Inst_vga/u_vga_sig/current_pos_reg[row][3]/C
  -------------------------------------------------------------------    -------------------
    SLICE_X150Y136       FDRE (Prop_fdre_C_Q)         0.518     2.269 r  datapath/video_inst/Inst_vga/u_vga_sig/current_pos_reg[row][3]/Q
                         net (fo=44, routed)          2.103     4.372    datapath/video_inst/Inst_vga/u_vga_sig/Q[3]
    SLICE_X150Y128       LUT4 (Prop_lut4_I3_O)        0.146     4.518 r  datapath/video_inst/Inst_vga/u_vga_sig/dc_bias[3]_i_15__0/O
                         net (fo=5, routed)           1.261     5.779    datapath/video_inst/Inst_vga/u_vga_sig/dc_bias[3]_i_15__0_n_0
    SLICE_X153Y131       LUT5 (Prop_lut5_I0_O)        0.328     6.107 f  datapath/video_inst/Inst_vga/u_vga_sig/dc_bias[3]_i_11/O
                         net (fo=39, routed)          0.790     6.896    datapath/video_inst/Inst_vga/u_vga_sig/current_pos_reg[row][8]_3
    SLICE_X153Y134       LUT5 (Prop_lut5_I0_O)        0.124     7.020 r  datapath/video_inst/Inst_vga/u_vga_sig/dc_bias[3]_i_37/O
                         net (fo=60, routed)          1.398     8.418    datapath/video_inst/Inst_vga/u_vga_sig/is_horizontal_gridline6[4]
    SLICE_X159Y132       LUT3 (Prop_lut3_I2_O)        0.150     8.568 r  datapath/video_inst/Inst_vga/u_vga_sig/dc_bias[3]_i_470/O
                         net (fo=2, routed)           0.650     9.218    datapath/video_inst/Inst_vga/u_color/dc_bias[3]_i_541_2[1]
    SLICE_X156Y129       CARRY4 (Prop_carry4_DI[3]_CO[3])
                                                      0.587     9.805 r  datapath/video_inst/Inst_vga/u_color/dc_bias_reg[3]_i_478/CO[3]
                         net (fo=1, routed)           0.000     9.805    datapath/video_inst/Inst_vga/u_color/dc_bias_reg[3]_i_478_n_0
    SLICE_X156Y130       CARRY4 (Prop_carry4_CI_CO[3])
                                                      0.114     9.919 r  datapath/video_inst/Inst_vga/u_color/dc_bias_reg[3]_i_389/CO[3]
                         net (fo=1, routed)           0.000     9.919    datapath/video_inst/Inst_vga/u_color/dc_bias_reg[3]_i_389_n_0
    SLICE_X156Y131       CARRY4 (Prop_carry4_CI_CO[3])
                                                      0.114    10.033 f  datapath/video_inst/Inst_vga/u_color/dc_bias_reg[3]_i_263/CO[3]
                         net (fo=42, routed)          1.438    11.471    datapath/video_inst/Inst_vga/u_vga_sig/dc_bias_reg[3]_i_212[0]
    SLICE_X153Y132       LUT3 (Prop_lut3_I0_O)        0.152    11.623 r  datapath/video_inst/Inst_vga/u_vga_sig/dc_bias[3]_i_274/O
                         net (fo=2, routed)           0.839    12.462    datapath/video_inst/Inst_vga/u_color/dc_bias_reg[3]_i_212_0[2]
    SLICE_X159Y135       LUT4 (Prop_lut4_I0_O)        0.326    12.788 r  datapath/video_inst/Inst_vga/u_color/dc_bias[3]_i_277/O
                         net (fo=1, routed)           0.000    12.788    datapath/video_inst/Inst_vga/u_color/dc_bias[3]_i_277_n_0
    SLICE_X159Y135       CARRY4 (Prop_carry4_S[3]_CO[3])
                                                      0.401    13.189 r  datapath/video_inst/Inst_vga/u_color/dc_bias_reg[3]_i_212/CO[3]
                         net (fo=1, routed)           0.000    13.189    datapath/video_inst/Inst_vga/u_color/dc_bias_reg[3]_i_212_n_0
    SLICE_X159Y136       CARRY4 (Prop_carry4_CI_O[1])
                                                      0.334    13.523 r  datapath/video_inst/Inst_vga/u_color/dc_bias_reg[3]_i_215/O[1]
                         net (fo=4, routed)           0.857    14.380    datapath/video_inst/Inst_vga/u_color/dc_bias_reg[3]_i_215_n_6
    SLICE_X160Y137       LUT6 (Prop_lut6_I3_O)        0.303    14.683 r  datapath/video_inst/Inst_vga/u_color/dc_bias[3]_i_197/O
                         net (fo=2, routed)           0.574    15.257    datapath/video_inst/Inst_vga/u_color/dc_bias[3]_i_197_n_0
    SLICE_X158Y137       LUT6 (Prop_lut6_I0_O)        0.124    15.381 r  datapath/video_inst/Inst_vga/u_color/dc_bias[3]_i_200/O
                         net (fo=1, routed)           0.000    15.381    datapath/video_inst/Inst_vga/u_color/dc_bias[3]_i_200_n_0
    SLICE_X158Y137       CARRY4 (Prop_carry4_S[0]_O[1])
                                                      0.427    15.808 r  datapath/video_inst/Inst_vga/u_color/dc_bias_reg[3]_i_142/O[1]
                         net (fo=2, routed)           0.681    16.489    datapath/video_inst/Inst_vga/u_color/dc_bias_reg[3]_i_142_n_6
    SLICE_X155Y136       LUT2 (Prop_lut2_I0_O)        0.306    16.795 r  datapath/video_inst/Inst_vga/u_color/dc_bias[3]_i_144/O
                         net (fo=1, routed)           0.000    16.795    datapath/video_inst/Inst_vga/u_color/dc_bias[3]_i_144_n_0
    SLICE_X155Y136       CARRY4 (Prop_carry4_S[1]_O[1])
                                                      0.227    17.022 r  datapath/video_inst/Inst_vga/u_color/dc_bias_reg[3]_i_110/O[1]
                         net (fo=1, routed)           0.829    17.851    datapath/video_inst/Inst_vga/u_vga_sig/dc_bias_reg[3]_i_22[1]
    SLICE_X146Y135       LUT2 (Prop_lut2_I1_O)        0.303    18.154 r  datapath/video_inst/Inst_vga/u_vga_sig/dc_bias[3]_i_53/O
                         net (fo=1, routed)           0.000    18.154    datapath/video_inst/Inst_vga/u_color/dc_bias[3]_i_9_1[3]
    SLICE_X146Y135       CARRY4 (Prop_carry4_S[3]_O[3])
                                                      0.255    18.409 f  datapath/video_inst/Inst_vga/u_color/dc_bias_reg[3]_i_22/O[3]
                         net (fo=3, routed)           0.815    19.224    datapath/video_inst/Inst_vga/u_color/current_pos_reg[row][0]_4[1]
    SLICE_X146Y134       LUT4 (Prop_lut4_I1_O)        0.329    19.553 f  datapath/video_inst/Inst_vga/u_color/dc_bias[3]_i_9/O
                         net (fo=1, routed)           0.845    20.398    datapath/video_inst/Inst_vga/u_color/dc_bias[3]_i_9_n_0
    SLICE_X146Y134       LUT6 (Prop_lut6_I0_O)        0.328    20.726 r  datapath/video_inst/Inst_vga/u_color/dc_bias[3]_i_3__0/O
                         net (fo=4, routed)           0.818    21.544    datapath/video_inst/Inst_vga/u_vga_sig/encoded_reg[1]
    SLICE_X145Y134       LUT6 (Prop_lut6_I2_O)        0.124    21.668 r  datapath/video_inst/Inst_vga/u_vga_sig/dc_bias[3]_i_3/O
                         net (fo=7, routed)           1.595    23.263    datapath/video_inst/inst_dvid/TDMS_encoder_green/pixel[color][1]
    SLICE_X162Y131       LUT6 (Prop_lut6_I5_O)        0.124    23.387 r  datapath/video_inst/inst_dvid/TDMS_encoder_green/dc_bias[3]_i_1__0/O
                         net (fo=1, routed)           0.000    23.387    datapath/video_inst/inst_dvid/TDMS_encoder_green/dc_bias[3]_i_1__0_n_0
    SLICE_X162Y131       FDRE                                         r  datapath/video_inst/inst_dvid/TDMS_encoder_green/dc_bias_reg[3]/D
  -------------------------------------------------------------------    -------------------

                         (clock clk_out1_clk_wiz_2 rise edge)
                                                     40.000    40.000 r  
    BUFGCTRL_X0Y2        BUFG                         0.000    40.000 r  clk_IBUF_BUFG_inst/O
                         net (fo=303, routed)         1.972    41.972    datapath/video_inst/mmcm_adv_inst_display_clocks/inst/clk_in1
    MMCME2_ADV_X1Y0      MMCME2_ADV (Prop_mmcme2_adv_CLKIN1_CLKOUT0)
                                                     -4.637    37.335 r  datapath/video_inst/mmcm_adv_inst_display_clocks/inst/mmcm_adv_inst/CLKOUT0
                         net (fo=1, routed)           2.574    39.909    datapath/video_inst/mmcm_adv_inst_display_clocks/inst/clk_out1_clk_wiz_2
    BUFGCTRL_X0Y4        BUFG (Prop_bufg_I_O)         0.091    40.000 r  datapath/video_inst/mmcm_adv_inst_display_clocks/inst/clkout1_buf/O
                         net (fo=83, routed)          1.703    41.703    datapath/video_inst/inst_dvid/TDMS_encoder_green/clk_out1
    SLICE_X162Y131       FDRE                                         r  datapath/video_inst/inst_dvid/TDMS_encoder_green/dc_bias_reg[3]/C
                         clock pessimism              0.075    41.778    
                         clock uncertainty           -0.095    41.684    
    SLICE_X162Y131       FDRE (Setup_fdre_C_D)        0.081    41.765    datapath/video_inst/inst_dvid/TDMS_encoder_green/dc_bias_reg[3]
  -------------------------------------------------------------------
                         required time                         41.765    
                         arrival time                         -23.387    
  -------------------------------------------------------------------
                         slack                                 18.378    

Slack (MET) :             18.535ns  (required time - arrival time)
  Source:                 datapath/video_inst/Inst_vga/u_vga_sig/current_pos_reg[row][3]/C
                            (rising edge-triggered cell FDRE clocked by clk_out1_clk_wiz_2  {rise@0.000ns fall@20.000ns period=40.000ns})
  Destination:            datapath/video_inst/inst_dvid/TDMS_encoder_green/encoded_reg[8]/D
                            (rising edge-triggered cell FDRE clocked by clk_out1_clk_wiz_2  {rise@0.000ns fall@20.000ns period=40.000ns})
  Path Group:             clk_out1_clk_wiz_2
  Path Type:              Setup (Max at Slow Process Corner)
  Requirement:            40.000ns  (clk_out1_clk_wiz_2 rise@40.000ns - clk_out1_clk_wiz_2 rise@0.000ns)
  Data Path Delay:        21.477ns  (logic 6.144ns (28.607%)  route 15.333ns (71.393%))
  Logic Levels:           22  (CARRY4=8 LUT2=3 LUT3=2 LUT4=3 LUT5=2 LUT6=4)
  Clock Path Skew:        0.030ns (DCD - SCD + CPR)
    Destination Clock Delay (DCD):    1.706ns = ( 41.706 - 40.000 ) 
    Source Clock Delay      (SCD):    1.751ns
    Clock Pessimism Removal (CPR):    0.075ns
  Clock Uncertainty:      0.095ns  ((TSJ^2 + DJ^2)^1/2) / 2 + PE
    Total System Jitter     (TSJ):    0.071ns
    Discrete Jitter          (DJ):    0.175ns
    Phase Error              (PE):    0.000ns

    Location             Delay type                Incr(ns)  Path(ns)    Netlist Resource(s)
  -------------------------------------------------------------------    -------------------
                         (clock clk_out1_clk_wiz_2 rise edge)
                                                      0.000     0.000 r  
    BUFGCTRL_X0Y2        BUFG                         0.000     0.000 r  clk_IBUF_BUFG_inst/O
                         net (fo=303, routed)         2.106     2.106    datapath/video_inst/mmcm_adv_inst_display_clocks/inst/clk_in1
    MMCME2_ADV_X1Y0      MMCME2_ADV (Prop_mmcme2_adv_CLKIN1_CLKOUT0)
                                                     -4.900    -2.793 r  datapath/video_inst/mmcm_adv_inst_display_clocks/inst/mmcm_adv_inst/CLKOUT0
                         net (fo=1, routed)           2.697    -0.096    datapath/video_inst/mmcm_adv_inst_display_clocks/inst/clk_out1_clk_wiz_2
    BUFGCTRL_X0Y4        BUFG (Prop_bufg_I_O)         0.096    -0.000 r  datapath/video_inst/mmcm_adv_inst_display_clocks/inst/clkout1_buf/O
                         net (fo=83, routed)          1.751     1.751    datapath/video_inst/Inst_vga/u_vga_sig/clk_out1
    SLICE_X150Y136       FDRE                                         r  datapath/video_inst/Inst_vga/u_vga_sig/current_pos_reg[row][3]/C
  -------------------------------------------------------------------    -------------------
    SLICE_X150Y136       FDRE (Prop_fdre_C_Q)         0.518     2.269 r  datapath/video_inst/Inst_vga/u_vga_sig/current_pos_reg[row][3]/Q
                         net (fo=44, routed)          2.103     4.372    datapath/video_inst/Inst_vga/u_vga_sig/Q[3]
    SLICE_X150Y128       LUT4 (Prop_lut4_I3_O)        0.146     4.518 r  datapath/video_inst/Inst_vga/u_vga_sig/dc_bias[3]_i_15__0/O
                         net (fo=5, routed)           1.261     5.779    datapath/video_inst/Inst_vga/u_vga_sig/dc_bias[3]_i_15__0_n_0
    SLICE_X153Y131       LUT5 (Prop_lut5_I0_O)        0.328     6.107 f  datapath/video_inst/Inst_vga/u_vga_sig/dc_bias[3]_i_11/O
                         net (fo=39, routed)          0.790     6.896    datapath/video_inst/Inst_vga/u_vga_sig/current_pos_reg[row][8]_3
    SLICE_X153Y134       LUT5 (Prop_lut5_I0_O)        0.124     7.020 r  datapath/video_inst/Inst_vga/u_vga_sig/dc_bias[3]_i_37/O
                         net (fo=60, routed)          1.398     8.418    datapath/video_inst/Inst_vga/u_vga_sig/is_horizontal_gridline6[4]
    SLICE_X159Y132       LUT3 (Prop_lut3_I2_O)        0.150     8.568 r  datapath/video_inst/Inst_vga/u_vga_sig/dc_bias[3]_i_470/O
                         net (fo=2, routed)           0.650     9.218    datapath/video_inst/Inst_vga/u_color/dc_bias[3]_i_541_2[1]
    SLICE_X156Y129       CARRY4 (Prop_carry4_DI[3]_CO[3])
                                                      0.587     9.805 r  datapath/video_inst/Inst_vga/u_color/dc_bias_reg[3]_i_478/CO[3]
                         net (fo=1, routed)           0.000     9.805    datapath/video_inst/Inst_vga/u_color/dc_bias_reg[3]_i_478_n_0
    SLICE_X156Y130       CARRY4 (Prop_carry4_CI_CO[3])
                                                      0.114     9.919 r  datapath/video_inst/Inst_vga/u_color/dc_bias_reg[3]_i_389/CO[3]
                         net (fo=1, routed)           0.000     9.919    datapath/video_inst/Inst_vga/u_color/dc_bias_reg[3]_i_389_n_0
    SLICE_X156Y131       CARRY4 (Prop_carry4_CI_CO[3])
                                                      0.114    10.033 f  datapath/video_inst/Inst_vga/u_color/dc_bias_reg[3]_i_263/CO[3]
                         net (fo=42, routed)          1.438    11.471    datapath/video_inst/Inst_vga/u_vga_sig/dc_bias_reg[3]_i_212[0]
    SLICE_X153Y132       LUT3 (Prop_lut3_I0_O)        0.152    11.623 r  datapath/video_inst/Inst_vga/u_vga_sig/dc_bias[3]_i_274/O
                         net (fo=2, routed)           0.839    12.462    datapath/video_inst/Inst_vga/u_color/dc_bias_reg[3]_i_212_0[2]
    SLICE_X159Y135       LUT4 (Prop_lut4_I0_O)        0.326    12.788 r  datapath/video_inst/Inst_vga/u_color/dc_bias[3]_i_277/O
                         net (fo=1, routed)           0.000    12.788    datapath/video_inst/Inst_vga/u_color/dc_bias[3]_i_277_n_0
    SLICE_X159Y135       CARRY4 (Prop_carry4_S[3]_CO[3])
                                                      0.401    13.189 r  datapath/video_inst/Inst_vga/u_color/dc_bias_reg[3]_i_212/CO[3]
                         net (fo=1, routed)           0.000    13.189    datapath/video_inst/Inst_vga/u_color/dc_bias_reg[3]_i_212_n_0
    SLICE_X159Y136       CARRY4 (Prop_carry4_CI_O[1])
                                                      0.334    13.523 r  datapath/video_inst/Inst_vga/u_color/dc_bias_reg[3]_i_215/O[1]
                         net (fo=4, routed)           0.857    14.380    datapath/video_inst/Inst_vga/u_color/dc_bias_reg[3]_i_215_n_6
    SLICE_X160Y137       LUT6 (Prop_lut6_I3_O)        0.303    14.683 r  datapath/video_inst/Inst_vga/u_color/dc_bias[3]_i_197/O
                         net (fo=2, routed)           0.574    15.257    datapath/video_inst/Inst_vga/u_color/dc_bias[3]_i_197_n_0
    SLICE_X158Y137       LUT6 (Prop_lut6_I0_O)        0.124    15.381 r  datapath/video_inst/Inst_vga/u_color/dc_bias[3]_i_200/O
                         net (fo=1, routed)           0.000    15.381    datapath/video_inst/Inst_vga/u_color/dc_bias[3]_i_200_n_0
    SLICE_X158Y137       CARRY4 (Prop_carry4_S[0]_O[1])
                                                      0.427    15.808 r  datapath/video_inst/Inst_vga/u_color/dc_bias_reg[3]_i_142/O[1]
                         net (fo=2, routed)           0.681    16.489    datapath/video_inst/Inst_vga/u_color/dc_bias_reg[3]_i_142_n_6
    SLICE_X155Y136       LUT2 (Prop_lut2_I0_O)        0.306    16.795 r  datapath/video_inst/Inst_vga/u_color/dc_bias[3]_i_144/O
                         net (fo=1, routed)           0.000    16.795    datapath/video_inst/Inst_vga/u_color/dc_bias[3]_i_144_n_0
    SLICE_X155Y136       CARRY4 (Prop_carry4_S[1]_O[1])
                                                      0.227    17.022 r  datapath/video_inst/Inst_vga/u_color/dc_bias_reg[3]_i_110/O[1]
                         net (fo=1, routed)           0.829    17.851    datapath/video_inst/Inst_vga/u_vga_sig/dc_bias_reg[3]_i_22[1]
    SLICE_X146Y135       LUT2 (Prop_lut2_I1_O)        0.303    18.154 r  datapath/video_inst/Inst_vga/u_vga_sig/dc_bias[3]_i_53/O
                         net (fo=1, routed)           0.000    18.154    datapath/video_inst/Inst_vga/u_color/dc_bias[3]_i_9_1[3]
    SLICE_X146Y135       CARRY4 (Prop_carry4_S[3]_O[3])
                                                      0.255    18.409 r  datapath/video_inst/Inst_vga/u_color/dc_bias_reg[3]_i_22/O[3]
                         net (fo=3, routed)           0.815    19.224    datapath/video_inst/Inst_vga/u_color/current_pos_reg[row][0]_4[1]
    SLICE_X146Y134       LUT4 (Prop_lut4_I1_O)        0.329    19.553 r  datapath/video_inst/Inst_vga/u_color/dc_bias[3]_i_9/O
                         net (fo=1, routed)           0.845    20.398    datapath/video_inst/Inst_vga/u_color/dc_bias[3]_i_9_n_0
    SLICE_X146Y134       LUT6 (Prop_lut6_I0_O)        0.328    20.726 f  datapath/video_inst/Inst_vga/u_color/dc_bias[3]_i_3__0/O
                         net (fo=4, routed)           0.818    21.544    datapath/video_inst/Inst_vga/u_vga_sig/encoded_reg[1]
    SLICE_X145Y134       LUT6 (Prop_lut6_I2_O)        0.124    21.668 f  datapath/video_inst/Inst_vga/u_vga_sig/dc_bias[3]_i_3/O
                         net (fo=7, routed)           1.436    23.105    datapath/video_inst/inst_dvid/TDMS_encoder_green/pixel[color][1]
    SLICE_X162Y133       LUT2 (Prop_lut2_I0_O)        0.124    23.229 r  datapath/video_inst/inst_dvid/TDMS_encoder_green/encoded[8]_i_1/O
                         net (fo=1, routed)           0.000    23.229    datapath/video_inst/inst_dvid/TDMS_encoder_green/encoded[8]_i_1_n_0
    SLICE_X162Y133       FDRE                                         r  datapath/video_inst/inst_dvid/TDMS_encoder_green/encoded_reg[8]/D
  -------------------------------------------------------------------    -------------------

                         (clock clk_out1_clk_wiz_2 rise edge)
                                                     40.000    40.000 r  
    BUFGCTRL_X0Y2        BUFG                         0.000    40.000 r  clk_IBUF_BUFG_inst/O
                         net (fo=303, routed)         1.972    41.972    datapath/video_inst/mmcm_adv_inst_display_clocks/inst/clk_in1
    MMCME2_ADV_X1Y0      MMCME2_ADV (Prop_mmcme2_adv_CLKIN1_CLKOUT0)
                                                     -4.637    37.335 r  datapath/video_inst/mmcm_adv_inst_display_clocks/inst/mmcm_adv_inst/CLKOUT0
                         net (fo=1, routed)           2.574    39.909    datapath/video_inst/mmcm_adv_inst_display_clocks/inst/clk_out1_clk_wiz_2
    BUFGCTRL_X0Y4        BUFG (Prop_bufg_I_O)         0.091    40.000 r  datapath/video_inst/mmcm_adv_inst_display_clocks/inst/clkout1_buf/O
                         net (fo=83, routed)          1.706    41.706    datapath/video_inst/inst_dvid/TDMS_encoder_green/clk_out1
    SLICE_X162Y133       FDRE                                         r  datapath/video_inst/inst_dvid/TDMS_encoder_green/encoded_reg[8]/C
                         clock pessimism              0.075    41.781    
                         clock uncertainty           -0.095    41.687    
    SLICE_X162Y133       FDRE (Setup_fdre_C_D)        0.077    41.764    datapath/video_inst/inst_dvid/TDMS_encoder_green/encoded_reg[8]
  -------------------------------------------------------------------
                         required time                         41.764    
                         arrival time                         -23.229    
  -------------------------------------------------------------------
                         slack                                 18.535    

Slack (MET) :             18.550ns  (required time - arrival time)
  Source:                 datapath/video_inst/Inst_vga/u_vga_sig/current_pos_reg[row][3]/C
                            (rising edge-triggered cell FDRE clocked by clk_out1_clk_wiz_2  {rise@0.000ns fall@20.000ns period=40.000ns})
  Destination:            datapath/video_inst/inst_dvid/TDMS_encoder_green/encoded_reg[9]/D
                            (rising edge-triggered cell FDRE clocked by clk_out1_clk_wiz_2  {rise@0.000ns fall@20.000ns period=40.000ns})
  Path Group:             clk_out1_clk_wiz_2
  Path Type:              Setup (Max at Slow Process Corner)
  Requirement:            40.000ns  (clk_out1_clk_wiz_2 rise@40.000ns - clk_out1_clk_wiz_2 rise@0.000ns)
  Data Path Delay:        21.503ns  (logic 6.170ns (28.693%)  route 15.333ns (71.307%))
  Logic Levels:           22  (CARRY4=8 LUT2=2 LUT3=2 LUT4=3 LUT5=3 LUT6=4)
  Clock Path Skew:        0.030ns (DCD - SCD + CPR)
    Destination Clock Delay (DCD):    1.706ns = ( 41.706 - 40.000 ) 
    Source Clock Delay      (SCD):    1.751ns
    Clock Pessimism Removal (CPR):    0.075ns
  Clock Uncertainty:      0.095ns  ((TSJ^2 + DJ^2)^1/2) / 2 + PE
    Total System Jitter     (TSJ):    0.071ns
    Discrete Jitter          (DJ):    0.175ns
    Phase Error              (PE):    0.000ns

    Location             Delay type                Incr(ns)  Path(ns)    Netlist Resource(s)
  -------------------------------------------------------------------    -------------------
                         (clock clk_out1_clk_wiz_2 rise edge)
                                                      0.000     0.000 r  
    BUFGCTRL_X0Y2        BUFG                         0.000     0.000 r  clk_IBUF_BUFG_inst/O
                         net (fo=303, routed)         2.106     2.106    datapath/video_inst/mmcm_adv_inst_display_clocks/inst/clk_in1
    MMCME2_ADV_X1Y0      MMCME2_ADV (Prop_mmcme2_adv_CLKIN1_CLKOUT0)
                                                     -4.900    -2.793 r  datapath/video_inst/mmcm_adv_inst_display_clocks/inst/mmcm_adv_inst/CLKOUT0
                         net (fo=1, routed)           2.697    -0.096    datapath/video_inst/mmcm_adv_inst_display_clocks/inst/clk_out1_clk_wiz_2
    BUFGCTRL_X0Y4        BUFG (Prop_bufg_I_O)         0.096    -0.000 r  datapath/video_inst/mmcm_adv_inst_display_clocks/inst/clkout1_buf/O
                         net (fo=83, routed)          1.751     1.751    datapath/video_inst/Inst_vga/u_vga_sig/clk_out1
    SLICE_X150Y136       FDRE                                         r  datapath/video_inst/Inst_vga/u_vga_sig/current_pos_reg[row][3]/C
  -------------------------------------------------------------------    -------------------
    SLICE_X150Y136       FDRE (Prop_fdre_C_Q)         0.518     2.269 r  datapath/video_inst/Inst_vga/u_vga_sig/current_pos_reg[row][3]/Q
                         net (fo=44, routed)          2.103     4.372    datapath/video_inst/Inst_vga/u_vga_sig/Q[3]
    SLICE_X150Y128       LUT4 (Prop_lut4_I3_O)        0.146     4.518 r  datapath/video_inst/Inst_vga/u_vga_sig/dc_bias[3]_i_15__0/O
                         net (fo=5, routed)           1.261     5.779    datapath/video_inst/Inst_vga/u_vga_sig/dc_bias[3]_i_15__0_n_0
    SLICE_X153Y131       LUT5 (Prop_lut5_I0_O)        0.328     6.107 f  datapath/video_inst/Inst_vga/u_vga_sig/dc_bias[3]_i_11/O
                         net (fo=39, routed)          0.790     6.896    datapath/video_inst/Inst_vga/u_vga_sig/current_pos_reg[row][8]_3
    SLICE_X153Y134       LUT5 (Prop_lut5_I0_O)        0.124     7.020 r  datapath/video_inst/Inst_vga/u_vga_sig/dc_bias[3]_i_37/O
                         net (fo=60, routed)          1.398     8.418    datapath/video_inst/Inst_vga/u_vga_sig/is_horizontal_gridline6[4]
    SLICE_X159Y132       LUT3 (Prop_lut3_I2_O)        0.150     8.568 r  datapath/video_inst/Inst_vga/u_vga_sig/dc_bias[3]_i_470/O
                         net (fo=2, routed)           0.650     9.218    datapath/video_inst/Inst_vga/u_color/dc_bias[3]_i_541_2[1]
    SLICE_X156Y129       CARRY4 (Prop_carry4_DI[3]_CO[3])
                                                      0.587     9.805 r  datapath/video_inst/Inst_vga/u_color/dc_bias_reg[3]_i_478/CO[3]
                         net (fo=1, routed)           0.000     9.805    datapath/video_inst/Inst_vga/u_color/dc_bias_reg[3]_i_478_n_0
    SLICE_X156Y130       CARRY4 (Prop_carry4_CI_CO[3])
                                                      0.114     9.919 r  datapath/video_inst/Inst_vga/u_color/dc_bias_reg[3]_i_389/CO[3]
                         net (fo=1, routed)           0.000     9.919    datapath/video_inst/Inst_vga/u_color/dc_bias_reg[3]_i_389_n_0
    SLICE_X156Y131       CARRY4 (Prop_carry4_CI_CO[3])
                                                      0.114    10.033 f  datapath/video_inst/Inst_vga/u_color/dc_bias_reg[3]_i_263/CO[3]
                         net (fo=42, routed)          1.438    11.471    datapath/video_inst/Inst_vga/u_vga_sig/dc_bias_reg[3]_i_212[0]
    SLICE_X153Y132       LUT3 (Prop_lut3_I0_O)        0.152    11.623 r  datapath/video_inst/Inst_vga/u_vga_sig/dc_bias[3]_i_274/O
                         net (fo=2, routed)           0.839    12.462    datapath/video_inst/Inst_vga/u_color/dc_bias_reg[3]_i_212_0[2]
    SLICE_X159Y135       LUT4 (Prop_lut4_I0_O)        0.326    12.788 r  datapath/video_inst/Inst_vga/u_color/dc_bias[3]_i_277/O
                         net (fo=1, routed)           0.000    12.788    datapath/video_inst/Inst_vga/u_color/dc_bias[3]_i_277_n_0
    SLICE_X159Y135       CARRY4 (Prop_carry4_S[3]_CO[3])
                                                      0.401    13.189 r  datapath/video_inst/Inst_vga/u_color/dc_bias_reg[3]_i_212/CO[3]
                         net (fo=1, routed)           0.000    13.189    datapath/video_inst/Inst_vga/u_color/dc_bias_reg[3]_i_212_n_0
    SLICE_X159Y136       CARRY4 (Prop_carry4_CI_O[1])
                                                      0.334    13.523 r  datapath/video_inst/Inst_vga/u_color/dc_bias_reg[3]_i_215/O[1]
                         net (fo=4, routed)           0.857    14.380    datapath/video_inst/Inst_vga/u_color/dc_bias_reg[3]_i_215_n_6
    SLICE_X160Y137       LUT6 (Prop_lut6_I3_O)        0.303    14.683 r  datapath/video_inst/Inst_vga/u_color/dc_bias[3]_i_197/O
                         net (fo=2, routed)           0.574    15.257    datapath/video_inst/Inst_vga/u_color/dc_bias[3]_i_197_n_0
    SLICE_X158Y137       LUT6 (Prop_lut6_I0_O)        0.124    15.381 r  datapath/video_inst/Inst_vga/u_color/dc_bias[3]_i_200/O
                         net (fo=1, routed)           0.000    15.381    datapath/video_inst/Inst_vga/u_color/dc_bias[3]_i_200_n_0
    SLICE_X158Y137       CARRY4 (Prop_carry4_S[0]_O[1])
                                                      0.427    15.808 r  datapath/video_inst/Inst_vga/u_color/dc_bias_reg[3]_i_142/O[1]
                         net (fo=2, routed)           0.681    16.489    datapath/video_inst/Inst_vga/u_color/dc_bias_reg[3]_i_142_n_6
    SLICE_X155Y136       LUT2 (Prop_lut2_I0_O)        0.306    16.795 r  datapath/video_inst/Inst_vga/u_color/dc_bias[3]_i_144/O
                         net (fo=1, routed)           0.000    16.795    datapath/video_inst/Inst_vga/u_color/dc_bias[3]_i_144_n_0
    SLICE_X155Y136       CARRY4 (Prop_carry4_S[1]_O[1])
                                                      0.227    17.022 r  datapath/video_inst/Inst_vga/u_color/dc_bias_reg[3]_i_110/O[1]
                         net (fo=1, routed)           0.829    17.851    datapath/video_inst/Inst_vga/u_vga_sig/dc_bias_reg[3]_i_22[1]
    SLICE_X146Y135       LUT2 (Prop_lut2_I1_O)        0.303    18.154 r  datapath/video_inst/Inst_vga/u_vga_sig/dc_bias[3]_i_53/O
                         net (fo=1, routed)           0.000    18.154    datapath/video_inst/Inst_vga/u_color/dc_bias[3]_i_9_1[3]
    SLICE_X146Y135       CARRY4 (Prop_carry4_S[3]_O[3])
                                                      0.255    18.409 f  datapath/video_inst/Inst_vga/u_color/dc_bias_reg[3]_i_22/O[3]
                         net (fo=3, routed)           0.815    19.224    datapath/video_inst/Inst_vga/u_color/current_pos_reg[row][0]_4[1]
    SLICE_X146Y134       LUT4 (Prop_lut4_I1_O)        0.329    19.553 f  datapath/video_inst/Inst_vga/u_color/dc_bias[3]_i_9/O
                         net (fo=1, routed)           0.845    20.398    datapath/video_inst/Inst_vga/u_color/dc_bias[3]_i_9_n_0
    SLICE_X146Y134       LUT6 (Prop_lut6_I0_O)        0.328    20.726 r  datapath/video_inst/Inst_vga/u_color/dc_bias[3]_i_3__0/O
                         net (fo=4, routed)           0.818    21.544    datapath/video_inst/Inst_vga/u_vga_sig/encoded_reg[1]
    SLICE_X145Y134       LUT6 (Prop_lut6_I2_O)        0.124    21.668 r  datapath/video_inst/Inst_vga/u_vga_sig/dc_bias[3]_i_3/O
                         net (fo=7, routed)           1.436    23.105    datapath/video_inst/inst_dvid/TDMS_encoder_green/pixel[color][1]
    SLICE_X162Y133       LUT5 (Prop_lut5_I1_O)        0.150    23.255 r  datapath/video_inst/inst_dvid/TDMS_encoder_green/encoded[9]_i_1/O
                         net (fo=1, routed)           0.000    23.255    datapath/video_inst/inst_dvid/TDMS_encoder_green/encoded[9]_i_1_n_0
    SLICE_X162Y133       FDRE                                         r  datapath/video_inst/inst_dvid/TDMS_encoder_green/encoded_reg[9]/D
  -------------------------------------------------------------------    -------------------

                         (clock clk_out1_clk_wiz_2 rise edge)
                                                     40.000    40.000 r  
    BUFGCTRL_X0Y2        BUFG                         0.000    40.000 r  clk_IBUF_BUFG_inst/O
                         net (fo=303, routed)         1.972    41.972    datapath/video_inst/mmcm_adv_inst_display_clocks/inst/clk_in1
    MMCME2_ADV_X1Y0      MMCME2_ADV (Prop_mmcme2_adv_CLKIN1_CLKOUT0)
                                                     -4.637    37.335 r  datapath/video_inst/mmcm_adv_inst_display_clocks/inst/mmcm_adv_inst/CLKOUT0
                         net (fo=1, routed)           2.574    39.909    datapath/video_inst/mmcm_adv_inst_display_clocks/inst/clk_out1_clk_wiz_2
    BUFGCTRL_X0Y4        BUFG (Prop_bufg_I_O)         0.091    40.000 r  datapath/video_inst/mmcm_adv_inst_display_clocks/inst/clkout1_buf/O
                         net (fo=83, routed)          1.706    41.706    datapath/video_inst/inst_dvid/TDMS_encoder_green/clk_out1
    SLICE_X162Y133       FDRE                                         r  datapath/video_inst/inst_dvid/TDMS_encoder_green/encoded_reg[9]/C
                         clock pessimism              0.075    41.781    
                         clock uncertainty           -0.095    41.687    
    SLICE_X162Y133       FDRE (Setup_fdre_C_D)        0.118    41.805    datapath/video_inst/inst_dvid/TDMS_encoder_green/encoded_reg[9]
  -------------------------------------------------------------------
                         required time                         41.805    
                         arrival time                         -23.255    
  -------------------------------------------------------------------
                         slack                                 18.550    

Slack (MET) :             18.657ns  (required time - arrival time)
  Source:                 datapath/video_inst/Inst_vga/u_vga_sig/current_pos_reg[row][3]/C
                            (rising edge-triggered cell FDRE clocked by clk_out1_clk_wiz_2  {rise@0.000ns fall@20.000ns period=40.000ns})
  Destination:            datapath/video_inst/inst_dvid/TDMS_encoder_blue/dc_bias_reg[1]/D
                            (rising edge-triggered cell FDRE clocked by clk_out1_clk_wiz_2  {rise@0.000ns fall@20.000ns period=40.000ns})
  Path Group:             clk_out1_clk_wiz_2
  Path Type:              Setup (Max at Slow Process Corner)
  Requirement:            40.000ns  (clk_out1_clk_wiz_2 rise@40.000ns - clk_out1_clk_wiz_2 rise@0.000ns)
  Data Path Delay:        21.310ns  (logic 6.144ns (28.832%)  route 15.166ns (71.168%))
  Logic Levels:           22  (CARRY4=8 LUT2=2 LUT3=2 LUT4=3 LUT5=2 LUT6=5)
  Clock Path Skew:        0.033ns (DCD - SCD + CPR)
    Destination Clock Delay (DCD):    1.709ns = ( 41.709 - 40.000 ) 
    Source Clock Delay      (SCD):    1.751ns
    Clock Pessimism Removal (CPR):    0.075ns
  Clock Uncertainty:      0.095ns  ((TSJ^2 + DJ^2)^1/2) / 2 + PE
    Total System Jitter     (TSJ):    0.071ns
    Discrete Jitter          (DJ):    0.175ns
    Phase Error              (PE):    0.000ns

    Location             Delay type                Incr(ns)  Path(ns)    Netlist Resource(s)
  -------------------------------------------------------------------    -------------------
                         (clock clk_out1_clk_wiz_2 rise edge)
                                                      0.000     0.000 r  
    BUFGCTRL_X0Y2        BUFG                         0.000     0.000 r  clk_IBUF_BUFG_inst/O
                         net (fo=303, routed)         2.106     2.106    datapath/video_inst/mmcm_adv_inst_display_clocks/inst/clk_in1
    MMCME2_ADV_X1Y0      MMCME2_ADV (Prop_mmcme2_adv_CLKIN1_CLKOUT0)
                                                     -4.900    -2.793 r  datapath/video_inst/mmcm_adv_inst_display_clocks/inst/mmcm_adv_inst/CLKOUT0
                         net (fo=1, routed)           2.697    -0.096    datapath/video_inst/mmcm_adv_inst_display_clocks/inst/clk_out1_clk_wiz_2
    BUFGCTRL_X0Y4        BUFG (Prop_bufg_I_O)         0.096    -0.000 r  datapath/video_inst/mmcm_adv_inst_display_clocks/inst/clkout1_buf/O
                         net (fo=83, routed)          1.751     1.751    datapath/video_inst/Inst_vga/u_vga_sig/clk_out1
    SLICE_X150Y136       FDRE                                         r  datapath/video_inst/Inst_vga/u_vga_sig/current_pos_reg[row][3]/C
  -------------------------------------------------------------------    -------------------
    SLICE_X150Y136       FDRE (Prop_fdre_C_Q)         0.518     2.269 r  datapath/video_inst/Inst_vga/u_vga_sig/current_pos_reg[row][3]/Q
                         net (fo=44, routed)          2.103     4.372    datapath/video_inst/Inst_vga/u_vga_sig/Q[3]
    SLICE_X150Y128       LUT4 (Prop_lut4_I3_O)        0.146     4.518 r  datapath/video_inst/Inst_vga/u_vga_sig/dc_bias[3]_i_15__0/O
                         net (fo=5, routed)           1.261     5.779    datapath/video_inst/Inst_vga/u_vga_sig/dc_bias[3]_i_15__0_n_0
    SLICE_X153Y131       LUT5 (Prop_lut5_I0_O)        0.328     6.107 f  datapath/video_inst/Inst_vga/u_vga_sig/dc_bias[3]_i_11/O
                         net (fo=39, routed)          0.790     6.896    datapath/video_inst/Inst_vga/u_vga_sig/current_pos_reg[row][8]_3
    SLICE_X153Y134       LUT5 (Prop_lut5_I0_O)        0.124     7.020 r  datapath/video_inst/Inst_vga/u_vga_sig/dc_bias[3]_i_37/O
                         net (fo=60, routed)          1.398     8.418    datapath/video_inst/Inst_vga/u_vga_sig/is_horizontal_gridline6[4]
    SLICE_X159Y132       LUT3 (Prop_lut3_I2_O)        0.150     8.568 r  datapath/video_inst/Inst_vga/u_vga_sig/dc_bias[3]_i_470/O
                         net (fo=2, routed)           0.650     9.218    datapath/video_inst/Inst_vga/u_color/dc_bias[3]_i_541_2[1]
    SLICE_X156Y129       CARRY4 (Prop_carry4_DI[3]_CO[3])
                                                      0.587     9.805 r  datapath/video_inst/Inst_vga/u_color/dc_bias_reg[3]_i_478/CO[3]
                         net (fo=1, routed)           0.000     9.805    datapath/video_inst/Inst_vga/u_color/dc_bias_reg[3]_i_478_n_0
    SLICE_X156Y130       CARRY4 (Prop_carry4_CI_CO[3])
                                                      0.114     9.919 r  datapath/video_inst/Inst_vga/u_color/dc_bias_reg[3]_i_389/CO[3]
                         net (fo=1, routed)           0.000     9.919    datapath/video_inst/Inst_vga/u_color/dc_bias_reg[3]_i_389_n_0
    SLICE_X156Y131       CARRY4 (Prop_carry4_CI_CO[3])
                                                      0.114    10.033 f  datapath/video_inst/Inst_vga/u_color/dc_bias_reg[3]_i_263/CO[3]
                         net (fo=42, routed)          1.438    11.471    datapath/video_inst/Inst_vga/u_vga_sig/dc_bias_reg[3]_i_212[0]
    SLICE_X153Y132       LUT3 (Prop_lut3_I0_O)        0.152    11.623 r  datapath/video_inst/Inst_vga/u_vga_sig/dc_bias[3]_i_274/O
                         net (fo=2, routed)           0.839    12.462    datapath/video_inst/Inst_vga/u_color/dc_bias_reg[3]_i_212_0[2]
    SLICE_X159Y135       LUT4 (Prop_lut4_I0_O)        0.326    12.788 r  datapath/video_inst/Inst_vga/u_color/dc_bias[3]_i_277/O
                         net (fo=1, routed)           0.000    12.788    datapath/video_inst/Inst_vga/u_color/dc_bias[3]_i_277_n_0
    SLICE_X159Y135       CARRY4 (Prop_carry4_S[3]_CO[3])
                                                      0.401    13.189 r  datapath/video_inst/Inst_vga/u_color/dc_bias_reg[3]_i_212/CO[3]
                         net (fo=1, routed)           0.000    13.189    datapath/video_inst/Inst_vga/u_color/dc_bias_reg[3]_i_212_n_0
    SLICE_X159Y136       CARRY4 (Prop_carry4_CI_O[1])
                                                      0.334    13.523 r  datapath/video_inst/Inst_vga/u_color/dc_bias_reg[3]_i_215/O[1]
                         net (fo=4, routed)           0.857    14.380    datapath/video_inst/Inst_vga/u_color/dc_bias_reg[3]_i_215_n_6
    SLICE_X160Y137       LUT6 (Prop_lut6_I3_O)        0.303    14.683 r  datapath/video_inst/Inst_vga/u_color/dc_bias[3]_i_197/O
                         net (fo=2, routed)           0.574    15.257    datapath/video_inst/Inst_vga/u_color/dc_bias[3]_i_197_n_0
    SLICE_X158Y137       LUT6 (Prop_lut6_I0_O)        0.124    15.381 r  datapath/video_inst/Inst_vga/u_color/dc_bias[3]_i_200/O
                         net (fo=1, routed)           0.000    15.381    datapath/video_inst/Inst_vga/u_color/dc_bias[3]_i_200_n_0
    SLICE_X158Y137       CARRY4 (Prop_carry4_S[0]_O[1])
                                                      0.427    15.808 r  datapath/video_inst/Inst_vga/u_color/dc_bias_reg[3]_i_142/O[1]
                         net (fo=2, routed)           0.681    16.489    datapath/video_inst/Inst_vga/u_color/dc_bias_reg[3]_i_142_n_6
    SLICE_X155Y136       LUT2 (Prop_lut2_I0_O)        0.306    16.795 r  datapath/video_inst/Inst_vga/u_color/dc_bias[3]_i_144/O
                         net (fo=1, routed)           0.000    16.795    datapath/video_inst/Inst_vga/u_color/dc_bias[3]_i_144_n_0
    SLICE_X155Y136       CARRY4 (Prop_carry4_S[1]_O[1])
                                                      0.227    17.022 r  datapath/video_inst/Inst_vga/u_color/dc_bias_reg[3]_i_110/O[1]
                         net (fo=1, routed)           0.829    17.851    datapath/video_inst/Inst_vga/u_vga_sig/dc_bias_reg[3]_i_22[1]
    SLICE_X146Y135       LUT2 (Prop_lut2_I1_O)        0.303    18.154 r  datapath/video_inst/Inst_vga/u_vga_sig/dc_bias[3]_i_53/O
                         net (fo=1, routed)           0.000    18.154    datapath/video_inst/Inst_vga/u_color/dc_bias[3]_i_9_1[3]
    SLICE_X146Y135       CARRY4 (Prop_carry4_S[3]_O[3])
                                                      0.255    18.409 f  datapath/video_inst/Inst_vga/u_color/dc_bias_reg[3]_i_22/O[3]
                         net (fo=3, routed)           0.815    19.224    datapath/video_inst/Inst_vga/u_color/current_pos_reg[row][0]_4[1]
    SLICE_X146Y134       LUT4 (Prop_lut4_I1_O)        0.329    19.553 f  datapath/video_inst/Inst_vga/u_color/dc_bias[3]_i_9/O
                         net (fo=1, routed)           0.845    20.398    datapath/video_inst/Inst_vga/u_color/dc_bias[3]_i_9_n_0
    SLICE_X146Y134       LUT6 (Prop_lut6_I0_O)        0.328    20.726 r  datapath/video_inst/Inst_vga/u_color/dc_bias[3]_i_3__0/O
                         net (fo=4, routed)           0.311    21.037    datapath/video_inst/Inst_vga/u_vga_sig/encoded_reg[1]
    SLICE_X145Y134       LUT6 (Prop_lut6_I1_O)        0.124    21.161 r  datapath/video_inst/Inst_vga/u_vga_sig/dc_bias[3]_i_2/O
                         net (fo=10, routed)          1.776    22.937    datapath/video_inst/inst_dvid/TDMS_encoder_blue/pixel[color][0]
    SLICE_X163Y137       LUT6 (Prop_lut6_I4_O)        0.124    23.061 r  datapath/video_inst/inst_dvid/TDMS_encoder_blue/dc_bias[1]_i_1/O
                         net (fo=1, routed)           0.000    23.061    datapath/video_inst/inst_dvid/TDMS_encoder_blue/dc_bias[1]_i_1_n_0
    SLICE_X163Y137       FDRE                                         r  datapath/video_inst/inst_dvid/TDMS_encoder_blue/dc_bias_reg[1]/D
  -------------------------------------------------------------------    -------------------

                         (clock clk_out1_clk_wiz_2 rise edge)
                                                     40.000    40.000 r  
    BUFGCTRL_X0Y2        BUFG                         0.000    40.000 r  clk_IBUF_BUFG_inst/O
                         net (fo=303, routed)         1.972    41.972    datapath/video_inst/mmcm_adv_inst_display_clocks/inst/clk_in1
    MMCME2_ADV_X1Y0      MMCME2_ADV (Prop_mmcme2_adv_CLKIN1_CLKOUT0)
                                                     -4.637    37.335 r  datapath/video_inst/mmcm_adv_inst_display_clocks/inst/mmcm_adv_inst/CLKOUT0
                         net (fo=1, routed)           2.574    39.909    datapath/video_inst/mmcm_adv_inst_display_clocks/inst/clk_out1_clk_wiz_2
    BUFGCTRL_X0Y4        BUFG (Prop_bufg_I_O)         0.091    40.000 r  datapath/video_inst/mmcm_adv_inst_display_clocks/inst/clkout1_buf/O
                         net (fo=83, routed)          1.709    41.709    datapath/video_inst/inst_dvid/TDMS_encoder_blue/clk_out1
    SLICE_X163Y137       FDRE                                         r  datapath/video_inst/inst_dvid/TDMS_encoder_blue/dc_bias_reg[1]/C
                         clock pessimism              0.075    41.784    
                         clock uncertainty           -0.095    41.690    
    SLICE_X163Y137       FDRE (Setup_fdre_C_D)        0.029    41.719    datapath/video_inst/inst_dvid/TDMS_encoder_blue/dc_bias_reg[1]
  -------------------------------------------------------------------
                         required time                         41.719    
                         arrival time                         -23.061    
  -------------------------------------------------------------------
                         slack                                 18.657    

Slack (MET) :             18.657ns  (required time - arrival time)
  Source:                 datapath/video_inst/Inst_vga/u_vga_sig/current_pos_reg[row][3]/C
                            (rising edge-triggered cell FDRE clocked by clk_out1_clk_wiz_2  {rise@0.000ns fall@20.000ns period=40.000ns})
  Destination:            datapath/video_inst/inst_dvid/TDMS_encoder_blue/dc_bias_reg[2]/D
                            (rising edge-triggered cell FDRE clocked by clk_out1_clk_wiz_2  {rise@0.000ns fall@20.000ns period=40.000ns})
  Path Group:             clk_out1_clk_wiz_2
  Path Type:              Setup (Max at Slow Process Corner)
  Requirement:            40.000ns  (clk_out1_clk_wiz_2 rise@40.000ns - clk_out1_clk_wiz_2 rise@0.000ns)
  Data Path Delay:        21.312ns  (logic 6.144ns (28.829%)  route 15.168ns (71.171%))
  Logic Levels:           22  (CARRY4=8 LUT2=2 LUT3=2 LUT4=3 LUT5=2 LUT6=5)
  Clock Path Skew:        0.033ns (DCD - SCD + CPR)
    Destination Clock Delay (DCD):    1.709ns = ( 41.709 - 40.000 ) 
    Source Clock Delay      (SCD):    1.751ns
    Clock Pessimism Removal (CPR):    0.075ns
  Clock Uncertainty:      0.095ns  ((TSJ^2 + DJ^2)^1/2) / 2 + PE
    Total System Jitter     (TSJ):    0.071ns
    Discrete Jitter          (DJ):    0.175ns
    Phase Error              (PE):    0.000ns

    Location             Delay type                Incr(ns)  Path(ns)    Netlist Resource(s)
  -------------------------------------------------------------------    -------------------
                         (clock clk_out1_clk_wiz_2 rise edge)
                                                      0.000     0.000 r  
    BUFGCTRL_X0Y2        BUFG                         0.000     0.000 r  clk_IBUF_BUFG_inst/O
                         net (fo=303, routed)         2.106     2.106    datapath/video_inst/mmcm_adv_inst_display_clocks/inst/clk_in1
    MMCME2_ADV_X1Y0      MMCME2_ADV (Prop_mmcme2_adv_CLKIN1_CLKOUT0)
                                                     -4.900    -2.793 r  datapath/video_inst/mmcm_adv_inst_display_clocks/inst/mmcm_adv_inst/CLKOUT0
                         net (fo=1, routed)           2.697    -0.096    datapath/video_inst/mmcm_adv_inst_display_clocks/inst/clk_out1_clk_wiz_2
    BUFGCTRL_X0Y4        BUFG (Prop_bufg_I_O)         0.096    -0.000 r  datapath/video_inst/mmcm_adv_inst_display_clocks/inst/clkout1_buf/O
                         net (fo=83, routed)          1.751     1.751    datapath/video_inst/Inst_vga/u_vga_sig/clk_out1
    SLICE_X150Y136       FDRE                                         r  datapath/video_inst/Inst_vga/u_vga_sig/current_pos_reg[row][3]/C
  -------------------------------------------------------------------    -------------------
    SLICE_X150Y136       FDRE (Prop_fdre_C_Q)         0.518     2.269 r  datapath/video_inst/Inst_vga/u_vga_sig/current_pos_reg[row][3]/Q
                         net (fo=44, routed)          2.103     4.372    datapath/video_inst/Inst_vga/u_vga_sig/Q[3]
    SLICE_X150Y128       LUT4 (Prop_lut4_I3_O)        0.146     4.518 r  datapath/video_inst/Inst_vga/u_vga_sig/dc_bias[3]_i_15__0/O
                         net (fo=5, routed)           1.261     5.779    datapath/video_inst/Inst_vga/u_vga_sig/dc_bias[3]_i_15__0_n_0
    SLICE_X153Y131       LUT5 (Prop_lut5_I0_O)        0.328     6.107 f  datapath/video_inst/Inst_vga/u_vga_sig/dc_bias[3]_i_11/O
                         net (fo=39, routed)          0.790     6.896    datapath/video_inst/Inst_vga/u_vga_sig/current_pos_reg[row][8]_3
    SLICE_X153Y134       LUT5 (Prop_lut5_I0_O)        0.124     7.020 r  datapath/video_inst/Inst_vga/u_vga_sig/dc_bias[3]_i_37/O
                         net (fo=60, routed)          1.398     8.418    datapath/video_inst/Inst_vga/u_vga_sig/is_horizontal_gridline6[4]
    SLICE_X159Y132       LUT3 (Prop_lut3_I2_O)        0.150     8.568 r  datapath/video_inst/Inst_vga/u_vga_sig/dc_bias[3]_i_470/O
                         net (fo=2, routed)           0.650     9.218    datapath/video_inst/Inst_vga/u_color/dc_bias[3]_i_541_2[1]
    SLICE_X156Y129       CARRY4 (Prop_carry4_DI[3]_CO[3])
                                                      0.587     9.805 r  datapath/video_inst/Inst_vga/u_color/dc_bias_reg[3]_i_478/CO[3]
                         net (fo=1, routed)           0.000     9.805    datapath/video_inst/Inst_vga/u_color/dc_bias_reg[3]_i_478_n_0
    SLICE_X156Y130       CARRY4 (Prop_carry4_CI_CO[3])
                                                      0.114     9.919 r  datapath/video_inst/Inst_vga/u_color/dc_bias_reg[3]_i_389/CO[3]
                         net (fo=1, routed)           0.000     9.919    datapath/video_inst/Inst_vga/u_color/dc_bias_reg[3]_i_389_n_0
    SLICE_X156Y131       CARRY4 (Prop_carry4_CI_CO[3])
                                                      0.114    10.033 f  datapath/video_inst/Inst_vga/u_color/dc_bias_reg[3]_i_263/CO[3]
                         net (fo=42, routed)          1.438    11.471    datapath/video_inst/Inst_vga/u_vga_sig/dc_bias_reg[3]_i_212[0]
    SLICE_X153Y132       LUT3 (Prop_lut3_I0_O)        0.152    11.623 r  datapath/video_inst/Inst_vga/u_vga_sig/dc_bias[3]_i_274/O
                         net (fo=2, routed)           0.839    12.462    datapath/video_inst/Inst_vga/u_color/dc_bias_reg[3]_i_212_0[2]
    SLICE_X159Y135       LUT4 (Prop_lut4_I0_O)        0.326    12.788 r  datapath/video_inst/Inst_vga/u_color/dc_bias[3]_i_277/O
                         net (fo=1, routed)           0.000    12.788    datapath/video_inst/Inst_vga/u_color/dc_bias[3]_i_277_n_0
    SLICE_X159Y135       CARRY4 (Prop_carry4_S[3]_CO[3])
                                                      0.401    13.189 r  datapath/video_inst/Inst_vga/u_color/dc_bias_reg[3]_i_212/CO[3]
                         net (fo=1, routed)           0.000    13.189    datapath/video_inst/Inst_vga/u_color/dc_bias_reg[3]_i_212_n_0
    SLICE_X159Y136       CARRY4 (Prop_carry4_CI_O[1])
                                                      0.334    13.523 r  datapath/video_inst/Inst_vga/u_color/dc_bias_reg[3]_i_215/O[1]
                         net (fo=4, routed)           0.857    14.380    datapath/video_inst/Inst_vga/u_color/dc_bias_reg[3]_i_215_n_6
    SLICE_X160Y137       LUT6 (Prop_lut6_I3_O)        0.303    14.683 r  datapath/video_inst/Inst_vga/u_color/dc_bias[3]_i_197/O
                         net (fo=2, routed)           0.574    15.257    datapath/video_inst/Inst_vga/u_color/dc_bias[3]_i_197_n_0
    SLICE_X158Y137       LUT6 (Prop_lut6_I0_O)        0.124    15.381 r  datapath/video_inst/Inst_vga/u_color/dc_bias[3]_i_200/O
                         net (fo=1, routed)           0.000    15.381    datapath/video_inst/Inst_vga/u_color/dc_bias[3]_i_200_n_0
    SLICE_X158Y137       CARRY4 (Prop_carry4_S[0]_O[1])
                                                      0.427    15.808 r  datapath/video_inst/Inst_vga/u_color/dc_bias_reg[3]_i_142/O[1]
                         net (fo=2, routed)           0.681    16.489    datapath/video_inst/Inst_vga/u_color/dc_bias_reg[3]_i_142_n_6
    SLICE_X155Y136       LUT2 (Prop_lut2_I0_O)        0.306    16.795 r  datapath/video_inst/Inst_vga/u_color/dc_bias[3]_i_144/O
                         net (fo=1, routed)           0.000    16.795    datapath/video_inst/Inst_vga/u_color/dc_bias[3]_i_144_n_0
    SLICE_X155Y136       CARRY4 (Prop_carry4_S[1]_O[1])
                                                      0.227    17.022 r  datapath/video_inst/Inst_vga/u_color/dc_bias_reg[3]_i_110/O[1]
                         net (fo=1, routed)           0.829    17.851    datapath/video_inst/Inst_vga/u_vga_sig/dc_bias_reg[3]_i_22[1]
    SLICE_X146Y135       LUT2 (Prop_lut2_I1_O)        0.303    18.154 r  datapath/video_inst/Inst_vga/u_vga_sig/dc_bias[3]_i_53/O
                         net (fo=1, routed)           0.000    18.154    datapath/video_inst/Inst_vga/u_color/dc_bias[3]_i_9_1[3]
    SLICE_X146Y135       CARRY4 (Prop_carry4_S[3]_O[3])
                                                      0.255    18.409 f  datapath/video_inst/Inst_vga/u_color/dc_bias_reg[3]_i_22/O[3]
                         net (fo=3, routed)           0.815    19.224    datapath/video_inst/Inst_vga/u_color/current_pos_reg[row][0]_4[1]
    SLICE_X146Y134       LUT4 (Prop_lut4_I1_O)        0.329    19.553 f  datapath/video_inst/Inst_vga/u_color/dc_bias[3]_i_9/O
                         net (fo=1, routed)           0.845    20.398    datapath/video_inst/Inst_vga/u_color/dc_bias[3]_i_9_n_0
    SLICE_X146Y134       LUT6 (Prop_lut6_I0_O)        0.328    20.726 r  datapath/video_inst/Inst_vga/u_color/dc_bias[3]_i_3__0/O
                         net (fo=4, routed)           0.311    21.037    datapath/video_inst/Inst_vga/u_vga_sig/encoded_reg[1]
    SLICE_X145Y134       LUT6 (Prop_lut6_I1_O)        0.124    21.161 r  datapath/video_inst/Inst_vga/u_vga_sig/dc_bias[3]_i_2/O
                         net (fo=10, routed)          1.778    22.939    datapath/video_inst/inst_dvid/TDMS_encoder_blue/pixel[color][0]
    SLICE_X163Y137       LUT6 (Prop_lut6_I4_O)        0.124    23.063 r  datapath/video_inst/inst_dvid/TDMS_encoder_blue/dc_bias[2]_i_1/O
                         net (fo=1, routed)           0.000    23.063    datapath/video_inst/inst_dvid/TDMS_encoder_blue/dc_bias[2]_i_1_n_0
    SLICE_X163Y137       FDRE                                         r  datapath/video_inst/inst_dvid/TDMS_encoder_blue/dc_bias_reg[2]/D
  -------------------------------------------------------------------    -------------------

                         (clock clk_out1_clk_wiz_2 rise edge)
                                                     40.000    40.000 r  
    BUFGCTRL_X0Y2        BUFG                         0.000    40.000 r  clk_IBUF_BUFG_inst/O
                         net (fo=303, routed)         1.972    41.972    datapath/video_inst/mmcm_adv_inst_display_clocks/inst/clk_in1
    MMCME2_ADV_X1Y0      MMCME2_ADV (Prop_mmcme2_adv_CLKIN1_CLKOUT0)
                                                     -4.637    37.335 r  datapath/video_inst/mmcm_adv_inst_display_clocks/inst/mmcm_adv_inst/CLKOUT0
                         net (fo=1, routed)           2.574    39.909    datapath/video_inst/mmcm_adv_inst_display_clocks/inst/clk_out1_clk_wiz_2
    BUFGCTRL_X0Y4        BUFG (Prop_bufg_I_O)         0.091    40.000 r  datapath/video_inst/mmcm_adv_inst_display_clocks/inst/clkout1_buf/O
                         net (fo=83, routed)          1.709    41.709    datapath/video_inst/inst_dvid/TDMS_encoder_blue/clk_out1
    SLICE_X163Y137       FDRE                                         r  datapath/video_inst/inst_dvid/TDMS_encoder_blue/dc_bias_reg[2]/C
                         clock pessimism              0.075    41.784    
                         clock uncertainty           -0.095    41.690    
    SLICE_X163Y137       FDRE (Setup_fdre_C_D)        0.031    41.721    datapath/video_inst/inst_dvid/TDMS_encoder_blue/dc_bias_reg[2]
  -------------------------------------------------------------------
                         required time                         41.721    
                         arrival time                         -23.063    
  -------------------------------------------------------------------
                         slack                                 18.657    





Min Delay Paths
--------------------------------------------------------------------------------------
Slack (MET) :             0.124ns  (arrival time - required time)
  Source:                 datapath/video_inst/inst_dvid/TDMS_encoder_blue/encoded_reg[2]/C
                            (rising edge-triggered cell FDRE clocked by clk_out1_clk_wiz_2  {rise@0.000ns fall@20.000ns period=40.000ns})
  Destination:            datapath/video_inst/inst_dvid/latched_blue_reg[2]/D
                            (rising edge-triggered cell FDRE clocked by clk_out1_clk_wiz_2  {rise@0.000ns fall@20.000ns period=40.000ns})
  Path Group:             clk_out1_clk_wiz_2
  Path Type:              Hold (Min at Fast Process Corner)
  Requirement:            0.000ns  (clk_out1_clk_wiz_2 rise@0.000ns - clk_out1_clk_wiz_2 rise@0.000ns)
  Data Path Delay:        0.200ns  (logic 0.141ns (70.589%)  route 0.059ns (29.411%))
  Logic Levels:           0  
  Clock Path Skew:        0.000ns (DCD - SCD - CPR)
    Destination Clock Delay (DCD):    0.919ns
    Source Clock Delay      (SCD):    0.646ns
    Clock Pessimism Removal (CPR):    0.273ns

    Location             Delay type                Incr(ns)  Path(ns)    Netlist Resource(s)
  -------------------------------------------------------------------    -------------------
                         (clock clk_out1_clk_wiz_2 rise edge)
                                                      0.000     0.000 r  
    BUFGCTRL_X0Y2        BUFG                         0.000     0.000 r  clk_IBUF_BUFG_inst/O
                         net (fo=303, routed)         0.745     0.745    datapath/video_inst/mmcm_adv_inst_display_clocks/inst/clk_in1
    MMCME2_ADV_X1Y0      MMCME2_ADV (Prop_mmcme2_adv_CLKIN1_CLKOUT0)
                                                     -1.683    -0.938 r  datapath/video_inst/mmcm_adv_inst_display_clocks/inst/mmcm_adv_inst/CLKOUT0
                         net (fo=1, routed)           0.912    -0.026    datapath/video_inst/mmcm_adv_inst_display_clocks/inst/clk_out1_clk_wiz_2
    BUFGCTRL_X0Y4        BUFG (Prop_bufg_I_O)         0.026    -0.000 r  datapath/video_inst/mmcm_adv_inst_display_clocks/inst/clkout1_buf/O
                         net (fo=83, routed)          0.646     0.646    datapath/video_inst/inst_dvid/TDMS_encoder_blue/clk_out1
    SLICE_X160Y138       FDRE                                         r  datapath/video_inst/inst_dvid/TDMS_encoder_blue/encoded_reg[2]/C
  -------------------------------------------------------------------    -------------------
    SLICE_X160Y138       FDRE (Prop_fdre_C_Q)         0.141     0.787 r  datapath/video_inst/inst_dvid/TDMS_encoder_blue/encoded_reg[2]/Q
                         net (fo=1, routed)           0.059     0.845    datapath/video_inst/inst_dvid/TDMS_encoder_blue_n_5
    SLICE_X160Y138       FDRE                                         r  datapath/video_inst/inst_dvid/latched_blue_reg[2]/D
  -------------------------------------------------------------------    -------------------

                         (clock clk_out1_clk_wiz_2 rise edge)
                                                      0.000     0.000 r  
    BUFGCTRL_X0Y2        BUFG                         0.000     0.000 r  clk_IBUF_BUFG_inst/O
                         net (fo=303, routed)         1.022     1.022    datapath/video_inst/mmcm_adv_inst_display_clocks/inst/clk_in1
    MMCME2_ADV_X1Y0      MMCME2_ADV (Prop_mmcme2_adv_CLKIN1_CLKOUT0)
                                                     -2.040    -1.018 r  datapath/video_inst/mmcm_adv_inst_display_clocks/inst/mmcm_adv_inst/CLKOUT0
                         net (fo=1, routed)           0.989    -0.029    datapath/video_inst/mmcm_adv_inst_display_clocks/inst/clk_out1_clk_wiz_2
    BUFGCTRL_X0Y4        BUFG (Prop_bufg_I_O)         0.029    -0.000 r  datapath/video_inst/mmcm_adv_inst_display_clocks/inst/clkout1_buf/O
                         net (fo=83, routed)          0.919     0.919    datapath/video_inst/inst_dvid/clk_out1
    SLICE_X160Y138       FDRE                                         r  datapath/video_inst/inst_dvid/latched_blue_reg[2]/C
                         clock pessimism             -0.273     0.646    
    SLICE_X160Y138       FDRE (Hold_fdre_C_D)         0.076     0.722    datapath/video_inst/inst_dvid/latched_blue_reg[2]
  -------------------------------------------------------------------
                         required time                         -0.722    
                         arrival time                           0.845    
  -------------------------------------------------------------------
                         slack                                  0.124    

Slack (MET) :             0.125ns  (arrival time - required time)
  Source:                 datapath/video_inst/inst_dvid/TDMS_encoder_blue/encoded_reg[4]/C
                            (rising edge-triggered cell FDRE clocked by clk_out1_clk_wiz_2  {rise@0.000ns fall@20.000ns period=40.000ns})
  Destination:            datapath/video_inst/inst_dvid/latched_blue_reg[4]/D
                            (rising edge-triggered cell FDRE clocked by clk_out1_clk_wiz_2  {rise@0.000ns fall@20.000ns period=40.000ns})
  Path Group:             clk_out1_clk_wiz_2
  Path Type:              Hold (Min at Fast Process Corner)
  Requirement:            0.000ns  (clk_out1_clk_wiz_2 rise@0.000ns - clk_out1_clk_wiz_2 rise@0.000ns)
  Data Path Delay:        0.203ns  (logic 0.141ns (69.572%)  route 0.062ns (30.428%))
  Logic Levels:           0  
  Clock Path Skew:        0.000ns (DCD - SCD - CPR)
    Destination Clock Delay (DCD):    0.919ns
    Source Clock Delay      (SCD):    0.646ns
    Clock Pessimism Removal (CPR):    0.273ns

    Location             Delay type                Incr(ns)  Path(ns)    Netlist Resource(s)
  -------------------------------------------------------------------    -------------------
                         (clock clk_out1_clk_wiz_2 rise edge)
                                                      0.000     0.000 r  
    BUFGCTRL_X0Y2        BUFG                         0.000     0.000 r  clk_IBUF_BUFG_inst/O
                         net (fo=303, routed)         0.745     0.745    datapath/video_inst/mmcm_adv_inst_display_clocks/inst/clk_in1
    MMCME2_ADV_X1Y0      MMCME2_ADV (Prop_mmcme2_adv_CLKIN1_CLKOUT0)
                                                     -1.683    -0.938 r  datapath/video_inst/mmcm_adv_inst_display_clocks/inst/mmcm_adv_inst/CLKOUT0
                         net (fo=1, routed)           0.912    -0.026    datapath/video_inst/mmcm_adv_inst_display_clocks/inst/clk_out1_clk_wiz_2
    BUFGCTRL_X0Y4        BUFG (Prop_bufg_I_O)         0.026    -0.000 r  datapath/video_inst/mmcm_adv_inst_display_clocks/inst/clkout1_buf/O
                         net (fo=83, routed)          0.646     0.646    datapath/video_inst/inst_dvid/TDMS_encoder_blue/clk_out1
    SLICE_X160Y138       FDRE                                         r  datapath/video_inst/inst_dvid/TDMS_encoder_blue/encoded_reg[4]/C
  -------------------------------------------------------------------    -------------------
    SLICE_X160Y138       FDRE (Prop_fdre_C_Q)         0.141     0.787 r  datapath/video_inst/inst_dvid/TDMS_encoder_blue/encoded_reg[4]/Q
                         net (fo=1, routed)           0.062     0.848    datapath/video_inst/inst_dvid/TDMS_encoder_blue_n_4
    SLICE_X160Y138       FDRE                                         r  datapath/video_inst/inst_dvid/latched_blue_reg[4]/D
  -------------------------------------------------------------------    -------------------

                         (clock clk_out1_clk_wiz_2 rise edge)
                                                      0.000     0.000 r  
    BUFGCTRL_X0Y2        BUFG                         0.000     0.000 r  clk_IBUF_BUFG_inst/O
                         net (fo=303, routed)         1.022     1.022    datapath/video_inst/mmcm_adv_inst_display_clocks/inst/clk_in1
    MMCME2_ADV_X1Y0      MMCME2_ADV (Prop_mmcme2_adv_CLKIN1_CLKOUT0)
                                                     -2.040    -1.018 r  datapath/video_inst/mmcm_adv_inst_display_clocks/inst/mmcm_adv_inst/CLKOUT0
                         net (fo=1, routed)           0.989    -0.029    datapath/video_inst/mmcm_adv_inst_display_clocks/inst/clk_out1_clk_wiz_2
    BUFGCTRL_X0Y4        BUFG (Prop_bufg_I_O)         0.029    -0.000 r  datapath/video_inst/mmcm_adv_inst_display_clocks/inst/clkout1_buf/O
                         net (fo=83, routed)          0.919     0.919    datapath/video_inst/inst_dvid/clk_out1
    SLICE_X160Y138       FDRE                                         r  datapath/video_inst/inst_dvid/latched_blue_reg[4]/C
                         clock pessimism             -0.273     0.646    
    SLICE_X160Y138       FDRE (Hold_fdre_C_D)         0.078     0.724    datapath/video_inst/inst_dvid/latched_blue_reg[4]
  -------------------------------------------------------------------
                         required time                         -0.724    
                         arrival time                           0.848    
  -------------------------------------------------------------------
                         slack                                  0.125    

Slack (MET) :             0.128ns  (arrival time - required time)
  Source:                 datapath/video_inst/inst_dvid/TDMS_encoder_blue/encoded_reg[1]/C
                            (rising edge-triggered cell FDRE clocked by clk_out1_clk_wiz_2  {rise@0.000ns fall@20.000ns period=40.000ns})
  Destination:            datapath/video_inst/inst_dvid/latched_blue_reg[1]/D
                            (rising edge-triggered cell FDRE clocked by clk_out1_clk_wiz_2  {rise@0.000ns fall@20.000ns period=40.000ns})
  Path Group:             clk_out1_clk_wiz_2
  Path Type:              Hold (Min at Fast Process Corner)
  Requirement:            0.000ns  (clk_out1_clk_wiz_2 rise@0.000ns - clk_out1_clk_wiz_2 rise@0.000ns)
  Data Path Delay:        0.199ns  (logic 0.141ns (70.953%)  route 0.058ns (29.047%))
  Logic Levels:           0  
  Clock Path Skew:        0.000ns (DCD - SCD - CPR)
    Destination Clock Delay (DCD):    0.919ns
    Source Clock Delay      (SCD):    0.646ns
    Clock Pessimism Removal (CPR):    0.273ns

    Location             Delay type                Incr(ns)  Path(ns)    Netlist Resource(s)
  -------------------------------------------------------------------    -------------------
                         (clock clk_out1_clk_wiz_2 rise edge)
                                                      0.000     0.000 r  
    BUFGCTRL_X0Y2        BUFG                         0.000     0.000 r  clk_IBUF_BUFG_inst/O
                         net (fo=303, routed)         0.745     0.745    datapath/video_inst/mmcm_adv_inst_display_clocks/inst/clk_in1
    MMCME2_ADV_X1Y0      MMCME2_ADV (Prop_mmcme2_adv_CLKIN1_CLKOUT0)
                                                     -1.683    -0.938 r  datapath/video_inst/mmcm_adv_inst_display_clocks/inst/mmcm_adv_inst/CLKOUT0
                         net (fo=1, routed)           0.912    -0.026    datapath/video_inst/mmcm_adv_inst_display_clocks/inst/clk_out1_clk_wiz_2
    BUFGCTRL_X0Y4        BUFG (Prop_bufg_I_O)         0.026    -0.000 r  datapath/video_inst/mmcm_adv_inst_display_clocks/inst/clkout1_buf/O
                         net (fo=83, routed)          0.646     0.646    datapath/video_inst/inst_dvid/TDMS_encoder_blue/clk_out1
    SLICE_X160Y138       FDRE                                         r  datapath/video_inst/inst_dvid/TDMS_encoder_blue/encoded_reg[1]/C
  -------------------------------------------------------------------    -------------------
    SLICE_X160Y138       FDRE (Prop_fdre_C_Q)         0.141     0.787 r  datapath/video_inst/inst_dvid/TDMS_encoder_blue/encoded_reg[1]/Q
                         net (fo=1, routed)           0.058     0.844    datapath/video_inst/inst_dvid/TDMS_encoder_blue_n_6
    SLICE_X160Y138       FDRE                                         r  datapath/video_inst/inst_dvid/latched_blue_reg[1]/D
  -------------------------------------------------------------------    -------------------

                         (clock clk_out1_clk_wiz_2 rise edge)
                                                      0.000     0.000 r  
    BUFGCTRL_X0Y2        BUFG                         0.000     0.000 r  clk_IBUF_BUFG_inst/O
                         net (fo=303, routed)         1.022     1.022    datapath/video_inst/mmcm_adv_inst_display_clocks/inst/clk_in1
    MMCME2_ADV_X1Y0      MMCME2_ADV (Prop_mmcme2_adv_CLKIN1_CLKOUT0)
                                                     -2.040    -1.018 r  datapath/video_inst/mmcm_adv_inst_display_clocks/inst/mmcm_adv_inst/CLKOUT0
                         net (fo=1, routed)           0.989    -0.029    datapath/video_inst/mmcm_adv_inst_display_clocks/inst/clk_out1_clk_wiz_2
    BUFGCTRL_X0Y4        BUFG (Prop_bufg_I_O)         0.029    -0.000 r  datapath/video_inst/mmcm_adv_inst_display_clocks/inst/clkout1_buf/O
                         net (fo=83, routed)          0.919     0.919    datapath/video_inst/inst_dvid/clk_out1
    SLICE_X160Y138       FDRE                                         r  datapath/video_inst/inst_dvid/latched_blue_reg[1]/C
                         clock pessimism             -0.273     0.646    
    SLICE_X160Y138       FDRE (Hold_fdre_C_D)         0.071     0.717    datapath/video_inst/inst_dvid/latched_blue_reg[1]
  -------------------------------------------------------------------
                         required time                         -0.717    
                         arrival time                           0.844    
  -------------------------------------------------------------------
                         slack                                  0.128    

Slack (MET) :             0.131ns  (arrival time - required time)
  Source:                 datapath/video_inst/inst_dvid/TDMS_encoder_blue/encoded_reg[0]/C
                            (rising edge-triggered cell FDRE clocked by clk_out1_clk_wiz_2  {rise@0.000ns fall@20.000ns period=40.000ns})
  Destination:            datapath/video_inst/inst_dvid/latched_blue_reg[0]/D
                            (rising edge-triggered cell FDRE clocked by clk_out1_clk_wiz_2  {rise@0.000ns fall@20.000ns period=40.000ns})
  Path Group:             clk_out1_clk_wiz_2
  Path Type:              Hold (Min at Fast Process Corner)
  Requirement:            0.000ns  (clk_out1_clk_wiz_2 rise@0.000ns - clk_out1_clk_wiz_2 rise@0.000ns)
  Data Path Delay:        0.206ns  (logic 0.141ns (68.336%)  route 0.065ns (31.664%))
  Logic Levels:           0  
  Clock Path Skew:        0.000ns (DCD - SCD - CPR)
    Destination Clock Delay (DCD):    0.919ns
    Source Clock Delay      (SCD):    0.646ns
    Clock Pessimism Removal (CPR):    0.273ns

    Location             Delay type                Incr(ns)  Path(ns)    Netlist Resource(s)
  -------------------------------------------------------------------    -------------------
                         (clock clk_out1_clk_wiz_2 rise edge)
                                                      0.000     0.000 r  
    BUFGCTRL_X0Y2        BUFG                         0.000     0.000 r  clk_IBUF_BUFG_inst/O
                         net (fo=303, routed)         0.745     0.745    datapath/video_inst/mmcm_adv_inst_display_clocks/inst/clk_in1
    MMCME2_ADV_X1Y0      MMCME2_ADV (Prop_mmcme2_adv_CLKIN1_CLKOUT0)
                                                     -1.683    -0.938 r  datapath/video_inst/mmcm_adv_inst_display_clocks/inst/mmcm_adv_inst/CLKOUT0
                         net (fo=1, routed)           0.912    -0.026    datapath/video_inst/mmcm_adv_inst_display_clocks/inst/clk_out1_clk_wiz_2
    BUFGCTRL_X0Y4        BUFG (Prop_bufg_I_O)         0.026    -0.000 r  datapath/video_inst/mmcm_adv_inst_display_clocks/inst/clkout1_buf/O
                         net (fo=83, routed)          0.646     0.646    datapath/video_inst/inst_dvid/TDMS_encoder_blue/clk_out1
    SLICE_X160Y138       FDRE                                         r  datapath/video_inst/inst_dvid/TDMS_encoder_blue/encoded_reg[0]/C
  -------------------------------------------------------------------    -------------------
    SLICE_X160Y138       FDRE (Prop_fdre_C_Q)         0.141     0.787 r  datapath/video_inst/inst_dvid/TDMS_encoder_blue/encoded_reg[0]/Q
                         net (fo=1, routed)           0.065     0.852    datapath/video_inst/inst_dvid/TDMS_encoder_blue_n_7
    SLICE_X160Y138       FDRE                                         r  datapath/video_inst/inst_dvid/latched_blue_reg[0]/D
  -------------------------------------------------------------------    -------------------

                         (clock clk_out1_clk_wiz_2 rise edge)
                                                      0.000     0.000 r  
    BUFGCTRL_X0Y2        BUFG                         0.000     0.000 r  clk_IBUF_BUFG_inst/O
                         net (fo=303, routed)         1.022     1.022    datapath/video_inst/mmcm_adv_inst_display_clocks/inst/clk_in1
    MMCME2_ADV_X1Y0      MMCME2_ADV (Prop_mmcme2_adv_CLKIN1_CLKOUT0)
                                                     -2.040    -1.018 r  datapath/video_inst/mmcm_adv_inst_display_clocks/inst/mmcm_adv_inst/CLKOUT0
                         net (fo=1, routed)           0.989    -0.029    datapath/video_inst/mmcm_adv_inst_display_clocks/inst/clk_out1_clk_wiz_2
    BUFGCTRL_X0Y4        BUFG (Prop_bufg_I_O)         0.029    -0.000 r  datapath/video_inst/mmcm_adv_inst_display_clocks/inst/clkout1_buf/O
                         net (fo=83, routed)          0.919     0.919    datapath/video_inst/inst_dvid/clk_out1
    SLICE_X160Y138       FDRE                                         r  datapath/video_inst/inst_dvid/latched_blue_reg[0]/C
                         clock pessimism             -0.273     0.646    
    SLICE_X160Y138       FDRE (Hold_fdre_C_D)         0.075     0.721    datapath/video_inst/inst_dvid/latched_blue_reg[0]
  -------------------------------------------------------------------
                         required time                         -0.721    
                         arrival time                           0.852    
  -------------------------------------------------------------------
                         slack                                  0.131    

Slack (MET) :             0.142ns  (arrival time - required time)
  Source:                 datapath/video_inst/inst_dvid/TDMS_encoder_blue/dc_bias_reg[0]/C
                            (rising edge-triggered cell FDRE clocked by clk_out1_clk_wiz_2  {rise@0.000ns fall@20.000ns period=40.000ns})
  Destination:            datapath/video_inst/inst_dvid/TDMS_encoder_blue/dc_bias_reg[3]/D
                            (rising edge-triggered cell FDRE clocked by clk_out1_clk_wiz_2  {rise@0.000ns fall@20.000ns period=40.000ns})
  Path Group:             clk_out1_clk_wiz_2
  Path Type:              Hold (Min at Fast Process Corner)
  Requirement:            0.000ns  (clk_out1_clk_wiz_2 rise@0.000ns - clk_out1_clk_wiz_2 rise@0.000ns)
  Data Path Delay:        0.275ns  (logic 0.186ns (67.585%)  route 0.089ns (32.415%))
  Logic Levels:           1  (LUT6=1)
  Clock Path Skew:        0.013ns (DCD - SCD - CPR)
    Destination Clock Delay (DCD):    0.917ns
    Source Clock Delay      (SCD):    0.645ns
    Clock Pessimism Removal (CPR):    0.259ns

    Location             Delay type                Incr(ns)  Path(ns)    Netlist Resource(s)
  -------------------------------------------------------------------    -------------------
                         (clock clk_out1_clk_wiz_2 rise edge)
                                                      0.000     0.000 r  
    BUFGCTRL_X0Y2        BUFG                         0.000     0.000 r  clk_IBUF_BUFG_inst/O
                         net (fo=303, routed)         0.745     0.745    datapath/video_inst/mmcm_adv_inst_display_clocks/inst/clk_in1
    MMCME2_ADV_X1Y0      MMCME2_ADV (Prop_mmcme2_adv_CLKIN1_CLKOUT0)
                                                     -1.683    -0.938 r  datapath/video_inst/mmcm_adv_inst_display_clocks/inst/mmcm_adv_inst/CLKOUT0
                         net (fo=1, routed)           0.912    -0.026    datapath/video_inst/mmcm_adv_inst_display_clocks/inst/clk_out1_clk_wiz_2
    BUFGCTRL_X0Y4        BUFG (Prop_bufg_I_O)         0.026    -0.000 r  datapath/video_inst/mmcm_adv_inst_display_clocks/inst/clkout1_buf/O
                         net (fo=83, routed)          0.645     0.645    datapath/video_inst/inst_dvid/TDMS_encoder_blue/clk_out1
    SLICE_X163Y137       FDRE                                         r  datapath/video_inst/inst_dvid/TDMS_encoder_blue/dc_bias_reg[0]/C
  -------------------------------------------------------------------    -------------------
    SLICE_X163Y137       FDRE (Prop_fdre_C_Q)         0.141     0.786 r  datapath/video_inst/inst_dvid/TDMS_encoder_blue/dc_bias_reg[0]/Q
                         net (fo=5, routed)           0.089     0.875    datapath/video_inst/inst_dvid/TDMS_encoder_blue/dc_bias_reg_n_0_[0]
    SLICE_X162Y137       LUT6 (Prop_lut6_I1_O)        0.045     0.920 r  datapath/video_inst/inst_dvid/TDMS_encoder_blue/dc_bias[3]_i_1/O
                         net (fo=1, routed)           0.000     0.920    datapath/video_inst/inst_dvid/TDMS_encoder_blue/dc_bias[3]_i_1_n_0
    SLICE_X162Y137       FDRE                                         r  datapath/video_inst/inst_dvid/TDMS_encoder_blue/dc_bias_reg[3]/D
  -------------------------------------------------------------------    -------------------

                         (clock clk_out1_clk_wiz_2 rise edge)
                                                      0.000     0.000 r  
    BUFGCTRL_X0Y2        BUFG                         0.000     0.000 r  clk_IBUF_BUFG_inst/O
                         net (fo=303, routed)         1.022     1.022    datapath/video_inst/mmcm_adv_inst_display_clocks/inst/clk_in1
    MMCME2_ADV_X1Y0      MMCME2_ADV (Prop_mmcme2_adv_CLKIN1_CLKOUT0)
                                                     -2.040    -1.018 r  datapath/video_inst/mmcm_adv_inst_display_clocks/inst/mmcm_adv_inst/CLKOUT0
                         net (fo=1, routed)           0.989    -0.029    datapath/video_inst/mmcm_adv_inst_display_clocks/inst/clk_out1_clk_wiz_2
    BUFGCTRL_X0Y4        BUFG (Prop_bufg_I_O)         0.029    -0.000 r  datapath/video_inst/mmcm_adv_inst_display_clocks/inst/clkout1_buf/O
                         net (fo=83, routed)          0.917     0.917    datapath/video_inst/inst_dvid/TDMS_encoder_blue/clk_out1
    SLICE_X162Y137       FDRE                                         r  datapath/video_inst/inst_dvid/TDMS_encoder_blue/dc_bias_reg[3]/C
                         clock pessimism             -0.259     0.658    
    SLICE_X162Y137       FDRE (Hold_fdre_C_D)         0.120     0.778    datapath/video_inst/inst_dvid/TDMS_encoder_blue/dc_bias_reg[3]
  -------------------------------------------------------------------
                         required time                         -0.778    
                         arrival time                           0.920    
  -------------------------------------------------------------------
                         slack                                  0.142    

Slack (MET) :             0.144ns  (arrival time - required time)
  Source:                 datapath/video_inst/Inst_vga/u_vga_sig/v_counter/roll_tide_reg[6]/C
                            (rising edge-triggered cell FDRE clocked by clk_out1_clk_wiz_2  {rise@0.000ns fall@20.000ns period=40.000ns})
  Destination:            datapath/video_inst/Inst_vga/u_vga_sig/v_counter/roll_tide_reg[8]/D
                            (rising edge-triggered cell FDRE clocked by clk_out1_clk_wiz_2  {rise@0.000ns fall@20.000ns period=40.000ns})
  Path Group:             clk_out1_clk_wiz_2
  Path Type:              Hold (Min at Fast Process Corner)
  Requirement:            0.000ns  (clk_out1_clk_wiz_2 rise@0.000ns - clk_out1_clk_wiz_2 rise@0.000ns)
  Data Path Delay:        0.277ns  (logic 0.186ns (67.032%)  route 0.091ns (32.968%))
  Logic Levels:           1  (LUT6=1)
  Clock Path Skew:        0.013ns (DCD - SCD - CPR)
    Destination Clock Delay (DCD):    0.888ns
    Source Clock Delay      (SCD):    0.617ns
    Clock Pessimism Removal (CPR):    0.258ns

    Location             Delay type                Incr(ns)  Path(ns)    Netlist Resource(s)
  -------------------------------------------------------------------    -------------------
                         (clock clk_out1_clk_wiz_2 rise edge)
                                                      0.000     0.000 r  
    BUFGCTRL_X0Y2        BUFG                         0.000     0.000 r  clk_IBUF_BUFG_inst/O
                         net (fo=303, routed)         0.745     0.745    datapath/video_inst/mmcm_adv_inst_display_clocks/inst/clk_in1
    MMCME2_ADV_X1Y0      MMCME2_ADV (Prop_mmcme2_adv_CLKIN1_CLKOUT0)
                                                     -1.683    -0.938 r  datapath/video_inst/mmcm_adv_inst_display_clocks/inst/mmcm_adv_inst/CLKOUT0
                         net (fo=1, routed)           0.912    -0.026    datapath/video_inst/mmcm_adv_inst_display_clocks/inst/clk_out1_clk_wiz_2
    BUFGCTRL_X0Y4        BUFG (Prop_bufg_I_O)         0.026    -0.000 r  datapath/video_inst/mmcm_adv_inst_display_clocks/inst/clkout1_buf/O
                         net (fo=83, routed)          0.617     0.617    datapath/video_inst/Inst_vga/u_vga_sig/v_counter/clk_out1
    SLICE_X151Y137       FDRE                                         r  datapath/video_inst/Inst_vga/u_vga_sig/v_counter/roll_tide_reg[6]/C
  -------------------------------------------------------------------    -------------------
    SLICE_X151Y137       FDRE (Prop_fdre_C_Q)         0.141     0.758 r  datapath/video_inst/Inst_vga/u_vga_sig/v_counter/roll_tide_reg[6]/Q
                         net (fo=8, routed)           0.091     0.849    datapath/video_inst/Inst_vga/u_vga_sig/v_counter/Q[6]
    SLICE_X150Y137       LUT6 (Prop_lut6_I1_O)        0.045     0.894 r  datapath/video_inst/Inst_vga/u_vga_sig/v_counter/roll_tide[8]_i_1__0/O
                         net (fo=1, routed)           0.000     0.894    datapath/video_inst/Inst_vga/u_vga_sig/v_counter/roll_tide[8]
    SLICE_X150Y137       FDRE                                         r  datapath/video_inst/Inst_vga/u_vga_sig/v_counter/roll_tide_reg[8]/D
  -------------------------------------------------------------------    -------------------

                         (clock clk_out1_clk_wiz_2 rise edge)
                                                      0.000     0.000 r  
    BUFGCTRL_X0Y2        BUFG                         0.000     0.000 r  clk_IBUF_BUFG_inst/O
                         net (fo=303, routed)         1.022     1.022    datapath/video_inst/mmcm_adv_inst_display_clocks/inst/clk_in1
    MMCME2_ADV_X1Y0      MMCME2_ADV (Prop_mmcme2_adv_CLKIN1_CLKOUT0)
                                                     -2.040    -1.018 r  datapath/video_inst/mmcm_adv_inst_display_clocks/inst/mmcm_adv_inst/CLKOUT0
                         net (fo=1, routed)           0.989    -0.029    datapath/video_inst/mmcm_adv_inst_display_clocks/inst/clk_out1_clk_wiz_2
    BUFGCTRL_X0Y4        BUFG (Prop_bufg_I_O)         0.029    -0.000 r  datapath/video_inst/mmcm_adv_inst_display_clocks/inst/clkout1_buf/O
                         net (fo=83, routed)          0.888     0.888    datapath/video_inst/Inst_vga/u_vga_sig/v_counter/clk_out1
    SLICE_X150Y137       FDRE                                         r  datapath/video_inst/Inst_vga/u_vga_sig/v_counter/roll_tide_reg[8]/C
                         clock pessimism             -0.258     0.630    
    SLICE_X150Y137       FDRE (Hold_fdre_C_D)         0.120     0.750    datapath/video_inst/Inst_vga/u_vga_sig/v_counter/roll_tide_reg[8]
  -------------------------------------------------------------------
                         required time                         -0.750    
                         arrival time                           0.894    
  -------------------------------------------------------------------
                         slack                                  0.144    

Slack (MET) :             0.168ns  (arrival time - required time)
  Source:                 datapath/video_inst/inst_dvid/TDMS_encoder_green/encoded_reg[1]/C
                            (rising edge-triggered cell FDRE clocked by clk_out1_clk_wiz_2  {rise@0.000ns fall@20.000ns period=40.000ns})
  Destination:            datapath/video_inst/inst_dvid/latched_green_reg[1]/D
                            (rising edge-triggered cell FDRE clocked by clk_out1_clk_wiz_2  {rise@0.000ns fall@20.000ns period=40.000ns})
  Path Group:             clk_out1_clk_wiz_2
  Path Type:              Hold (Min at Fast Process Corner)
  Requirement:            0.000ns  (clk_out1_clk_wiz_2 rise@0.000ns - clk_out1_clk_wiz_2 rise@0.000ns)
  Data Path Delay:        0.253ns  (logic 0.141ns (55.730%)  route 0.112ns (44.270%))
  Logic Levels:           0  
  Clock Path Skew:        0.015ns (DCD - SCD - CPR)
    Destination Clock Delay (DCD):    0.914ns
    Source Clock Delay      (SCD):    0.642ns
    Clock Pessimism Removal (CPR):    0.257ns

    Location             Delay type                Incr(ns)  Path(ns)    Netlist Resource(s)
  -------------------------------------------------------------------    -------------------
                         (clock clk_out1_clk_wiz_2 rise edge)
                                                      0.000     0.000 r  
    BUFGCTRL_X0Y2        BUFG                         0.000     0.000 r  clk_IBUF_BUFG_inst/O
                         net (fo=303, routed)         0.745     0.745    datapath/video_inst/mmcm_adv_inst_display_clocks/inst/clk_in1
    MMCME2_ADV_X1Y0      MMCME2_ADV (Prop_mmcme2_adv_CLKIN1_CLKOUT0)
                                                     -1.683    -0.938 r  datapath/video_inst/mmcm_adv_inst_display_clocks/inst/mmcm_adv_inst/CLKOUT0
                         net (fo=1, routed)           0.912    -0.026    datapath/video_inst/mmcm_adv_inst_display_clocks/inst/clk_out1_clk_wiz_2
    BUFGCTRL_X0Y4        BUFG (Prop_bufg_I_O)         0.026    -0.000 r  datapath/video_inst/mmcm_adv_inst_display_clocks/inst/clkout1_buf/O
                         net (fo=83, routed)          0.642     0.642    datapath/video_inst/inst_dvid/TDMS_encoder_green/clk_out1
    SLICE_X163Y132       FDRE                                         r  datapath/video_inst/inst_dvid/TDMS_encoder_green/encoded_reg[1]/C
  -------------------------------------------------------------------    -------------------
    SLICE_X163Y132       FDRE (Prop_fdre_C_Q)         0.141     0.783 r  datapath/video_inst/inst_dvid/TDMS_encoder_green/encoded_reg[1]/Q
                         net (fo=1, routed)           0.112     0.895    datapath/video_inst/inst_dvid/TDMS_encoder_green_n_3
    SLICE_X163Y133       FDRE                                         r  datapath/video_inst/inst_dvid/latched_green_reg[1]/D
  -------------------------------------------------------------------    -------------------

                         (clock clk_out1_clk_wiz_2 rise edge)
                                                      0.000     0.000 r  
    BUFGCTRL_X0Y2        BUFG                         0.000     0.000 r  clk_IBUF_BUFG_inst/O
                         net (fo=303, routed)         1.022     1.022    datapath/video_inst/mmcm_adv_inst_display_clocks/inst/clk_in1
    MMCME2_ADV_X1Y0      MMCME2_ADV (Prop_mmcme2_adv_CLKIN1_CLKOUT0)
                                                     -2.040    -1.018 r  datapath/video_inst/mmcm_adv_inst_display_clocks/inst/mmcm_adv_inst/CLKOUT0
                         net (fo=1, routed)           0.989    -0.029    datapath/video_inst/mmcm_adv_inst_display_clocks/inst/clk_out1_clk_wiz_2
    BUFGCTRL_X0Y4        BUFG (Prop_bufg_I_O)         0.029    -0.000 r  datapath/video_inst/mmcm_adv_inst_display_clocks/inst/clkout1_buf/O
                         net (fo=83, routed)          0.914     0.914    datapath/video_inst/inst_dvid/clk_out1
    SLICE_X163Y133       FDRE                                         r  datapath/video_inst/inst_dvid/latched_green_reg[1]/C
                         clock pessimism             -0.257     0.657    
    SLICE_X163Y133       FDRE (Hold_fdre_C_D)         0.070     0.727    datapath/video_inst/inst_dvid/latched_green_reg[1]
  -------------------------------------------------------------------
                         required time                         -0.727    
                         arrival time                           0.895    
  -------------------------------------------------------------------
                         slack                                  0.168    

Slack (MET) :             0.172ns  (arrival time - required time)
  Source:                 datapath/video_inst/inst_dvid/TDMS_encoder_green/encoded_reg[2]/C
                            (rising edge-triggered cell FDSE clocked by clk_out1_clk_wiz_2  {rise@0.000ns fall@20.000ns period=40.000ns})
  Destination:            datapath/video_inst/inst_dvid/latched_green_reg[2]/D
                            (rising edge-triggered cell FDRE clocked by clk_out1_clk_wiz_2  {rise@0.000ns fall@20.000ns period=40.000ns})
  Path Group:             clk_out1_clk_wiz_2
  Path Type:              Hold (Min at Fast Process Corner)
  Requirement:            0.000ns  (clk_out1_clk_wiz_2 rise@0.000ns - clk_out1_clk_wiz_2 rise@0.000ns)
  Data Path Delay:        0.253ns  (logic 0.141ns (55.730%)  route 0.112ns (44.270%))
  Logic Levels:           0  
  Clock Path Skew:        0.015ns (DCD - SCD - CPR)
    Destination Clock Delay (DCD):    0.914ns
    Source Clock Delay      (SCD):    0.642ns
    Clock Pessimism Removal (CPR):    0.257ns

    Location             Delay type                Incr(ns)  Path(ns)    Netlist Resource(s)
  -------------------------------------------------------------------    -------------------
                         (clock clk_out1_clk_wiz_2 rise edge)
                                                      0.000     0.000 r  
    BUFGCTRL_X0Y2        BUFG                         0.000     0.000 r  clk_IBUF_BUFG_inst/O
                         net (fo=303, routed)         0.745     0.745    datapath/video_inst/mmcm_adv_inst_display_clocks/inst/clk_in1
    MMCME2_ADV_X1Y0      MMCME2_ADV (Prop_mmcme2_adv_CLKIN1_CLKOUT0)
                                                     -1.683    -0.938 r  datapath/video_inst/mmcm_adv_inst_display_clocks/inst/mmcm_adv_inst/CLKOUT0
                         net (fo=1, routed)           0.912    -0.026    datapath/video_inst/mmcm_adv_inst_display_clocks/inst/clk_out1_clk_wiz_2
    BUFGCTRL_X0Y4        BUFG (Prop_bufg_I_O)         0.026    -0.000 r  datapath/video_inst/mmcm_adv_inst_display_clocks/inst/clkout1_buf/O
                         net (fo=83, routed)          0.642     0.642    datapath/video_inst/inst_dvid/TDMS_encoder_green/clk_out1
    SLICE_X163Y132       FDSE                                         r  datapath/video_inst/inst_dvid/TDMS_encoder_green/encoded_reg[2]/C
  -------------------------------------------------------------------    -------------------
    SLICE_X163Y132       FDSE (Prop_fdse_C_Q)         0.141     0.783 r  datapath/video_inst/inst_dvid/TDMS_encoder_green/encoded_reg[2]/Q
                         net (fo=1, routed)           0.112     0.895    datapath/video_inst/inst_dvid/TDMS_encoder_green_n_2
    SLICE_X163Y133       FDRE                                         r  datapath/video_inst/inst_dvid/latched_green_reg[2]/D
  -------------------------------------------------------------------    -------------------

                         (clock clk_out1_clk_wiz_2 rise edge)
                                                      0.000     0.000 r  
    BUFGCTRL_X0Y2        BUFG                         0.000     0.000 r  clk_IBUF_BUFG_inst/O
                         net (fo=303, routed)         1.022     1.022    datapath/video_inst/mmcm_adv_inst_display_clocks/inst/clk_in1
    MMCME2_ADV_X1Y0      MMCME2_ADV (Prop_mmcme2_adv_CLKIN1_CLKOUT0)
                                                     -2.040    -1.018 r  datapath/video_inst/mmcm_adv_inst_display_clocks/inst/mmcm_adv_inst/CLKOUT0
                         net (fo=1, routed)           0.989    -0.029    datapath/video_inst/mmcm_adv_inst_display_clocks/inst/clk_out1_clk_wiz_2
    BUFGCTRL_X0Y4        BUFG (Prop_bufg_I_O)         0.029    -0.000 r  datapath/video_inst/mmcm_adv_inst_display_clocks/inst/clkout1_buf/O
                         net (fo=83, routed)          0.914     0.914    datapath/video_inst/inst_dvid/clk_out1
    SLICE_X163Y133       FDRE                                         r  datapath/video_inst/inst_dvid/latched_green_reg[2]/C
                         clock pessimism             -0.257     0.657    
    SLICE_X163Y133       FDRE (Hold_fdre_C_D)         0.066     0.723    datapath/video_inst/inst_dvid/latched_green_reg[2]
  -------------------------------------------------------------------
                         required time                         -0.723    
                         arrival time                           0.895    
  -------------------------------------------------------------------
                         slack                                  0.172    

Slack (MET) :             0.184ns  (arrival time - required time)
  Source:                 datapath/video_inst/inst_dvid/TDMS_encoder_red/encoded_reg[0]/C
                            (rising edge-triggered cell FDRE clocked by clk_out1_clk_wiz_2  {rise@0.000ns fall@20.000ns period=40.000ns})
  Destination:            datapath/video_inst/inst_dvid/latched_red_reg[0]/D
                            (rising edge-triggered cell FDRE clocked by clk_out1_clk_wiz_2  {rise@0.000ns fall@20.000ns period=40.000ns})
  Path Group:             clk_out1_clk_wiz_2
  Path Type:              Hold (Min at Fast Process Corner)
  Requirement:            0.000ns  (clk_out1_clk_wiz_2 rise@0.000ns - clk_out1_clk_wiz_2 rise@0.000ns)
  Data Path Delay:        0.251ns  (logic 0.141ns (56.174%)  route 0.110ns (43.826%))
  Logic Levels:           0  
  Clock Path Skew:        0.015ns (DCD - SCD - CPR)
    Destination Clock Delay (DCD):    0.914ns
    Source Clock Delay      (SCD):    0.642ns
    Clock Pessimism Removal (CPR):    0.257ns

    Location             Delay type                Incr(ns)  Path(ns)    Netlist Resource(s)
  -------------------------------------------------------------------    -------------------
                         (clock clk_out1_clk_wiz_2 rise edge)
                                                      0.000     0.000 r  
    BUFGCTRL_X0Y2        BUFG                         0.000     0.000 r  clk_IBUF_BUFG_inst/O
                         net (fo=303, routed)         0.745     0.745    datapath/video_inst/mmcm_adv_inst_display_clocks/inst/clk_in1
    MMCME2_ADV_X1Y0      MMCME2_ADV (Prop_mmcme2_adv_CLKIN1_CLKOUT0)
                                                     -1.683    -0.938 r  datapath/video_inst/mmcm_adv_inst_display_clocks/inst/mmcm_adv_inst/CLKOUT0
                         net (fo=1, routed)           0.912    -0.026    datapath/video_inst/mmcm_adv_inst_display_clocks/inst/clk_out1_clk_wiz_2
    BUFGCTRL_X0Y4        BUFG (Prop_bufg_I_O)         0.026    -0.000 r  datapath/video_inst/mmcm_adv_inst_display_clocks/inst/clkout1_buf/O
                         net (fo=83, routed)          0.642     0.642    datapath/video_inst/inst_dvid/TDMS_encoder_red/clk_out1
    SLICE_X163Y132       FDRE                                         r  datapath/video_inst/inst_dvid/TDMS_encoder_red/encoded_reg[0]/C
  -------------------------------------------------------------------    -------------------
    SLICE_X163Y132       FDRE (Prop_fdre_C_Q)         0.141     0.783 r  datapath/video_inst/inst_dvid/TDMS_encoder_red/encoded_reg[0]/Q
                         net (fo=1, routed)           0.110     0.893    datapath/video_inst/inst_dvid/TDMS_encoder_red_n_3
    SLICE_X162Y133       FDRE                                         r  datapath/video_inst/inst_dvid/latched_red_reg[0]/D
  -------------------------------------------------------------------    -------------------

                         (clock clk_out1_clk_wiz_2 rise edge)
                                                      0.000     0.000 r  
    BUFGCTRL_X0Y2        BUFG                         0.000     0.000 r  clk_IBUF_BUFG_inst/O
                         net (fo=303, routed)         1.022     1.022    datapath/video_inst/mmcm_adv_inst_display_clocks/inst/clk_in1
    MMCME2_ADV_X1Y0      MMCME2_ADV (Prop_mmcme2_adv_CLKIN1_CLKOUT0)
                                                     -2.040    -1.018 r  datapath/video_inst/mmcm_adv_inst_display_clocks/inst/mmcm_adv_inst/CLKOUT0
                         net (fo=1, routed)           0.989    -0.029    datapath/video_inst/mmcm_adv_inst_display_clocks/inst/clk_out1_clk_wiz_2
    BUFGCTRL_X0Y4        BUFG (Prop_bufg_I_O)         0.029    -0.000 r  datapath/video_inst/mmcm_adv_inst_display_clocks/inst/clkout1_buf/O
                         net (fo=83, routed)          0.914     0.914    datapath/video_inst/inst_dvid/clk_out1
    SLICE_X162Y133       FDRE                                         r  datapath/video_inst/inst_dvid/latched_red_reg[0]/C
                         clock pessimism             -0.257     0.657    
    SLICE_X162Y133       FDRE (Hold_fdre_C_D)         0.052     0.709    datapath/video_inst/inst_dvid/latched_red_reg[0]
  -------------------------------------------------------------------
                         required time                         -0.709    
                         arrival time                           0.893    
  -------------------------------------------------------------------
                         slack                                  0.184    

Slack (MET) :             0.191ns  (arrival time - required time)
  Source:                 datapath/video_inst/Inst_vga/u_vga_sig/h_counter/roll_tide_reg[9]/C
                            (rising edge-triggered cell FDRE clocked by clk_out1_clk_wiz_2  {rise@0.000ns fall@20.000ns period=40.000ns})
  Destination:            datapath/video_inst/Inst_vga/u_vga_sig/current_pos_reg[col][9]/D
                            (rising edge-triggered cell FDRE clocked by clk_out1_clk_wiz_2  {rise@0.000ns fall@20.000ns period=40.000ns})
  Path Group:             clk_out1_clk_wiz_2
  Path Type:              Hold (Min at Fast Process Corner)
  Requirement:            0.000ns  (clk_out1_clk_wiz_2 rise@0.000ns - clk_out1_clk_wiz_2 rise@0.000ns)
  Data Path Delay:        0.291ns  (logic 0.141ns (48.492%)  route 0.150ns (51.508%))
  Logic Levels:           0  
  Clock Path Skew:        0.037ns (DCD - SCD - CPR)
    Destination Clock Delay (DCD):    0.887ns
    Source Clock Delay      (SCD):    0.616ns
    Clock Pessimism Removal (CPR):    0.234ns

    Location             Delay type                Incr(ns)  Path(ns)    Netlist Resource(s)
  -------------------------------------------------------------------    -------------------
                         (clock clk_out1_clk_wiz_2 rise edge)
                                                      0.000     0.000 r  
    BUFGCTRL_X0Y2        BUFG                         0.000     0.000 r  clk_IBUF_BUFG_inst/O
                         net (fo=303, routed)         0.745     0.745    datapath/video_inst/mmcm_adv_inst_display_clocks/inst/clk_in1
    MMCME2_ADV_X1Y0      MMCME2_ADV (Prop_mmcme2_adv_CLKIN1_CLKOUT0)
                                                     -1.683    -0.938 r  datapath/video_inst/mmcm_adv_inst_display_clocks/inst/mmcm_adv_inst/CLKOUT0
                         net (fo=1, routed)           0.912    -0.026    datapath/video_inst/mmcm_adv_inst_display_clocks/inst/clk_out1_clk_wiz_2
    BUFGCTRL_X0Y4        BUFG (Prop_bufg_I_O)         0.026    -0.000 r  datapath/video_inst/mmcm_adv_inst_display_clocks/inst/clkout1_buf/O
                         net (fo=83, routed)          0.616     0.616    datapath/video_inst/Inst_vga/u_vga_sig/h_counter/clk_out1
    SLICE_X147Y136       FDRE                                         r  datapath/video_inst/Inst_vga/u_vga_sig/h_counter/roll_tide_reg[9]/C
  -------------------------------------------------------------------    -------------------
    SLICE_X147Y136       FDRE (Prop_fdre_C_Q)         0.141     0.757 r  datapath/video_inst/Inst_vga/u_vga_sig/h_counter/roll_tide_reg[9]/Q
                         net (fo=6, routed)           0.150     0.906    datapath/video_inst/Inst_vga/u_vga_sig/roll_tide_reg[9]
    SLICE_X148Y136       FDRE                                         r  datapath/video_inst/Inst_vga/u_vga_sig/current_pos_reg[col][9]/D
  -------------------------------------------------------------------    -------------------

                         (clock clk_out1_clk_wiz_2 rise edge)
                                                      0.000     0.000 r  
    BUFGCTRL_X0Y2        BUFG                         0.000     0.000 r  clk_IBUF_BUFG_inst/O
                         net (fo=303, routed)         1.022     1.022    datapath/video_inst/mmcm_adv_inst_display_clocks/inst/clk_in1
    MMCME2_ADV_X1Y0      MMCME2_ADV (Prop_mmcme2_adv_CLKIN1_CLKOUT0)
                                                     -2.040    -1.018 r  datapath/video_inst/mmcm_adv_inst_display_clocks/inst/mmcm_adv_inst/CLKOUT0
                         net (fo=1, routed)           0.989    -0.029    datapath/video_inst/mmcm_adv_inst_display_clocks/inst/clk_out1_clk_wiz_2
    BUFGCTRL_X0Y4        BUFG (Prop_bufg_I_O)         0.029    -0.000 r  datapath/video_inst/mmcm_adv_inst_display_clocks/inst/clkout1_buf/O
                         net (fo=83, routed)          0.887     0.887    datapath/video_inst/Inst_vga/u_vga_sig/clk_out1
    SLICE_X148Y136       FDRE                                         r  datapath/video_inst/Inst_vga/u_vga_sig/current_pos_reg[col][9]/C
                         clock pessimism             -0.234     0.653    
    SLICE_X148Y136       FDRE (Hold_fdre_C_D)         0.063     0.716    datapath/video_inst/Inst_vga/u_vga_sig/current_pos_reg[col][9]
  -------------------------------------------------------------------
                         required time                         -0.716    
                         arrival time                           0.906    
  -------------------------------------------------------------------
                         slack                                  0.191    





Pulse Width Checks
--------------------------------------------------------------------------------------
Clock Name:         clk_out1_clk_wiz_2
Waveform(ns):       { 0.000 20.000 }
Period(ns):         40.000
Sources:            { datapath/video_inst/mmcm_adv_inst_display_clocks/inst/mmcm_adv_inst/CLKOUT0 }

Check Type        Corner  Lib Pin             Reference Pin  Required(ns)  Actual(ns)  Slack(ns)  Location         Pin
Min Period        n/a     BUFG/I              n/a            2.155         40.000      37.845     BUFGCTRL_X0Y4    datapath/video_inst/mmcm_adv_inst_display_clocks/inst/clkout1_buf/I
Min Period        n/a     MMCME2_ADV/CLKOUT0  n/a            1.249         40.000      38.751     MMCME2_ADV_X1Y0  datapath/video_inst/mmcm_adv_inst_display_clocks/inst/mmcm_adv_inst/CLKOUT0
Min Period        n/a     FDRE/C              n/a            1.000         40.000      39.000     SLICE_X146Y135   datapath/video_inst/Inst_vga/u_vga_sig/current_pos_reg[col][0]/C
Min Period        n/a     FDRE/C              n/a            1.000         40.000      39.000     SLICE_X146Y135   datapath/video_inst/Inst_vga/u_vga_sig/current_pos_reg[col][1]/C
Min Period        n/a     FDRE/C              n/a            1.000         40.000      39.000     SLICE_X144Y135   datapath/video_inst/Inst_vga/u_vga_sig/current_pos_reg[col][2]/C
Min Period        n/a     FDRE/C              n/a            1.000         40.000      39.000     SLICE_X144Y135   datapath/video_inst/Inst_vga/u_vga_sig/current_pos_reg[col][3]/C
Min Period        n/a     FDRE/C              n/a            1.000         40.000      39.000     SLICE_X146Y135   datapath/video_inst/Inst_vga/u_vga_sig/current_pos_reg[col][4]/C
Min Period        n/a     FDRE/C              n/a            1.000         40.000      39.000     SLICE_X146Y135   datapath/video_inst/Inst_vga/u_vga_sig/current_pos_reg[col][5]/C
Min Period        n/a     FDRE/C              n/a            1.000         40.000      39.000     SLICE_X148Y135   datapath/video_inst/Inst_vga/u_vga_sig/current_pos_reg[col][6]/C
Min Period        n/a     FDRE/C              n/a            1.000         40.000      39.000     SLICE_X148Y136   datapath/video_inst/Inst_vga/u_vga_sig/current_pos_reg[col][7]/C
Max Period        n/a     MMCME2_ADV/CLKOUT0  n/a            213.360       40.000      173.360    MMCME2_ADV_X1Y0  datapath/video_inst/mmcm_adv_inst_display_clocks/inst/mmcm_adv_inst/CLKOUT0
Low Pulse Width   Slow    FDRE/C              n/a            0.500         20.000      19.500     SLICE_X146Y135   datapath/video_inst/Inst_vga/u_vga_sig/current_pos_reg[col][0]/C
Low Pulse Width   Fast    FDRE/C              n/a            0.500         20.000      19.500     SLICE_X146Y135   datapath/video_inst/Inst_vga/u_vga_sig/current_pos_reg[col][0]/C
Low Pulse Width   Slow    FDRE/C              n/a            0.500         20.000      19.500     SLICE_X146Y135   datapath/video_inst/Inst_vga/u_vga_sig/current_pos_reg[col][1]/C
Low Pulse Width   Fast    FDRE/C              n/a            0.500         20.000      19.500     SLICE_X146Y135   datapath/video_inst/Inst_vga/u_vga_sig/current_pos_reg[col][1]/C
Low Pulse Width   Slow    FDRE/C              n/a            0.500         20.000      19.500     SLICE_X144Y135   datapath/video_inst/Inst_vga/u_vga_sig/current_pos_reg[col][2]/C
Low Pulse Width   Fast    FDRE/C              n/a            0.500         20.000      19.500     SLICE_X144Y135   datapath/video_inst/Inst_vga/u_vga_sig/current_pos_reg[col][2]/C
Low Pulse Width   Slow    FDRE/C              n/a            0.500         20.000      19.500     SLICE_X144Y135   datapath/video_inst/Inst_vga/u_vga_sig/current_pos_reg[col][3]/C
Low Pulse Width   Fast    FDRE/C              n/a            0.500         20.000      19.500     SLICE_X144Y135   datapath/video_inst/Inst_vga/u_vga_sig/current_pos_reg[col][3]/C
Low Pulse Width   Slow    FDRE/C              n/a            0.500         20.000      19.500     SLICE_X146Y135   datapath/video_inst/Inst_vga/u_vga_sig/current_pos_reg[col][4]/C
Low Pulse Width   Fast    FDRE/C              n/a            0.500         20.000      19.500     SLICE_X146Y135   datapath/video_inst/Inst_vga/u_vga_sig/current_pos_reg[col][4]/C
High Pulse Width  Slow    FDRE/C              n/a            0.500         20.000      19.500     SLICE_X146Y135   datapath/video_inst/Inst_vga/u_vga_sig/current_pos_reg[col][0]/C
High Pulse Width  Fast    FDRE/C              n/a            0.500         20.000      19.500     SLICE_X146Y135   datapath/video_inst/Inst_vga/u_vga_sig/current_pos_reg[col][0]/C
High Pulse Width  Slow    FDRE/C              n/a            0.500         20.000      19.500     SLICE_X146Y135   datapath/video_inst/Inst_vga/u_vga_sig/current_pos_reg[col][1]/C
High Pulse Width  Fast    FDRE/C              n/a            0.500         20.000      19.500     SLICE_X146Y135   datapath/video_inst/Inst_vga/u_vga_sig/current_pos_reg[col][1]/C
High Pulse Width  Slow    FDRE/C              n/a            0.500         20.000      19.500     SLICE_X144Y135   datapath/video_inst/Inst_vga/u_vga_sig/current_pos_reg[col][2]/C
High Pulse Width  Fast    FDRE/C              n/a            0.500         20.000      19.500     SLICE_X144Y135   datapath/video_inst/Inst_vga/u_vga_sig/current_pos_reg[col][2]/C
High Pulse Width  Slow    FDRE/C              n/a            0.500         20.000      19.500     SLICE_X144Y135   datapath/video_inst/Inst_vga/u_vga_sig/current_pos_reg[col][3]/C
High Pulse Width  Fast    FDRE/C              n/a            0.500         20.000      19.500     SLICE_X144Y135   datapath/video_inst/Inst_vga/u_vga_sig/current_pos_reg[col][3]/C
High Pulse Width  Slow    FDRE/C              n/a            0.500         20.000      19.500     SLICE_X146Y135   datapath/video_inst/Inst_vga/u_vga_sig/current_pos_reg[col][4]/C
High Pulse Width  Fast    FDRE/C              n/a            0.500         20.000      19.500     SLICE_X146Y135   datapath/video_inst/Inst_vga/u_vga_sig/current_pos_reg[col][4]/C



---------------------------------------------------------------------------------------------------
From Clock:  clk_out2_clk_wiz_2
  To Clock:  clk_out2_clk_wiz_2

Setup :            0  Failing Endpoints,  Worst Slack        3.543ns,  Total Violation        0.000ns
Hold  :            0  Failing Endpoints,  Worst Slack        0.155ns,  Total Violation        0.000ns
PW    :            0  Failing Endpoints,  Worst Slack        3.500ns,  Total Violation        0.000ns
---------------------------------------------------------------------------------------------------


Max Delay Paths
--------------------------------------------------------------------------------------
Slack (MET) :             3.543ns  (required time - arrival time)
  Source:                 datapath/video_inst/inst_dvid/shift_clock_reg[0]/C
                            (rising edge-triggered cell FDRE clocked by clk_out2_clk_wiz_2  {rise@0.000ns fall@4.000ns period=8.000ns})
  Destination:            datapath/video_inst/inst_dvid/shift_red_reg[0]/S
                            (rising edge-triggered cell FDSE clocked by clk_out2_clk_wiz_2  {rise@0.000ns fall@4.000ns period=8.000ns})
  Path Group:             clk_out2_clk_wiz_2
  Path Type:              Setup (Max at Slow Process Corner)
  Requirement:            8.000ns  (clk_out2_clk_wiz_2 rise@8.000ns - clk_out2_clk_wiz_2 rise@0.000ns)
  Data Path Delay:        3.824ns  (logic 0.890ns (23.276%)  route 2.934ns (76.724%))
  Logic Levels:           3  (LUT2=1 LUT5=1 LUT6=1)
  Clock Path Skew:        -0.037ns (DCD - SCD + CPR)
    Destination Clock Delay (DCD):    1.707ns = ( 9.707 - 8.000 ) 
    Source Clock Delay      (SCD):    1.833ns
    Clock Pessimism Removal (CPR):    0.089ns
  Clock Uncertainty:      0.072ns  ((TSJ^2 + DJ^2)^1/2) / 2 + PE
    Total System Jitter     (TSJ):    0.071ns
    Discrete Jitter          (DJ):    0.125ns
    Phase Error              (PE):    0.000ns

    Location             Delay type                Incr(ns)  Path(ns)    Netlist Resource(s)
  -------------------------------------------------------------------    -------------------
                         (clock clk_out2_clk_wiz_2 rise edge)
                                                      0.000     0.000 r  
    BUFGCTRL_X0Y2        BUFG                         0.000     0.000 r  clk_IBUF_BUFG_inst/O
                         net (fo=303, routed)         2.106     2.106    datapath/video_inst/mmcm_adv_inst_display_clocks/inst/clk_in1
    MMCME2_ADV_X1Y0      MMCME2_ADV (Prop_mmcme2_adv_CLKIN1_CLKOUT1)
                                                     -4.900    -2.793 r  datapath/video_inst/mmcm_adv_inst_display_clocks/inst/mmcm_adv_inst/CLKOUT1
                         net (fo=1, routed)           2.697    -0.096    datapath/video_inst/mmcm_adv_inst_display_clocks/inst/clk_out2_clk_wiz_2
    BUFGCTRL_X0Y0        BUFG (Prop_bufg_I_O)         0.096    -0.000 r  datapath/video_inst/mmcm_adv_inst_display_clocks/inst/clkout2_buf/O
                         net (fo=44, routed)          1.833     1.833    datapath/video_inst/inst_dvid/clk_out2
    SLICE_X162Y148       FDRE                                         r  datapath/video_inst/inst_dvid/shift_clock_reg[0]/C
  -------------------------------------------------------------------    -------------------
    SLICE_X162Y148       FDRE (Prop_fdre_C_Q)         0.518     2.351 r  datapath/video_inst/inst_dvid/shift_clock_reg[0]/Q
                         net (fo=3, routed)           0.678     3.030    datapath/video_inst/inst_dvid/shift_clock[0]
    SLICE_X163Y148       LUT6 (Prop_lut6_I5_O)        0.124     3.154 f  datapath/video_inst/inst_dvid/shift_red[9]_i_2/O
                         net (fo=1, routed)           0.425     3.579    datapath/video_inst/inst_dvid/shift_red[9]_i_2_n_0
    SLICE_X162Y148       LUT5 (Prop_lut5_I0_O)        0.124     3.703 f  datapath/video_inst/inst_dvid/shift_red[9]_i_1/O
                         net (fo=31, routed)          0.947     4.650    datapath/video_inst/inst_dvid/shift_red[9]_i_1_n_0
    SLICE_X162Y134       LUT2 (Prop_lut2_I1_O)        0.124     4.774 r  datapath/video_inst/inst_dvid/shift_red[7]_i_1/O
                         net (fo=5, routed)           0.883     5.657    datapath/video_inst/inst_dvid/shift_red[7]_i_1_n_0
    SLICE_X162Y134       FDSE                                         r  datapath/video_inst/inst_dvid/shift_red_reg[0]/S
  -------------------------------------------------------------------    -------------------

                         (clock clk_out2_clk_wiz_2 rise edge)
                                                      8.000     8.000 r  
    BUFGCTRL_X0Y2        BUFG                         0.000     8.000 r  clk_IBUF_BUFG_inst/O
                         net (fo=303, routed)         1.972     9.972    datapath/video_inst/mmcm_adv_inst_display_clocks/inst/clk_in1
    MMCME2_ADV_X1Y0      MMCME2_ADV (Prop_mmcme2_adv_CLKIN1_CLKOUT1)
                                                     -4.637     5.335 r  datapath/video_inst/mmcm_adv_inst_display_clocks/inst/mmcm_adv_inst/CLKOUT1
                         net (fo=1, routed)           2.574     7.909    datapath/video_inst/mmcm_adv_inst_display_clocks/inst/clk_out2_clk_wiz_2
    BUFGCTRL_X0Y0        BUFG (Prop_bufg_I_O)         0.091     8.000 r  datapath/video_inst/mmcm_adv_inst_display_clocks/inst/clkout2_buf/O
                         net (fo=44, routed)          1.707     9.707    datapath/video_inst/inst_dvid/clk_out2
    SLICE_X162Y134       FDSE                                         r  datapath/video_inst/inst_dvid/shift_red_reg[0]/C
                         clock pessimism              0.089     9.796    
                         clock uncertainty           -0.072     9.724    
    SLICE_X162Y134       FDSE (Setup_fdse_C_S)       -0.524     9.200    datapath/video_inst/inst_dvid/shift_red_reg[0]
  -------------------------------------------------------------------
                         required time                          9.200    
                         arrival time                          -5.657    
  -------------------------------------------------------------------
                         slack                                  3.543    

Slack (MET) :             3.543ns  (required time - arrival time)
  Source:                 datapath/video_inst/inst_dvid/shift_clock_reg[0]/C
                            (rising edge-triggered cell FDRE clocked by clk_out2_clk_wiz_2  {rise@0.000ns fall@4.000ns period=8.000ns})
  Destination:            datapath/video_inst/inst_dvid/shift_red_reg[1]/S
                            (rising edge-triggered cell FDSE clocked by clk_out2_clk_wiz_2  {rise@0.000ns fall@4.000ns period=8.000ns})
  Path Group:             clk_out2_clk_wiz_2
  Path Type:              Setup (Max at Slow Process Corner)
  Requirement:            8.000ns  (clk_out2_clk_wiz_2 rise@8.000ns - clk_out2_clk_wiz_2 rise@0.000ns)
  Data Path Delay:        3.824ns  (logic 0.890ns (23.276%)  route 2.934ns (76.724%))
  Logic Levels:           3  (LUT2=1 LUT5=1 LUT6=1)
  Clock Path Skew:        -0.037ns (DCD - SCD + CPR)
    Destination Clock Delay (DCD):    1.707ns = ( 9.707 - 8.000 ) 
    Source Clock Delay      (SCD):    1.833ns
    Clock Pessimism Removal (CPR):    0.089ns
  Clock Uncertainty:      0.072ns  ((TSJ^2 + DJ^2)^1/2) / 2 + PE
    Total System Jitter     (TSJ):    0.071ns
    Discrete Jitter          (DJ):    0.125ns
    Phase Error              (PE):    0.000ns

    Location             Delay type                Incr(ns)  Path(ns)    Netlist Resource(s)
  -------------------------------------------------------------------    -------------------
                         (clock clk_out2_clk_wiz_2 rise edge)
                                                      0.000     0.000 r  
    BUFGCTRL_X0Y2        BUFG                         0.000     0.000 r  clk_IBUF_BUFG_inst/O
                         net (fo=303, routed)         2.106     2.106    datapath/video_inst/mmcm_adv_inst_display_clocks/inst/clk_in1
    MMCME2_ADV_X1Y0      MMCME2_ADV (Prop_mmcme2_adv_CLKIN1_CLKOUT1)
                                                     -4.900    -2.793 r  datapath/video_inst/mmcm_adv_inst_display_clocks/inst/mmcm_adv_inst/CLKOUT1
                         net (fo=1, routed)           2.697    -0.096    datapath/video_inst/mmcm_adv_inst_display_clocks/inst/clk_out2_clk_wiz_2
    BUFGCTRL_X0Y0        BUFG (Prop_bufg_I_O)         0.096    -0.000 r  datapath/video_inst/mmcm_adv_inst_display_clocks/inst/clkout2_buf/O
                         net (fo=44, routed)          1.833     1.833    datapath/video_inst/inst_dvid/clk_out2
    SLICE_X162Y148       FDRE                                         r  datapath/video_inst/inst_dvid/shift_clock_reg[0]/C
  -------------------------------------------------------------------    -------------------
    SLICE_X162Y148       FDRE (Prop_fdre_C_Q)         0.518     2.351 r  datapath/video_inst/inst_dvid/shift_clock_reg[0]/Q
                         net (fo=3, routed)           0.678     3.030    datapath/video_inst/inst_dvid/shift_clock[0]
    SLICE_X163Y148       LUT6 (Prop_lut6_I5_O)        0.124     3.154 f  datapath/video_inst/inst_dvid/shift_red[9]_i_2/O
                         net (fo=1, routed)           0.425     3.579    datapath/video_inst/inst_dvid/shift_red[9]_i_2_n_0
    SLICE_X162Y148       LUT5 (Prop_lut5_I0_O)        0.124     3.703 f  datapath/video_inst/inst_dvid/shift_red[9]_i_1/O
                         net (fo=31, routed)          0.947     4.650    datapath/video_inst/inst_dvid/shift_red[9]_i_1_n_0
    SLICE_X162Y134       LUT2 (Prop_lut2_I1_O)        0.124     4.774 r  datapath/video_inst/inst_dvid/shift_red[7]_i_1/O
                         net (fo=5, routed)           0.883     5.657    datapath/video_inst/inst_dvid/shift_red[7]_i_1_n_0
    SLICE_X162Y134       FDSE                                         r  datapath/video_inst/inst_dvid/shift_red_reg[1]/S
  -------------------------------------------------------------------    -------------------

                         (clock clk_out2_clk_wiz_2 rise edge)
                                                      8.000     8.000 r  
    BUFGCTRL_X0Y2        BUFG                         0.000     8.000 r  clk_IBUF_BUFG_inst/O
                         net (fo=303, routed)         1.972     9.972    datapath/video_inst/mmcm_adv_inst_display_clocks/inst/clk_in1
    MMCME2_ADV_X1Y0      MMCME2_ADV (Prop_mmcme2_adv_CLKIN1_CLKOUT1)
                                                     -4.637     5.335 r  datapath/video_inst/mmcm_adv_inst_display_clocks/inst/mmcm_adv_inst/CLKOUT1
                         net (fo=1, routed)           2.574     7.909    datapath/video_inst/mmcm_adv_inst_display_clocks/inst/clk_out2_clk_wiz_2
    BUFGCTRL_X0Y0        BUFG (Prop_bufg_I_O)         0.091     8.000 r  datapath/video_inst/mmcm_adv_inst_display_clocks/inst/clkout2_buf/O
                         net (fo=44, routed)          1.707     9.707    datapath/video_inst/inst_dvid/clk_out2
    SLICE_X162Y134       FDSE                                         r  datapath/video_inst/inst_dvid/shift_red_reg[1]/C
                         clock pessimism              0.089     9.796    
                         clock uncertainty           -0.072     9.724    
    SLICE_X162Y134       FDSE (Setup_fdse_C_S)       -0.524     9.200    datapath/video_inst/inst_dvid/shift_red_reg[1]
  -------------------------------------------------------------------
                         required time                          9.200    
                         arrival time                          -5.657    
  -------------------------------------------------------------------
                         slack                                  3.543    

Slack (MET) :             3.543ns  (required time - arrival time)
  Source:                 datapath/video_inst/inst_dvid/shift_clock_reg[0]/C
                            (rising edge-triggered cell FDRE clocked by clk_out2_clk_wiz_2  {rise@0.000ns fall@4.000ns period=8.000ns})
  Destination:            datapath/video_inst/inst_dvid/shift_red_reg[3]/S
                            (rising edge-triggered cell FDSE clocked by clk_out2_clk_wiz_2  {rise@0.000ns fall@4.000ns period=8.000ns})
  Path Group:             clk_out2_clk_wiz_2
  Path Type:              Setup (Max at Slow Process Corner)
  Requirement:            8.000ns  (clk_out2_clk_wiz_2 rise@8.000ns - clk_out2_clk_wiz_2 rise@0.000ns)
  Data Path Delay:        3.824ns  (logic 0.890ns (23.276%)  route 2.934ns (76.724%))
  Logic Levels:           3  (LUT2=1 LUT5=1 LUT6=1)
  Clock Path Skew:        -0.037ns (DCD - SCD + CPR)
    Destination Clock Delay (DCD):    1.707ns = ( 9.707 - 8.000 ) 
    Source Clock Delay      (SCD):    1.833ns
    Clock Pessimism Removal (CPR):    0.089ns
  Clock Uncertainty:      0.072ns  ((TSJ^2 + DJ^2)^1/2) / 2 + PE
    Total System Jitter     (TSJ):    0.071ns
    Discrete Jitter          (DJ):    0.125ns
    Phase Error              (PE):    0.000ns

    Location             Delay type                Incr(ns)  Path(ns)    Netlist Resource(s)
  -------------------------------------------------------------------    -------------------
                         (clock clk_out2_clk_wiz_2 rise edge)
                                                      0.000     0.000 r  
    BUFGCTRL_X0Y2        BUFG                         0.000     0.000 r  clk_IBUF_BUFG_inst/O
                         net (fo=303, routed)         2.106     2.106    datapath/video_inst/mmcm_adv_inst_display_clocks/inst/clk_in1
    MMCME2_ADV_X1Y0      MMCME2_ADV (Prop_mmcme2_adv_CLKIN1_CLKOUT1)
                                                     -4.900    -2.793 r  datapath/video_inst/mmcm_adv_inst_display_clocks/inst/mmcm_adv_inst/CLKOUT1
                         net (fo=1, routed)           2.697    -0.096    datapath/video_inst/mmcm_adv_inst_display_clocks/inst/clk_out2_clk_wiz_2
    BUFGCTRL_X0Y0        BUFG (Prop_bufg_I_O)         0.096    -0.000 r  datapath/video_inst/mmcm_adv_inst_display_clocks/inst/clkout2_buf/O
                         net (fo=44, routed)          1.833     1.833    datapath/video_inst/inst_dvid/clk_out2
    SLICE_X162Y148       FDRE                                         r  datapath/video_inst/inst_dvid/shift_clock_reg[0]/C
  -------------------------------------------------------------------    -------------------
    SLICE_X162Y148       FDRE (Prop_fdre_C_Q)         0.518     2.351 r  datapath/video_inst/inst_dvid/shift_clock_reg[0]/Q
                         net (fo=3, routed)           0.678     3.030    datapath/video_inst/inst_dvid/shift_clock[0]
    SLICE_X163Y148       LUT6 (Prop_lut6_I5_O)        0.124     3.154 f  datapath/video_inst/inst_dvid/shift_red[9]_i_2/O
                         net (fo=1, routed)           0.425     3.579    datapath/video_inst/inst_dvid/shift_red[9]_i_2_n_0
    SLICE_X162Y148       LUT5 (Prop_lut5_I0_O)        0.124     3.703 f  datapath/video_inst/inst_dvid/shift_red[9]_i_1/O
                         net (fo=31, routed)          0.947     4.650    datapath/video_inst/inst_dvid/shift_red[9]_i_1_n_0
    SLICE_X162Y134       LUT2 (Prop_lut2_I1_O)        0.124     4.774 r  datapath/video_inst/inst_dvid/shift_red[7]_i_1/O
                         net (fo=5, routed)           0.883     5.657    datapath/video_inst/inst_dvid/shift_red[7]_i_1_n_0
    SLICE_X162Y134       FDSE                                         r  datapath/video_inst/inst_dvid/shift_red_reg[3]/S
  -------------------------------------------------------------------    -------------------

                         (clock clk_out2_clk_wiz_2 rise edge)
                                                      8.000     8.000 r  
    BUFGCTRL_X0Y2        BUFG                         0.000     8.000 r  clk_IBUF_BUFG_inst/O
                         net (fo=303, routed)         1.972     9.972    datapath/video_inst/mmcm_adv_inst_display_clocks/inst/clk_in1
    MMCME2_ADV_X1Y0      MMCME2_ADV (Prop_mmcme2_adv_CLKIN1_CLKOUT1)
                                                     -4.637     5.335 r  datapath/video_inst/mmcm_adv_inst_display_clocks/inst/mmcm_adv_inst/CLKOUT1
                         net (fo=1, routed)           2.574     7.909    datapath/video_inst/mmcm_adv_inst_display_clocks/inst/clk_out2_clk_wiz_2
    BUFGCTRL_X0Y0        BUFG (Prop_bufg_I_O)         0.091     8.000 r  datapath/video_inst/mmcm_adv_inst_display_clocks/inst/clkout2_buf/O
                         net (fo=44, routed)          1.707     9.707    datapath/video_inst/inst_dvid/clk_out2
    SLICE_X162Y134       FDSE                                         r  datapath/video_inst/inst_dvid/shift_red_reg[3]/C
                         clock pessimism              0.089     9.796    
                         clock uncertainty           -0.072     9.724    
    SLICE_X162Y134       FDSE (Setup_fdse_C_S)       -0.524     9.200    datapath/video_inst/inst_dvid/shift_red_reg[3]
  -------------------------------------------------------------------
                         required time                          9.200    
                         arrival time                          -5.657    
  -------------------------------------------------------------------
                         slack                                  3.543    

Slack (MET) :             3.543ns  (required time - arrival time)
  Source:                 datapath/video_inst/inst_dvid/shift_clock_reg[0]/C
                            (rising edge-triggered cell FDRE clocked by clk_out2_clk_wiz_2  {rise@0.000ns fall@4.000ns period=8.000ns})
  Destination:            datapath/video_inst/inst_dvid/shift_red_reg[5]/S
                            (rising edge-triggered cell FDSE clocked by clk_out2_clk_wiz_2  {rise@0.000ns fall@4.000ns period=8.000ns})
  Path Group:             clk_out2_clk_wiz_2
  Path Type:              Setup (Max at Slow Process Corner)
  Requirement:            8.000ns  (clk_out2_clk_wiz_2 rise@8.000ns - clk_out2_clk_wiz_2 rise@0.000ns)
  Data Path Delay:        3.824ns  (logic 0.890ns (23.276%)  route 2.934ns (76.724%))
  Logic Levels:           3  (LUT2=1 LUT5=1 LUT6=1)
  Clock Path Skew:        -0.037ns (DCD - SCD + CPR)
    Destination Clock Delay (DCD):    1.707ns = ( 9.707 - 8.000 ) 
    Source Clock Delay      (SCD):    1.833ns
    Clock Pessimism Removal (CPR):    0.089ns
  Clock Uncertainty:      0.072ns  ((TSJ^2 + DJ^2)^1/2) / 2 + PE
    Total System Jitter     (TSJ):    0.071ns
    Discrete Jitter          (DJ):    0.125ns
    Phase Error              (PE):    0.000ns

    Location             Delay type                Incr(ns)  Path(ns)    Netlist Resource(s)
  -------------------------------------------------------------------    -------------------
                         (clock clk_out2_clk_wiz_2 rise edge)
                                                      0.000     0.000 r  
    BUFGCTRL_X0Y2        BUFG                         0.000     0.000 r  clk_IBUF_BUFG_inst/O
                         net (fo=303, routed)         2.106     2.106    datapath/video_inst/mmcm_adv_inst_display_clocks/inst/clk_in1
    MMCME2_ADV_X1Y0      MMCME2_ADV (Prop_mmcme2_adv_CLKIN1_CLKOUT1)
                                                     -4.900    -2.793 r  datapath/video_inst/mmcm_adv_inst_display_clocks/inst/mmcm_adv_inst/CLKOUT1
                         net (fo=1, routed)           2.697    -0.096    datapath/video_inst/mmcm_adv_inst_display_clocks/inst/clk_out2_clk_wiz_2
    BUFGCTRL_X0Y0        BUFG (Prop_bufg_I_O)         0.096    -0.000 r  datapath/video_inst/mmcm_adv_inst_display_clocks/inst/clkout2_buf/O
                         net (fo=44, routed)          1.833     1.833    datapath/video_inst/inst_dvid/clk_out2
    SLICE_X162Y148       FDRE                                         r  datapath/video_inst/inst_dvid/shift_clock_reg[0]/C
  -------------------------------------------------------------------    -------------------
    SLICE_X162Y148       FDRE (Prop_fdre_C_Q)         0.518     2.351 r  datapath/video_inst/inst_dvid/shift_clock_reg[0]/Q
                         net (fo=3, routed)           0.678     3.030    datapath/video_inst/inst_dvid/shift_clock[0]
    SLICE_X163Y148       LUT6 (Prop_lut6_I5_O)        0.124     3.154 f  datapath/video_inst/inst_dvid/shift_red[9]_i_2/O
                         net (fo=1, routed)           0.425     3.579    datapath/video_inst/inst_dvid/shift_red[9]_i_2_n_0
    SLICE_X162Y148       LUT5 (Prop_lut5_I0_O)        0.124     3.703 f  datapath/video_inst/inst_dvid/shift_red[9]_i_1/O
                         net (fo=31, routed)          0.947     4.650    datapath/video_inst/inst_dvid/shift_red[9]_i_1_n_0
    SLICE_X162Y134       LUT2 (Prop_lut2_I1_O)        0.124     4.774 r  datapath/video_inst/inst_dvid/shift_red[7]_i_1/O
                         net (fo=5, routed)           0.883     5.657    datapath/video_inst/inst_dvid/shift_red[7]_i_1_n_0
    SLICE_X162Y134       FDSE                                         r  datapath/video_inst/inst_dvid/shift_red_reg[5]/S
  -------------------------------------------------------------------    -------------------

                         (clock clk_out2_clk_wiz_2 rise edge)
                                                      8.000     8.000 r  
    BUFGCTRL_X0Y2        BUFG                         0.000     8.000 r  clk_IBUF_BUFG_inst/O
                         net (fo=303, routed)         1.972     9.972    datapath/video_inst/mmcm_adv_inst_display_clocks/inst/clk_in1
    MMCME2_ADV_X1Y0      MMCME2_ADV (Prop_mmcme2_adv_CLKIN1_CLKOUT1)
                                                     -4.637     5.335 r  datapath/video_inst/mmcm_adv_inst_display_clocks/inst/mmcm_adv_inst/CLKOUT1
                         net (fo=1, routed)           2.574     7.909    datapath/video_inst/mmcm_adv_inst_display_clocks/inst/clk_out2_clk_wiz_2
    BUFGCTRL_X0Y0        BUFG (Prop_bufg_I_O)         0.091     8.000 r  datapath/video_inst/mmcm_adv_inst_display_clocks/inst/clkout2_buf/O
                         net (fo=44, routed)          1.707     9.707    datapath/video_inst/inst_dvid/clk_out2
    SLICE_X162Y134       FDSE                                         r  datapath/video_inst/inst_dvid/shift_red_reg[5]/C
                         clock pessimism              0.089     9.796    
                         clock uncertainty           -0.072     9.724    
    SLICE_X162Y134       FDSE (Setup_fdse_C_S)       -0.524     9.200    datapath/video_inst/inst_dvid/shift_red_reg[5]
  -------------------------------------------------------------------
                         required time                          9.200    
                         arrival time                          -5.657    
  -------------------------------------------------------------------
                         slack                                  3.543    

Slack (MET) :             3.543ns  (required time - arrival time)
  Source:                 datapath/video_inst/inst_dvid/shift_clock_reg[0]/C
                            (rising edge-triggered cell FDRE clocked by clk_out2_clk_wiz_2  {rise@0.000ns fall@4.000ns period=8.000ns})
  Destination:            datapath/video_inst/inst_dvid/shift_red_reg[7]/S
                            (rising edge-triggered cell FDSE clocked by clk_out2_clk_wiz_2  {rise@0.000ns fall@4.000ns period=8.000ns})
  Path Group:             clk_out2_clk_wiz_2
  Path Type:              Setup (Max at Slow Process Corner)
  Requirement:            8.000ns  (clk_out2_clk_wiz_2 rise@8.000ns - clk_out2_clk_wiz_2 rise@0.000ns)
  Data Path Delay:        3.824ns  (logic 0.890ns (23.276%)  route 2.934ns (76.724%))
  Logic Levels:           3  (LUT2=1 LUT5=1 LUT6=1)
  Clock Path Skew:        -0.037ns (DCD - SCD + CPR)
    Destination Clock Delay (DCD):    1.707ns = ( 9.707 - 8.000 ) 
    Source Clock Delay      (SCD):    1.833ns
    Clock Pessimism Removal (CPR):    0.089ns
  Clock Uncertainty:      0.072ns  ((TSJ^2 + DJ^2)^1/2) / 2 + PE
    Total System Jitter     (TSJ):    0.071ns
    Discrete Jitter          (DJ):    0.125ns
    Phase Error              (PE):    0.000ns

    Location             Delay type                Incr(ns)  Path(ns)    Netlist Resource(s)
  -------------------------------------------------------------------    -------------------
                         (clock clk_out2_clk_wiz_2 rise edge)
                                                      0.000     0.000 r  
    BUFGCTRL_X0Y2        BUFG                         0.000     0.000 r  clk_IBUF_BUFG_inst/O
                         net (fo=303, routed)         2.106     2.106    datapath/video_inst/mmcm_adv_inst_display_clocks/inst/clk_in1
    MMCME2_ADV_X1Y0      MMCME2_ADV (Prop_mmcme2_adv_CLKIN1_CLKOUT1)
                                                     -4.900    -2.793 r  datapath/video_inst/mmcm_adv_inst_display_clocks/inst/mmcm_adv_inst/CLKOUT1
                         net (fo=1, routed)           2.697    -0.096    datapath/video_inst/mmcm_adv_inst_display_clocks/inst/clk_out2_clk_wiz_2
    BUFGCTRL_X0Y0        BUFG (Prop_bufg_I_O)         0.096    -0.000 r  datapath/video_inst/mmcm_adv_inst_display_clocks/inst/clkout2_buf/O
                         net (fo=44, routed)          1.833     1.833    datapath/video_inst/inst_dvid/clk_out2
    SLICE_X162Y148       FDRE                                         r  datapath/video_inst/inst_dvid/shift_clock_reg[0]/C
  -------------------------------------------------------------------    -------------------
    SLICE_X162Y148       FDRE (Prop_fdre_C_Q)         0.518     2.351 r  datapath/video_inst/inst_dvid/shift_clock_reg[0]/Q
                         net (fo=3, routed)           0.678     3.030    datapath/video_inst/inst_dvid/shift_clock[0]
    SLICE_X163Y148       LUT6 (Prop_lut6_I5_O)        0.124     3.154 f  datapath/video_inst/inst_dvid/shift_red[9]_i_2/O
                         net (fo=1, routed)           0.425     3.579    datapath/video_inst/inst_dvid/shift_red[9]_i_2_n_0
    SLICE_X162Y148       LUT5 (Prop_lut5_I0_O)        0.124     3.703 f  datapath/video_inst/inst_dvid/shift_red[9]_i_1/O
                         net (fo=31, routed)          0.947     4.650    datapath/video_inst/inst_dvid/shift_red[9]_i_1_n_0
    SLICE_X162Y134       LUT2 (Prop_lut2_I1_O)        0.124     4.774 r  datapath/video_inst/inst_dvid/shift_red[7]_i_1/O
                         net (fo=5, routed)           0.883     5.657    datapath/video_inst/inst_dvid/shift_red[7]_i_1_n_0
    SLICE_X162Y134       FDSE                                         r  datapath/video_inst/inst_dvid/shift_red_reg[7]/S
  -------------------------------------------------------------------    -------------------

                         (clock clk_out2_clk_wiz_2 rise edge)
                                                      8.000     8.000 r  
    BUFGCTRL_X0Y2        BUFG                         0.000     8.000 r  clk_IBUF_BUFG_inst/O
                         net (fo=303, routed)         1.972     9.972    datapath/video_inst/mmcm_adv_inst_display_clocks/inst/clk_in1
    MMCME2_ADV_X1Y0      MMCME2_ADV (Prop_mmcme2_adv_CLKIN1_CLKOUT1)
                                                     -4.637     5.335 r  datapath/video_inst/mmcm_adv_inst_display_clocks/inst/mmcm_adv_inst/CLKOUT1
                         net (fo=1, routed)           2.574     7.909    datapath/video_inst/mmcm_adv_inst_display_clocks/inst/clk_out2_clk_wiz_2
    BUFGCTRL_X0Y0        BUFG (Prop_bufg_I_O)         0.091     8.000 r  datapath/video_inst/mmcm_adv_inst_display_clocks/inst/clkout2_buf/O
                         net (fo=44, routed)          1.707     9.707    datapath/video_inst/inst_dvid/clk_out2
    SLICE_X162Y134       FDSE                                         r  datapath/video_inst/inst_dvid/shift_red_reg[7]/C
                         clock pessimism              0.089     9.796    
                         clock uncertainty           -0.072     9.724    
    SLICE_X162Y134       FDSE (Setup_fdse_C_S)       -0.524     9.200    datapath/video_inst/inst_dvid/shift_red_reg[7]
  -------------------------------------------------------------------
                         required time                          9.200    
                         arrival time                          -5.657    
  -------------------------------------------------------------------
                         slack                                  3.543    

Slack (MET) :             4.136ns  (required time - arrival time)
  Source:                 datapath/video_inst/inst_dvid/shift_clock_reg[0]/C
                            (rising edge-triggered cell FDRE clocked by clk_out2_clk_wiz_2  {rise@0.000ns fall@4.000ns period=8.000ns})
  Destination:            datapath/video_inst/inst_dvid/shift_red_reg[9]/R
                            (rising edge-triggered cell FDRE clocked by clk_out2_clk_wiz_2  {rise@0.000ns fall@4.000ns period=8.000ns})
  Path Group:             clk_out2_clk_wiz_2
  Path Type:              Setup (Max at Slow Process Corner)
  Requirement:            8.000ns  (clk_out2_clk_wiz_2 rise@8.000ns - clk_out2_clk_wiz_2 rise@0.000ns)
  Data Path Delay:        3.326ns  (logic 0.766ns (23.031%)  route 2.560ns (76.969%))
  Logic Levels:           2  (LUT5=1 LUT6=1)
  Clock Path Skew:        -0.037ns (DCD - SCD + CPR)
    Destination Clock Delay (DCD):    1.707ns = ( 9.707 - 8.000 ) 
    Source Clock Delay      (SCD):    1.833ns
    Clock Pessimism Removal (CPR):    0.089ns
  Clock Uncertainty:      0.072ns  ((TSJ^2 + DJ^2)^1/2) / 2 + PE
    Total System Jitter     (TSJ):    0.071ns
    Discrete Jitter          (DJ):    0.125ns
    Phase Error              (PE):    0.000ns

    Location             Delay type                Incr(ns)  Path(ns)    Netlist Resource(s)
  -------------------------------------------------------------------    -------------------
                         (clock clk_out2_clk_wiz_2 rise edge)
                                                      0.000     0.000 r  
    BUFGCTRL_X0Y2        BUFG                         0.000     0.000 r  clk_IBUF_BUFG_inst/O
                         net (fo=303, routed)         2.106     2.106    datapath/video_inst/mmcm_adv_inst_display_clocks/inst/clk_in1
    MMCME2_ADV_X1Y0      MMCME2_ADV (Prop_mmcme2_adv_CLKIN1_CLKOUT1)
                                                     -4.900    -2.793 r  datapath/video_inst/mmcm_adv_inst_display_clocks/inst/mmcm_adv_inst/CLKOUT1
                         net (fo=1, routed)           2.697    -0.096    datapath/video_inst/mmcm_adv_inst_display_clocks/inst/clk_out2_clk_wiz_2
    BUFGCTRL_X0Y0        BUFG (Prop_bufg_I_O)         0.096    -0.000 r  datapath/video_inst/mmcm_adv_inst_display_clocks/inst/clkout2_buf/O
                         net (fo=44, routed)          1.833     1.833    datapath/video_inst/inst_dvid/clk_out2
    SLICE_X162Y148       FDRE                                         r  datapath/video_inst/inst_dvid/shift_clock_reg[0]/C
  -------------------------------------------------------------------    -------------------
    SLICE_X162Y148       FDRE (Prop_fdre_C_Q)         0.518     2.351 f  datapath/video_inst/inst_dvid/shift_clock_reg[0]/Q
                         net (fo=3, routed)           0.678     3.030    datapath/video_inst/inst_dvid/shift_clock[0]
    SLICE_X163Y148       LUT6 (Prop_lut6_I5_O)        0.124     3.154 r  datapath/video_inst/inst_dvid/shift_red[9]_i_2/O
                         net (fo=1, routed)           0.425     3.579    datapath/video_inst/inst_dvid/shift_red[9]_i_2_n_0
    SLICE_X162Y148       LUT5 (Prop_lut5_I0_O)        0.124     3.703 r  datapath/video_inst/inst_dvid/shift_red[9]_i_1/O
                         net (fo=31, routed)          1.456     5.159    datapath/video_inst/inst_dvid/shift_red[9]_i_1_n_0
    SLICE_X160Y134       FDRE                                         r  datapath/video_inst/inst_dvid/shift_red_reg[9]/R
  -------------------------------------------------------------------    -------------------

                         (clock clk_out2_clk_wiz_2 rise edge)
                                                      8.000     8.000 r  
    BUFGCTRL_X0Y2        BUFG                         0.000     8.000 r  clk_IBUF_BUFG_inst/O
                         net (fo=303, routed)         1.972     9.972    datapath/video_inst/mmcm_adv_inst_display_clocks/inst/clk_in1
    MMCME2_ADV_X1Y0      MMCME2_ADV (Prop_mmcme2_adv_CLKIN1_CLKOUT1)
                                                     -4.637     5.335 r  datapath/video_inst/mmcm_adv_inst_display_clocks/inst/mmcm_adv_inst/CLKOUT1
                         net (fo=1, routed)           2.574     7.909    datapath/video_inst/mmcm_adv_inst_display_clocks/inst/clk_out2_clk_wiz_2
    BUFGCTRL_X0Y0        BUFG (Prop_bufg_I_O)         0.091     8.000 r  datapath/video_inst/mmcm_adv_inst_display_clocks/inst/clkout2_buf/O
                         net (fo=44, routed)          1.707     9.707    datapath/video_inst/inst_dvid/clk_out2
    SLICE_X160Y134       FDRE                                         r  datapath/video_inst/inst_dvid/shift_red_reg[9]/C
                         clock pessimism              0.089     9.796    
                         clock uncertainty           -0.072     9.724    
    SLICE_X160Y134       FDRE (Setup_fdre_C_R)       -0.429     9.295    datapath/video_inst/inst_dvid/shift_red_reg[9]
  -------------------------------------------------------------------
                         required time                          9.295    
                         arrival time                          -5.159    
  -------------------------------------------------------------------
                         slack                                  4.136    

Slack (MET) :             4.375ns  (required time - arrival time)
  Source:                 datapath/video_inst/inst_dvid/shift_clock_reg[0]/C
                            (rising edge-triggered cell FDRE clocked by clk_out2_clk_wiz_2  {rise@0.000ns fall@4.000ns period=8.000ns})
  Destination:            datapath/video_inst/inst_dvid/shift_red_reg[7]/D
                            (rising edge-triggered cell FDSE clocked by clk_out2_clk_wiz_2  {rise@0.000ns fall@4.000ns period=8.000ns})
  Path Group:             clk_out2_clk_wiz_2
  Path Type:              Setup (Max at Slow Process Corner)
  Requirement:            8.000ns  (clk_out2_clk_wiz_2 rise@8.000ns - clk_out2_clk_wiz_2 rise@0.000ns)
  Data Path Delay:        3.595ns  (logic 0.890ns (24.754%)  route 2.705ns (75.246%))
  Logic Levels:           3  (LUT2=1 LUT5=1 LUT6=1)
  Clock Path Skew:        -0.037ns (DCD - SCD + CPR)
    Destination Clock Delay (DCD):    1.707ns = ( 9.707 - 8.000 ) 
    Source Clock Delay      (SCD):    1.833ns
    Clock Pessimism Removal (CPR):    0.089ns
  Clock Uncertainty:      0.072ns  ((TSJ^2 + DJ^2)^1/2) / 2 + PE
    Total System Jitter     (TSJ):    0.071ns
    Discrete Jitter          (DJ):    0.125ns
    Phase Error              (PE):    0.000ns

    Location             Delay type                Incr(ns)  Path(ns)    Netlist Resource(s)
  -------------------------------------------------------------------    -------------------
                         (clock clk_out2_clk_wiz_2 rise edge)
                                                      0.000     0.000 r  
    BUFGCTRL_X0Y2        BUFG                         0.000     0.000 r  clk_IBUF_BUFG_inst/O
                         net (fo=303, routed)         2.106     2.106    datapath/video_inst/mmcm_adv_inst_display_clocks/inst/clk_in1
    MMCME2_ADV_X1Y0      MMCME2_ADV (Prop_mmcme2_adv_CLKIN1_CLKOUT1)
                                                     -4.900    -2.793 r  datapath/video_inst/mmcm_adv_inst_display_clocks/inst/mmcm_adv_inst/CLKOUT1
                         net (fo=1, routed)           2.697    -0.096    datapath/video_inst/mmcm_adv_inst_display_clocks/inst/clk_out2_clk_wiz_2
    BUFGCTRL_X0Y0        BUFG (Prop_bufg_I_O)         0.096    -0.000 r  datapath/video_inst/mmcm_adv_inst_display_clocks/inst/clkout2_buf/O
                         net (fo=44, routed)          1.833     1.833    datapath/video_inst/inst_dvid/clk_out2
    SLICE_X162Y148       FDRE                                         r  datapath/video_inst/inst_dvid/shift_clock_reg[0]/C
  -------------------------------------------------------------------    -------------------
    SLICE_X162Y148       FDRE (Prop_fdre_C_Q)         0.518     2.351 f  datapath/video_inst/inst_dvid/shift_clock_reg[0]/Q
                         net (fo=3, routed)           0.678     3.030    datapath/video_inst/inst_dvid/shift_clock[0]
    SLICE_X163Y148       LUT6 (Prop_lut6_I5_O)        0.124     3.154 r  datapath/video_inst/inst_dvid/shift_red[9]_i_2/O
                         net (fo=1, routed)           0.425     3.579    datapath/video_inst/inst_dvid/shift_red[9]_i_2_n_0
    SLICE_X162Y148       LUT5 (Prop_lut5_I0_O)        0.124     3.703 r  datapath/video_inst/inst_dvid/shift_red[9]_i_1/O
                         net (fo=31, routed)          1.602     5.305    datapath/video_inst/inst_dvid/shift_red[9]_i_1_n_0
    SLICE_X162Y134       LUT2 (Prop_lut2_I0_O)        0.124     5.429 r  datapath/video_inst/inst_dvid/shift_red[7]_i_2/O
                         net (fo=1, routed)           0.000     5.429    datapath/video_inst/inst_dvid/shift_red[7]_i_2_n_0
    SLICE_X162Y134       FDSE                                         r  datapath/video_inst/inst_dvid/shift_red_reg[7]/D
  -------------------------------------------------------------------    -------------------

                         (clock clk_out2_clk_wiz_2 rise edge)
                                                      8.000     8.000 r  
    BUFGCTRL_X0Y2        BUFG                         0.000     8.000 r  clk_IBUF_BUFG_inst/O
                         net (fo=303, routed)         1.972     9.972    datapath/video_inst/mmcm_adv_inst_display_clocks/inst/clk_in1
    MMCME2_ADV_X1Y0      MMCME2_ADV (Prop_mmcme2_adv_CLKIN1_CLKOUT1)
                                                     -4.637     5.335 r  datapath/video_inst/mmcm_adv_inst_display_clocks/inst/mmcm_adv_inst/CLKOUT1
                         net (fo=1, routed)           2.574     7.909    datapath/video_inst/mmcm_adv_inst_display_clocks/inst/clk_out2_clk_wiz_2
    BUFGCTRL_X0Y0        BUFG (Prop_bufg_I_O)         0.091     8.000 r  datapath/video_inst/mmcm_adv_inst_display_clocks/inst/clkout2_buf/O
                         net (fo=44, routed)          1.707     9.707    datapath/video_inst/inst_dvid/clk_out2
    SLICE_X162Y134       FDSE                                         r  datapath/video_inst/inst_dvid/shift_red_reg[7]/C
                         clock pessimism              0.089     9.796    
                         clock uncertainty           -0.072     9.724    
    SLICE_X162Y134       FDSE (Setup_fdse_C_D)        0.079     9.803    datapath/video_inst/inst_dvid/shift_red_reg[7]
  -------------------------------------------------------------------
                         required time                          9.803    
                         arrival time                          -5.429    
  -------------------------------------------------------------------
                         slack                                  4.375    

Slack (MET) :             4.450ns  (required time - arrival time)
  Source:                 datapath/video_inst/inst_dvid/shift_clock_reg[0]/C
                            (rising edge-triggered cell FDRE clocked by clk_out2_clk_wiz_2  {rise@0.000ns fall@4.000ns period=8.000ns})
  Destination:            datapath/video_inst/inst_dvid/shift_green_reg[8]/R
                            (rising edge-triggered cell FDRE clocked by clk_out2_clk_wiz_2  {rise@0.000ns fall@4.000ns period=8.000ns})
  Path Group:             clk_out2_clk_wiz_2
  Path Type:              Setup (Max at Slow Process Corner)
  Requirement:            8.000ns  (clk_out2_clk_wiz_2 rise@8.000ns - clk_out2_clk_wiz_2 rise@0.000ns)
  Data Path Delay:        2.996ns  (logic 0.766ns (25.565%)  route 2.230ns (74.435%))
  Logic Levels:           2  (LUT5=1 LUT6=1)
  Clock Path Skew:        -0.053ns (DCD - SCD + CPR)
    Destination Clock Delay (DCD):    1.705ns = ( 9.705 - 8.000 ) 
    Source Clock Delay      (SCD):    1.833ns
    Clock Pessimism Removal (CPR):    0.075ns
  Clock Uncertainty:      0.072ns  ((TSJ^2 + DJ^2)^1/2) / 2 + PE
    Total System Jitter     (TSJ):    0.071ns
    Discrete Jitter          (DJ):    0.125ns
    Phase Error              (PE):    0.000ns

    Location             Delay type                Incr(ns)  Path(ns)    Netlist Resource(s)
  -------------------------------------------------------------------    -------------------
                         (clock clk_out2_clk_wiz_2 rise edge)
                                                      0.000     0.000 r  
    BUFGCTRL_X0Y2        BUFG                         0.000     0.000 r  clk_IBUF_BUFG_inst/O
                         net (fo=303, routed)         2.106     2.106    datapath/video_inst/mmcm_adv_inst_display_clocks/inst/clk_in1
    MMCME2_ADV_X1Y0      MMCME2_ADV (Prop_mmcme2_adv_CLKIN1_CLKOUT1)
                                                     -4.900    -2.793 r  datapath/video_inst/mmcm_adv_inst_display_clocks/inst/mmcm_adv_inst/CLKOUT1
                         net (fo=1, routed)           2.697    -0.096    datapath/video_inst/mmcm_adv_inst_display_clocks/inst/clk_out2_clk_wiz_2
    BUFGCTRL_X0Y0        BUFG (Prop_bufg_I_O)         0.096    -0.000 r  datapath/video_inst/mmcm_adv_inst_display_clocks/inst/clkout2_buf/O
                         net (fo=44, routed)          1.833     1.833    datapath/video_inst/inst_dvid/clk_out2
    SLICE_X162Y148       FDRE                                         r  datapath/video_inst/inst_dvid/shift_clock_reg[0]/C
  -------------------------------------------------------------------    -------------------
    SLICE_X162Y148       FDRE (Prop_fdre_C_Q)         0.518     2.351 f  datapath/video_inst/inst_dvid/shift_clock_reg[0]/Q
                         net (fo=3, routed)           0.678     3.030    datapath/video_inst/inst_dvid/shift_clock[0]
    SLICE_X163Y148       LUT6 (Prop_lut6_I5_O)        0.124     3.154 r  datapath/video_inst/inst_dvid/shift_red[9]_i_2/O
                         net (fo=1, routed)           0.425     3.579    datapath/video_inst/inst_dvid/shift_red[9]_i_2_n_0
    SLICE_X162Y148       LUT5 (Prop_lut5_I0_O)        0.124     3.703 r  datapath/video_inst/inst_dvid/shift_red[9]_i_1/O
                         net (fo=31, routed)          1.127     4.830    datapath/video_inst/inst_dvid/shift_red[9]_i_1_n_0
    SLICE_X159Y134       FDRE                                         r  datapath/video_inst/inst_dvid/shift_green_reg[8]/R
  -------------------------------------------------------------------    -------------------

                         (clock clk_out2_clk_wiz_2 rise edge)
                                                      8.000     8.000 r  
    BUFGCTRL_X0Y2        BUFG                         0.000     8.000 r  clk_IBUF_BUFG_inst/O
                         net (fo=303, routed)         1.972     9.972    datapath/video_inst/mmcm_adv_inst_display_clocks/inst/clk_in1
    MMCME2_ADV_X1Y0      MMCME2_ADV (Prop_mmcme2_adv_CLKIN1_CLKOUT1)
                                                     -4.637     5.335 r  datapath/video_inst/mmcm_adv_inst_display_clocks/inst/mmcm_adv_inst/CLKOUT1
                         net (fo=1, routed)           2.574     7.909    datapath/video_inst/mmcm_adv_inst_display_clocks/inst/clk_out2_clk_wiz_2
    BUFGCTRL_X0Y0        BUFG (Prop_bufg_I_O)         0.091     8.000 r  datapath/video_inst/mmcm_adv_inst_display_clocks/inst/clkout2_buf/O
                         net (fo=44, routed)          1.705     9.705    datapath/video_inst/inst_dvid/clk_out2
    SLICE_X159Y134       FDRE                                         r  datapath/video_inst/inst_dvid/shift_green_reg[8]/C
                         clock pessimism              0.075     9.780    
                         clock uncertainty           -0.072     9.708    
    SLICE_X159Y134       FDRE (Setup_fdre_C_R)       -0.429     9.279    datapath/video_inst/inst_dvid/shift_green_reg[8]
  -------------------------------------------------------------------
                         required time                          9.279    
                         arrival time                          -4.830    
  -------------------------------------------------------------------
                         slack                                  4.450    

Slack (MET) :             4.450ns  (required time - arrival time)
  Source:                 datapath/video_inst/inst_dvid/shift_clock_reg[0]/C
                            (rising edge-triggered cell FDRE clocked by clk_out2_clk_wiz_2  {rise@0.000ns fall@4.000ns period=8.000ns})
  Destination:            datapath/video_inst/inst_dvid/shift_green_reg[9]/R
                            (rising edge-triggered cell FDRE clocked by clk_out2_clk_wiz_2  {rise@0.000ns fall@4.000ns period=8.000ns})
  Path Group:             clk_out2_clk_wiz_2
  Path Type:              Setup (Max at Slow Process Corner)
  Requirement:            8.000ns  (clk_out2_clk_wiz_2 rise@8.000ns - clk_out2_clk_wiz_2 rise@0.000ns)
  Data Path Delay:        2.996ns  (logic 0.766ns (25.565%)  route 2.230ns (74.435%))
  Logic Levels:           2  (LUT5=1 LUT6=1)
  Clock Path Skew:        -0.053ns (DCD - SCD + CPR)
    Destination Clock Delay (DCD):    1.705ns = ( 9.705 - 8.000 ) 
    Source Clock Delay      (SCD):    1.833ns
    Clock Pessimism Removal (CPR):    0.075ns
  Clock Uncertainty:      0.072ns  ((TSJ^2 + DJ^2)^1/2) / 2 + PE
    Total System Jitter     (TSJ):    0.071ns
    Discrete Jitter          (DJ):    0.125ns
    Phase Error              (PE):    0.000ns

    Location             Delay type                Incr(ns)  Path(ns)    Netlist Resource(s)
  -------------------------------------------------------------------    -------------------
                         (clock clk_out2_clk_wiz_2 rise edge)
                                                      0.000     0.000 r  
    BUFGCTRL_X0Y2        BUFG                         0.000     0.000 r  clk_IBUF_BUFG_inst/O
                         net (fo=303, routed)         2.106     2.106    datapath/video_inst/mmcm_adv_inst_display_clocks/inst/clk_in1
    MMCME2_ADV_X1Y0      MMCME2_ADV (Prop_mmcme2_adv_CLKIN1_CLKOUT1)
                                                     -4.900    -2.793 r  datapath/video_inst/mmcm_adv_inst_display_clocks/inst/mmcm_adv_inst/CLKOUT1
                         net (fo=1, routed)           2.697    -0.096    datapath/video_inst/mmcm_adv_inst_display_clocks/inst/clk_out2_clk_wiz_2
    BUFGCTRL_X0Y0        BUFG (Prop_bufg_I_O)         0.096    -0.000 r  datapath/video_inst/mmcm_adv_inst_display_clocks/inst/clkout2_buf/O
                         net (fo=44, routed)          1.833     1.833    datapath/video_inst/inst_dvid/clk_out2
    SLICE_X162Y148       FDRE                                         r  datapath/video_inst/inst_dvid/shift_clock_reg[0]/C
  -------------------------------------------------------------------    -------------------
    SLICE_X162Y148       FDRE (Prop_fdre_C_Q)         0.518     2.351 f  datapath/video_inst/inst_dvid/shift_clock_reg[0]/Q
                         net (fo=3, routed)           0.678     3.030    datapath/video_inst/inst_dvid/shift_clock[0]
    SLICE_X163Y148       LUT6 (Prop_lut6_I5_O)        0.124     3.154 r  datapath/video_inst/inst_dvid/shift_red[9]_i_2/O
                         net (fo=1, routed)           0.425     3.579    datapath/video_inst/inst_dvid/shift_red[9]_i_2_n_0
    SLICE_X162Y148       LUT5 (Prop_lut5_I0_O)        0.124     3.703 r  datapath/video_inst/inst_dvid/shift_red[9]_i_1/O
                         net (fo=31, routed)          1.127     4.830    datapath/video_inst/inst_dvid/shift_red[9]_i_1_n_0
    SLICE_X159Y134       FDRE                                         r  datapath/video_inst/inst_dvid/shift_green_reg[9]/R
  -------------------------------------------------------------------    -------------------

                         (clock clk_out2_clk_wiz_2 rise edge)
                                                      8.000     8.000 r  
    BUFGCTRL_X0Y2        BUFG                         0.000     8.000 r  clk_IBUF_BUFG_inst/O
                         net (fo=303, routed)         1.972     9.972    datapath/video_inst/mmcm_adv_inst_display_clocks/inst/clk_in1
    MMCME2_ADV_X1Y0      MMCME2_ADV (Prop_mmcme2_adv_CLKIN1_CLKOUT1)
                                                     -4.637     5.335 r  datapath/video_inst/mmcm_adv_inst_display_clocks/inst/mmcm_adv_inst/CLKOUT1
                         net (fo=1, routed)           2.574     7.909    datapath/video_inst/mmcm_adv_inst_display_clocks/inst/clk_out2_clk_wiz_2
    BUFGCTRL_X0Y0        BUFG (Prop_bufg_I_O)         0.091     8.000 r  datapath/video_inst/mmcm_adv_inst_display_clocks/inst/clkout2_buf/O
                         net (fo=44, routed)          1.705     9.705    datapath/video_inst/inst_dvid/clk_out2
    SLICE_X159Y134       FDRE                                         r  datapath/video_inst/inst_dvid/shift_green_reg[9]/C
                         clock pessimism              0.075     9.780    
                         clock uncertainty           -0.072     9.708    
    SLICE_X159Y134       FDRE (Setup_fdre_C_R)       -0.429     9.279    datapath/video_inst/inst_dvid/shift_green_reg[9]
  -------------------------------------------------------------------
                         required time                          9.279    
                         arrival time                          -4.830    
  -------------------------------------------------------------------
                         slack                                  4.450    

Slack (MET) :             4.450ns  (required time - arrival time)
  Source:                 datapath/video_inst/inst_dvid/shift_clock_reg[0]/C
                            (rising edge-triggered cell FDRE clocked by clk_out2_clk_wiz_2  {rise@0.000ns fall@4.000ns period=8.000ns})
  Destination:            datapath/video_inst/inst_dvid/shift_red_reg[8]/R
                            (rising edge-triggered cell FDRE clocked by clk_out2_clk_wiz_2  {rise@0.000ns fall@4.000ns period=8.000ns})
  Path Group:             clk_out2_clk_wiz_2
  Path Type:              Setup (Max at Slow Process Corner)
  Requirement:            8.000ns  (clk_out2_clk_wiz_2 rise@8.000ns - clk_out2_clk_wiz_2 rise@0.000ns)
  Data Path Delay:        2.996ns  (logic 0.766ns (25.565%)  route 2.230ns (74.435%))
  Logic Levels:           2  (LUT5=1 LUT6=1)
  Clock Path Skew:        -0.053ns (DCD - SCD + CPR)
    Destination Clock Delay (DCD):    1.705ns = ( 9.705 - 8.000 ) 
    Source Clock Delay      (SCD):    1.833ns
    Clock Pessimism Removal (CPR):    0.075ns
  Clock Uncertainty:      0.072ns  ((TSJ^2 + DJ^2)^1/2) / 2 + PE
    Total System Jitter     (TSJ):    0.071ns
    Discrete Jitter          (DJ):    0.125ns
    Phase Error              (PE):    0.000ns

    Location             Delay type                Incr(ns)  Path(ns)    Netlist Resource(s)
  -------------------------------------------------------------------    -------------------
                         (clock clk_out2_clk_wiz_2 rise edge)
                                                      0.000     0.000 r  
    BUFGCTRL_X0Y2        BUFG                         0.000     0.000 r  clk_IBUF_BUFG_inst/O
                         net (fo=303, routed)         2.106     2.106    datapath/video_inst/mmcm_adv_inst_display_clocks/inst/clk_in1
    MMCME2_ADV_X1Y0      MMCME2_ADV (Prop_mmcme2_adv_CLKIN1_CLKOUT1)
                                                     -4.900    -2.793 r  datapath/video_inst/mmcm_adv_inst_display_clocks/inst/mmcm_adv_inst/CLKOUT1
                         net (fo=1, routed)           2.697    -0.096    datapath/video_inst/mmcm_adv_inst_display_clocks/inst/clk_out2_clk_wiz_2
    BUFGCTRL_X0Y0        BUFG (Prop_bufg_I_O)         0.096    -0.000 r  datapath/video_inst/mmcm_adv_inst_display_clocks/inst/clkout2_buf/O
                         net (fo=44, routed)          1.833     1.833    datapath/video_inst/inst_dvid/clk_out2
    SLICE_X162Y148       FDRE                                         r  datapath/video_inst/inst_dvid/shift_clock_reg[0]/C
  -------------------------------------------------------------------    -------------------
    SLICE_X162Y148       FDRE (Prop_fdre_C_Q)         0.518     2.351 f  datapath/video_inst/inst_dvid/shift_clock_reg[0]/Q
                         net (fo=3, routed)           0.678     3.030    datapath/video_inst/inst_dvid/shift_clock[0]
    SLICE_X163Y148       LUT6 (Prop_lut6_I5_O)        0.124     3.154 r  datapath/video_inst/inst_dvid/shift_red[9]_i_2/O
                         net (fo=1, routed)           0.425     3.579    datapath/video_inst/inst_dvid/shift_red[9]_i_2_n_0
    SLICE_X162Y148       LUT5 (Prop_lut5_I0_O)        0.124     3.703 r  datapath/video_inst/inst_dvid/shift_red[9]_i_1/O
                         net (fo=31, routed)          1.127     4.830    datapath/video_inst/inst_dvid/shift_red[9]_i_1_n_0
    SLICE_X159Y134       FDRE                                         r  datapath/video_inst/inst_dvid/shift_red_reg[8]/R
  -------------------------------------------------------------------    -------------------

                         (clock clk_out2_clk_wiz_2 rise edge)
                                                      8.000     8.000 r  
    BUFGCTRL_X0Y2        BUFG                         0.000     8.000 r  clk_IBUF_BUFG_inst/O
                         net (fo=303, routed)         1.972     9.972    datapath/video_inst/mmcm_adv_inst_display_clocks/inst/clk_in1
    MMCME2_ADV_X1Y0      MMCME2_ADV (Prop_mmcme2_adv_CLKIN1_CLKOUT1)
                                                     -4.637     5.335 r  datapath/video_inst/mmcm_adv_inst_display_clocks/inst/mmcm_adv_inst/CLKOUT1
                         net (fo=1, routed)           2.574     7.909    datapath/video_inst/mmcm_adv_inst_display_clocks/inst/clk_out2_clk_wiz_2
    BUFGCTRL_X0Y0        BUFG (Prop_bufg_I_O)         0.091     8.000 r  datapath/video_inst/mmcm_adv_inst_display_clocks/inst/clkout2_buf/O
                         net (fo=44, routed)          1.705     9.705    datapath/video_inst/inst_dvid/clk_out2
    SLICE_X159Y134       FDRE                                         r  datapath/video_inst/inst_dvid/shift_red_reg[8]/C
                         clock pessimism              0.075     9.780    
                         clock uncertainty           -0.072     9.708    
    SLICE_X159Y134       FDRE (Setup_fdre_C_R)       -0.429     9.279    datapath/video_inst/inst_dvid/shift_red_reg[8]
  -------------------------------------------------------------------
                         required time                          9.279    
                         arrival time                          -4.830    
  -------------------------------------------------------------------
                         slack                                  4.450    





Min Delay Paths
--------------------------------------------------------------------------------------
Slack (MET) :             0.155ns  (arrival time - required time)
  Source:                 datapath/video_inst/inst_dvid/shift_red_reg[9]/C
                            (rising edge-triggered cell FDRE clocked by clk_out2_clk_wiz_2  {rise@0.000ns fall@4.000ns period=8.000ns})
  Destination:            datapath/video_inst/inst_dvid/shift_red_reg[7]/D
                            (rising edge-triggered cell FDSE clocked by clk_out2_clk_wiz_2  {rise@0.000ns fall@4.000ns period=8.000ns})
  Path Group:             clk_out2_clk_wiz_2
  Path Type:              Hold (Min at Fast Process Corner)
  Requirement:            0.000ns  (clk_out2_clk_wiz_2 rise@0.000ns - clk_out2_clk_wiz_2 rise@0.000ns)
  Data Path Delay:        0.290ns  (logic 0.186ns (64.194%)  route 0.104ns (35.806%))
  Logic Levels:           1  (LUT2=1)
  Clock Path Skew:        0.014ns (DCD - SCD - CPR)
    Destination Clock Delay (DCD):    0.915ns
    Source Clock Delay      (SCD):    0.644ns
    Clock Pessimism Removal (CPR):    0.257ns

    Location             Delay type                Incr(ns)  Path(ns)    Netlist Resource(s)
  -------------------------------------------------------------------    -------------------
                         (clock clk_out2_clk_wiz_2 rise edge)
                                                      0.000     0.000 r  
    BUFGCTRL_X0Y2        BUFG                         0.000     0.000 r  clk_IBUF_BUFG_inst/O
                         net (fo=303, routed)         0.745     0.745    datapath/video_inst/mmcm_adv_inst_display_clocks/inst/clk_in1
    MMCME2_ADV_X1Y0      MMCME2_ADV (Prop_mmcme2_adv_CLKIN1_CLKOUT1)
                                                     -1.683    -0.938 r  datapath/video_inst/mmcm_adv_inst_display_clocks/inst/mmcm_adv_inst/CLKOUT1
                         net (fo=1, routed)           0.912    -0.026    datapath/video_inst/mmcm_adv_inst_display_clocks/inst/clk_out2_clk_wiz_2
    BUFGCTRL_X0Y0        BUFG (Prop_bufg_I_O)         0.026    -0.000 r  datapath/video_inst/mmcm_adv_inst_display_clocks/inst/clkout2_buf/O
                         net (fo=44, routed)          0.644     0.644    datapath/video_inst/inst_dvid/clk_out2
    SLICE_X160Y134       FDRE                                         r  datapath/video_inst/inst_dvid/shift_red_reg[9]/C
  -------------------------------------------------------------------    -------------------
    SLICE_X160Y134       FDRE (Prop_fdre_C_Q)         0.141     0.785 r  datapath/video_inst/inst_dvid/shift_red_reg[9]/Q
                         net (fo=1, routed)           0.104     0.888    datapath/video_inst/inst_dvid/data1[7]
    SLICE_X162Y134       LUT2 (Prop_lut2_I1_O)        0.045     0.933 r  datapath/video_inst/inst_dvid/shift_red[7]_i_2/O
                         net (fo=1, routed)           0.000     0.933    datapath/video_inst/inst_dvid/shift_red[7]_i_2_n_0
    SLICE_X162Y134       FDSE                                         r  datapath/video_inst/inst_dvid/shift_red_reg[7]/D
  -------------------------------------------------------------------    -------------------

                         (clock clk_out2_clk_wiz_2 rise edge)
                                                      0.000     0.000 r  
    BUFGCTRL_X0Y2        BUFG                         0.000     0.000 r  clk_IBUF_BUFG_inst/O
                         net (fo=303, routed)         1.022     1.022    datapath/video_inst/mmcm_adv_inst_display_clocks/inst/clk_in1
    MMCME2_ADV_X1Y0      MMCME2_ADV (Prop_mmcme2_adv_CLKIN1_CLKOUT1)
                                                     -2.040    -1.018 r  datapath/video_inst/mmcm_adv_inst_display_clocks/inst/mmcm_adv_inst/CLKOUT1
                         net (fo=1, routed)           0.989    -0.029    datapath/video_inst/mmcm_adv_inst_display_clocks/inst/clk_out2_clk_wiz_2
    BUFGCTRL_X0Y0        BUFG (Prop_bufg_I_O)         0.029    -0.000 r  datapath/video_inst/mmcm_adv_inst_display_clocks/inst/clkout2_buf/O
                         net (fo=44, routed)          0.915     0.915    datapath/video_inst/inst_dvid/clk_out2
    SLICE_X162Y134       FDSE                                         r  datapath/video_inst/inst_dvid/shift_red_reg[7]/C
                         clock pessimism             -0.257     0.658    
    SLICE_X162Y134       FDSE (Hold_fdse_C_D)         0.121     0.779    datapath/video_inst/inst_dvid/shift_red_reg[7]
  -------------------------------------------------------------------
                         required time                         -0.779    
                         arrival time                           0.933    
  -------------------------------------------------------------------
                         slack                                  0.155    

Slack (MET) :             0.171ns  (arrival time - required time)
  Source:                 datapath/video_inst/inst_dvid/shift_blue_reg[8]/C
                            (rising edge-triggered cell FDRE clocked by clk_out2_clk_wiz_2  {rise@0.000ns fall@4.000ns period=8.000ns})
  Destination:            datapath/video_inst/inst_dvid/shift_blue_reg[6]/D
                            (rising edge-triggered cell FDRE clocked by clk_out2_clk_wiz_2  {rise@0.000ns fall@4.000ns period=8.000ns})
  Path Group:             clk_out2_clk_wiz_2
  Path Type:              Hold (Min at Fast Process Corner)
  Requirement:            0.000ns  (clk_out2_clk_wiz_2 rise@0.000ns - clk_out2_clk_wiz_2 rise@0.000ns)
  Data Path Delay:        0.319ns  (logic 0.189ns (59.171%)  route 0.130ns (40.829%))
  Logic Levels:           1  (LUT3=1)
  Clock Path Skew:        0.017ns (DCD - SCD - CPR)
    Destination Clock Delay (DCD):    0.919ns
    Source Clock Delay      (SCD):    0.645ns
    Clock Pessimism Removal (CPR):    0.257ns

    Location             Delay type                Incr(ns)  Path(ns)    Netlist Resource(s)
  -------------------------------------------------------------------    -------------------
                         (clock clk_out2_clk_wiz_2 rise edge)
                                                      0.000     0.000 r  
    BUFGCTRL_X0Y2        BUFG                         0.000     0.000 r  clk_IBUF_BUFG_inst/O
                         net (fo=303, routed)         0.745     0.745    datapath/video_inst/mmcm_adv_inst_display_clocks/inst/clk_in1
    MMCME2_ADV_X1Y0      MMCME2_ADV (Prop_mmcme2_adv_CLKIN1_CLKOUT1)
                                                     -1.683    -0.938 r  datapath/video_inst/mmcm_adv_inst_display_clocks/inst/mmcm_adv_inst/CLKOUT1
                         net (fo=1, routed)           0.912    -0.026    datapath/video_inst/mmcm_adv_inst_display_clocks/inst/clk_out2_clk_wiz_2
    BUFGCTRL_X0Y0        BUFG (Prop_bufg_I_O)         0.026    -0.000 r  datapath/video_inst/mmcm_adv_inst_display_clocks/inst/clkout2_buf/O
                         net (fo=44, routed)          0.645     0.645    datapath/video_inst/inst_dvid/clk_out2
    SLICE_X161Y137       FDRE                                         r  datapath/video_inst/inst_dvid/shift_blue_reg[8]/C
  -------------------------------------------------------------------    -------------------
    SLICE_X161Y137       FDRE (Prop_fdre_C_Q)         0.141     0.786 r  datapath/video_inst/inst_dvid/shift_blue_reg[8]/Q
                         net (fo=1, routed)           0.130     0.916    datapath/video_inst/inst_dvid/shift_blue[8]
    SLICE_X162Y138       LUT3 (Prop_lut3_I0_O)        0.048     0.964 r  datapath/video_inst/inst_dvid/shift_blue[6]_i_1/O
                         net (fo=1, routed)           0.000     0.964    datapath/video_inst/inst_dvid/shift_blue_0[6]
    SLICE_X162Y138       FDRE                                         r  datapath/video_inst/inst_dvid/shift_blue_reg[6]/D
  -------------------------------------------------------------------    -------------------

                         (clock clk_out2_clk_wiz_2 rise edge)
                                                      0.000     0.000 r  
    BUFGCTRL_X0Y2        BUFG                         0.000     0.000 r  clk_IBUF_BUFG_inst/O
                         net (fo=303, routed)         1.022     1.022    datapath/video_inst/mmcm_adv_inst_display_clocks/inst/clk_in1
    MMCME2_ADV_X1Y0      MMCME2_ADV (Prop_mmcme2_adv_CLKIN1_CLKOUT1)
                                                     -2.040    -1.018 r  datapath/video_inst/mmcm_adv_inst_display_clocks/inst/mmcm_adv_inst/CLKOUT1
                         net (fo=1, routed)           0.989    -0.029    datapath/video_inst/mmcm_adv_inst_display_clocks/inst/clk_out2_clk_wiz_2
    BUFGCTRL_X0Y0        BUFG (Prop_bufg_I_O)         0.029    -0.000 r  datapath/video_inst/mmcm_adv_inst_display_clocks/inst/clkout2_buf/O
                         net (fo=44, routed)          0.919     0.919    datapath/video_inst/inst_dvid/clk_out2
    SLICE_X162Y138       FDRE                                         r  datapath/video_inst/inst_dvid/shift_blue_reg[6]/C
                         clock pessimism             -0.257     0.662    
    SLICE_X162Y138       FDRE (Hold_fdre_C_D)         0.131     0.793    datapath/video_inst/inst_dvid/shift_blue_reg[6]
  -------------------------------------------------------------------
                         required time                         -0.793    
                         arrival time                           0.964    
  -------------------------------------------------------------------
                         slack                                  0.171    

Slack (MET) :             0.175ns  (arrival time - required time)
  Source:                 datapath/video_inst/inst_dvid/shift_clock_reg[4]/C
                            (rising edge-triggered cell FDRE clocked by clk_out2_clk_wiz_2  {rise@0.000ns fall@4.000ns period=8.000ns})
  Destination:            datapath/video_inst/inst_dvid/shift_clock_reg[2]/D
                            (rising edge-triggered cell FDRE clocked by clk_out2_clk_wiz_2  {rise@0.000ns fall@4.000ns period=8.000ns})
  Path Group:             clk_out2_clk_wiz_2
  Path Type:              Hold (Min at Fast Process Corner)
  Requirement:            0.000ns  (clk_out2_clk_wiz_2 rise@0.000ns - clk_out2_clk_wiz_2 rise@0.000ns)
  Data Path Delay:        0.251ns  (logic 0.141ns (56.174%)  route 0.110ns (43.826%))
  Logic Levels:           0  
  Clock Path Skew:        0.013ns (DCD - SCD - CPR)
    Destination Clock Delay (DCD):    0.922ns
    Source Clock Delay      (SCD):    0.649ns
    Clock Pessimism Removal (CPR):    0.260ns

    Location             Delay type                Incr(ns)  Path(ns)    Netlist Resource(s)
  -------------------------------------------------------------------    -------------------
                         (clock clk_out2_clk_wiz_2 rise edge)
                                                      0.000     0.000 r  
    BUFGCTRL_X0Y2        BUFG                         0.000     0.000 r  clk_IBUF_BUFG_inst/O
                         net (fo=303, routed)         0.745     0.745    datapath/video_inst/mmcm_adv_inst_display_clocks/inst/clk_in1
    MMCME2_ADV_X1Y0      MMCME2_ADV (Prop_mmcme2_adv_CLKIN1_CLKOUT1)
                                                     -1.683    -0.938 r  datapath/video_inst/mmcm_adv_inst_display_clocks/inst/mmcm_adv_inst/CLKOUT1
                         net (fo=1, routed)           0.912    -0.026    datapath/video_inst/mmcm_adv_inst_display_clocks/inst/clk_out2_clk_wiz_2
    BUFGCTRL_X0Y0        BUFG (Prop_bufg_I_O)         0.026    -0.000 r  datapath/video_inst/mmcm_adv_inst_display_clocks/inst/clkout2_buf/O
                         net (fo=44, routed)          0.649     0.649    datapath/video_inst/inst_dvid/clk_out2
    SLICE_X163Y148       FDRE                                         r  datapath/video_inst/inst_dvid/shift_clock_reg[4]/C
  -------------------------------------------------------------------    -------------------
    SLICE_X163Y148       FDRE (Prop_fdre_C_Q)         0.141     0.790 r  datapath/video_inst/inst_dvid/shift_clock_reg[4]/Q
                         net (fo=2, routed)           0.110     0.900    datapath/video_inst/inst_dvid/shift_clock_reg_n_0_[4]
    SLICE_X162Y148       FDRE                                         r  datapath/video_inst/inst_dvid/shift_clock_reg[2]/D
  -------------------------------------------------------------------    -------------------

                         (clock clk_out2_clk_wiz_2 rise edge)
                                                      0.000     0.000 r  
    BUFGCTRL_X0Y2        BUFG                         0.000     0.000 r  clk_IBUF_BUFG_inst/O
                         net (fo=303, routed)         1.022     1.022    datapath/video_inst/mmcm_adv_inst_display_clocks/inst/clk_in1
    MMCME2_ADV_X1Y0      MMCME2_ADV (Prop_mmcme2_adv_CLKIN1_CLKOUT1)
                                                     -2.040    -1.018 r  datapath/video_inst/mmcm_adv_inst_display_clocks/inst/mmcm_adv_inst/CLKOUT1
                         net (fo=1, routed)           0.989    -0.029    datapath/video_inst/mmcm_adv_inst_display_clocks/inst/clk_out2_clk_wiz_2
    BUFGCTRL_X0Y0        BUFG (Prop_bufg_I_O)         0.029    -0.000 r  datapath/video_inst/mmcm_adv_inst_display_clocks/inst/clkout2_buf/O
                         net (fo=44, routed)          0.922     0.922    datapath/video_inst/inst_dvid/clk_out2
    SLICE_X162Y148       FDRE                                         r  datapath/video_inst/inst_dvid/shift_clock_reg[2]/C
                         clock pessimism             -0.260     0.662    
    SLICE_X162Y148       FDRE (Hold_fdre_C_D)         0.063     0.725    datapath/video_inst/inst_dvid/shift_clock_reg[2]
  -------------------------------------------------------------------
                         required time                         -0.725    
                         arrival time                           0.900    
  -------------------------------------------------------------------
                         slack                                  0.175    

Slack (MET) :             0.233ns  (arrival time - required time)
  Source:                 datapath/video_inst/inst_dvid/shift_clock_reg[2]/C
                            (rising edge-triggered cell FDRE clocked by clk_out2_clk_wiz_2  {rise@0.000ns fall@4.000ns period=8.000ns})
  Destination:            datapath/video_inst/inst_dvid/shift_clock_reg[0]/D
                            (rising edge-triggered cell FDRE clocked by clk_out2_clk_wiz_2  {rise@0.000ns fall@4.000ns period=8.000ns})
  Path Group:             clk_out2_clk_wiz_2
  Path Type:              Hold (Min at Fast Process Corner)
  Requirement:            0.000ns  (clk_out2_clk_wiz_2 rise@0.000ns - clk_out2_clk_wiz_2 rise@0.000ns)
  Data Path Delay:        0.292ns  (logic 0.164ns (56.232%)  route 0.128ns (43.768%))
  Logic Levels:           0  
  Clock Path Skew:        0.000ns (DCD - SCD - CPR)
    Destination Clock Delay (DCD):    0.922ns
    Source Clock Delay      (SCD):    0.649ns
    Clock Pessimism Removal (CPR):    0.273ns

    Location             Delay type                Incr(ns)  Path(ns)    Netlist Resource(s)
  -------------------------------------------------------------------    -------------------
                         (clock clk_out2_clk_wiz_2 rise edge)
                                                      0.000     0.000 r  
    BUFGCTRL_X0Y2        BUFG                         0.000     0.000 r  clk_IBUF_BUFG_inst/O
                         net (fo=303, routed)         0.745     0.745    datapath/video_inst/mmcm_adv_inst_display_clocks/inst/clk_in1
    MMCME2_ADV_X1Y0      MMCME2_ADV (Prop_mmcme2_adv_CLKIN1_CLKOUT1)
                                                     -1.683    -0.938 r  datapath/video_inst/mmcm_adv_inst_display_clocks/inst/mmcm_adv_inst/CLKOUT1
                         net (fo=1, routed)           0.912    -0.026    datapath/video_inst/mmcm_adv_inst_display_clocks/inst/clk_out2_clk_wiz_2
    BUFGCTRL_X0Y0        BUFG (Prop_bufg_I_O)         0.026    -0.000 r  datapath/video_inst/mmcm_adv_inst_display_clocks/inst/clkout2_buf/O
                         net (fo=44, routed)          0.649     0.649    datapath/video_inst/inst_dvid/clk_out2
    SLICE_X162Y148       FDRE                                         r  datapath/video_inst/inst_dvid/shift_clock_reg[2]/C
  -------------------------------------------------------------------    -------------------
    SLICE_X162Y148       FDRE (Prop_fdre_C_Q)         0.164     0.813 r  datapath/video_inst/inst_dvid/shift_clock_reg[2]/Q
                         net (fo=2, routed)           0.128     0.940    datapath/video_inst/inst_dvid/shift_clock_reg_n_0_[2]
    SLICE_X162Y148       FDRE                                         r  datapath/video_inst/inst_dvid/shift_clock_reg[0]/D
  -------------------------------------------------------------------    -------------------

                         (clock clk_out2_clk_wiz_2 rise edge)
                                                      0.000     0.000 r  
    BUFGCTRL_X0Y2        BUFG                         0.000     0.000 r  clk_IBUF_BUFG_inst/O
                         net (fo=303, routed)         1.022     1.022    datapath/video_inst/mmcm_adv_inst_display_clocks/inst/clk_in1
    MMCME2_ADV_X1Y0      MMCME2_ADV (Prop_mmcme2_adv_CLKIN1_CLKOUT1)
                                                     -2.040    -1.018 r  datapath/video_inst/mmcm_adv_inst_display_clocks/inst/mmcm_adv_inst/CLKOUT1
                         net (fo=1, routed)           0.989    -0.029    datapath/video_inst/mmcm_adv_inst_display_clocks/inst/clk_out2_clk_wiz_2
    BUFGCTRL_X0Y0        BUFG (Prop_bufg_I_O)         0.029    -0.000 r  datapath/video_inst/mmcm_adv_inst_display_clocks/inst/clkout2_buf/O
                         net (fo=44, routed)          0.922     0.922    datapath/video_inst/inst_dvid/clk_out2
    SLICE_X162Y148       FDRE                                         r  datapath/video_inst/inst_dvid/shift_clock_reg[0]/C
                         clock pessimism             -0.273     0.649    
    SLICE_X162Y148       FDRE (Hold_fdre_C_D)         0.059     0.708    datapath/video_inst/inst_dvid/shift_clock_reg[0]
  -------------------------------------------------------------------
                         required time                         -0.708    
                         arrival time                           0.940    
  -------------------------------------------------------------------
                         slack                                  0.233    

Slack (MET) :             0.233ns  (arrival time - required time)
  Source:                 datapath/video_inst/inst_dvid/shift_clock_reg[3]/C
                            (rising edge-triggered cell FDRE clocked by clk_out2_clk_wiz_2  {rise@0.000ns fall@4.000ns period=8.000ns})
  Destination:            datapath/video_inst/inst_dvid/shift_clock_reg[1]/D
                            (rising edge-triggered cell FDRE clocked by clk_out2_clk_wiz_2  {rise@0.000ns fall@4.000ns period=8.000ns})
  Path Group:             clk_out2_clk_wiz_2
  Path Type:              Hold (Min at Fast Process Corner)
  Requirement:            0.000ns  (clk_out2_clk_wiz_2 rise@0.000ns - clk_out2_clk_wiz_2 rise@0.000ns)
  Data Path Delay:        0.285ns  (logic 0.164ns (57.535%)  route 0.121ns (42.465%))
  Logic Levels:           0  
  Clock Path Skew:        0.000ns (DCD - SCD - CPR)
    Destination Clock Delay (DCD):    0.922ns
    Source Clock Delay      (SCD):    0.649ns
    Clock Pessimism Removal (CPR):    0.273ns

    Location             Delay type                Incr(ns)  Path(ns)    Netlist Resource(s)
  -------------------------------------------------------------------    -------------------
                         (clock clk_out2_clk_wiz_2 rise edge)
                                                      0.000     0.000 r  
    BUFGCTRL_X0Y2        BUFG                         0.000     0.000 r  clk_IBUF_BUFG_inst/O
                         net (fo=303, routed)         0.745     0.745    datapath/video_inst/mmcm_adv_inst_display_clocks/inst/clk_in1
    MMCME2_ADV_X1Y0      MMCME2_ADV (Prop_mmcme2_adv_CLKIN1_CLKOUT1)
                                                     -1.683    -0.938 r  datapath/video_inst/mmcm_adv_inst_display_clocks/inst/mmcm_adv_inst/CLKOUT1
                         net (fo=1, routed)           0.912    -0.026    datapath/video_inst/mmcm_adv_inst_display_clocks/inst/clk_out2_clk_wiz_2
    BUFGCTRL_X0Y0        BUFG (Prop_bufg_I_O)         0.026    -0.000 r  datapath/video_inst/mmcm_adv_inst_display_clocks/inst/clkout2_buf/O
                         net (fo=44, routed)          0.649     0.649    datapath/video_inst/inst_dvid/clk_out2
    SLICE_X162Y148       FDRE                                         r  datapath/video_inst/inst_dvid/shift_clock_reg[3]/C
  -------------------------------------------------------------------    -------------------
    SLICE_X162Y148       FDRE (Prop_fdre_C_Q)         0.164     0.813 r  datapath/video_inst/inst_dvid/shift_clock_reg[3]/Q
                         net (fo=2, routed)           0.121     0.934    datapath/video_inst/inst_dvid/shift_clock_reg_n_0_[3]
    SLICE_X162Y148       FDRE                                         r  datapath/video_inst/inst_dvid/shift_clock_reg[1]/D
  -------------------------------------------------------------------    -------------------

                         (clock clk_out2_clk_wiz_2 rise edge)
                                                      0.000     0.000 r  
    BUFGCTRL_X0Y2        BUFG                         0.000     0.000 r  clk_IBUF_BUFG_inst/O
                         net (fo=303, routed)         1.022     1.022    datapath/video_inst/mmcm_adv_inst_display_clocks/inst/clk_in1
    MMCME2_ADV_X1Y0      MMCME2_ADV (Prop_mmcme2_adv_CLKIN1_CLKOUT1)
                                                     -2.040    -1.018 r  datapath/video_inst/mmcm_adv_inst_display_clocks/inst/mmcm_adv_inst/CLKOUT1
                         net (fo=1, routed)           0.989    -0.029    datapath/video_inst/mmcm_adv_inst_display_clocks/inst/clk_out2_clk_wiz_2
    BUFGCTRL_X0Y0        BUFG (Prop_bufg_I_O)         0.029    -0.000 r  datapath/video_inst/mmcm_adv_inst_display_clocks/inst/clkout2_buf/O
                         net (fo=44, routed)          0.922     0.922    datapath/video_inst/inst_dvid/clk_out2
    SLICE_X162Y148       FDRE                                         r  datapath/video_inst/inst_dvid/shift_clock_reg[1]/C
                         clock pessimism             -0.273     0.649    
    SLICE_X162Y148       FDRE (Hold_fdre_C_D)         0.052     0.701    datapath/video_inst/inst_dvid/shift_clock_reg[1]
  -------------------------------------------------------------------
                         required time                         -0.701    
                         arrival time                           0.934    
  -------------------------------------------------------------------
                         slack                                  0.233    

Slack (MET) :             0.236ns  (arrival time - required time)
  Source:                 datapath/video_inst/inst_dvid/shift_blue_reg[2]/C
                            (rising edge-triggered cell FDRE clocked by clk_out2_clk_wiz_2  {rise@0.000ns fall@4.000ns period=8.000ns})
  Destination:            datapath/video_inst/inst_dvid/shift_blue_reg[0]/D
                            (rising edge-triggered cell FDRE clocked by clk_out2_clk_wiz_2  {rise@0.000ns fall@4.000ns period=8.000ns})
  Path Group:             clk_out2_clk_wiz_2
  Path Type:              Hold (Min at Fast Process Corner)
  Requirement:            0.000ns  (clk_out2_clk_wiz_2 rise@0.000ns - clk_out2_clk_wiz_2 rise@0.000ns)
  Data Path Delay:        0.356ns  (logic 0.209ns (58.645%)  route 0.147ns (41.355%))
  Logic Levels:           1  (LUT3=1)
  Clock Path Skew:        0.000ns (DCD - SCD - CPR)
    Destination Clock Delay (DCD):    0.919ns
    Source Clock Delay      (SCD):    0.646ns
    Clock Pessimism Removal (CPR):    0.273ns

    Location             Delay type                Incr(ns)  Path(ns)    Netlist Resource(s)
  -------------------------------------------------------------------    -------------------
                         (clock clk_out2_clk_wiz_2 rise edge)
                                                      0.000     0.000 r  
    BUFGCTRL_X0Y2        BUFG                         0.000     0.000 r  clk_IBUF_BUFG_inst/O
                         net (fo=303, routed)         0.745     0.745    datapath/video_inst/mmcm_adv_inst_display_clocks/inst/clk_in1
    MMCME2_ADV_X1Y0      MMCME2_ADV (Prop_mmcme2_adv_CLKIN1_CLKOUT1)
                                                     -1.683    -0.938 r  datapath/video_inst/mmcm_adv_inst_display_clocks/inst/mmcm_adv_inst/CLKOUT1
                         net (fo=1, routed)           0.912    -0.026    datapath/video_inst/mmcm_adv_inst_display_clocks/inst/clk_out2_clk_wiz_2
    BUFGCTRL_X0Y0        BUFG (Prop_bufg_I_O)         0.026    -0.000 r  datapath/video_inst/mmcm_adv_inst_display_clocks/inst/clkout2_buf/O
                         net (fo=44, routed)          0.646     0.646    datapath/video_inst/inst_dvid/clk_out2
    SLICE_X162Y139       FDRE                                         r  datapath/video_inst/inst_dvid/shift_blue_reg[2]/C
  -------------------------------------------------------------------    -------------------
    SLICE_X162Y139       FDRE (Prop_fdre_C_Q)         0.164     0.810 r  datapath/video_inst/inst_dvid/shift_blue_reg[2]/Q
                         net (fo=1, routed)           0.147     0.957    datapath/video_inst/inst_dvid/shift_blue[2]
    SLICE_X162Y139       LUT3 (Prop_lut3_I0_O)        0.045     1.002 r  datapath/video_inst/inst_dvid/shift_blue[0]_i_1/O
                         net (fo=1, routed)           0.000     1.002    datapath/video_inst/inst_dvid/shift_blue_0[0]
    SLICE_X162Y139       FDRE                                         r  datapath/video_inst/inst_dvid/shift_blue_reg[0]/D
  -------------------------------------------------------------------    -------------------

                         (clock clk_out2_clk_wiz_2 rise edge)
                                                      0.000     0.000 r  
    BUFGCTRL_X0Y2        BUFG                         0.000     0.000 r  clk_IBUF_BUFG_inst/O
                         net (fo=303, routed)         1.022     1.022    datapath/video_inst/mmcm_adv_inst_display_clocks/inst/clk_in1
    MMCME2_ADV_X1Y0      MMCME2_ADV (Prop_mmcme2_adv_CLKIN1_CLKOUT1)
                                                     -2.040    -1.018 r  datapath/video_inst/mmcm_adv_inst_display_clocks/inst/mmcm_adv_inst/CLKOUT1
                         net (fo=1, routed)           0.989    -0.029    datapath/video_inst/mmcm_adv_inst_display_clocks/inst/clk_out2_clk_wiz_2
    BUFGCTRL_X0Y0        BUFG (Prop_bufg_I_O)         0.029    -0.000 r  datapath/video_inst/mmcm_adv_inst_display_clocks/inst/clkout2_buf/O
                         net (fo=44, routed)          0.919     0.919    datapath/video_inst/inst_dvid/clk_out2
    SLICE_X162Y139       FDRE                                         r  datapath/video_inst/inst_dvid/shift_blue_reg[0]/C
                         clock pessimism             -0.273     0.646    
    SLICE_X162Y139       FDRE (Hold_fdre_C_D)         0.120     0.766    datapath/video_inst/inst_dvid/shift_blue_reg[0]
  -------------------------------------------------------------------
                         required time                         -0.766    
                         arrival time                           1.002    
  -------------------------------------------------------------------
                         slack                                  0.236    

Slack (MET) :             0.263ns  (arrival time - required time)
  Source:                 datapath/video_inst/inst_dvid/shift_green_reg[9]/C
                            (rising edge-triggered cell FDRE clocked by clk_out2_clk_wiz_2  {rise@0.000ns fall@4.000ns period=8.000ns})
  Destination:            datapath/video_inst/inst_dvid/shift_green_reg[7]/D
                            (rising edge-triggered cell FDRE clocked by clk_out2_clk_wiz_2  {rise@0.000ns fall@4.000ns period=8.000ns})
  Path Group:             clk_out2_clk_wiz_2
  Path Type:              Hold (Min at Fast Process Corner)
  Requirement:            0.000ns  (clk_out2_clk_wiz_2 rise@0.000ns - clk_out2_clk_wiz_2 rise@0.000ns)
  Data Path Delay:        0.433ns  (logic 0.190ns (43.904%)  route 0.243ns (56.096%))
  Logic Levels:           1  (LUT3=1)
  Clock Path Skew:        0.039ns (DCD - SCD - CPR)
    Destination Clock Delay (DCD):    0.916ns
    Source Clock Delay      (SCD):    0.643ns
    Clock Pessimism Removal (CPR):    0.234ns

    Location             Delay type                Incr(ns)  Path(ns)    Netlist Resource(s)
  -------------------------------------------------------------------    -------------------
                         (clock clk_out2_clk_wiz_2 rise edge)
                                                      0.000     0.000 r  
    BUFGCTRL_X0Y2        BUFG                         0.000     0.000 r  clk_IBUF_BUFG_inst/O
                         net (fo=303, routed)         0.745     0.745    datapath/video_inst/mmcm_adv_inst_display_clocks/inst/clk_in1
    MMCME2_ADV_X1Y0      MMCME2_ADV (Prop_mmcme2_adv_CLKIN1_CLKOUT1)
                                                     -1.683    -0.938 r  datapath/video_inst/mmcm_adv_inst_display_clocks/inst/mmcm_adv_inst/CLKOUT1
                         net (fo=1, routed)           0.912    -0.026    datapath/video_inst/mmcm_adv_inst_display_clocks/inst/clk_out2_clk_wiz_2
    BUFGCTRL_X0Y0        BUFG (Prop_bufg_I_O)         0.026    -0.000 r  datapath/video_inst/mmcm_adv_inst_display_clocks/inst/clkout2_buf/O
                         net (fo=44, routed)          0.643     0.643    datapath/video_inst/inst_dvid/clk_out2
    SLICE_X159Y134       FDRE                                         r  datapath/video_inst/inst_dvid/shift_green_reg[9]/C
  -------------------------------------------------------------------    -------------------
    SLICE_X159Y134       FDRE (Prop_fdre_C_Q)         0.141     0.784 r  datapath/video_inst/inst_dvid/shift_green_reg[9]/Q
                         net (fo=1, routed)           0.243     1.026    datapath/video_inst/inst_dvid/shift_green[9]
    SLICE_X162Y135       LUT3 (Prop_lut3_I0_O)        0.049     1.075 r  datapath/video_inst/inst_dvid/shift_green[7]_i_1/O
                         net (fo=1, routed)           0.000     1.075    datapath/video_inst/inst_dvid/shift_green_1[7]
    SLICE_X162Y135       FDRE                                         r  datapath/video_inst/inst_dvid/shift_green_reg[7]/D
  -------------------------------------------------------------------    -------------------

                         (clock clk_out2_clk_wiz_2 rise edge)
                                                      0.000     0.000 r  
    BUFGCTRL_X0Y2        BUFG                         0.000     0.000 r  clk_IBUF_BUFG_inst/O
                         net (fo=303, routed)         1.022     1.022    datapath/video_inst/mmcm_adv_inst_display_clocks/inst/clk_in1
    MMCME2_ADV_X1Y0      MMCME2_ADV (Prop_mmcme2_adv_CLKIN1_CLKOUT1)
                                                     -2.040    -1.018 r  datapath/video_inst/mmcm_adv_inst_display_clocks/inst/mmcm_adv_inst/CLKOUT1
                         net (fo=1, routed)           0.989    -0.029    datapath/video_inst/mmcm_adv_inst_display_clocks/inst/clk_out2_clk_wiz_2
    BUFGCTRL_X0Y0        BUFG (Prop_bufg_I_O)         0.029    -0.000 r  datapath/video_inst/mmcm_adv_inst_display_clocks/inst/clkout2_buf/O
                         net (fo=44, routed)          0.916     0.916    datapath/video_inst/inst_dvid/clk_out2
    SLICE_X162Y135       FDRE                                         r  datapath/video_inst/inst_dvid/shift_green_reg[7]/C
                         clock pessimism             -0.234     0.682    
    SLICE_X162Y135       FDRE (Hold_fdre_C_D)         0.131     0.813    datapath/video_inst/inst_dvid/shift_green_reg[7]
  -------------------------------------------------------------------
                         required time                         -0.813    
                         arrival time                           1.075    
  -------------------------------------------------------------------
                         slack                                  0.263    

Slack (MET) :             0.266ns  (arrival time - required time)
  Source:                 datapath/video_inst/inst_dvid/shift_green_reg[7]/C
                            (rising edge-triggered cell FDRE clocked by clk_out2_clk_wiz_2  {rise@0.000ns fall@4.000ns period=8.000ns})
  Destination:            datapath/video_inst/inst_dvid/shift_green_reg[5]/D
                            (rising edge-triggered cell FDRE clocked by clk_out2_clk_wiz_2  {rise@0.000ns fall@4.000ns period=8.000ns})
  Path Group:             clk_out2_clk_wiz_2
  Path Type:              Hold (Min at Fast Process Corner)
  Requirement:            0.000ns  (clk_out2_clk_wiz_2 rise@0.000ns - clk_out2_clk_wiz_2 rise@0.000ns)
  Data Path Delay:        0.397ns  (logic 0.250ns (62.998%)  route 0.147ns (37.002%))
  Logic Levels:           1  (LUT3=1)
  Clock Path Skew:        0.000ns (DCD - SCD - CPR)
    Destination Clock Delay (DCD):    0.916ns
    Source Clock Delay      (SCD):    0.644ns
    Clock Pessimism Removal (CPR):    0.272ns

    Location             Delay type                Incr(ns)  Path(ns)    Netlist Resource(s)
  -------------------------------------------------------------------    -------------------
                         (clock clk_out2_clk_wiz_2 rise edge)
                                                      0.000     0.000 r  
    BUFGCTRL_X0Y2        BUFG                         0.000     0.000 r  clk_IBUF_BUFG_inst/O
                         net (fo=303, routed)         0.745     0.745    datapath/video_inst/mmcm_adv_inst_display_clocks/inst/clk_in1
    MMCME2_ADV_X1Y0      MMCME2_ADV (Prop_mmcme2_adv_CLKIN1_CLKOUT1)
                                                     -1.683    -0.938 r  datapath/video_inst/mmcm_adv_inst_display_clocks/inst/mmcm_adv_inst/CLKOUT1
                         net (fo=1, routed)           0.912    -0.026    datapath/video_inst/mmcm_adv_inst_display_clocks/inst/clk_out2_clk_wiz_2
    BUFGCTRL_X0Y0        BUFG (Prop_bufg_I_O)         0.026    -0.000 r  datapath/video_inst/mmcm_adv_inst_display_clocks/inst/clkout2_buf/O
                         net (fo=44, routed)          0.644     0.644    datapath/video_inst/inst_dvid/clk_out2
    SLICE_X162Y135       FDRE                                         r  datapath/video_inst/inst_dvid/shift_green_reg[7]/C
  -------------------------------------------------------------------    -------------------
    SLICE_X162Y135       FDRE (Prop_fdre_C_Q)         0.148     0.792 r  datapath/video_inst/inst_dvid/shift_green_reg[7]/Q
                         net (fo=1, routed)           0.147     0.938    datapath/video_inst/inst_dvid/shift_green[7]
    SLICE_X162Y135       LUT3 (Prop_lut3_I0_O)        0.102     1.040 r  datapath/video_inst/inst_dvid/shift_green[5]_i_1/O
                         net (fo=1, routed)           0.000     1.040    datapath/video_inst/inst_dvid/shift_green_1[5]
    SLICE_X162Y135       FDRE                                         r  datapath/video_inst/inst_dvid/shift_green_reg[5]/D
  -------------------------------------------------------------------    -------------------

                         (clock clk_out2_clk_wiz_2 rise edge)
                                                      0.000     0.000 r  
    BUFGCTRL_X0Y2        BUFG                         0.000     0.000 r  clk_IBUF_BUFG_inst/O
                         net (fo=303, routed)         1.022     1.022    datapath/video_inst/mmcm_adv_inst_display_clocks/inst/clk_in1
    MMCME2_ADV_X1Y0      MMCME2_ADV (Prop_mmcme2_adv_CLKIN1_CLKOUT1)
                                                     -2.040    -1.018 r  datapath/video_inst/mmcm_adv_inst_display_clocks/inst/mmcm_adv_inst/CLKOUT1
                         net (fo=1, routed)           0.989    -0.029    datapath/video_inst/mmcm_adv_inst_display_clocks/inst/clk_out2_clk_wiz_2
    BUFGCTRL_X0Y0        BUFG (Prop_bufg_I_O)         0.029    -0.000 r  datapath/video_inst/mmcm_adv_inst_display_clocks/inst/clkout2_buf/O
                         net (fo=44, routed)          0.916     0.916    datapath/video_inst/inst_dvid/clk_out2
    SLICE_X162Y135       FDRE                                         r  datapath/video_inst/inst_dvid/shift_green_reg[5]/C
                         clock pessimism             -0.272     0.644    
    SLICE_X162Y135       FDRE (Hold_fdre_C_D)         0.131     0.775    datapath/video_inst/inst_dvid/shift_green_reg[5]
  -------------------------------------------------------------------
                         required time                         -0.775    
                         arrival time                           1.040    
  -------------------------------------------------------------------
                         slack                                  0.266    

Slack (MET) :             0.279ns  (arrival time - required time)
  Source:                 datapath/video_inst/inst_dvid/shift_red_reg[7]/C
                            (rising edge-triggered cell FDSE clocked by clk_out2_clk_wiz_2  {rise@0.000ns fall@4.000ns period=8.000ns})
  Destination:            datapath/video_inst/inst_dvid/shift_red_reg[5]/D
                            (rising edge-triggered cell FDSE clocked by clk_out2_clk_wiz_2  {rise@0.000ns fall@4.000ns period=8.000ns})
  Path Group:             clk_out2_clk_wiz_2
  Path Type:              Hold (Min at Fast Process Corner)
  Requirement:            0.000ns  (clk_out2_clk_wiz_2 rise@0.000ns - clk_out2_clk_wiz_2 rise@0.000ns)
  Data Path Delay:        0.410ns  (logic 0.211ns (51.416%)  route 0.199ns (48.584%))
  Logic Levels:           1  (LUT2=1)
  Clock Path Skew:        0.000ns (DCD - SCD - CPR)
    Destination Clock Delay (DCD):    0.915ns
    Source Clock Delay      (SCD):    0.644ns
    Clock Pessimism Removal (CPR):    0.271ns

    Location             Delay type                Incr(ns)  Path(ns)    Netlist Resource(s)
  -------------------------------------------------------------------    -------------------
                         (clock clk_out2_clk_wiz_2 rise edge)
                                                      0.000     0.000 r  
    BUFGCTRL_X0Y2        BUFG                         0.000     0.000 r  clk_IBUF_BUFG_inst/O
                         net (fo=303, routed)         0.745     0.745    datapath/video_inst/mmcm_adv_inst_display_clocks/inst/clk_in1
    MMCME2_ADV_X1Y0      MMCME2_ADV (Prop_mmcme2_adv_CLKIN1_CLKOUT1)
                                                     -1.683    -0.938 r  datapath/video_inst/mmcm_adv_inst_display_clocks/inst/mmcm_adv_inst/CLKOUT1
                         net (fo=1, routed)           0.912    -0.026    datapath/video_inst/mmcm_adv_inst_display_clocks/inst/clk_out2_clk_wiz_2
    BUFGCTRL_X0Y0        BUFG (Prop_bufg_I_O)         0.026    -0.000 r  datapath/video_inst/mmcm_adv_inst_display_clocks/inst/clkout2_buf/O
                         net (fo=44, routed)          0.644     0.644    datapath/video_inst/inst_dvid/clk_out2
    SLICE_X162Y134       FDSE                                         r  datapath/video_inst/inst_dvid/shift_red_reg[7]/C
  -------------------------------------------------------------------    -------------------
    SLICE_X162Y134       FDSE (Prop_fdse_C_Q)         0.164     0.808 r  datapath/video_inst/inst_dvid/shift_red_reg[7]/Q
                         net (fo=1, routed)           0.199     1.007    datapath/video_inst/inst_dvid/data1[5]
    SLICE_X162Y134       LUT2 (Prop_lut2_I1_O)        0.047     1.054 r  datapath/video_inst/inst_dvid/shift_red[5]_i_1/O
                         net (fo=1, routed)           0.000     1.054    datapath/video_inst/inst_dvid/shift_red[5]_i_1_n_0
    SLICE_X162Y134       FDSE                                         r  datapath/video_inst/inst_dvid/shift_red_reg[5]/D
  -------------------------------------------------------------------    -------------------

                         (clock clk_out2_clk_wiz_2 rise edge)
                                                      0.000     0.000 r  
    BUFGCTRL_X0Y2        BUFG                         0.000     0.000 r  clk_IBUF_BUFG_inst/O
                         net (fo=303, routed)         1.022     1.022    datapath/video_inst/mmcm_adv_inst_display_clocks/inst/clk_in1
    MMCME2_ADV_X1Y0      MMCME2_ADV (Prop_mmcme2_adv_CLKIN1_CLKOUT1)
                                                     -2.040    -1.018 r  datapath/video_inst/mmcm_adv_inst_display_clocks/inst/mmcm_adv_inst/CLKOUT1
                         net (fo=1, routed)           0.989    -0.029    datapath/video_inst/mmcm_adv_inst_display_clocks/inst/clk_out2_clk_wiz_2
    BUFGCTRL_X0Y0        BUFG (Prop_bufg_I_O)         0.029    -0.000 r  datapath/video_inst/mmcm_adv_inst_display_clocks/inst/clkout2_buf/O
                         net (fo=44, routed)          0.915     0.915    datapath/video_inst/inst_dvid/clk_out2
    SLICE_X162Y134       FDSE                                         r  datapath/video_inst/inst_dvid/shift_red_reg[5]/C
                         clock pessimism             -0.271     0.644    
    SLICE_X162Y134       FDSE (Hold_fdse_C_D)         0.131     0.775    datapath/video_inst/inst_dvid/shift_red_reg[5]
  -------------------------------------------------------------------
                         required time                         -0.775    
                         arrival time                           1.054    
  -------------------------------------------------------------------
                         slack                                  0.279    

Slack (MET) :             0.297ns  (arrival time - required time)
  Source:                 datapath/video_inst/inst_dvid/shift_red_reg[6]/C
                            (rising edge-triggered cell FDRE clocked by clk_out2_clk_wiz_2  {rise@0.000ns fall@4.000ns period=8.000ns})
  Destination:            datapath/video_inst/inst_dvid/shift_red_reg[4]/D
                            (rising edge-triggered cell FDRE clocked by clk_out2_clk_wiz_2  {rise@0.000ns fall@4.000ns period=8.000ns})
  Path Group:             clk_out2_clk_wiz_2
  Path Type:              Hold (Min at Fast Process Corner)
  Requirement:            0.000ns  (clk_out2_clk_wiz_2 rise@0.000ns - clk_out2_clk_wiz_2 rise@0.000ns)
  Data Path Delay:        0.404ns  (logic 0.185ns (45.780%)  route 0.219ns (54.220%))
  Logic Levels:           1  (LUT3=1)
  Clock Path Skew:        0.000ns (DCD - SCD - CPR)
    Destination Clock Delay (DCD):    0.915ns
    Source Clock Delay      (SCD):    0.644ns
    Clock Pessimism Removal (CPR):    0.271ns

    Location             Delay type                Incr(ns)  Path(ns)    Netlist Resource(s)
  -------------------------------------------------------------------    -------------------
                         (clock clk_out2_clk_wiz_2 rise edge)
                                                      0.000     0.000 r  
    BUFGCTRL_X0Y2        BUFG                         0.000     0.000 r  clk_IBUF_BUFG_inst/O
                         net (fo=303, routed)         0.745     0.745    datapath/video_inst/mmcm_adv_inst_display_clocks/inst/clk_in1
    MMCME2_ADV_X1Y0      MMCME2_ADV (Prop_mmcme2_adv_CLKIN1_CLKOUT1)
                                                     -1.683    -0.938 r  datapath/video_inst/mmcm_adv_inst_display_clocks/inst/mmcm_adv_inst/CLKOUT1
                         net (fo=1, routed)           0.912    -0.026    datapath/video_inst/mmcm_adv_inst_display_clocks/inst/clk_out2_clk_wiz_2
    BUFGCTRL_X0Y0        BUFG (Prop_bufg_I_O)         0.026    -0.000 r  datapath/video_inst/mmcm_adv_inst_display_clocks/inst/clkout2_buf/O
                         net (fo=44, routed)          0.644     0.644    datapath/video_inst/inst_dvid/clk_out2
    SLICE_X161Y134       FDRE                                         r  datapath/video_inst/inst_dvid/shift_red_reg[6]/C
  -------------------------------------------------------------------    -------------------
    SLICE_X161Y134       FDRE (Prop_fdre_C_Q)         0.141     0.785 r  datapath/video_inst/inst_dvid/shift_red_reg[6]/Q
                         net (fo=1, routed)           0.219     1.004    datapath/video_inst/inst_dvid/data1[4]
    SLICE_X161Y134       LUT3 (Prop_lut3_I0_O)        0.044     1.048 r  datapath/video_inst/inst_dvid/shift_red[4]_i_1/O
                         net (fo=1, routed)           0.000     1.048    datapath/video_inst/inst_dvid/shift_red[4]
    SLICE_X161Y134       FDRE                                         r  datapath/video_inst/inst_dvid/shift_red_reg[4]/D
  -------------------------------------------------------------------    -------------------

                         (clock clk_out2_clk_wiz_2 rise edge)
                                                      0.000     0.000 r  
    BUFGCTRL_X0Y2        BUFG                         0.000     0.000 r  clk_IBUF_BUFG_inst/O
                         net (fo=303, routed)         1.022     1.022    datapath/video_inst/mmcm_adv_inst_display_clocks/inst/clk_in1
    MMCME2_ADV_X1Y0      MMCME2_ADV (Prop_mmcme2_adv_CLKIN1_CLKOUT1)
                                                     -2.040    -1.018 r  datapath/video_inst/mmcm_adv_inst_display_clocks/inst/mmcm_adv_inst/CLKOUT1
                         net (fo=1, routed)           0.989    -0.029    datapath/video_inst/mmcm_adv_inst_display_clocks/inst/clk_out2_clk_wiz_2
    BUFGCTRL_X0Y0        BUFG (Prop_bufg_I_O)         0.029    -0.000 r  datapath/video_inst/mmcm_adv_inst_display_clocks/inst/clkout2_buf/O
                         net (fo=44, routed)          0.915     0.915    datapath/video_inst/inst_dvid/clk_out2
    SLICE_X161Y134       FDRE                                         r  datapath/video_inst/inst_dvid/shift_red_reg[4]/C
                         clock pessimism             -0.271     0.644    
    SLICE_X161Y134       FDRE (Hold_fdre_C_D)         0.107     0.751    datapath/video_inst/inst_dvid/shift_red_reg[4]
  -------------------------------------------------------------------
                         required time                         -0.751    
                         arrival time                           1.048    
  -------------------------------------------------------------------
                         slack                                  0.297    





Pulse Width Checks
--------------------------------------------------------------------------------------
Clock Name:         clk_out2_clk_wiz_2
Waveform(ns):       { 0.000 4.000 }
Period(ns):         8.000
Sources:            { datapath/video_inst/mmcm_adv_inst_display_clocks/inst/mmcm_adv_inst/CLKOUT1 }

Check Type        Corner  Lib Pin             Reference Pin  Required(ns)  Actual(ns)  Slack(ns)  Location         Pin
Min Period        n/a     BUFG/I              n/a            2.155         8.000       5.845      BUFGCTRL_X0Y0    datapath/video_inst/mmcm_adv_inst_display_clocks/inst/clkout2_buf/I
Min Period        n/a     ODDR/C              n/a            1.474         8.000       6.526      OLOGIC_X1Y140    datapath/video_inst/inst_dvid/ODDR2_blue/C
Min Period        n/a     ODDR/C              n/a            1.474         8.000       6.526      OLOGIC_X1Y148    datapath/video_inst/inst_dvid/ODDR2_clock/C
Min Period        n/a     ODDR/C              n/a            1.474         8.000       6.526      OLOGIC_X1Y136    datapath/video_inst/inst_dvid/ODDR2_green/C
Min Period        n/a     ODDR/C              n/a            1.474         8.000       6.526      OLOGIC_X1Y134    datapath/video_inst/inst_dvid/ODDR2_red/C
Min Period        n/a     MMCME2_ADV/CLKOUT1  n/a            1.249         8.000       6.751      MMCME2_ADV_X1Y0  datapath/video_inst/mmcm_adv_inst_display_clocks/inst/mmcm_adv_inst/CLKOUT1
Min Period        n/a     FDRE/C              n/a            1.000         8.000       7.000      SLICE_X162Y139   datapath/video_inst/inst_dvid/shift_blue_reg[0]/C
Min Period        n/a     FDRE/C              n/a            1.000         8.000       7.000      SLICE_X162Y139   datapath/video_inst/inst_dvid/shift_blue_reg[1]/C
Min Period        n/a     FDRE/C              n/a            1.000         8.000       7.000      SLICE_X162Y139   datapath/video_inst/inst_dvid/shift_blue_reg[2]/C
Min Period        n/a     FDRE/C              n/a            1.000         8.000       7.000      SLICE_X162Y139   datapath/video_inst/inst_dvid/shift_blue_reg[3]/C
Max Period        n/a     MMCME2_ADV/CLKOUT1  n/a            213.360       8.000       205.360    MMCME2_ADV_X1Y0  datapath/video_inst/mmcm_adv_inst_display_clocks/inst/mmcm_adv_inst/CLKOUT1
Low Pulse Width   Slow    FDRE/C              n/a            0.500         4.000       3.500      SLICE_X162Y139   datapath/video_inst/inst_dvid/shift_blue_reg[0]/C
Low Pulse Width   Fast    FDRE/C              n/a            0.500         4.000       3.500      SLICE_X162Y139   datapath/video_inst/inst_dvid/shift_blue_reg[0]/C
Low Pulse Width   Slow    FDRE/C              n/a            0.500         4.000       3.500      SLICE_X162Y139   datapath/video_inst/inst_dvid/shift_blue_reg[1]/C
Low Pulse Width   Fast    FDRE/C              n/a            0.500         4.000       3.500      SLICE_X162Y139   datapath/video_inst/inst_dvid/shift_blue_reg[1]/C
Low Pulse Width   Slow    FDRE/C              n/a            0.500         4.000       3.500      SLICE_X162Y139   datapath/video_inst/inst_dvid/shift_blue_reg[2]/C
Low Pulse Width   Fast    FDRE/C              n/a            0.500         4.000       3.500      SLICE_X162Y139   datapath/video_inst/inst_dvid/shift_blue_reg[2]/C
Low Pulse Width   Slow    FDRE/C              n/a            0.500         4.000       3.500      SLICE_X162Y139   datapath/video_inst/inst_dvid/shift_blue_reg[3]/C
Low Pulse Width   Fast    FDRE/C              n/a            0.500         4.000       3.500      SLICE_X162Y139   datapath/video_inst/inst_dvid/shift_blue_reg[3]/C
Low Pulse Width   Slow    FDRE/C              n/a            0.500         4.000       3.500      SLICE_X162Y138   datapath/video_inst/inst_dvid/shift_blue_reg[4]/C
Low Pulse Width   Fast    FDRE/C              n/a            0.500         4.000       3.500      SLICE_X162Y138   datapath/video_inst/inst_dvid/shift_blue_reg[4]/C
High Pulse Width  Slow    FDRE/C              n/a            0.500         4.000       3.500      SLICE_X162Y139   datapath/video_inst/inst_dvid/shift_blue_reg[0]/C
High Pulse Width  Fast    FDRE/C              n/a            0.500         4.000       3.500      SLICE_X162Y139   datapath/video_inst/inst_dvid/shift_blue_reg[0]/C
High Pulse Width  Slow    FDRE/C              n/a            0.500         4.000       3.500      SLICE_X162Y139   datapath/video_inst/inst_dvid/shift_blue_reg[1]/C
High Pulse Width  Fast    FDRE/C              n/a            0.500         4.000       3.500      SLICE_X162Y139   datapath/video_inst/inst_dvid/shift_blue_reg[1]/C
High Pulse Width  Slow    FDRE/C              n/a            0.500         4.000       3.500      SLICE_X162Y139   datapath/video_inst/inst_dvid/shift_blue_reg[2]/C
High Pulse Width  Fast    FDRE/C              n/a            0.500         4.000       3.500      SLICE_X162Y139   datapath/video_inst/inst_dvid/shift_blue_reg[2]/C
High Pulse Width  Slow    FDRE/C              n/a            0.500         4.000       3.500      SLICE_X162Y139   datapath/video_inst/inst_dvid/shift_blue_reg[3]/C
High Pulse Width  Fast    FDRE/C              n/a            0.500         4.000       3.500      SLICE_X162Y139   datapath/video_inst/inst_dvid/shift_blue_reg[3]/C
High Pulse Width  Slow    FDRE/C              n/a            0.500         4.000       3.500      SLICE_X162Y138   datapath/video_inst/inst_dvid/shift_blue_reg[4]/C
High Pulse Width  Fast    FDRE/C              n/a            0.500         4.000       3.500      SLICE_X162Y138   datapath/video_inst/inst_dvid/shift_blue_reg[4]/C



---------------------------------------------------------------------------------------------------
From Clock:  clkfbout_clk_wiz_2
  To Clock:  clkfbout_clk_wiz_2

Setup :           NA  Failing Endpoints,  Worst Slack           NA  ,  Total Violation           NA
Hold  :           NA  Failing Endpoints,  Worst Slack           NA  ,  Total Violation           NA
PW    :            0  Failing Endpoints,  Worst Slack        7.845ns,  Total Violation        0.000ns
---------------------------------------------------------------------------------------------------


Pulse Width Checks
--------------------------------------------------------------------------------------
Clock Name:         clkfbout_clk_wiz_2
Waveform(ns):       { 0.000 5.000 }
Period(ns):         10.000
Sources:            { datapath/video_inst/mmcm_adv_inst_display_clocks/inst/mmcm_adv_inst/CLKFBOUT }

Check Type  Corner  Lib Pin              Reference Pin  Required(ns)  Actual(ns)  Slack(ns)  Location         Pin
Min Period  n/a     BUFG/I               n/a            2.155         10.000      7.845      BUFGCTRL_X0Y6    datapath/video_inst/mmcm_adv_inst_display_clocks/inst/clkf_buf/I
Min Period  n/a     MMCME2_ADV/CLKFBOUT  n/a            1.249         10.000      8.751      MMCME2_ADV_X1Y0  datapath/video_inst/mmcm_adv_inst_display_clocks/inst/mmcm_adv_inst/CLKFBOUT
Min Period  n/a     MMCME2_ADV/CLKFBIN   n/a            1.249         10.000      8.751      MMCME2_ADV_X1Y0  datapath/video_inst/mmcm_adv_inst_display_clocks/inst/mmcm_adv_inst/CLKFBIN
Max Period  n/a     MMCME2_ADV/CLKFBIN   n/a            100.000       10.000      90.000     MMCME2_ADV_X1Y0  datapath/video_inst/mmcm_adv_inst_display_clocks/inst/mmcm_adv_inst/CLKFBIN
Max Period  n/a     MMCME2_ADV/CLKFBOUT  n/a            213.360       10.000      203.360    MMCME2_ADV_X1Y0  datapath/video_inst/mmcm_adv_inst_display_clocks/inst/mmcm_adv_inst/CLKFBOUT



---------------------------------------------------------------------------------------------------
From Clock:  clk_out1_clk_wiz_2
  To Clock:  clk_out2_clk_wiz_2

Setup :            0  Failing Endpoints,  Worst Slack        4.441ns,  Total Violation        0.000ns
Hold  :            0  Failing Endpoints,  Worst Slack        0.185ns,  Total Violation        0.000ns
---------------------------------------------------------------------------------------------------


Max Delay Paths
--------------------------------------------------------------------------------------
Slack (MET) :             4.441ns  (required time - arrival time)
  Source:                 datapath/video_inst/inst_dvid/latched_red_reg[0]/C
                            (rising edge-triggered cell FDRE clocked by clk_out1_clk_wiz_2  {rise@0.000ns fall@20.000ns period=40.000ns})
  Destination:            datapath/video_inst/inst_dvid/shift_red_reg[0]/S
                            (rising edge-triggered cell FDSE clocked by clk_out2_clk_wiz_2  {rise@0.000ns fall@4.000ns period=8.000ns})
  Path Group:             clk_out2_clk_wiz_2
  Path Type:              Setup (Max at Slow Process Corner)
  Requirement:            8.000ns  (clk_out2_clk_wiz_2 rise@8.000ns - clk_out1_clk_wiz_2 rise@0.000ns)
  Data Path Delay:        2.575ns  (logic 0.642ns (24.931%)  route 1.933ns (75.069%))
  Logic Levels:           1  (LUT2=1)
  Clock Path Skew:        -0.245ns (DCD - SCD + CPR)
    Destination Clock Delay (DCD):    1.707ns = ( 9.707 - 8.000 ) 
    Source Clock Delay      (SCD):    1.824ns
    Clock Pessimism Removal (CPR):    -0.128ns
  Clock Uncertainty:      0.215ns  ((TSJ^2 + DJ^2)^1/2) / 2 + PE
    Total System Jitter     (TSJ):    0.071ns
    Discrete Jitter          (DJ):    0.175ns
    Phase Error              (PE):    0.120ns

    Location             Delay type                Incr(ns)  Path(ns)    Netlist Resource(s)
  -------------------------------------------------------------------    -------------------
                         (clock clk_out1_clk_wiz_2 rise edge)
                                                      0.000     0.000 r  
    BUFGCTRL_X0Y2        BUFG                         0.000     0.000 r  clk_IBUF_BUFG_inst/O
                         net (fo=303, routed)         2.106     2.106    datapath/video_inst/mmcm_adv_inst_display_clocks/inst/clk_in1
    MMCME2_ADV_X1Y0      MMCME2_ADV (Prop_mmcme2_adv_CLKIN1_CLKOUT0)
                                                     -4.900    -2.793 r  datapath/video_inst/mmcm_adv_inst_display_clocks/inst/mmcm_adv_inst/CLKOUT0
                         net (fo=1, routed)           2.697    -0.096    datapath/video_inst/mmcm_adv_inst_display_clocks/inst/clk_out1_clk_wiz_2
    BUFGCTRL_X0Y4        BUFG (Prop_bufg_I_O)         0.096    -0.000 r  datapath/video_inst/mmcm_adv_inst_display_clocks/inst/clkout1_buf/O
                         net (fo=83, routed)          1.824     1.824    datapath/video_inst/inst_dvid/clk_out1
    SLICE_X162Y133       FDRE                                         r  datapath/video_inst/inst_dvid/latched_red_reg[0]/C
  -------------------------------------------------------------------    -------------------
    SLICE_X162Y133       FDRE (Prop_fdre_C_Q)         0.518     2.342 r  datapath/video_inst/inst_dvid/latched_red_reg[0]/Q
                         net (fo=1, routed)           1.050     3.393    datapath/video_inst/inst_dvid/latched_red[0]
    SLICE_X162Y134       LUT2 (Prop_lut2_I0_O)        0.124     3.517 r  datapath/video_inst/inst_dvid/shift_red[7]_i_1/O
                         net (fo=5, routed)           0.883     4.399    datapath/video_inst/inst_dvid/shift_red[7]_i_1_n_0
    SLICE_X162Y134       FDSE                                         r  datapath/video_inst/inst_dvid/shift_red_reg[0]/S
  -------------------------------------------------------------------    -------------------

                         (clock clk_out2_clk_wiz_2 rise edge)
                                                      8.000     8.000 r  
    BUFGCTRL_X0Y2        BUFG                         0.000     8.000 r  clk_IBUF_BUFG_inst/O
                         net (fo=303, routed)         1.972     9.972    datapath/video_inst/mmcm_adv_inst_display_clocks/inst/clk_in1
    MMCME2_ADV_X1Y0      MMCME2_ADV (Prop_mmcme2_adv_CLKIN1_CLKOUT1)
                                                     -4.637     5.335 r  datapath/video_inst/mmcm_adv_inst_display_clocks/inst/mmcm_adv_inst/CLKOUT1
                         net (fo=1, routed)           2.574     7.909    datapath/video_inst/mmcm_adv_inst_display_clocks/inst/clk_out2_clk_wiz_2
    BUFGCTRL_X0Y0        BUFG (Prop_bufg_I_O)         0.091     8.000 r  datapath/video_inst/mmcm_adv_inst_display_clocks/inst/clkout2_buf/O
                         net (fo=44, routed)          1.707     9.707    datapath/video_inst/inst_dvid/clk_out2
    SLICE_X162Y134       FDSE                                         r  datapath/video_inst/inst_dvid/shift_red_reg[0]/C
                         clock pessimism             -0.128     9.579    
                         clock uncertainty           -0.215     9.365    
    SLICE_X162Y134       FDSE (Setup_fdse_C_S)       -0.524     8.841    datapath/video_inst/inst_dvid/shift_red_reg[0]
  -------------------------------------------------------------------
                         required time                          8.841    
                         arrival time                          -4.399    
  -------------------------------------------------------------------
                         slack                                  4.441    

Slack (MET) :             4.441ns  (required time - arrival time)
  Source:                 datapath/video_inst/inst_dvid/latched_red_reg[0]/C
                            (rising edge-triggered cell FDRE clocked by clk_out1_clk_wiz_2  {rise@0.000ns fall@20.000ns period=40.000ns})
  Destination:            datapath/video_inst/inst_dvid/shift_red_reg[1]/S
                            (rising edge-triggered cell FDSE clocked by clk_out2_clk_wiz_2  {rise@0.000ns fall@4.000ns period=8.000ns})
  Path Group:             clk_out2_clk_wiz_2
  Path Type:              Setup (Max at Slow Process Corner)
  Requirement:            8.000ns  (clk_out2_clk_wiz_2 rise@8.000ns - clk_out1_clk_wiz_2 rise@0.000ns)
  Data Path Delay:        2.575ns  (logic 0.642ns (24.931%)  route 1.933ns (75.069%))
  Logic Levels:           1  (LUT2=1)
  Clock Path Skew:        -0.245ns (DCD - SCD + CPR)
    Destination Clock Delay (DCD):    1.707ns = ( 9.707 - 8.000 ) 
    Source Clock Delay      (SCD):    1.824ns
    Clock Pessimism Removal (CPR):    -0.128ns
  Clock Uncertainty:      0.215ns  ((TSJ^2 + DJ^2)^1/2) / 2 + PE
    Total System Jitter     (TSJ):    0.071ns
    Discrete Jitter          (DJ):    0.175ns
    Phase Error              (PE):    0.120ns

    Location             Delay type                Incr(ns)  Path(ns)    Netlist Resource(s)
  -------------------------------------------------------------------    -------------------
                         (clock clk_out1_clk_wiz_2 rise edge)
                                                      0.000     0.000 r  
    BUFGCTRL_X0Y2        BUFG                         0.000     0.000 r  clk_IBUF_BUFG_inst/O
                         net (fo=303, routed)         2.106     2.106    datapath/video_inst/mmcm_adv_inst_display_clocks/inst/clk_in1
    MMCME2_ADV_X1Y0      MMCME2_ADV (Prop_mmcme2_adv_CLKIN1_CLKOUT0)
                                                     -4.900    -2.793 r  datapath/video_inst/mmcm_adv_inst_display_clocks/inst/mmcm_adv_inst/CLKOUT0
                         net (fo=1, routed)           2.697    -0.096    datapath/video_inst/mmcm_adv_inst_display_clocks/inst/clk_out1_clk_wiz_2
    BUFGCTRL_X0Y4        BUFG (Prop_bufg_I_O)         0.096    -0.000 r  datapath/video_inst/mmcm_adv_inst_display_clocks/inst/clkout1_buf/O
                         net (fo=83, routed)          1.824     1.824    datapath/video_inst/inst_dvid/clk_out1
    SLICE_X162Y133       FDRE                                         r  datapath/video_inst/inst_dvid/latched_red_reg[0]/C
  -------------------------------------------------------------------    -------------------
    SLICE_X162Y133       FDRE (Prop_fdre_C_Q)         0.518     2.342 r  datapath/video_inst/inst_dvid/latched_red_reg[0]/Q
                         net (fo=1, routed)           1.050     3.393    datapath/video_inst/inst_dvid/latched_red[0]
    SLICE_X162Y134       LUT2 (Prop_lut2_I0_O)        0.124     3.517 r  datapath/video_inst/inst_dvid/shift_red[7]_i_1/O
                         net (fo=5, routed)           0.883     4.399    datapath/video_inst/inst_dvid/shift_red[7]_i_1_n_0
    SLICE_X162Y134       FDSE                                         r  datapath/video_inst/inst_dvid/shift_red_reg[1]/S
  -------------------------------------------------------------------    -------------------

                         (clock clk_out2_clk_wiz_2 rise edge)
                                                      8.000     8.000 r  
    BUFGCTRL_X0Y2        BUFG                         0.000     8.000 r  clk_IBUF_BUFG_inst/O
                         net (fo=303, routed)         1.972     9.972    datapath/video_inst/mmcm_adv_inst_display_clocks/inst/clk_in1
    MMCME2_ADV_X1Y0      MMCME2_ADV (Prop_mmcme2_adv_CLKIN1_CLKOUT1)
                                                     -4.637     5.335 r  datapath/video_inst/mmcm_adv_inst_display_clocks/inst/mmcm_adv_inst/CLKOUT1
                         net (fo=1, routed)           2.574     7.909    datapath/video_inst/mmcm_adv_inst_display_clocks/inst/clk_out2_clk_wiz_2
    BUFGCTRL_X0Y0        BUFG (Prop_bufg_I_O)         0.091     8.000 r  datapath/video_inst/mmcm_adv_inst_display_clocks/inst/clkout2_buf/O
                         net (fo=44, routed)          1.707     9.707    datapath/video_inst/inst_dvid/clk_out2
    SLICE_X162Y134       FDSE                                         r  datapath/video_inst/inst_dvid/shift_red_reg[1]/C
                         clock pessimism             -0.128     9.579    
                         clock uncertainty           -0.215     9.365    
    SLICE_X162Y134       FDSE (Setup_fdse_C_S)       -0.524     8.841    datapath/video_inst/inst_dvid/shift_red_reg[1]
  -------------------------------------------------------------------
                         required time                          8.841    
                         arrival time                          -4.399    
  -------------------------------------------------------------------
                         slack                                  4.441    

Slack (MET) :             4.441ns  (required time - arrival time)
  Source:                 datapath/video_inst/inst_dvid/latched_red_reg[0]/C
                            (rising edge-triggered cell FDRE clocked by clk_out1_clk_wiz_2  {rise@0.000ns fall@20.000ns period=40.000ns})
  Destination:            datapath/video_inst/inst_dvid/shift_red_reg[3]/S
                            (rising edge-triggered cell FDSE clocked by clk_out2_clk_wiz_2  {rise@0.000ns fall@4.000ns period=8.000ns})
  Path Group:             clk_out2_clk_wiz_2
  Path Type:              Setup (Max at Slow Process Corner)
  Requirement:            8.000ns  (clk_out2_clk_wiz_2 rise@8.000ns - clk_out1_clk_wiz_2 rise@0.000ns)
  Data Path Delay:        2.575ns  (logic 0.642ns (24.931%)  route 1.933ns (75.069%))
  Logic Levels:           1  (LUT2=1)
  Clock Path Skew:        -0.245ns (DCD - SCD + CPR)
    Destination Clock Delay (DCD):    1.707ns = ( 9.707 - 8.000 ) 
    Source Clock Delay      (SCD):    1.824ns
    Clock Pessimism Removal (CPR):    -0.128ns
  Clock Uncertainty:      0.215ns  ((TSJ^2 + DJ^2)^1/2) / 2 + PE
    Total System Jitter     (TSJ):    0.071ns
    Discrete Jitter          (DJ):    0.175ns
    Phase Error              (PE):    0.120ns

    Location             Delay type                Incr(ns)  Path(ns)    Netlist Resource(s)
  -------------------------------------------------------------------    -------------------
                         (clock clk_out1_clk_wiz_2 rise edge)
                                                      0.000     0.000 r  
    BUFGCTRL_X0Y2        BUFG                         0.000     0.000 r  clk_IBUF_BUFG_inst/O
                         net (fo=303, routed)         2.106     2.106    datapath/video_inst/mmcm_adv_inst_display_clocks/inst/clk_in1
    MMCME2_ADV_X1Y0      MMCME2_ADV (Prop_mmcme2_adv_CLKIN1_CLKOUT0)
                                                     -4.900    -2.793 r  datapath/video_inst/mmcm_adv_inst_display_clocks/inst/mmcm_adv_inst/CLKOUT0
                         net (fo=1, routed)           2.697    -0.096    datapath/video_inst/mmcm_adv_inst_display_clocks/inst/clk_out1_clk_wiz_2
    BUFGCTRL_X0Y4        BUFG (Prop_bufg_I_O)         0.096    -0.000 r  datapath/video_inst/mmcm_adv_inst_display_clocks/inst/clkout1_buf/O
                         net (fo=83, routed)          1.824     1.824    datapath/video_inst/inst_dvid/clk_out1
    SLICE_X162Y133       FDRE                                         r  datapath/video_inst/inst_dvid/latched_red_reg[0]/C
  -------------------------------------------------------------------    -------------------
    SLICE_X162Y133       FDRE (Prop_fdre_C_Q)         0.518     2.342 r  datapath/video_inst/inst_dvid/latched_red_reg[0]/Q
                         net (fo=1, routed)           1.050     3.393    datapath/video_inst/inst_dvid/latched_red[0]
    SLICE_X162Y134       LUT2 (Prop_lut2_I0_O)        0.124     3.517 r  datapath/video_inst/inst_dvid/shift_red[7]_i_1/O
                         net (fo=5, routed)           0.883     4.399    datapath/video_inst/inst_dvid/shift_red[7]_i_1_n_0
    SLICE_X162Y134       FDSE                                         r  datapath/video_inst/inst_dvid/shift_red_reg[3]/S
  -------------------------------------------------------------------    -------------------

                         (clock clk_out2_clk_wiz_2 rise edge)
                                                      8.000     8.000 r  
    BUFGCTRL_X0Y2        BUFG                         0.000     8.000 r  clk_IBUF_BUFG_inst/O
                         net (fo=303, routed)         1.972     9.972    datapath/video_inst/mmcm_adv_inst_display_clocks/inst/clk_in1
    MMCME2_ADV_X1Y0      MMCME2_ADV (Prop_mmcme2_adv_CLKIN1_CLKOUT1)
                                                     -4.637     5.335 r  datapath/video_inst/mmcm_adv_inst_display_clocks/inst/mmcm_adv_inst/CLKOUT1
                         net (fo=1, routed)           2.574     7.909    datapath/video_inst/mmcm_adv_inst_display_clocks/inst/clk_out2_clk_wiz_2
    BUFGCTRL_X0Y0        BUFG (Prop_bufg_I_O)         0.091     8.000 r  datapath/video_inst/mmcm_adv_inst_display_clocks/inst/clkout2_buf/O
                         net (fo=44, routed)          1.707     9.707    datapath/video_inst/inst_dvid/clk_out2
    SLICE_X162Y134       FDSE                                         r  datapath/video_inst/inst_dvid/shift_red_reg[3]/C
                         clock pessimism             -0.128     9.579    
                         clock uncertainty           -0.215     9.365    
    SLICE_X162Y134       FDSE (Setup_fdse_C_S)       -0.524     8.841    datapath/video_inst/inst_dvid/shift_red_reg[3]
  -------------------------------------------------------------------
                         required time                          8.841    
                         arrival time                          -4.399    
  -------------------------------------------------------------------
                         slack                                  4.441    

Slack (MET) :             4.441ns  (required time - arrival time)
  Source:                 datapath/video_inst/inst_dvid/latched_red_reg[0]/C
                            (rising edge-triggered cell FDRE clocked by clk_out1_clk_wiz_2  {rise@0.000ns fall@20.000ns period=40.000ns})
  Destination:            datapath/video_inst/inst_dvid/shift_red_reg[5]/S
                            (rising edge-triggered cell FDSE clocked by clk_out2_clk_wiz_2  {rise@0.000ns fall@4.000ns period=8.000ns})
  Path Group:             clk_out2_clk_wiz_2
  Path Type:              Setup (Max at Slow Process Corner)
  Requirement:            8.000ns  (clk_out2_clk_wiz_2 rise@8.000ns - clk_out1_clk_wiz_2 rise@0.000ns)
  Data Path Delay:        2.575ns  (logic 0.642ns (24.931%)  route 1.933ns (75.069%))
  Logic Levels:           1  (LUT2=1)
  Clock Path Skew:        -0.245ns (DCD - SCD + CPR)
    Destination Clock Delay (DCD):    1.707ns = ( 9.707 - 8.000 ) 
    Source Clock Delay      (SCD):    1.824ns
    Clock Pessimism Removal (CPR):    -0.128ns
  Clock Uncertainty:      0.215ns  ((TSJ^2 + DJ^2)^1/2) / 2 + PE
    Total System Jitter     (TSJ):    0.071ns
    Discrete Jitter          (DJ):    0.175ns
    Phase Error              (PE):    0.120ns

    Location             Delay type                Incr(ns)  Path(ns)    Netlist Resource(s)
  -------------------------------------------------------------------    -------------------
                         (clock clk_out1_clk_wiz_2 rise edge)
                                                      0.000     0.000 r  
    BUFGCTRL_X0Y2        BUFG                         0.000     0.000 r  clk_IBUF_BUFG_inst/O
                         net (fo=303, routed)         2.106     2.106    datapath/video_inst/mmcm_adv_inst_display_clocks/inst/clk_in1
    MMCME2_ADV_X1Y0      MMCME2_ADV (Prop_mmcme2_adv_CLKIN1_CLKOUT0)
                                                     -4.900    -2.793 r  datapath/video_inst/mmcm_adv_inst_display_clocks/inst/mmcm_adv_inst/CLKOUT0
                         net (fo=1, routed)           2.697    -0.096    datapath/video_inst/mmcm_adv_inst_display_clocks/inst/clk_out1_clk_wiz_2
    BUFGCTRL_X0Y4        BUFG (Prop_bufg_I_O)         0.096    -0.000 r  datapath/video_inst/mmcm_adv_inst_display_clocks/inst/clkout1_buf/O
                         net (fo=83, routed)          1.824     1.824    datapath/video_inst/inst_dvid/clk_out1
    SLICE_X162Y133       FDRE                                         r  datapath/video_inst/inst_dvid/latched_red_reg[0]/C
  -------------------------------------------------------------------    -------------------
    SLICE_X162Y133       FDRE (Prop_fdre_C_Q)         0.518     2.342 r  datapath/video_inst/inst_dvid/latched_red_reg[0]/Q
                         net (fo=1, routed)           1.050     3.393    datapath/video_inst/inst_dvid/latched_red[0]
    SLICE_X162Y134       LUT2 (Prop_lut2_I0_O)        0.124     3.517 r  datapath/video_inst/inst_dvid/shift_red[7]_i_1/O
                         net (fo=5, routed)           0.883     4.399    datapath/video_inst/inst_dvid/shift_red[7]_i_1_n_0
    SLICE_X162Y134       FDSE                                         r  datapath/video_inst/inst_dvid/shift_red_reg[5]/S
  -------------------------------------------------------------------    -------------------

                         (clock clk_out2_clk_wiz_2 rise edge)
                                                      8.000     8.000 r  
    BUFGCTRL_X0Y2        BUFG                         0.000     8.000 r  clk_IBUF_BUFG_inst/O
                         net (fo=303, routed)         1.972     9.972    datapath/video_inst/mmcm_adv_inst_display_clocks/inst/clk_in1
    MMCME2_ADV_X1Y0      MMCME2_ADV (Prop_mmcme2_adv_CLKIN1_CLKOUT1)
                                                     -4.637     5.335 r  datapath/video_inst/mmcm_adv_inst_display_clocks/inst/mmcm_adv_inst/CLKOUT1
                         net (fo=1, routed)           2.574     7.909    datapath/video_inst/mmcm_adv_inst_display_clocks/inst/clk_out2_clk_wiz_2
    BUFGCTRL_X0Y0        BUFG (Prop_bufg_I_O)         0.091     8.000 r  datapath/video_inst/mmcm_adv_inst_display_clocks/inst/clkout2_buf/O
                         net (fo=44, routed)          1.707     9.707    datapath/video_inst/inst_dvid/clk_out2
    SLICE_X162Y134       FDSE                                         r  datapath/video_inst/inst_dvid/shift_red_reg[5]/C
                         clock pessimism             -0.128     9.579    
                         clock uncertainty           -0.215     9.365    
    SLICE_X162Y134       FDSE (Setup_fdse_C_S)       -0.524     8.841    datapath/video_inst/inst_dvid/shift_red_reg[5]
  -------------------------------------------------------------------
                         required time                          8.841    
                         arrival time                          -4.399    
  -------------------------------------------------------------------
                         slack                                  4.441    

Slack (MET) :             4.441ns  (required time - arrival time)
  Source:                 datapath/video_inst/inst_dvid/latched_red_reg[0]/C
                            (rising edge-triggered cell FDRE clocked by clk_out1_clk_wiz_2  {rise@0.000ns fall@20.000ns period=40.000ns})
  Destination:            datapath/video_inst/inst_dvid/shift_red_reg[7]/S
                            (rising edge-triggered cell FDSE clocked by clk_out2_clk_wiz_2  {rise@0.000ns fall@4.000ns period=8.000ns})
  Path Group:             clk_out2_clk_wiz_2
  Path Type:              Setup (Max at Slow Process Corner)
  Requirement:            8.000ns  (clk_out2_clk_wiz_2 rise@8.000ns - clk_out1_clk_wiz_2 rise@0.000ns)
  Data Path Delay:        2.575ns  (logic 0.642ns (24.931%)  route 1.933ns (75.069%))
  Logic Levels:           1  (LUT2=1)
  Clock Path Skew:        -0.245ns (DCD - SCD + CPR)
    Destination Clock Delay (DCD):    1.707ns = ( 9.707 - 8.000 ) 
    Source Clock Delay      (SCD):    1.824ns
    Clock Pessimism Removal (CPR):    -0.128ns
  Clock Uncertainty:      0.215ns  ((TSJ^2 + DJ^2)^1/2) / 2 + PE
    Total System Jitter     (TSJ):    0.071ns
    Discrete Jitter          (DJ):    0.175ns
    Phase Error              (PE):    0.120ns

    Location             Delay type                Incr(ns)  Path(ns)    Netlist Resource(s)
  -------------------------------------------------------------------    -------------------
                         (clock clk_out1_clk_wiz_2 rise edge)
                                                      0.000     0.000 r  
    BUFGCTRL_X0Y2        BUFG                         0.000     0.000 r  clk_IBUF_BUFG_inst/O
                         net (fo=303, routed)         2.106     2.106    datapath/video_inst/mmcm_adv_inst_display_clocks/inst/clk_in1
    MMCME2_ADV_X1Y0      MMCME2_ADV (Prop_mmcme2_adv_CLKIN1_CLKOUT0)
                                                     -4.900    -2.793 r  datapath/video_inst/mmcm_adv_inst_display_clocks/inst/mmcm_adv_inst/CLKOUT0
                         net (fo=1, routed)           2.697    -0.096    datapath/video_inst/mmcm_adv_inst_display_clocks/inst/clk_out1_clk_wiz_2
    BUFGCTRL_X0Y4        BUFG (Prop_bufg_I_O)         0.096    -0.000 r  datapath/video_inst/mmcm_adv_inst_display_clocks/inst/clkout1_buf/O
                         net (fo=83, routed)          1.824     1.824    datapath/video_inst/inst_dvid/clk_out1
    SLICE_X162Y133       FDRE                                         r  datapath/video_inst/inst_dvid/latched_red_reg[0]/C
  -------------------------------------------------------------------    -------------------
    SLICE_X162Y133       FDRE (Prop_fdre_C_Q)         0.518     2.342 r  datapath/video_inst/inst_dvid/latched_red_reg[0]/Q
                         net (fo=1, routed)           1.050     3.393    datapath/video_inst/inst_dvid/latched_red[0]
    SLICE_X162Y134       LUT2 (Prop_lut2_I0_O)        0.124     3.517 r  datapath/video_inst/inst_dvid/shift_red[7]_i_1/O
                         net (fo=5, routed)           0.883     4.399    datapath/video_inst/inst_dvid/shift_red[7]_i_1_n_0
    SLICE_X162Y134       FDSE                                         r  datapath/video_inst/inst_dvid/shift_red_reg[7]/S
  -------------------------------------------------------------------    -------------------

                         (clock clk_out2_clk_wiz_2 rise edge)
                                                      8.000     8.000 r  
    BUFGCTRL_X0Y2        BUFG                         0.000     8.000 r  clk_IBUF_BUFG_inst/O
                         net (fo=303, routed)         1.972     9.972    datapath/video_inst/mmcm_adv_inst_display_clocks/inst/clk_in1
    MMCME2_ADV_X1Y0      MMCME2_ADV (Prop_mmcme2_adv_CLKIN1_CLKOUT1)
                                                     -4.637     5.335 r  datapath/video_inst/mmcm_adv_inst_display_clocks/inst/mmcm_adv_inst/CLKOUT1
                         net (fo=1, routed)           2.574     7.909    datapath/video_inst/mmcm_adv_inst_display_clocks/inst/clk_out2_clk_wiz_2
    BUFGCTRL_X0Y0        BUFG (Prop_bufg_I_O)         0.091     8.000 r  datapath/video_inst/mmcm_adv_inst_display_clocks/inst/clkout2_buf/O
                         net (fo=44, routed)          1.707     9.707    datapath/video_inst/inst_dvid/clk_out2
    SLICE_X162Y134       FDSE                                         r  datapath/video_inst/inst_dvid/shift_red_reg[7]/C
                         clock pessimism             -0.128     9.579    
                         clock uncertainty           -0.215     9.365    
    SLICE_X162Y134       FDSE (Setup_fdse_C_S)       -0.524     8.841    datapath/video_inst/inst_dvid/shift_red_reg[7]
  -------------------------------------------------------------------
                         required time                          8.841    
                         arrival time                          -4.399    
  -------------------------------------------------------------------
                         slack                                  4.441    

Slack (MET) :             4.920ns  (required time - arrival time)
  Source:                 datapath/video_inst/inst_dvid/latched_green_reg[1]/C
                            (rising edge-triggered cell FDRE clocked by clk_out1_clk_wiz_2  {rise@0.000ns fall@20.000ns period=40.000ns})
  Destination:            datapath/video_inst/inst_dvid/shift_green_reg[0]/D
                            (rising edge-triggered cell FDRE clocked by clk_out2_clk_wiz_2  {rise@0.000ns fall@4.000ns period=8.000ns})
  Path Group:             clk_out2_clk_wiz_2
  Path Type:              Setup (Max at Slow Process Corner)
  Requirement:            8.000ns  (clk_out2_clk_wiz_2 rise@8.000ns - clk_out1_clk_wiz_2 rise@0.000ns)
  Data Path Delay:        2.698ns  (logic 0.580ns (21.500%)  route 2.118ns (78.500%))
  Logic Levels:           1  (LUT3=1)
  Clock Path Skew:        -0.244ns (DCD - SCD + CPR)
    Destination Clock Delay (DCD):    1.708ns = ( 9.708 - 8.000 ) 
    Source Clock Delay      (SCD):    1.824ns
    Clock Pessimism Removal (CPR):    -0.128ns
  Clock Uncertainty:      0.215ns  ((TSJ^2 + DJ^2)^1/2) / 2 + PE
    Total System Jitter     (TSJ):    0.071ns
    Discrete Jitter          (DJ):    0.175ns
    Phase Error              (PE):    0.120ns

    Location             Delay type                Incr(ns)  Path(ns)    Netlist Resource(s)
  -------------------------------------------------------------------    -------------------
                         (clock clk_out1_clk_wiz_2 rise edge)
                                                      0.000     0.000 r  
    BUFGCTRL_X0Y2        BUFG                         0.000     0.000 r  clk_IBUF_BUFG_inst/O
                         net (fo=303, routed)         2.106     2.106    datapath/video_inst/mmcm_adv_inst_display_clocks/inst/clk_in1
    MMCME2_ADV_X1Y0      MMCME2_ADV (Prop_mmcme2_adv_CLKIN1_CLKOUT0)
                                                     -4.900    -2.793 r  datapath/video_inst/mmcm_adv_inst_display_clocks/inst/mmcm_adv_inst/CLKOUT0
                         net (fo=1, routed)           2.697    -0.096    datapath/video_inst/mmcm_adv_inst_display_clocks/inst/clk_out1_clk_wiz_2
    BUFGCTRL_X0Y4        BUFG (Prop_bufg_I_O)         0.096    -0.000 r  datapath/video_inst/mmcm_adv_inst_display_clocks/inst/clkout1_buf/O
                         net (fo=83, routed)          1.824     1.824    datapath/video_inst/inst_dvid/clk_out1
    SLICE_X163Y133       FDRE                                         r  datapath/video_inst/inst_dvid/latched_green_reg[1]/C
  -------------------------------------------------------------------    -------------------
    SLICE_X163Y133       FDRE (Prop_fdre_C_Q)         0.456     2.280 r  datapath/video_inst/inst_dvid/latched_green_reg[1]/Q
                         net (fo=5, routed)           2.118     4.398    datapath/video_inst/inst_dvid/latched_green[1]
    SLICE_X162Y135       LUT3 (Prop_lut3_I2_O)        0.124     4.522 r  datapath/video_inst/inst_dvid/shift_green[0]_i_1/O
                         net (fo=1, routed)           0.000     4.522    datapath/video_inst/inst_dvid/shift_green_1[0]
    SLICE_X162Y135       FDRE                                         r  datapath/video_inst/inst_dvid/shift_green_reg[0]/D
  -------------------------------------------------------------------    -------------------

                         (clock clk_out2_clk_wiz_2 rise edge)
                                                      8.000     8.000 r  
    BUFGCTRL_X0Y2        BUFG                         0.000     8.000 r  clk_IBUF_BUFG_inst/O
                         net (fo=303, routed)         1.972     9.972    datapath/video_inst/mmcm_adv_inst_display_clocks/inst/clk_in1
    MMCME2_ADV_X1Y0      MMCME2_ADV (Prop_mmcme2_adv_CLKIN1_CLKOUT1)
                                                     -4.637     5.335 r  datapath/video_inst/mmcm_adv_inst_display_clocks/inst/mmcm_adv_inst/CLKOUT1
                         net (fo=1, routed)           2.574     7.909    datapath/video_inst/mmcm_adv_inst_display_clocks/inst/clk_out2_clk_wiz_2
    BUFGCTRL_X0Y0        BUFG (Prop_bufg_I_O)         0.091     8.000 r  datapath/video_inst/mmcm_adv_inst_display_clocks/inst/clkout2_buf/O
                         net (fo=44, routed)          1.708     9.708    datapath/video_inst/inst_dvid/clk_out2
    SLICE_X162Y135       FDRE                                         r  datapath/video_inst/inst_dvid/shift_green_reg[0]/C
                         clock pessimism             -0.128     9.580    
                         clock uncertainty           -0.215     9.366    
    SLICE_X162Y135       FDRE (Setup_fdre_C_D)        0.077     9.443    datapath/video_inst/inst_dvid/shift_green_reg[0]
  -------------------------------------------------------------------
                         required time                          9.443    
                         arrival time                          -4.522    
  -------------------------------------------------------------------
                         slack                                  4.920    

Slack (MET) :             4.935ns  (required time - arrival time)
  Source:                 datapath/video_inst/inst_dvid/latched_green_reg[1]/C
                            (rising edge-triggered cell FDRE clocked by clk_out1_clk_wiz_2  {rise@0.000ns fall@20.000ns period=40.000ns})
  Destination:            datapath/video_inst/inst_dvid/shift_green_reg[1]/D
                            (rising edge-triggered cell FDRE clocked by clk_out2_clk_wiz_2  {rise@0.000ns fall@4.000ns period=8.000ns})
  Path Group:             clk_out2_clk_wiz_2
  Path Type:              Setup (Max at Slow Process Corner)
  Requirement:            8.000ns  (clk_out2_clk_wiz_2 rise@8.000ns - clk_out1_clk_wiz_2 rise@0.000ns)
  Data Path Delay:        2.724ns  (logic 0.606ns (22.249%)  route 2.118ns (77.751%))
  Logic Levels:           1  (LUT3=1)
  Clock Path Skew:        -0.244ns (DCD - SCD + CPR)
    Destination Clock Delay (DCD):    1.708ns = ( 9.708 - 8.000 ) 
    Source Clock Delay      (SCD):    1.824ns
    Clock Pessimism Removal (CPR):    -0.128ns
  Clock Uncertainty:      0.215ns  ((TSJ^2 + DJ^2)^1/2) / 2 + PE
    Total System Jitter     (TSJ):    0.071ns
    Discrete Jitter          (DJ):    0.175ns
    Phase Error              (PE):    0.120ns

    Location             Delay type                Incr(ns)  Path(ns)    Netlist Resource(s)
  -------------------------------------------------------------------    -------------------
                         (clock clk_out1_clk_wiz_2 rise edge)
                                                      0.000     0.000 r  
    BUFGCTRL_X0Y2        BUFG                         0.000     0.000 r  clk_IBUF_BUFG_inst/O
                         net (fo=303, routed)         2.106     2.106    datapath/video_inst/mmcm_adv_inst_display_clocks/inst/clk_in1
    MMCME2_ADV_X1Y0      MMCME2_ADV (Prop_mmcme2_adv_CLKIN1_CLKOUT0)
                                                     -4.900    -2.793 r  datapath/video_inst/mmcm_adv_inst_display_clocks/inst/mmcm_adv_inst/CLKOUT0
                         net (fo=1, routed)           2.697    -0.096    datapath/video_inst/mmcm_adv_inst_display_clocks/inst/clk_out1_clk_wiz_2
    BUFGCTRL_X0Y4        BUFG (Prop_bufg_I_O)         0.096    -0.000 r  datapath/video_inst/mmcm_adv_inst_display_clocks/inst/clkout1_buf/O
                         net (fo=83, routed)          1.824     1.824    datapath/video_inst/inst_dvid/clk_out1
    SLICE_X163Y133       FDRE                                         r  datapath/video_inst/inst_dvid/latched_green_reg[1]/C
  -------------------------------------------------------------------    -------------------
    SLICE_X163Y133       FDRE (Prop_fdre_C_Q)         0.456     2.280 r  datapath/video_inst/inst_dvid/latched_green_reg[1]/Q
                         net (fo=5, routed)           2.118     4.398    datapath/video_inst/inst_dvid/latched_green[1]
    SLICE_X162Y135       LUT3 (Prop_lut3_I2_O)        0.150     4.548 r  datapath/video_inst/inst_dvid/shift_green[1]_i_1/O
                         net (fo=1, routed)           0.000     4.548    datapath/video_inst/inst_dvid/shift_green_1[1]
    SLICE_X162Y135       FDRE                                         r  datapath/video_inst/inst_dvid/shift_green_reg[1]/D
  -------------------------------------------------------------------    -------------------

                         (clock clk_out2_clk_wiz_2 rise edge)
                                                      8.000     8.000 r  
    BUFGCTRL_X0Y2        BUFG                         0.000     8.000 r  clk_IBUF_BUFG_inst/O
                         net (fo=303, routed)         1.972     9.972    datapath/video_inst/mmcm_adv_inst_display_clocks/inst/clk_in1
    MMCME2_ADV_X1Y0      MMCME2_ADV (Prop_mmcme2_adv_CLKIN1_CLKOUT1)
                                                     -4.637     5.335 r  datapath/video_inst/mmcm_adv_inst_display_clocks/inst/mmcm_adv_inst/CLKOUT1
                         net (fo=1, routed)           2.574     7.909    datapath/video_inst/mmcm_adv_inst_display_clocks/inst/clk_out2_clk_wiz_2
    BUFGCTRL_X0Y0        BUFG (Prop_bufg_I_O)         0.091     8.000 r  datapath/video_inst/mmcm_adv_inst_display_clocks/inst/clkout2_buf/O
                         net (fo=44, routed)          1.708     9.708    datapath/video_inst/inst_dvid/clk_out2
    SLICE_X162Y135       FDRE                                         r  datapath/video_inst/inst_dvid/shift_green_reg[1]/C
                         clock pessimism             -0.128     9.580    
                         clock uncertainty           -0.215     9.366    
    SLICE_X162Y135       FDRE (Setup_fdre_C_D)        0.118     9.484    datapath/video_inst/inst_dvid/shift_green_reg[1]
  -------------------------------------------------------------------
                         required time                          9.484    
                         arrival time                          -4.548    
  -------------------------------------------------------------------
                         slack                                  4.935    

Slack (MET) :             5.029ns  (required time - arrival time)
  Source:                 datapath/video_inst/inst_dvid/latched_green_reg[1]/C
                            (rising edge-triggered cell FDRE clocked by clk_out1_clk_wiz_2  {rise@0.000ns fall@20.000ns period=40.000ns})
  Destination:            datapath/video_inst/inst_dvid/shift_green_reg[3]/D
                            (rising edge-triggered cell FDRE clocked by clk_out2_clk_wiz_2  {rise@0.000ns fall@4.000ns period=8.000ns})
  Path Group:             clk_out2_clk_wiz_2
  Path Type:              Setup (Max at Slow Process Corner)
  Requirement:            8.000ns  (clk_out2_clk_wiz_2 rise@8.000ns - clk_out1_clk_wiz_2 rise@0.000ns)
  Data Path Delay:        2.592ns  (logic 0.580ns (22.380%)  route 2.012ns (77.620%))
  Logic Levels:           1  (LUT3=1)
  Clock Path Skew:        -0.244ns (DCD - SCD + CPR)
    Destination Clock Delay (DCD):    1.708ns = ( 9.708 - 8.000 ) 
    Source Clock Delay      (SCD):    1.824ns
    Clock Pessimism Removal (CPR):    -0.128ns
  Clock Uncertainty:      0.215ns  ((TSJ^2 + DJ^2)^1/2) / 2 + PE
    Total System Jitter     (TSJ):    0.071ns
    Discrete Jitter          (DJ):    0.175ns
    Phase Error              (PE):    0.120ns

    Location             Delay type                Incr(ns)  Path(ns)    Netlist Resource(s)
  -------------------------------------------------------------------    -------------------
                         (clock clk_out1_clk_wiz_2 rise edge)
                                                      0.000     0.000 r  
    BUFGCTRL_X0Y2        BUFG                         0.000     0.000 r  clk_IBUF_BUFG_inst/O
                         net (fo=303, routed)         2.106     2.106    datapath/video_inst/mmcm_adv_inst_display_clocks/inst/clk_in1
    MMCME2_ADV_X1Y0      MMCME2_ADV (Prop_mmcme2_adv_CLKIN1_CLKOUT0)
                                                     -4.900    -2.793 r  datapath/video_inst/mmcm_adv_inst_display_clocks/inst/mmcm_adv_inst/CLKOUT0
                         net (fo=1, routed)           2.697    -0.096    datapath/video_inst/mmcm_adv_inst_display_clocks/inst/clk_out1_clk_wiz_2
    BUFGCTRL_X0Y4        BUFG (Prop_bufg_I_O)         0.096    -0.000 r  datapath/video_inst/mmcm_adv_inst_display_clocks/inst/clkout1_buf/O
                         net (fo=83, routed)          1.824     1.824    datapath/video_inst/inst_dvid/clk_out1
    SLICE_X163Y133       FDRE                                         r  datapath/video_inst/inst_dvid/latched_green_reg[1]/C
  -------------------------------------------------------------------    -------------------
    SLICE_X163Y133       FDRE (Prop_fdre_C_Q)         0.456     2.280 r  datapath/video_inst/inst_dvid/latched_green_reg[1]/Q
                         net (fo=5, routed)           2.012     4.292    datapath/video_inst/inst_dvid/latched_green[1]
    SLICE_X162Y135       LUT3 (Prop_lut3_I2_O)        0.124     4.416 r  datapath/video_inst/inst_dvid/shift_green[3]_i_1/O
                         net (fo=1, routed)           0.000     4.416    datapath/video_inst/inst_dvid/shift_green_1[3]
    SLICE_X162Y135       FDRE                                         r  datapath/video_inst/inst_dvid/shift_green_reg[3]/D
  -------------------------------------------------------------------    -------------------

                         (clock clk_out2_clk_wiz_2 rise edge)
                                                      8.000     8.000 r  
    BUFGCTRL_X0Y2        BUFG                         0.000     8.000 r  clk_IBUF_BUFG_inst/O
                         net (fo=303, routed)         1.972     9.972    datapath/video_inst/mmcm_adv_inst_display_clocks/inst/clk_in1
    MMCME2_ADV_X1Y0      MMCME2_ADV (Prop_mmcme2_adv_CLKIN1_CLKOUT1)
                                                     -4.637     5.335 r  datapath/video_inst/mmcm_adv_inst_display_clocks/inst/mmcm_adv_inst/CLKOUT1
                         net (fo=1, routed)           2.574     7.909    datapath/video_inst/mmcm_adv_inst_display_clocks/inst/clk_out2_clk_wiz_2
    BUFGCTRL_X0Y0        BUFG (Prop_bufg_I_O)         0.091     8.000 r  datapath/video_inst/mmcm_adv_inst_display_clocks/inst/clkout2_buf/O
                         net (fo=44, routed)          1.708     9.708    datapath/video_inst/inst_dvid/clk_out2
    SLICE_X162Y135       FDRE                                         r  datapath/video_inst/inst_dvid/shift_green_reg[3]/C
                         clock pessimism             -0.128     9.580    
                         clock uncertainty           -0.215     9.366    
    SLICE_X162Y135       FDRE (Setup_fdre_C_D)        0.079     9.445    datapath/video_inst/inst_dvid/shift_green_reg[3]
  -------------------------------------------------------------------
                         required time                          9.445    
                         arrival time                          -4.416    
  -------------------------------------------------------------------
                         slack                                  5.029    

Slack (MET) :             5.034ns  (required time - arrival time)
  Source:                 datapath/video_inst/inst_dvid/latched_green_reg[2]/C
                            (rising edge-triggered cell FDRE clocked by clk_out1_clk_wiz_2  {rise@0.000ns fall@20.000ns period=40.000ns})
  Destination:            datapath/video_inst/inst_dvid/shift_green_reg[6]/D
                            (rising edge-triggered cell FDRE clocked by clk_out2_clk_wiz_2  {rise@0.000ns fall@4.000ns period=8.000ns})
  Path Group:             clk_out2_clk_wiz_2
  Path Type:              Setup (Max at Slow Process Corner)
  Requirement:            8.000ns  (clk_out2_clk_wiz_2 rise@8.000ns - clk_out1_clk_wiz_2 rise@0.000ns)
  Data Path Delay:        2.586ns  (logic 0.580ns (22.431%)  route 2.006ns (77.569%))
  Logic Levels:           1  (LUT3=1)
  Clock Path Skew:        -0.244ns (DCD - SCD + CPR)
    Destination Clock Delay (DCD):    1.708ns = ( 9.708 - 8.000 ) 
    Source Clock Delay      (SCD):    1.824ns
    Clock Pessimism Removal (CPR):    -0.128ns
  Clock Uncertainty:      0.215ns  ((TSJ^2 + DJ^2)^1/2) / 2 + PE
    Total System Jitter     (TSJ):    0.071ns
    Discrete Jitter          (DJ):    0.175ns
    Phase Error              (PE):    0.120ns

    Location             Delay type                Incr(ns)  Path(ns)    Netlist Resource(s)
  -------------------------------------------------------------------    -------------------
                         (clock clk_out1_clk_wiz_2 rise edge)
                                                      0.000     0.000 r  
    BUFGCTRL_X0Y2        BUFG                         0.000     0.000 r  clk_IBUF_BUFG_inst/O
                         net (fo=303, routed)         2.106     2.106    datapath/video_inst/mmcm_adv_inst_display_clocks/inst/clk_in1
    MMCME2_ADV_X1Y0      MMCME2_ADV (Prop_mmcme2_adv_CLKIN1_CLKOUT0)
                                                     -4.900    -2.793 r  datapath/video_inst/mmcm_adv_inst_display_clocks/inst/mmcm_adv_inst/CLKOUT0
                         net (fo=1, routed)           2.697    -0.096    datapath/video_inst/mmcm_adv_inst_display_clocks/inst/clk_out1_clk_wiz_2
    BUFGCTRL_X0Y4        BUFG (Prop_bufg_I_O)         0.096    -0.000 r  datapath/video_inst/mmcm_adv_inst_display_clocks/inst/clkout1_buf/O
                         net (fo=83, routed)          1.824     1.824    datapath/video_inst/inst_dvid/clk_out1
    SLICE_X163Y133       FDRE                                         r  datapath/video_inst/inst_dvid/latched_green_reg[2]/C
  -------------------------------------------------------------------    -------------------
    SLICE_X163Y133       FDRE (Prop_fdre_C_Q)         0.456     2.280 r  datapath/video_inst/inst_dvid/latched_green_reg[2]/Q
                         net (fo=3, routed)           2.006     4.286    datapath/video_inst/inst_dvid/latched_green[2]
    SLICE_X162Y135       LUT3 (Prop_lut3_I2_O)        0.124     4.410 r  datapath/video_inst/inst_dvid/shift_green[6]_i_1/O
                         net (fo=1, routed)           0.000     4.410    datapath/video_inst/inst_dvid/shift_green_1[6]
    SLICE_X162Y135       FDRE                                         r  datapath/video_inst/inst_dvid/shift_green_reg[6]/D
  -------------------------------------------------------------------    -------------------

                         (clock clk_out2_clk_wiz_2 rise edge)
                                                      8.000     8.000 r  
    BUFGCTRL_X0Y2        BUFG                         0.000     8.000 r  clk_IBUF_BUFG_inst/O
                         net (fo=303, routed)         1.972     9.972    datapath/video_inst/mmcm_adv_inst_display_clocks/inst/clk_in1
    MMCME2_ADV_X1Y0      MMCME2_ADV (Prop_mmcme2_adv_CLKIN1_CLKOUT1)
                                                     -4.637     5.335 r  datapath/video_inst/mmcm_adv_inst_display_clocks/inst/mmcm_adv_inst/CLKOUT1
                         net (fo=1, routed)           2.574     7.909    datapath/video_inst/mmcm_adv_inst_display_clocks/inst/clk_out2_clk_wiz_2
    BUFGCTRL_X0Y0        BUFG (Prop_bufg_I_O)         0.091     8.000 r  datapath/video_inst/mmcm_adv_inst_display_clocks/inst/clkout2_buf/O
                         net (fo=44, routed)          1.708     9.708    datapath/video_inst/inst_dvid/clk_out2
    SLICE_X162Y135       FDRE                                         r  datapath/video_inst/inst_dvid/shift_green_reg[6]/C
                         clock pessimism             -0.128     9.580    
                         clock uncertainty           -0.215     9.366    
    SLICE_X162Y135       FDRE (Setup_fdre_C_D)        0.079     9.445    datapath/video_inst/inst_dvid/shift_green_reg[6]
  -------------------------------------------------------------------
                         required time                          9.445    
                         arrival time                          -4.410    
  -------------------------------------------------------------------
                         slack                                  5.034    

Slack (MET) :             5.039ns  (required time - arrival time)
  Source:                 datapath/video_inst/inst_dvid/latched_green_reg[1]/C
                            (rising edge-triggered cell FDRE clocked by clk_out1_clk_wiz_2  {rise@0.000ns fall@20.000ns period=40.000ns})
  Destination:            datapath/video_inst/inst_dvid/shift_green_reg[5]/D
                            (rising edge-triggered cell FDRE clocked by clk_out2_clk_wiz_2  {rise@0.000ns fall@4.000ns period=8.000ns})
  Path Group:             clk_out2_clk_wiz_2
  Path Type:              Setup (Max at Slow Process Corner)
  Requirement:            8.000ns  (clk_out2_clk_wiz_2 rise@8.000ns - clk_out1_clk_wiz_2 rise@0.000ns)
  Data Path Delay:        2.621ns  (logic 0.609ns (23.239%)  route 2.012ns (76.761%))
  Logic Levels:           1  (LUT3=1)
  Clock Path Skew:        -0.244ns (DCD - SCD + CPR)
    Destination Clock Delay (DCD):    1.708ns = ( 9.708 - 8.000 ) 
    Source Clock Delay      (SCD):    1.824ns
    Clock Pessimism Removal (CPR):    -0.128ns
  Clock Uncertainty:      0.215ns  ((TSJ^2 + DJ^2)^1/2) / 2 + PE
    Total System Jitter     (TSJ):    0.071ns
    Discrete Jitter          (DJ):    0.175ns
    Phase Error              (PE):    0.120ns

    Location             Delay type                Incr(ns)  Path(ns)    Netlist Resource(s)
  -------------------------------------------------------------------    -------------------
                         (clock clk_out1_clk_wiz_2 rise edge)
                                                      0.000     0.000 r  
    BUFGCTRL_X0Y2        BUFG                         0.000     0.000 r  clk_IBUF_BUFG_inst/O
                         net (fo=303, routed)         2.106     2.106    datapath/video_inst/mmcm_adv_inst_display_clocks/inst/clk_in1
    MMCME2_ADV_X1Y0      MMCME2_ADV (Prop_mmcme2_adv_CLKIN1_CLKOUT0)
                                                     -4.900    -2.793 r  datapath/video_inst/mmcm_adv_inst_display_clocks/inst/mmcm_adv_inst/CLKOUT0
                         net (fo=1, routed)           2.697    -0.096    datapath/video_inst/mmcm_adv_inst_display_clocks/inst/clk_out1_clk_wiz_2
    BUFGCTRL_X0Y4        BUFG (Prop_bufg_I_O)         0.096    -0.000 r  datapath/video_inst/mmcm_adv_inst_display_clocks/inst/clkout1_buf/O
                         net (fo=83, routed)          1.824     1.824    datapath/video_inst/inst_dvid/clk_out1
    SLICE_X163Y133       FDRE                                         r  datapath/video_inst/inst_dvid/latched_green_reg[1]/C
  -------------------------------------------------------------------    -------------------
    SLICE_X163Y133       FDRE (Prop_fdre_C_Q)         0.456     2.280 r  datapath/video_inst/inst_dvid/latched_green_reg[1]/Q
                         net (fo=5, routed)           2.012     4.292    datapath/video_inst/inst_dvid/latched_green[1]
    SLICE_X162Y135       LUT3 (Prop_lut3_I2_O)        0.153     4.445 r  datapath/video_inst/inst_dvid/shift_green[5]_i_1/O
                         net (fo=1, routed)           0.000     4.445    datapath/video_inst/inst_dvid/shift_green_1[5]
    SLICE_X162Y135       FDRE                                         r  datapath/video_inst/inst_dvid/shift_green_reg[5]/D
  -------------------------------------------------------------------    -------------------

                         (clock clk_out2_clk_wiz_2 rise edge)
                                                      8.000     8.000 r  
    BUFGCTRL_X0Y2        BUFG                         0.000     8.000 r  clk_IBUF_BUFG_inst/O
                         net (fo=303, routed)         1.972     9.972    datapath/video_inst/mmcm_adv_inst_display_clocks/inst/clk_in1
    MMCME2_ADV_X1Y0      MMCME2_ADV (Prop_mmcme2_adv_CLKIN1_CLKOUT1)
                                                     -4.637     5.335 r  datapath/video_inst/mmcm_adv_inst_display_clocks/inst/mmcm_adv_inst/CLKOUT1
                         net (fo=1, routed)           2.574     7.909    datapath/video_inst/mmcm_adv_inst_display_clocks/inst/clk_out2_clk_wiz_2
    BUFGCTRL_X0Y0        BUFG (Prop_bufg_I_O)         0.091     8.000 r  datapath/video_inst/mmcm_adv_inst_display_clocks/inst/clkout2_buf/O
                         net (fo=44, routed)          1.708     9.708    datapath/video_inst/inst_dvid/clk_out2
    SLICE_X162Y135       FDRE                                         r  datapath/video_inst/inst_dvid/shift_green_reg[5]/C
                         clock pessimism             -0.128     9.580    
                         clock uncertainty           -0.215     9.366    
    SLICE_X162Y135       FDRE (Setup_fdre_C_D)        0.118     9.484    datapath/video_inst/inst_dvid/shift_green_reg[5]
  -------------------------------------------------------------------
                         required time                          9.484    
                         arrival time                          -4.445    
  -------------------------------------------------------------------
                         slack                                  5.039    





Min Delay Paths
--------------------------------------------------------------------------------------
Slack (MET) :             0.185ns  (arrival time - required time)
  Source:                 datapath/video_inst/inst_dvid/latched_blue_reg[8]/C
                            (rising edge-triggered cell FDRE clocked by clk_out1_clk_wiz_2  {rise@0.000ns fall@20.000ns period=40.000ns})
  Destination:            datapath/video_inst/inst_dvid/shift_blue_reg[8]/D
                            (rising edge-triggered cell FDRE clocked by clk_out2_clk_wiz_2  {rise@0.000ns fall@4.000ns period=8.000ns})
  Path Group:             clk_out2_clk_wiz_2
  Path Type:              Hold (Min at Fast Process Corner)
  Requirement:            0.000ns  (clk_out2_clk_wiz_2 rise@0.000ns - clk_out1_clk_wiz_2 rise@0.000ns)
  Data Path Delay:        0.767ns  (logic 0.128ns (16.695%)  route 0.639ns (83.305%))
  Logic Levels:           0  
  Clock Path Skew:        0.351ns (DCD - SCD - CPR)
    Destination Clock Delay (DCD):    0.917ns
    Source Clock Delay      (SCD):    0.646ns
    Clock Pessimism Removal (CPR):    -0.080ns
  Clock Uncertainty:      0.215ns  ((TSJ^2 + DJ^2)^1/2) / 2 + PE
    Total System Jitter     (TSJ):    0.071ns
    Discrete Jitter          (DJ):    0.175ns
    Phase Error              (PE):    0.120ns

    Location             Delay type                Incr(ns)  Path(ns)    Netlist Resource(s)
  -------------------------------------------------------------------    -------------------
                         (clock clk_out1_clk_wiz_2 rise edge)
                                                      0.000     0.000 r  
    BUFGCTRL_X0Y2        BUFG                         0.000     0.000 r  clk_IBUF_BUFG_inst/O
                         net (fo=303, routed)         0.745     0.745    datapath/video_inst/mmcm_adv_inst_display_clocks/inst/clk_in1
    MMCME2_ADV_X1Y0      MMCME2_ADV (Prop_mmcme2_adv_CLKIN1_CLKOUT0)
                                                     -1.683    -0.938 r  datapath/video_inst/mmcm_adv_inst_display_clocks/inst/mmcm_adv_inst/CLKOUT0
                         net (fo=1, routed)           0.912    -0.026    datapath/video_inst/mmcm_adv_inst_display_clocks/inst/clk_out1_clk_wiz_2
    BUFGCTRL_X0Y4        BUFG (Prop_bufg_I_O)         0.026    -0.000 r  datapath/video_inst/mmcm_adv_inst_display_clocks/inst/clkout1_buf/O
                         net (fo=83, routed)          0.646     0.646    datapath/video_inst/inst_dvid/clk_out1
    SLICE_X161Y138       FDRE                                         r  datapath/video_inst/inst_dvid/latched_blue_reg[8]/C
  -------------------------------------------------------------------    -------------------
    SLICE_X161Y138       FDRE (Prop_fdre_C_Q)         0.128     0.774 r  datapath/video_inst/inst_dvid/latched_blue_reg[8]/Q
                         net (fo=1, routed)           0.639     1.412    datapath/video_inst/inst_dvid/latched_blue[8]
    SLICE_X161Y137       FDRE                                         r  datapath/video_inst/inst_dvid/shift_blue_reg[8]/D
  -------------------------------------------------------------------    -------------------

                         (clock clk_out2_clk_wiz_2 rise edge)
                                                      0.000     0.000 r  
    BUFGCTRL_X0Y2        BUFG                         0.000     0.000 r  clk_IBUF_BUFG_inst/O
                         net (fo=303, routed)         1.022     1.022    datapath/video_inst/mmcm_adv_inst_display_clocks/inst/clk_in1
    MMCME2_ADV_X1Y0      MMCME2_ADV (Prop_mmcme2_adv_CLKIN1_CLKOUT1)
                                                     -2.040    -1.018 r  datapath/video_inst/mmcm_adv_inst_display_clocks/inst/mmcm_adv_inst/CLKOUT1
                         net (fo=1, routed)           0.989    -0.029    datapath/video_inst/mmcm_adv_inst_display_clocks/inst/clk_out2_clk_wiz_2
    BUFGCTRL_X0Y0        BUFG (Prop_bufg_I_O)         0.029    -0.000 r  datapath/video_inst/mmcm_adv_inst_display_clocks/inst/clkout2_buf/O
                         net (fo=44, routed)          0.917     0.917    datapath/video_inst/inst_dvid/clk_out2
    SLICE_X161Y137       FDRE                                         r  datapath/video_inst/inst_dvid/shift_blue_reg[8]/C
                         clock pessimism              0.080     0.997    
                         clock uncertainty            0.215     1.211    
    SLICE_X161Y137       FDRE (Hold_fdre_C_D)         0.016     1.227    datapath/video_inst/inst_dvid/shift_blue_reg[8]
  -------------------------------------------------------------------
                         required time                         -1.227    
                         arrival time                           1.412    
  -------------------------------------------------------------------
                         slack                                  0.185    

Slack (MET) :             0.185ns  (arrival time - required time)
  Source:                 datapath/video_inst/inst_dvid/latched_green_reg[8]/C
                            (rising edge-triggered cell FDRE clocked by clk_out1_clk_wiz_2  {rise@0.000ns fall@20.000ns period=40.000ns})
  Destination:            datapath/video_inst/inst_dvid/shift_green_reg[8]/D
                            (rising edge-triggered cell FDRE clocked by clk_out2_clk_wiz_2  {rise@0.000ns fall@4.000ns period=8.000ns})
  Path Group:             clk_out2_clk_wiz_2
  Path Type:              Hold (Min at Fast Process Corner)
  Requirement:            0.000ns  (clk_out2_clk_wiz_2 rise@0.000ns - clk_out1_clk_wiz_2 rise@0.000ns)
  Data Path Delay:        0.822ns  (logic 0.141ns (17.146%)  route 0.681ns (82.854%))
  Logic Levels:           0  
  Clock Path Skew:        0.352ns (DCD - SCD - CPR)
    Destination Clock Delay (DCD):    0.914ns
    Source Clock Delay      (SCD):    0.642ns
    Clock Pessimism Removal (CPR):    -0.080ns
  Clock Uncertainty:      0.215ns  ((TSJ^2 + DJ^2)^1/2) / 2 + PE
    Total System Jitter     (TSJ):    0.071ns
    Discrete Jitter          (DJ):    0.175ns
    Phase Error              (PE):    0.120ns

    Location             Delay type                Incr(ns)  Path(ns)    Netlist Resource(s)
  -------------------------------------------------------------------    -------------------
                         (clock clk_out1_clk_wiz_2 rise edge)
                                                      0.000     0.000 r  
    BUFGCTRL_X0Y2        BUFG                         0.000     0.000 r  clk_IBUF_BUFG_inst/O
                         net (fo=303, routed)         0.745     0.745    datapath/video_inst/mmcm_adv_inst_display_clocks/inst/clk_in1
    MMCME2_ADV_X1Y0      MMCME2_ADV (Prop_mmcme2_adv_CLKIN1_CLKOUT0)
                                                     -1.683    -0.938 r  datapath/video_inst/mmcm_adv_inst_display_clocks/inst/mmcm_adv_inst/CLKOUT0
                         net (fo=1, routed)           0.912    -0.026    datapath/video_inst/mmcm_adv_inst_display_clocks/inst/clk_out1_clk_wiz_2
    BUFGCTRL_X0Y4        BUFG (Prop_bufg_I_O)         0.026    -0.000 r  datapath/video_inst/mmcm_adv_inst_display_clocks/inst/clkout1_buf/O
                         net (fo=83, routed)          0.642     0.642    datapath/video_inst/inst_dvid/clk_out1
    SLICE_X159Y133       FDRE                                         r  datapath/video_inst/inst_dvid/latched_green_reg[8]/C
  -------------------------------------------------------------------    -------------------
    SLICE_X159Y133       FDRE (Prop_fdre_C_Q)         0.141     0.783 r  datapath/video_inst/inst_dvid/latched_green_reg[8]/Q
                         net (fo=1, routed)           0.681     1.464    datapath/video_inst/inst_dvid/latched_green[8]
    SLICE_X159Y134       FDRE                                         r  datapath/video_inst/inst_dvid/shift_green_reg[8]/D
  -------------------------------------------------------------------    -------------------

                         (clock clk_out2_clk_wiz_2 rise edge)
                                                      0.000     0.000 r  
    BUFGCTRL_X0Y2        BUFG                         0.000     0.000 r  clk_IBUF_BUFG_inst/O
                         net (fo=303, routed)         1.022     1.022    datapath/video_inst/mmcm_adv_inst_display_clocks/inst/clk_in1
    MMCME2_ADV_X1Y0      MMCME2_ADV (Prop_mmcme2_adv_CLKIN1_CLKOUT1)
                                                     -2.040    -1.018 r  datapath/video_inst/mmcm_adv_inst_display_clocks/inst/mmcm_adv_inst/CLKOUT1
                         net (fo=1, routed)           0.989    -0.029    datapath/video_inst/mmcm_adv_inst_display_clocks/inst/clk_out2_clk_wiz_2
    BUFGCTRL_X0Y0        BUFG (Prop_bufg_I_O)         0.029    -0.000 r  datapath/video_inst/mmcm_adv_inst_display_clocks/inst/clkout2_buf/O
                         net (fo=44, routed)          0.914     0.914    datapath/video_inst/inst_dvid/clk_out2
    SLICE_X159Y134       FDRE                                         r  datapath/video_inst/inst_dvid/shift_green_reg[8]/C
                         clock pessimism              0.080     0.994    
                         clock uncertainty            0.215     1.208    
    SLICE_X159Y134       FDRE (Hold_fdre_C_D)         0.070     1.278    datapath/video_inst/inst_dvid/shift_green_reg[8]
  -------------------------------------------------------------------
                         required time                         -1.278    
                         arrival time                           1.464    
  -------------------------------------------------------------------
                         slack                                  0.185    

Slack (MET) :             0.189ns  (arrival time - required time)
  Source:                 datapath/video_inst/inst_dvid/latched_blue_reg[1]/C
                            (rising edge-triggered cell FDRE clocked by clk_out1_clk_wiz_2  {rise@0.000ns fall@20.000ns period=40.000ns})
  Destination:            datapath/video_inst/inst_dvid/shift_blue_reg[1]/D
                            (rising edge-triggered cell FDRE clocked by clk_out2_clk_wiz_2  {rise@0.000ns fall@4.000ns period=8.000ns})
  Path Group:             clk_out2_clk_wiz_2
  Path Type:              Hold (Min at Fast Process Corner)
  Requirement:            0.000ns  (clk_out2_clk_wiz_2 rise@0.000ns - clk_out1_clk_wiz_2 rise@0.000ns)
  Data Path Delay:        0.888ns  (logic 0.227ns (25.572%)  route 0.661ns (74.428%))
  Logic Levels:           1  (LUT3=1)
  Clock Path Skew:        0.353ns (DCD - SCD - CPR)
    Destination Clock Delay (DCD):    0.919ns
    Source Clock Delay      (SCD):    0.646ns
    Clock Pessimism Removal (CPR):    -0.080ns
  Clock Uncertainty:      0.215ns  ((TSJ^2 + DJ^2)^1/2) / 2 + PE
    Total System Jitter     (TSJ):    0.071ns
    Discrete Jitter          (DJ):    0.175ns
    Phase Error              (PE):    0.120ns

    Location             Delay type                Incr(ns)  Path(ns)    Netlist Resource(s)
  -------------------------------------------------------------------    -------------------
                         (clock clk_out1_clk_wiz_2 rise edge)
                                                      0.000     0.000 r  
    BUFGCTRL_X0Y2        BUFG                         0.000     0.000 r  clk_IBUF_BUFG_inst/O
                         net (fo=303, routed)         0.745     0.745    datapath/video_inst/mmcm_adv_inst_display_clocks/inst/clk_in1
    MMCME2_ADV_X1Y0      MMCME2_ADV (Prop_mmcme2_adv_CLKIN1_CLKOUT0)
                                                     -1.683    -0.938 r  datapath/video_inst/mmcm_adv_inst_display_clocks/inst/mmcm_adv_inst/CLKOUT0
                         net (fo=1, routed)           0.912    -0.026    datapath/video_inst/mmcm_adv_inst_display_clocks/inst/clk_out1_clk_wiz_2
    BUFGCTRL_X0Y4        BUFG (Prop_bufg_I_O)         0.026    -0.000 r  datapath/video_inst/mmcm_adv_inst_display_clocks/inst/clkout1_buf/O
                         net (fo=83, routed)          0.646     0.646    datapath/video_inst/inst_dvid/clk_out1
    SLICE_X160Y138       FDRE                                         r  datapath/video_inst/inst_dvid/latched_blue_reg[1]/C
  -------------------------------------------------------------------    -------------------
    SLICE_X160Y138       FDRE (Prop_fdre_C_Q)         0.128     0.774 r  datapath/video_inst/inst_dvid/latched_blue_reg[1]/Q
                         net (fo=4, routed)           0.661     1.434    datapath/video_inst/inst_dvid/latched_blue[1]
    SLICE_X162Y139       LUT3 (Prop_lut3_I2_O)        0.099     1.533 r  datapath/video_inst/inst_dvid/shift_blue[1]_i_1/O
                         net (fo=1, routed)           0.000     1.533    datapath/video_inst/inst_dvid/shift_blue_0[1]
    SLICE_X162Y139       FDRE                                         r  datapath/video_inst/inst_dvid/shift_blue_reg[1]/D
  -------------------------------------------------------------------    -------------------

                         (clock clk_out2_clk_wiz_2 rise edge)
                                                      0.000     0.000 r  
    BUFGCTRL_X0Y2        BUFG                         0.000     0.000 r  clk_IBUF_BUFG_inst/O
                         net (fo=303, routed)         1.022     1.022    datapath/video_inst/mmcm_adv_inst_display_clocks/inst/clk_in1
    MMCME2_ADV_X1Y0      MMCME2_ADV (Prop_mmcme2_adv_CLKIN1_CLKOUT1)
                                                     -2.040    -1.018 r  datapath/video_inst/mmcm_adv_inst_display_clocks/inst/mmcm_adv_inst/CLKOUT1
                         net (fo=1, routed)           0.989    -0.029    datapath/video_inst/mmcm_adv_inst_display_clocks/inst/clk_out2_clk_wiz_2
    BUFGCTRL_X0Y0        BUFG (Prop_bufg_I_O)         0.029    -0.000 r  datapath/video_inst/mmcm_adv_inst_display_clocks/inst/clkout2_buf/O
                         net (fo=44, routed)          0.919     0.919    datapath/video_inst/inst_dvid/clk_out2
    SLICE_X162Y139       FDRE                                         r  datapath/video_inst/inst_dvid/shift_blue_reg[1]/C
                         clock pessimism              0.080     0.999    
                         clock uncertainty            0.215     1.213    
    SLICE_X162Y139       FDRE (Hold_fdre_C_D)         0.131     1.344    datapath/video_inst/inst_dvid/shift_blue_reg[1]
  -------------------------------------------------------------------
                         required time                         -1.344    
                         arrival time                           1.533    
  -------------------------------------------------------------------
                         slack                                  0.189    

Slack (MET) :             0.190ns  (arrival time - required time)
  Source:                 datapath/video_inst/inst_dvid/latched_blue_reg[1]/C
                            (rising edge-triggered cell FDRE clocked by clk_out1_clk_wiz_2  {rise@0.000ns fall@20.000ns period=40.000ns})
  Destination:            datapath/video_inst/inst_dvid/shift_blue_reg[7]/D
                            (rising edge-triggered cell FDRE clocked by clk_out2_clk_wiz_2  {rise@0.000ns fall@4.000ns period=8.000ns})
  Path Group:             clk_out2_clk_wiz_2
  Path Type:              Hold (Min at Fast Process Corner)
  Requirement:            0.000ns  (clk_out2_clk_wiz_2 rise@0.000ns - clk_out1_clk_wiz_2 rise@0.000ns)
  Data Path Delay:        0.889ns  (logic 0.230ns (25.881%)  route 0.659ns (74.119%))
  Logic Levels:           1  (LUT3=1)
  Clock Path Skew:        0.353ns (DCD - SCD - CPR)
    Destination Clock Delay (DCD):    0.919ns
    Source Clock Delay      (SCD):    0.646ns
    Clock Pessimism Removal (CPR):    -0.080ns
  Clock Uncertainty:      0.215ns  ((TSJ^2 + DJ^2)^1/2) / 2 + PE
    Total System Jitter     (TSJ):    0.071ns
    Discrete Jitter          (DJ):    0.175ns
    Phase Error              (PE):    0.120ns

    Location             Delay type                Incr(ns)  Path(ns)    Netlist Resource(s)
  -------------------------------------------------------------------    -------------------
                         (clock clk_out1_clk_wiz_2 rise edge)
                                                      0.000     0.000 r  
    BUFGCTRL_X0Y2        BUFG                         0.000     0.000 r  clk_IBUF_BUFG_inst/O
                         net (fo=303, routed)         0.745     0.745    datapath/video_inst/mmcm_adv_inst_display_clocks/inst/clk_in1
    MMCME2_ADV_X1Y0      MMCME2_ADV (Prop_mmcme2_adv_CLKIN1_CLKOUT0)
                                                     -1.683    -0.938 r  datapath/video_inst/mmcm_adv_inst_display_clocks/inst/mmcm_adv_inst/CLKOUT0
                         net (fo=1, routed)           0.912    -0.026    datapath/video_inst/mmcm_adv_inst_display_clocks/inst/clk_out1_clk_wiz_2
    BUFGCTRL_X0Y4        BUFG (Prop_bufg_I_O)         0.026    -0.000 r  datapath/video_inst/mmcm_adv_inst_display_clocks/inst/clkout1_buf/O
                         net (fo=83, routed)          0.646     0.646    datapath/video_inst/inst_dvid/clk_out1
    SLICE_X160Y138       FDRE                                         r  datapath/video_inst/inst_dvid/latched_blue_reg[1]/C
  -------------------------------------------------------------------    -------------------
    SLICE_X160Y138       FDRE (Prop_fdre_C_Q)         0.128     0.774 r  datapath/video_inst/inst_dvid/latched_blue_reg[1]/Q
                         net (fo=4, routed)           0.659     1.432    datapath/video_inst/inst_dvid/latched_blue[1]
    SLICE_X162Y139       LUT3 (Prop_lut3_I2_O)        0.102     1.534 r  datapath/video_inst/inst_dvid/shift_blue[7]_i_1/O
                         net (fo=1, routed)           0.000     1.534    datapath/video_inst/inst_dvid/shift_blue_0[7]
    SLICE_X162Y139       FDRE                                         r  datapath/video_inst/inst_dvid/shift_blue_reg[7]/D
  -------------------------------------------------------------------    -------------------

                         (clock clk_out2_clk_wiz_2 rise edge)
                                                      0.000     0.000 r  
    BUFGCTRL_X0Y2        BUFG                         0.000     0.000 r  clk_IBUF_BUFG_inst/O
                         net (fo=303, routed)         1.022     1.022    datapath/video_inst/mmcm_adv_inst_display_clocks/inst/clk_in1
    MMCME2_ADV_X1Y0      MMCME2_ADV (Prop_mmcme2_adv_CLKIN1_CLKOUT1)
                                                     -2.040    -1.018 r  datapath/video_inst/mmcm_adv_inst_display_clocks/inst/mmcm_adv_inst/CLKOUT1
                         net (fo=1, routed)           0.989    -0.029    datapath/video_inst/mmcm_adv_inst_display_clocks/inst/clk_out2_clk_wiz_2
    BUFGCTRL_X0Y0        BUFG (Prop_bufg_I_O)         0.029    -0.000 r  datapath/video_inst/mmcm_adv_inst_display_clocks/inst/clkout2_buf/O
                         net (fo=44, routed)          0.919     0.919    datapath/video_inst/inst_dvid/clk_out2
    SLICE_X162Y139       FDRE                                         r  datapath/video_inst/inst_dvid/shift_blue_reg[7]/C
                         clock pessimism              0.080     0.999    
                         clock uncertainty            0.215     1.213    
    SLICE_X162Y139       FDRE (Hold_fdre_C_D)         0.131     1.344    datapath/video_inst/inst_dvid/shift_blue_reg[7]
  -------------------------------------------------------------------
                         required time                         -1.344    
                         arrival time                           1.534    
  -------------------------------------------------------------------
                         slack                                  0.190    

Slack (MET) :             0.193ns  (arrival time - required time)
  Source:                 datapath/video_inst/inst_dvid/latched_green_reg[2]/C
                            (rising edge-triggered cell FDRE clocked by clk_out1_clk_wiz_2  {rise@0.000ns fall@20.000ns period=40.000ns})
  Destination:            datapath/video_inst/inst_dvid/shift_green_reg[4]/D
                            (rising edge-triggered cell FDRE clocked by clk_out2_clk_wiz_2  {rise@0.000ns fall@4.000ns period=8.000ns})
  Path Group:             clk_out2_clk_wiz_2
  Path Type:              Hold (Min at Fast Process Corner)
  Requirement:            0.000ns  (clk_out2_clk_wiz_2 rise@0.000ns - clk_out1_clk_wiz_2 rise@0.000ns)
  Data Path Delay:        0.892ns  (logic 0.189ns (21.196%)  route 0.703ns (78.804%))
  Logic Levels:           1  (LUT3=1)
  Clock Path Skew:        0.353ns (DCD - SCD - CPR)
    Destination Clock Delay (DCD):    0.916ns
    Source Clock Delay      (SCD):    0.643ns
    Clock Pessimism Removal (CPR):    -0.080ns
  Clock Uncertainty:      0.215ns  ((TSJ^2 + DJ^2)^1/2) / 2 + PE
    Total System Jitter     (TSJ):    0.071ns
    Discrete Jitter          (DJ):    0.175ns
    Phase Error              (PE):    0.120ns

    Location             Delay type                Incr(ns)  Path(ns)    Netlist Resource(s)
  -------------------------------------------------------------------    -------------------
                         (clock clk_out1_clk_wiz_2 rise edge)
                                                      0.000     0.000 r  
    BUFGCTRL_X0Y2        BUFG                         0.000     0.000 r  clk_IBUF_BUFG_inst/O
                         net (fo=303, routed)         0.745     0.745    datapath/video_inst/mmcm_adv_inst_display_clocks/inst/clk_in1
    MMCME2_ADV_X1Y0      MMCME2_ADV (Prop_mmcme2_adv_CLKIN1_CLKOUT0)
                                                     -1.683    -0.938 r  datapath/video_inst/mmcm_adv_inst_display_clocks/inst/mmcm_adv_inst/CLKOUT0
                         net (fo=1, routed)           0.912    -0.026    datapath/video_inst/mmcm_adv_inst_display_clocks/inst/clk_out1_clk_wiz_2
    BUFGCTRL_X0Y4        BUFG (Prop_bufg_I_O)         0.026    -0.000 r  datapath/video_inst/mmcm_adv_inst_display_clocks/inst/clkout1_buf/O
                         net (fo=83, routed)          0.643     0.643    datapath/video_inst/inst_dvid/clk_out1
    SLICE_X163Y133       FDRE                                         r  datapath/video_inst/inst_dvid/latched_green_reg[2]/C
  -------------------------------------------------------------------    -------------------
    SLICE_X163Y133       FDRE (Prop_fdre_C_Q)         0.141     0.784 r  datapath/video_inst/inst_dvid/latched_green_reg[2]/Q
                         net (fo=3, routed)           0.703     1.486    datapath/video_inst/inst_dvid/latched_green[2]
    SLICE_X162Y135       LUT3 (Prop_lut3_I2_O)        0.048     1.534 r  datapath/video_inst/inst_dvid/shift_green[4]_i_1/O
                         net (fo=1, routed)           0.000     1.534    datapath/video_inst/inst_dvid/shift_green_1[4]
    SLICE_X162Y135       FDRE                                         r  datapath/video_inst/inst_dvid/shift_green_reg[4]/D
  -------------------------------------------------------------------    -------------------

                         (clock clk_out2_clk_wiz_2 rise edge)
                                                      0.000     0.000 r  
    BUFGCTRL_X0Y2        BUFG                         0.000     0.000 r  clk_IBUF_BUFG_inst/O
                         net (fo=303, routed)         1.022     1.022    datapath/video_inst/mmcm_adv_inst_display_clocks/inst/clk_in1
    MMCME2_ADV_X1Y0      MMCME2_ADV (Prop_mmcme2_adv_CLKIN1_CLKOUT1)
                                                     -2.040    -1.018 r  datapath/video_inst/mmcm_adv_inst_display_clocks/inst/mmcm_adv_inst/CLKOUT1
                         net (fo=1, routed)           0.989    -0.029    datapath/video_inst/mmcm_adv_inst_display_clocks/inst/clk_out2_clk_wiz_2
    BUFGCTRL_X0Y0        BUFG (Prop_bufg_I_O)         0.029    -0.000 r  datapath/video_inst/mmcm_adv_inst_display_clocks/inst/clkout2_buf/O
                         net (fo=44, routed)          0.916     0.916    datapath/video_inst/inst_dvid/clk_out2
    SLICE_X162Y135       FDRE                                         r  datapath/video_inst/inst_dvid/shift_green_reg[4]/C
                         clock pessimism              0.080     0.996    
                         clock uncertainty            0.215     1.210    
    SLICE_X162Y135       FDRE (Hold_fdre_C_D)         0.131     1.341    datapath/video_inst/inst_dvid/shift_green_reg[4]
  -------------------------------------------------------------------
                         required time                         -1.341    
                         arrival time                           1.534    
  -------------------------------------------------------------------
                         slack                                  0.193    

Slack (MET) :             0.196ns  (arrival time - required time)
  Source:                 datapath/video_inst/inst_dvid/latched_blue_reg[1]/C
                            (rising edge-triggered cell FDRE clocked by clk_out1_clk_wiz_2  {rise@0.000ns fall@20.000ns period=40.000ns})
  Destination:            datapath/video_inst/inst_dvid/shift_blue_reg[5]/D
                            (rising edge-triggered cell FDRE clocked by clk_out2_clk_wiz_2  {rise@0.000ns fall@4.000ns period=8.000ns})
  Path Group:             clk_out2_clk_wiz_2
  Path Type:              Hold (Min at Fast Process Corner)
  Requirement:            0.000ns  (clk_out2_clk_wiz_2 rise@0.000ns - clk_out1_clk_wiz_2 rise@0.000ns)
  Data Path Delay:        0.885ns  (logic 0.226ns (25.546%)  route 0.659ns (74.454%))
  Logic Levels:           1  (LUT3=1)
  Clock Path Skew:        0.353ns (DCD - SCD - CPR)
    Destination Clock Delay (DCD):    0.919ns
    Source Clock Delay      (SCD):    0.646ns
    Clock Pessimism Removal (CPR):    -0.080ns
  Clock Uncertainty:      0.215ns  ((TSJ^2 + DJ^2)^1/2) / 2 + PE
    Total System Jitter     (TSJ):    0.071ns
    Discrete Jitter          (DJ):    0.175ns
    Phase Error              (PE):    0.120ns

    Location             Delay type                Incr(ns)  Path(ns)    Netlist Resource(s)
  -------------------------------------------------------------------    -------------------
                         (clock clk_out1_clk_wiz_2 rise edge)
                                                      0.000     0.000 r  
    BUFGCTRL_X0Y2        BUFG                         0.000     0.000 r  clk_IBUF_BUFG_inst/O
                         net (fo=303, routed)         0.745     0.745    datapath/video_inst/mmcm_adv_inst_display_clocks/inst/clk_in1
    MMCME2_ADV_X1Y0      MMCME2_ADV (Prop_mmcme2_adv_CLKIN1_CLKOUT0)
                                                     -1.683    -0.938 r  datapath/video_inst/mmcm_adv_inst_display_clocks/inst/mmcm_adv_inst/CLKOUT0
                         net (fo=1, routed)           0.912    -0.026    datapath/video_inst/mmcm_adv_inst_display_clocks/inst/clk_out1_clk_wiz_2
    BUFGCTRL_X0Y4        BUFG (Prop_bufg_I_O)         0.026    -0.000 r  datapath/video_inst/mmcm_adv_inst_display_clocks/inst/clkout1_buf/O
                         net (fo=83, routed)          0.646     0.646    datapath/video_inst/inst_dvid/clk_out1
    SLICE_X160Y138       FDRE                                         r  datapath/video_inst/inst_dvid/latched_blue_reg[1]/C
  -------------------------------------------------------------------    -------------------
    SLICE_X160Y138       FDRE (Prop_fdre_C_Q)         0.128     0.774 r  datapath/video_inst/inst_dvid/latched_blue_reg[1]/Q
                         net (fo=4, routed)           0.659     1.432    datapath/video_inst/inst_dvid/latched_blue[1]
    SLICE_X162Y139       LUT3 (Prop_lut3_I2_O)        0.098     1.530 r  datapath/video_inst/inst_dvid/shift_blue[5]_i_1/O
                         net (fo=1, routed)           0.000     1.530    datapath/video_inst/inst_dvid/shift_blue_0[5]
    SLICE_X162Y139       FDRE                                         r  datapath/video_inst/inst_dvid/shift_blue_reg[5]/D
  -------------------------------------------------------------------    -------------------

                         (clock clk_out2_clk_wiz_2 rise edge)
                                                      0.000     0.000 r  
    BUFGCTRL_X0Y2        BUFG                         0.000     0.000 r  clk_IBUF_BUFG_inst/O
                         net (fo=303, routed)         1.022     1.022    datapath/video_inst/mmcm_adv_inst_display_clocks/inst/clk_in1
    MMCME2_ADV_X1Y0      MMCME2_ADV (Prop_mmcme2_adv_CLKIN1_CLKOUT1)
                                                     -2.040    -1.018 r  datapath/video_inst/mmcm_adv_inst_display_clocks/inst/mmcm_adv_inst/CLKOUT1
                         net (fo=1, routed)           0.989    -0.029    datapath/video_inst/mmcm_adv_inst_display_clocks/inst/clk_out2_clk_wiz_2
    BUFGCTRL_X0Y0        BUFG (Prop_bufg_I_O)         0.029    -0.000 r  datapath/video_inst/mmcm_adv_inst_display_clocks/inst/clkout2_buf/O
                         net (fo=44, routed)          0.919     0.919    datapath/video_inst/inst_dvid/clk_out2
    SLICE_X162Y139       FDRE                                         r  datapath/video_inst/inst_dvid/shift_blue_reg[5]/C
                         clock pessimism              0.080     0.999    
                         clock uncertainty            0.215     1.213    
    SLICE_X162Y139       FDRE (Hold_fdre_C_D)         0.121     1.334    datapath/video_inst/inst_dvid/shift_blue_reg[5]
  -------------------------------------------------------------------
                         required time                         -1.334    
                         arrival time                           1.530    
  -------------------------------------------------------------------
                         slack                                  0.196    

Slack (MET) :             0.198ns  (arrival time - required time)
  Source:                 datapath/video_inst/inst_dvid/latched_red_reg[2]/C
                            (rising edge-triggered cell FDRE clocked by clk_out1_clk_wiz_2  {rise@0.000ns fall@20.000ns period=40.000ns})
  Destination:            datapath/video_inst/inst_dvid/shift_red_reg[4]/D
                            (rising edge-triggered cell FDRE clocked by clk_out2_clk_wiz_2  {rise@0.000ns fall@4.000ns period=8.000ns})
  Path Group:             clk_out2_clk_wiz_2
  Path Type:              Hold (Min at Fast Process Corner)
  Requirement:            0.000ns  (clk_out2_clk_wiz_2 rise@0.000ns - clk_out1_clk_wiz_2 rise@0.000ns)
  Data Path Delay:        0.872ns  (logic 0.212ns (24.322%)  route 0.660ns (75.678%))
  Logic Levels:           1  (LUT3=1)
  Clock Path Skew:        0.352ns (DCD - SCD - CPR)
    Destination Clock Delay (DCD):    0.915ns
    Source Clock Delay      (SCD):    0.643ns
    Clock Pessimism Removal (CPR):    -0.080ns
  Clock Uncertainty:      0.215ns  ((TSJ^2 + DJ^2)^1/2) / 2 + PE
    Total System Jitter     (TSJ):    0.071ns
    Discrete Jitter          (DJ):    0.175ns
    Phase Error              (PE):    0.120ns

    Location             Delay type                Incr(ns)  Path(ns)    Netlist Resource(s)
  -------------------------------------------------------------------    -------------------
                         (clock clk_out1_clk_wiz_2 rise edge)
                                                      0.000     0.000 r  
    BUFGCTRL_X0Y2        BUFG                         0.000     0.000 r  clk_IBUF_BUFG_inst/O
                         net (fo=303, routed)         0.745     0.745    datapath/video_inst/mmcm_adv_inst_display_clocks/inst/clk_in1
    MMCME2_ADV_X1Y0      MMCME2_ADV (Prop_mmcme2_adv_CLKIN1_CLKOUT0)
                                                     -1.683    -0.938 r  datapath/video_inst/mmcm_adv_inst_display_clocks/inst/mmcm_adv_inst/CLKOUT0
                         net (fo=1, routed)           0.912    -0.026    datapath/video_inst/mmcm_adv_inst_display_clocks/inst/clk_out1_clk_wiz_2
    BUFGCTRL_X0Y4        BUFG (Prop_bufg_I_O)         0.026    -0.000 r  datapath/video_inst/mmcm_adv_inst_display_clocks/inst/clkout1_buf/O
                         net (fo=83, routed)          0.643     0.643    datapath/video_inst/inst_dvid/clk_out1
    SLICE_X162Y133       FDRE                                         r  datapath/video_inst/inst_dvid/latched_red_reg[2]/C
  -------------------------------------------------------------------    -------------------
    SLICE_X162Y133       FDRE (Prop_fdre_C_Q)         0.164     0.807 r  datapath/video_inst/inst_dvid/latched_red_reg[2]/Q
                         net (fo=3, routed)           0.660     1.466    datapath/video_inst/inst_dvid/latched_red[2]
    SLICE_X161Y134       LUT3 (Prop_lut3_I2_O)        0.048     1.514 r  datapath/video_inst/inst_dvid/shift_red[4]_i_1/O
                         net (fo=1, routed)           0.000     1.514    datapath/video_inst/inst_dvid/shift_red[4]
    SLICE_X161Y134       FDRE                                         r  datapath/video_inst/inst_dvid/shift_red_reg[4]/D
  -------------------------------------------------------------------    -------------------

                         (clock clk_out2_clk_wiz_2 rise edge)
                                                      0.000     0.000 r  
    BUFGCTRL_X0Y2        BUFG                         0.000     0.000 r  clk_IBUF_BUFG_inst/O
                         net (fo=303, routed)         1.022     1.022    datapath/video_inst/mmcm_adv_inst_display_clocks/inst/clk_in1
    MMCME2_ADV_X1Y0      MMCME2_ADV (Prop_mmcme2_adv_CLKIN1_CLKOUT1)
                                                     -2.040    -1.018 r  datapath/video_inst/mmcm_adv_inst_display_clocks/inst/mmcm_adv_inst/CLKOUT1
                         net (fo=1, routed)           0.989    -0.029    datapath/video_inst/mmcm_adv_inst_display_clocks/inst/clk_out2_clk_wiz_2
    BUFGCTRL_X0Y0        BUFG (Prop_bufg_I_O)         0.029    -0.000 r  datapath/video_inst/mmcm_adv_inst_display_clocks/inst/clkout2_buf/O
                         net (fo=44, routed)          0.915     0.915    datapath/video_inst/inst_dvid/clk_out2
    SLICE_X161Y134       FDRE                                         r  datapath/video_inst/inst_dvid/shift_red_reg[4]/C
                         clock pessimism              0.080     0.995    
                         clock uncertainty            0.215     1.209    
    SLICE_X161Y134       FDRE (Hold_fdre_C_D)         0.107     1.316    datapath/video_inst/inst_dvid/shift_red_reg[4]
  -------------------------------------------------------------------
                         required time                         -1.316    
                         arrival time                           1.514    
  -------------------------------------------------------------------
                         slack                                  0.198    

Slack (MET) :             0.200ns  (arrival time - required time)
  Source:                 datapath/video_inst/inst_dvid/latched_green_reg[2]/C
                            (rising edge-triggered cell FDRE clocked by clk_out1_clk_wiz_2  {rise@0.000ns fall@20.000ns period=40.000ns})
  Destination:            datapath/video_inst/inst_dvid/shift_green_reg[2]/D
                            (rising edge-triggered cell FDRE clocked by clk_out2_clk_wiz_2  {rise@0.000ns fall@4.000ns period=8.000ns})
  Path Group:             clk_out2_clk_wiz_2
  Path Type:              Hold (Min at Fast Process Corner)
  Requirement:            0.000ns  (clk_out2_clk_wiz_2 rise@0.000ns - clk_out1_clk_wiz_2 rise@0.000ns)
  Data Path Delay:        0.889ns  (logic 0.186ns (20.930%)  route 0.703ns (79.070%))
  Logic Levels:           1  (LUT3=1)
  Clock Path Skew:        0.353ns (DCD - SCD - CPR)
    Destination Clock Delay (DCD):    0.916ns
    Source Clock Delay      (SCD):    0.643ns
    Clock Pessimism Removal (CPR):    -0.080ns
  Clock Uncertainty:      0.215ns  ((TSJ^2 + DJ^2)^1/2) / 2 + PE
    Total System Jitter     (TSJ):    0.071ns
    Discrete Jitter          (DJ):    0.175ns
    Phase Error              (PE):    0.120ns

    Location             Delay type                Incr(ns)  Path(ns)    Netlist Resource(s)
  -------------------------------------------------------------------    -------------------
                         (clock clk_out1_clk_wiz_2 rise edge)
                                                      0.000     0.000 r  
    BUFGCTRL_X0Y2        BUFG                         0.000     0.000 r  clk_IBUF_BUFG_inst/O
                         net (fo=303, routed)         0.745     0.745    datapath/video_inst/mmcm_adv_inst_display_clocks/inst/clk_in1
    MMCME2_ADV_X1Y0      MMCME2_ADV (Prop_mmcme2_adv_CLKIN1_CLKOUT0)
                                                     -1.683    -0.938 r  datapath/video_inst/mmcm_adv_inst_display_clocks/inst/mmcm_adv_inst/CLKOUT0
                         net (fo=1, routed)           0.912    -0.026    datapath/video_inst/mmcm_adv_inst_display_clocks/inst/clk_out1_clk_wiz_2
    BUFGCTRL_X0Y4        BUFG (Prop_bufg_I_O)         0.026    -0.000 r  datapath/video_inst/mmcm_adv_inst_display_clocks/inst/clkout1_buf/O
                         net (fo=83, routed)          0.643     0.643    datapath/video_inst/inst_dvid/clk_out1
    SLICE_X163Y133       FDRE                                         r  datapath/video_inst/inst_dvid/latched_green_reg[2]/C
  -------------------------------------------------------------------    -------------------
    SLICE_X163Y133       FDRE (Prop_fdre_C_Q)         0.141     0.784 r  datapath/video_inst/inst_dvid/latched_green_reg[2]/Q
                         net (fo=3, routed)           0.703     1.486    datapath/video_inst/inst_dvid/latched_green[2]
    SLICE_X162Y135       LUT3 (Prop_lut3_I2_O)        0.045     1.531 r  datapath/video_inst/inst_dvid/shift_green[2]_i_1/O
                         net (fo=1, routed)           0.000     1.531    datapath/video_inst/inst_dvid/shift_green_1[2]
    SLICE_X162Y135       FDRE                                         r  datapath/video_inst/inst_dvid/shift_green_reg[2]/D
  -------------------------------------------------------------------    -------------------

                         (clock clk_out2_clk_wiz_2 rise edge)
                                                      0.000     0.000 r  
    BUFGCTRL_X0Y2        BUFG                         0.000     0.000 r  clk_IBUF_BUFG_inst/O
                         net (fo=303, routed)         1.022     1.022    datapath/video_inst/mmcm_adv_inst_display_clocks/inst/clk_in1
    MMCME2_ADV_X1Y0      MMCME2_ADV (Prop_mmcme2_adv_CLKIN1_CLKOUT1)
                                                     -2.040    -1.018 r  datapath/video_inst/mmcm_adv_inst_display_clocks/inst/mmcm_adv_inst/CLKOUT1
                         net (fo=1, routed)           0.989    -0.029    datapath/video_inst/mmcm_adv_inst_display_clocks/inst/clk_out2_clk_wiz_2
    BUFGCTRL_X0Y0        BUFG (Prop_bufg_I_O)         0.029    -0.000 r  datapath/video_inst/mmcm_adv_inst_display_clocks/inst/clkout2_buf/O
                         net (fo=44, routed)          0.916     0.916    datapath/video_inst/inst_dvid/clk_out2
    SLICE_X162Y135       FDRE                                         r  datapath/video_inst/inst_dvid/shift_green_reg[2]/C
                         clock pessimism              0.080     0.996    
                         clock uncertainty            0.215     1.210    
    SLICE_X162Y135       FDRE (Hold_fdre_C_D)         0.121     1.331    datapath/video_inst/inst_dvid/shift_green_reg[2]
  -------------------------------------------------------------------
                         required time                         -1.331    
                         arrival time                           1.531    
  -------------------------------------------------------------------
                         slack                                  0.200    

Slack (MET) :             0.211ns  (arrival time - required time)
  Source:                 datapath/video_inst/inst_dvid/latched_red_reg[2]/C
                            (rising edge-triggered cell FDRE clocked by clk_out1_clk_wiz_2  {rise@0.000ns fall@20.000ns period=40.000ns})
  Destination:            datapath/video_inst/inst_dvid/shift_red_reg[2]/D
                            (rising edge-triggered cell FDRE clocked by clk_out2_clk_wiz_2  {rise@0.000ns fall@4.000ns period=8.000ns})
  Path Group:             clk_out2_clk_wiz_2
  Path Type:              Hold (Min at Fast Process Corner)
  Requirement:            0.000ns  (clk_out2_clk_wiz_2 rise@0.000ns - clk_out1_clk_wiz_2 rise@0.000ns)
  Data Path Delay:        0.869ns  (logic 0.209ns (24.061%)  route 0.660ns (75.939%))
  Logic Levels:           1  (LUT3=1)
  Clock Path Skew:        0.352ns (DCD - SCD - CPR)
    Destination Clock Delay (DCD):    0.915ns
    Source Clock Delay      (SCD):    0.643ns
    Clock Pessimism Removal (CPR):    -0.080ns
  Clock Uncertainty:      0.215ns  ((TSJ^2 + DJ^2)^1/2) / 2 + PE
    Total System Jitter     (TSJ):    0.071ns
    Discrete Jitter          (DJ):    0.175ns
    Phase Error              (PE):    0.120ns

    Location             Delay type                Incr(ns)  Path(ns)    Netlist Resource(s)
  -------------------------------------------------------------------    -------------------
                         (clock clk_out1_clk_wiz_2 rise edge)
                                                      0.000     0.000 r  
    BUFGCTRL_X0Y2        BUFG                         0.000     0.000 r  clk_IBUF_BUFG_inst/O
                         net (fo=303, routed)         0.745     0.745    datapath/video_inst/mmcm_adv_inst_display_clocks/inst/clk_in1
    MMCME2_ADV_X1Y0      MMCME2_ADV (Prop_mmcme2_adv_CLKIN1_CLKOUT0)
                                                     -1.683    -0.938 r  datapath/video_inst/mmcm_adv_inst_display_clocks/inst/mmcm_adv_inst/CLKOUT0
                         net (fo=1, routed)           0.912    -0.026    datapath/video_inst/mmcm_adv_inst_display_clocks/inst/clk_out1_clk_wiz_2
    BUFGCTRL_X0Y4        BUFG (Prop_bufg_I_O)         0.026    -0.000 r  datapath/video_inst/mmcm_adv_inst_display_clocks/inst/clkout1_buf/O
                         net (fo=83, routed)          0.643     0.643    datapath/video_inst/inst_dvid/clk_out1
    SLICE_X162Y133       FDRE                                         r  datapath/video_inst/inst_dvid/latched_red_reg[2]/C
  -------------------------------------------------------------------    -------------------
    SLICE_X162Y133       FDRE (Prop_fdre_C_Q)         0.164     0.807 r  datapath/video_inst/inst_dvid/latched_red_reg[2]/Q
                         net (fo=3, routed)           0.660     1.466    datapath/video_inst/inst_dvid/latched_red[2]
    SLICE_X161Y134       LUT3 (Prop_lut3_I2_O)        0.045     1.511 r  datapath/video_inst/inst_dvid/shift_red[2]_i_1/O
                         net (fo=1, routed)           0.000     1.511    datapath/video_inst/inst_dvid/shift_red[2]
    SLICE_X161Y134       FDRE                                         r  datapath/video_inst/inst_dvid/shift_red_reg[2]/D
  -------------------------------------------------------------------    -------------------

                         (clock clk_out2_clk_wiz_2 rise edge)
                                                      0.000     0.000 r  
    BUFGCTRL_X0Y2        BUFG                         0.000     0.000 r  clk_IBUF_BUFG_inst/O
                         net (fo=303, routed)         1.022     1.022    datapath/video_inst/mmcm_adv_inst_display_clocks/inst/clk_in1
    MMCME2_ADV_X1Y0      MMCME2_ADV (Prop_mmcme2_adv_CLKIN1_CLKOUT1)
                                                     -2.040    -1.018 r  datapath/video_inst/mmcm_adv_inst_display_clocks/inst/mmcm_adv_inst/CLKOUT1
                         net (fo=1, routed)           0.989    -0.029    datapath/video_inst/mmcm_adv_inst_display_clocks/inst/clk_out2_clk_wiz_2
    BUFGCTRL_X0Y0        BUFG (Prop_bufg_I_O)         0.029    -0.000 r  datapath/video_inst/mmcm_adv_inst_display_clocks/inst/clkout2_buf/O
                         net (fo=44, routed)          0.915     0.915    datapath/video_inst/inst_dvid/clk_out2
    SLICE_X161Y134       FDRE                                         r  datapath/video_inst/inst_dvid/shift_red_reg[2]/C
                         clock pessimism              0.080     0.995    
                         clock uncertainty            0.215     1.209    
    SLICE_X161Y134       FDRE (Hold_fdre_C_D)         0.091     1.300    datapath/video_inst/inst_dvid/shift_red_reg[2]
  -------------------------------------------------------------------
                         required time                         -1.300    
                         arrival time                           1.511    
  -------------------------------------------------------------------
                         slack                                  0.211    

Slack (MET) :             0.216ns  (arrival time - required time)
  Source:                 datapath/video_inst/inst_dvid/latched_blue_reg[2]/C
                            (rising edge-triggered cell FDRE clocked by clk_out1_clk_wiz_2  {rise@0.000ns fall@20.000ns period=40.000ns})
  Destination:            datapath/video_inst/inst_dvid/shift_blue_reg[2]/D
                            (rising edge-triggered cell FDRE clocked by clk_out2_clk_wiz_2  {rise@0.000ns fall@4.000ns period=8.000ns})
  Path Group:             clk_out2_clk_wiz_2
  Path Type:              Hold (Min at Fast Process Corner)
  Requirement:            0.000ns  (clk_out2_clk_wiz_2 rise@0.000ns - clk_out1_clk_wiz_2 rise@0.000ns)
  Data Path Delay:        0.905ns  (logic 0.226ns (24.981%)  route 0.679ns (75.019%))
  Logic Levels:           1  (LUT3=1)
  Clock Path Skew:        0.353ns (DCD - SCD - CPR)
    Destination Clock Delay (DCD):    0.919ns
    Source Clock Delay      (SCD):    0.646ns
    Clock Pessimism Removal (CPR):    -0.080ns
  Clock Uncertainty:      0.215ns  ((TSJ^2 + DJ^2)^1/2) / 2 + PE
    Total System Jitter     (TSJ):    0.071ns
    Discrete Jitter          (DJ):    0.175ns
    Phase Error              (PE):    0.120ns

    Location             Delay type                Incr(ns)  Path(ns)    Netlist Resource(s)
  -------------------------------------------------------------------    -------------------
                         (clock clk_out1_clk_wiz_2 rise edge)
                                                      0.000     0.000 r  
    BUFGCTRL_X0Y2        BUFG                         0.000     0.000 r  clk_IBUF_BUFG_inst/O
                         net (fo=303, routed)         0.745     0.745    datapath/video_inst/mmcm_adv_inst_display_clocks/inst/clk_in1
    MMCME2_ADV_X1Y0      MMCME2_ADV (Prop_mmcme2_adv_CLKIN1_CLKOUT0)
                                                     -1.683    -0.938 r  datapath/video_inst/mmcm_adv_inst_display_clocks/inst/mmcm_adv_inst/CLKOUT0
                         net (fo=1, routed)           0.912    -0.026    datapath/video_inst/mmcm_adv_inst_display_clocks/inst/clk_out1_clk_wiz_2
    BUFGCTRL_X0Y4        BUFG (Prop_bufg_I_O)         0.026    -0.000 r  datapath/video_inst/mmcm_adv_inst_display_clocks/inst/clkout1_buf/O
                         net (fo=83, routed)          0.646     0.646    datapath/video_inst/inst_dvid/clk_out1
    SLICE_X160Y138       FDRE                                         r  datapath/video_inst/inst_dvid/latched_blue_reg[2]/C
  -------------------------------------------------------------------    -------------------
    SLICE_X160Y138       FDRE (Prop_fdre_C_Q)         0.128     0.774 r  datapath/video_inst/inst_dvid/latched_blue_reg[2]/Q
                         net (fo=1, routed)           0.679     1.452    datapath/video_inst/inst_dvid/latched_blue[2]
    SLICE_X162Y139       LUT3 (Prop_lut3_I2_O)        0.098     1.550 r  datapath/video_inst/inst_dvid/shift_blue[2]_i_1/O
                         net (fo=1, routed)           0.000     1.550    datapath/video_inst/inst_dvid/shift_blue_0[2]
    SLICE_X162Y139       FDRE                                         r  datapath/video_inst/inst_dvid/shift_blue_reg[2]/D
  -------------------------------------------------------------------    -------------------

                         (clock clk_out2_clk_wiz_2 rise edge)
                                                      0.000     0.000 r  
    BUFGCTRL_X0Y2        BUFG                         0.000     0.000 r  clk_IBUF_BUFG_inst/O
                         net (fo=303, routed)         1.022     1.022    datapath/video_inst/mmcm_adv_inst_display_clocks/inst/clk_in1
    MMCME2_ADV_X1Y0      MMCME2_ADV (Prop_mmcme2_adv_CLKIN1_CLKOUT1)
                                                     -2.040    -1.018 r  datapath/video_inst/mmcm_adv_inst_display_clocks/inst/mmcm_adv_inst/CLKOUT1
                         net (fo=1, routed)           0.989    -0.029    datapath/video_inst/mmcm_adv_inst_display_clocks/inst/clk_out2_clk_wiz_2
    BUFGCTRL_X0Y0        BUFG (Prop_bufg_I_O)         0.029    -0.000 r  datapath/video_inst/mmcm_adv_inst_display_clocks/inst/clkout2_buf/O
                         net (fo=44, routed)          0.919     0.919    datapath/video_inst/inst_dvid/clk_out2
    SLICE_X162Y139       FDRE                                         r  datapath/video_inst/inst_dvid/shift_blue_reg[2]/C
                         clock pessimism              0.080     0.999    
                         clock uncertainty            0.215     1.213    
    SLICE_X162Y139       FDRE (Hold_fdre_C_D)         0.121     1.334    datapath/video_inst/inst_dvid/shift_blue_reg[2]
  -------------------------------------------------------------------
                         required time                         -1.334    
                         arrival time                           1.550    
  -------------------------------------------------------------------
                         slack                                  0.216    





--------------------------------------------------------------------------------------
Path Group:  (none)
From Clock:  
  To Clock:  

Max Delay           851 Endpoints
Min Delay           851 Endpoints
--------------------------------------------------------------------------------------


Max Delay Paths
--------------------------------------------------------------------------------------
Slack:                    inf
  Source:                 datapath/Audio_Codec/ready_sig_reg/C
                            (rising edge-triggered cell FDRE)
  Destination:            led[0]
                            (output port)
  Path Group:             (none)
  Path Type:              Max at Slow Process Corner
  Data Path Delay:        12.645ns  (logic 3.472ns (27.456%)  route 9.173ns (72.544%))
  Logic Levels:           2  (FDRE=1 OBUF=1)

    Location             Delay type                Incr(ns)  Path(ns)    Netlist Resource(s)
  -------------------------------------------------------------------    -------------------
    SLICE_X162Y126       FDRE                         0.000     0.000 r  datapath/Audio_Codec/ready_sig_reg/C
    SLICE_X162Y126       FDRE (Prop_fdre_C_Q)         0.518     0.518 r  datapath/Audio_Codec/ready_sig_reg/Q
                         net (fo=63, routed)          9.173     9.691    led_OBUF[0]
    T14                  OBUF (Prop_obuf_I_O)         2.954    12.645 r  led_OBUF[0]_inst/O
                         net (fo=0)                   0.000    12.645    led[0]
    T14                                                               r  led[0] (OUT)
  -------------------------------------------------------------------    -------------------

Slack:                    inf
  Source:                 reset_n
                            (input port)
  Destination:            led[6]
                            (output port)
  Path Group:             (none)
  Path Type:              Max at Slow Process Corner
  Data Path Delay:        12.387ns  (logic 3.977ns (32.105%)  route 8.410ns (67.895%))
  Logic Levels:           2  (IBUF=1 OBUF=1)

    Location             Delay type                Incr(ns)  Path(ns)    Netlist Resource(s)
  -------------------------------------------------------------------    -------------------
    G4                                                0.000     0.000 r  reset_n (IN)
                         net (fo=0)                   0.000     0.000    reset_n
    G4                   IBUF (Prop_ibuf_I_O)         1.062     1.062 r  reset_n_IBUF_inst/O
                         net (fo=43, routed)          8.410     9.472    led_OBUF[6]
    W15                  OBUF (Prop_obuf_I_O)         2.915    12.387 r  led_OBUF[6]_inst/O
                         net (fo=0)                   0.000    12.387    led[6]
    W15                                                               r  led[6] (OUT)
  -------------------------------------------------------------------    -------------------

Slack:                    inf
  Source:                 datapath/bram_counter/processQ_reg[2]/C
                            (rising edge-triggered cell FDRE)
  Destination:            led[1]
                            (output port)
  Path Group:             (none)
  Path Type:              Max at Slow Process Corner
  Data Path Delay:        11.892ns  (logic 3.918ns (32.946%)  route 7.974ns (67.054%))
  Logic Levels:           4  (FDRE=1 LUT5=1 LUT6=1 OBUF=1)

    Location             Delay type                Incr(ns)  Path(ns)    Netlist Resource(s)
  -------------------------------------------------------------------    -------------------
    SLICE_X142Y126       FDRE                         0.000     0.000 r  datapath/bram_counter/processQ_reg[2]/C
    SLICE_X142Y126       FDRE (Prop_fdre_C_Q)         0.518     0.518 r  datapath/bram_counter/processQ_reg[2]/Q
                         net (fo=6, routed)           0.834     1.352    datapath/bram_counter/writeCntr[2]
    SLICE_X142Y124       LUT6 (Prop_lut6_I1_O)        0.124     1.476 f  datapath/bram_counter/led_OBUF[1]_inst_i_2/O
                         net (fo=7, routed)           1.066     2.542    datapath/bram_counter/led_OBUF[1]_inst_i_2_n_0
    SLICE_X138Y126       LUT5 (Prop_lut5_I3_O)        0.119     2.661 r  datapath/bram_counter/led_OBUF[1]_inst_i_1/O
                         net (fo=1, routed)           6.074     8.735    led_OBUF[1]
    T15                  OBUF (Prop_obuf_I_O)         3.157    11.892 r  led_OBUF[1]_inst/O
                         net (fo=0)                   0.000    11.892    led[1]
    T15                                                               r  led[1] (OUT)
  -------------------------------------------------------------------    -------------------

Slack:                    inf
  Source:                 btn[0]
                            (input port)
  Destination:            datapath/db_up/FSM_sequential_state_reg[1]/D
  Path Group:             (none)
  Path Type:              Max at Slow Process Corner
  Data Path Delay:        11.794ns  (logic 1.441ns (12.222%)  route 10.353ns (87.778%))
  Logic Levels:           4  (IBUF=1 LUT4=2 LUT6=1)

    Location             Delay type                Incr(ns)  Path(ns)    Netlist Resource(s)
  -------------------------------------------------------------------    -------------------
    F15                                               0.000     0.000 r  btn[0] (IN)
                         net (fo=0)                   0.000     0.000    btn[0]
    F15                  IBUF (Prop_ibuf_I_O)         1.069     1.069 r  btn_IBUF[0]_inst/O
                         net (fo=1, routed)           9.067    10.136    datapath/db_up/btn_IBUF[0]
    SLICE_X140Y141       LUT4 (Prop_lut4_I0_O)        0.124    10.260 r  datapath/db_up/FSM_sequential_state[2]_i_3__2/O
                         net (fo=1, routed)           0.798    11.059    datapath/db_up/delay_counter/FSM_sequential_state_reg[0]_0
    SLICE_X141Y140       LUT6 (Prop_lut6_I0_O)        0.124    11.183 r  datapath/db_up/delay_counter/FSM_sequential_state[2]_i_2__2/O
                         net (fo=3, routed)           0.487    11.670    datapath/db_up/delay_counter/FSM_sequential_state[2]_i_2__2_n_0
    SLICE_X141Y140       LUT4 (Prop_lut4_I2_O)        0.124    11.794 r  datapath/db_up/delay_counter/FSM_sequential_state[1]_i_1__1/O
                         net (fo=1, routed)           0.000    11.794    datapath/db_up/delay_counter_n_1
    SLICE_X141Y140       FDRE                                         r  datapath/db_up/FSM_sequential_state_reg[1]/D
  -------------------------------------------------------------------    -------------------

Slack:                    inf
  Source:                 btn[0]
                            (input port)
  Destination:            datapath/db_up/FSM_sequential_state_reg[0]/D
  Path Group:             (none)
  Path Type:              Max at Slow Process Corner
  Data Path Delay:        11.790ns  (logic 1.441ns (12.226%)  route 10.349ns (87.774%))
  Logic Levels:           4  (IBUF=1 LUT4=2 LUT6=1)

    Location             Delay type                Incr(ns)  Path(ns)    Netlist Resource(s)
  -------------------------------------------------------------------    -------------------
    F15                                               0.000     0.000 r  btn[0] (IN)
                         net (fo=0)                   0.000     0.000    btn[0]
    F15                  IBUF (Prop_ibuf_I_O)         1.069     1.069 r  btn_IBUF[0]_inst/O
                         net (fo=1, routed)           9.067    10.136    datapath/db_up/btn_IBUF[0]
    SLICE_X140Y141       LUT4 (Prop_lut4_I0_O)        0.124    10.260 r  datapath/db_up/FSM_sequential_state[2]_i_3__2/O
                         net (fo=1, routed)           0.798    11.059    datapath/db_up/delay_counter/FSM_sequential_state_reg[0]_0
    SLICE_X141Y140       LUT6 (Prop_lut6_I0_O)        0.124    11.183 r  datapath/db_up/delay_counter/FSM_sequential_state[2]_i_2__2/O
                         net (fo=3, routed)           0.483    11.666    datapath/db_up/delay_counter/FSM_sequential_state[2]_i_2__2_n_0
    SLICE_X141Y140       LUT4 (Prop_lut4_I2_O)        0.124    11.790 r  datapath/db_up/delay_counter/FSM_sequential_state[0]_i_1__1/O
                         net (fo=1, routed)           0.000    11.790    datapath/db_up/delay_counter_n_2
    SLICE_X141Y140       FDRE                                         r  datapath/db_up/FSM_sequential_state_reg[0]/D
  -------------------------------------------------------------------    -------------------

Slack:                    inf
  Source:                 btn[0]
                            (input port)
  Destination:            datapath/db_up/FSM_sequential_state_reg[2]/D
  Path Group:             (none)
  Path Type:              Max at Slow Process Corner
  Data Path Delay:        11.789ns  (logic 1.436ns (12.184%)  route 10.353ns (87.816%))
  Logic Levels:           4  (IBUF=1 LUT4=2 LUT6=1)

    Location             Delay type                Incr(ns)  Path(ns)    Netlist Resource(s)
  -------------------------------------------------------------------    -------------------
    F15                                               0.000     0.000 r  btn[0] (IN)
                         net (fo=0)                   0.000     0.000    btn[0]
    F15                  IBUF (Prop_ibuf_I_O)         1.069     1.069 r  btn_IBUF[0]_inst/O
                         net (fo=1, routed)           9.067    10.136    datapath/db_up/btn_IBUF[0]
    SLICE_X140Y141       LUT4 (Prop_lut4_I0_O)        0.124    10.260 r  datapath/db_up/FSM_sequential_state[2]_i_3__2/O
                         net (fo=1, routed)           0.798    11.059    datapath/db_up/delay_counter/FSM_sequential_state_reg[0]_0
    SLICE_X141Y140       LUT6 (Prop_lut6_I0_O)        0.124    11.183 r  datapath/db_up/delay_counter/FSM_sequential_state[2]_i_2__2/O
                         net (fo=3, routed)           0.487    11.670    datapath/db_up/delay_counter/FSM_sequential_state[2]_i_2__2_n_0
    SLICE_X141Y140       LUT4 (Prop_lut4_I2_O)        0.119    11.789 r  datapath/db_up/delay_counter/FSM_sequential_state[2]_i_1__0/O
                         net (fo=1, routed)           0.000    11.789    datapath/db_up/delay_counter_n_0
    SLICE_X141Y140       FDRE                                         r  datapath/db_up/FSM_sequential_state_reg[2]/D
  -------------------------------------------------------------------    -------------------

Slack:                    inf
  Source:                 btn[1]
                            (input port)
  Destination:            datapath/db_left/FSM_sequential_state_reg[2]/D
  Path Group:             (none)
  Path Type:              Max at Slow Process Corner
  Data Path Delay:        11.665ns  (logic 1.723ns (14.772%)  route 9.942ns (85.228%))
  Logic Levels:           4  (IBUF=1 LUT4=2 LUT6=1)

    Location             Delay type                Incr(ns)  Path(ns)    Netlist Resource(s)
  -------------------------------------------------------------------    -------------------
    C22                                               0.000     0.000 r  btn[1] (IN)
                         net (fo=0)                   0.000     0.000    btn[1]
    C22                  IBUF (Prop_ibuf_I_O)         1.090     1.090 r  btn_IBUF[1]_inst/O
                         net (fo=1, routed)           8.590     9.680    datapath/db_left/btn_IBUF[0]
    SLICE_X160Y128       LUT4 (Prop_lut4_I0_O)        0.154     9.834 r  datapath/db_left/FSM_sequential_state[2]_i_3/O
                         net (fo=1, routed)           0.674    10.508    datapath/db_left/delay_counter/FSM_sequential_state_reg[0]_1
    SLICE_X160Y128       LUT6 (Prop_lut6_I0_O)        0.327    10.835 r  datapath/db_left/delay_counter/FSM_sequential_state[2]_i_2__0/O
                         net (fo=3, routed)           0.678    11.513    datapath/db_left/delay_counter/FSM_sequential_state[2]_i_2__0_n_0
    SLICE_X160Y128       LUT4 (Prop_lut4_I2_O)        0.152    11.665 r  datapath/db_left/delay_counter/FSM_sequential_state[2]_i_1/O
                         net (fo=1, routed)           0.000    11.665    datapath/db_left/delay_counter_n_0
    SLICE_X160Y128       FDRE                                         r  datapath/db_left/FSM_sequential_state_reg[2]/D
  -------------------------------------------------------------------    -------------------

Slack:                    inf
  Source:                 btn[1]
                            (input port)
  Destination:            datapath/db_left/FSM_sequential_state_reg[0]/D
  Path Group:             (none)
  Path Type:              Max at Slow Process Corner
  Data Path Delay:        11.644ns  (logic 1.695ns (14.558%)  route 9.949ns (85.442%))
  Logic Levels:           4  (IBUF=1 LUT4=2 LUT6=1)

    Location             Delay type                Incr(ns)  Path(ns)    Netlist Resource(s)
  -------------------------------------------------------------------    -------------------
    C22                                               0.000     0.000 r  btn[1] (IN)
                         net (fo=0)                   0.000     0.000    btn[1]
    C22                  IBUF (Prop_ibuf_I_O)         1.090     1.090 r  btn_IBUF[1]_inst/O
                         net (fo=1, routed)           8.590     9.680    datapath/db_left/btn_IBUF[0]
    SLICE_X160Y128       LUT4 (Prop_lut4_I0_O)        0.154     9.834 r  datapath/db_left/FSM_sequential_state[2]_i_3/O
                         net (fo=1, routed)           0.674    10.508    datapath/db_left/delay_counter/FSM_sequential_state_reg[0]_1
    SLICE_X160Y128       LUT6 (Prop_lut6_I0_O)        0.327    10.835 r  datapath/db_left/delay_counter/FSM_sequential_state[2]_i_2__0/O
                         net (fo=3, routed)           0.685    11.520    datapath/db_left/delay_counter/FSM_sequential_state[2]_i_2__0_n_0
    SLICE_X160Y128       LUT4 (Prop_lut4_I2_O)        0.124    11.644 r  datapath/db_left/delay_counter/FSM_sequential_state[0]_i_1__0/O
                         net (fo=1, routed)           0.000    11.644    datapath/db_left/delay_counter_n_2
    SLICE_X160Y128       FDRE                                         r  datapath/db_left/FSM_sequential_state_reg[0]/D
  -------------------------------------------------------------------    -------------------

Slack:                    inf
  Source:                 btn[1]
                            (input port)
  Destination:            datapath/db_left/FSM_sequential_state_reg[1]/D
  Path Group:             (none)
  Path Type:              Max at Slow Process Corner
  Data Path Delay:        11.637ns  (logic 1.695ns (14.567%)  route 9.942ns (85.433%))
  Logic Levels:           4  (IBUF=1 LUT4=2 LUT6=1)

    Location             Delay type                Incr(ns)  Path(ns)    Netlist Resource(s)
  -------------------------------------------------------------------    -------------------
    C22                                               0.000     0.000 r  btn[1] (IN)
                         net (fo=0)                   0.000     0.000    btn[1]
    C22                  IBUF (Prop_ibuf_I_O)         1.090     1.090 r  btn_IBUF[1]_inst/O
                         net (fo=1, routed)           8.590     9.680    datapath/db_left/btn_IBUF[0]
    SLICE_X160Y128       LUT4 (Prop_lut4_I0_O)        0.154     9.834 r  datapath/db_left/FSM_sequential_state[2]_i_3/O
                         net (fo=1, routed)           0.674    10.508    datapath/db_left/delay_counter/FSM_sequential_state_reg[0]_1
    SLICE_X160Y128       LUT6 (Prop_lut6_I0_O)        0.327    10.835 r  datapath/db_left/delay_counter/FSM_sequential_state[2]_i_2__0/O
                         net (fo=3, routed)           0.678    11.513    datapath/db_left/delay_counter/FSM_sequential_state[2]_i_2__0_n_0
    SLICE_X160Y128       LUT4 (Prop_lut4_I2_O)        0.124    11.637 r  datapath/db_left/delay_counter/FSM_sequential_state[1]_i_1__0/O
                         net (fo=1, routed)           0.000    11.637    datapath/db_left/delay_counter_n_1
    SLICE_X160Y128       FDRE                                         r  datapath/db_left/FSM_sequential_state_reg[1]/D
  -------------------------------------------------------------------    -------------------

Slack:                    inf
  Source:                 datapath/trig_latched_reg/C
                            (rising edge-triggered cell FDRE)
  Destination:            led[2]
                            (output port)
  Path Group:             (none)
  Path Type:              Max at Slow Process Corner
  Data Path Delay:        11.171ns  (logic 3.433ns (30.733%)  route 7.738ns (69.267%))
  Logic Levels:           2  (FDRE=1 OBUF=1)

    Location             Delay type                Incr(ns)  Path(ns)    Netlist Resource(s)
  -------------------------------------------------------------------    -------------------
    SLICE_X136Y126       FDRE                         0.000     0.000 r  datapath/trig_latched_reg/C
    SLICE_X136Y126       FDRE (Prop_fdre_C_Q)         0.518     0.518 r  datapath/trig_latched_reg/Q
                         net (fo=4, routed)           7.738     8.256    led_OBUF[2]
    T16                  OBUF (Prop_obuf_I_O)         2.915    11.171 r  led_OBUF[2]_inst/O
                         net (fo=0)                   0.000    11.171    led[2]
    T16                                                               r  led[2] (OUT)
  -------------------------------------------------------------------    -------------------





Min Delay Paths
--------------------------------------------------------------------------------------
Slack:                    inf
  Source:                 datapath/Audio_Codec/audio_inout/Data_In_int_reg[28]/C
                            (rising edge-triggered cell FDRE)
  Destination:            datapath/Audio_Codec/audio_inout/D_L_O_int_reg[20]/D
  Path Group:             (none)
  Path Type:              Min at Fast Process Corner
  Data Path Delay:        0.208ns  (logic 0.128ns (61.625%)  route 0.080ns (38.375%))
  Logic Levels:           1  (FDRE=1)

    Location             Delay type                Incr(ns)  Path(ns)    Netlist Resource(s)
  -------------------------------------------------------------------    -------------------
    SLICE_X138Y122       FDRE                         0.000     0.000 r  datapath/Audio_Codec/audio_inout/Data_In_int_reg[28]/C
    SLICE_X138Y122       FDRE (Prop_fdre_C_Q)         0.128     0.128 r  datapath/Audio_Codec/audio_inout/Data_In_int_reg[28]/Q
                         net (fo=3, routed)           0.080     0.208    datapath/Audio_Codec/audio_inout/Data_In_int[28]
    SLICE_X139Y122       FDRE                                         r  datapath/Audio_Codec/audio_inout/D_L_O_int_reg[20]/D
  -------------------------------------------------------------------    -------------------

Slack:                    inf
  Source:                 control/FSM_onehot_state_reg[3]/C
                            (rising edge-triggered cell FDRE)
  Destination:            control/FSM_onehot_state_reg[4]/D
  Path Group:             (none)
  Path Type:              Min at Fast Process Corner
  Data Path Delay:        0.225ns  (logic 0.141ns (62.587%)  route 0.084ns (37.413%))
  Logic Levels:           1  (FDRE=1)

    Location             Delay type                Incr(ns)  Path(ns)    Netlist Resource(s)
  -------------------------------------------------------------------    -------------------
    SLICE_X138Y119       FDRE                         0.000     0.000 r  control/FSM_onehot_state_reg[3]/C
    SLICE_X138Y119       FDRE (Prop_fdre_C_Q)         0.141     0.141 r  control/FSM_onehot_state_reg[3]/Q
                         net (fo=3, routed)           0.084     0.225    control/Q[3]
    SLICE_X138Y119       FDRE                                         r  control/FSM_onehot_state_reg[4]/D
  -------------------------------------------------------------------    -------------------

Slack:                    inf
  Source:                 datapath/ch2_reg[to_ac][0]/C
                            (rising edge-triggered cell FDRE)
  Destination:            datapath/Audio_Codec/audio_inout/Data_Out_int_reg[13]/D
  Path Group:             (none)
  Path Type:              Min at Fast Process Corner
  Data Path Delay:        0.240ns  (logic 0.186ns (77.466%)  route 0.054ns (22.534%))
  Logic Levels:           2  (FDRE=1 LUT4=1)

    Location             Delay type                Incr(ns)  Path(ns)    Netlist Resource(s)
  -------------------------------------------------------------------    -------------------
    SLICE_X143Y122       FDRE                         0.000     0.000 r  datapath/ch2_reg[to_ac][0]/C
    SLICE_X143Y122       FDRE (Prop_fdre_C_Q)         0.141     0.141 r  datapath/ch2_reg[to_ac][0]/Q
                         net (fo=1, routed)           0.054     0.195    datapath/Audio_Codec/audio_inout/Q[0]
    SLICE_X142Y122       LUT4 (Prop_lut4_I0_O)        0.045     0.240 r  datapath/Audio_Codec/audio_inout/Data_Out_int[13]_i_1/O
                         net (fo=1, routed)           0.000     0.240    datapath/Audio_Codec/audio_inout/Data_Out_int[13]_i_1_n_0
    SLICE_X142Y122       FDRE                                         r  datapath/Audio_Codec/audio_inout/Data_Out_int_reg[13]/D
  -------------------------------------------------------------------    -------------------

Slack:                    inf
  Source:                 datapath/ch1_reg[to_ac][3]/C
                            (rising edge-triggered cell FDRE)
  Destination:            datapath/Audio_Codec/audio_inout/Data_Out_int_reg[16]/D
  Path Group:             (none)
  Path Type:              Min at Fast Process Corner
  Data Path Delay:        0.240ns  (logic 0.186ns (77.466%)  route 0.054ns (22.534%))
  Logic Levels:           2  (FDRE=1 LUT6=1)

    Location             Delay type                Incr(ns)  Path(ns)    Netlist Resource(s)
  -------------------------------------------------------------------    -------------------
    SLICE_X143Y122       FDRE                         0.000     0.000 r  datapath/ch1_reg[to_ac][3]/C
    SLICE_X143Y122       FDRE (Prop_fdre_C_Q)         0.141     0.141 r  datapath/ch1_reg[to_ac][3]/Q
                         net (fo=1, routed)           0.054     0.195    datapath/Audio_Codec/audio_inout/Data_Out_int_reg[30]_0[3]
    SLICE_X142Y122       LUT6 (Prop_lut6_I1_O)        0.045     0.240 r  datapath/Audio_Codec/audio_inout/Data_Out_int[16]_i_1/O
                         net (fo=1, routed)           0.000     0.240    datapath/Audio_Codec/audio_inout/Data_Out_int[16]_i_1_n_0
    SLICE_X142Y122       FDRE                                         r  datapath/Audio_Codec/audio_inout/Data_Out_int_reg[16]/D
  -------------------------------------------------------------------    -------------------

Slack:                    inf
  Source:                 datapath/ch1_reg[to_ac][17]/C
                            (rising edge-triggered cell FDRE)
  Destination:            datapath/Audio_Codec/audio_inout/Data_Out_int_reg[30]/D
  Path Group:             (none)
  Path Type:              Min at Fast Process Corner
  Data Path Delay:        0.240ns  (logic 0.186ns (77.466%)  route 0.054ns (22.534%))
  Logic Levels:           2  (FDRE=1 LUT6=1)

    Location             Delay type                Incr(ns)  Path(ns)    Netlist Resource(s)
  -------------------------------------------------------------------    -------------------
    SLICE_X141Y123       FDRE                         0.000     0.000 r  datapath/ch1_reg[to_ac][17]/C
    SLICE_X141Y123       FDRE (Prop_fdre_C_Q)         0.141     0.141 r  datapath/ch1_reg[to_ac][17]/Q
                         net (fo=1, routed)           0.054     0.195    datapath/Audio_Codec/audio_inout/Data_Out_int_reg[30]_0[17]
    SLICE_X140Y123       LUT6 (Prop_lut6_I1_O)        0.045     0.240 r  datapath/Audio_Codec/audio_inout/Data_Out_int[30]_i_1/O
                         net (fo=1, routed)           0.000     0.240    datapath/Audio_Codec/audio_inout/Data_Out_int[30]_i_1_n_0
    SLICE_X140Y123       FDRE                                         r  datapath/Audio_Codec/audio_inout/Data_Out_int_reg[30]/D
  -------------------------------------------------------------------    -------------------

Slack:                    inf
  Source:                 datapath/ch1_reg[to_ac][4]/C
                            (rising edge-triggered cell FDRE)
  Destination:            datapath/Audio_Codec/audio_inout/Data_Out_int_reg[17]/D
  Path Group:             (none)
  Path Type:              Min at Fast Process Corner
  Data Path Delay:        0.242ns  (logic 0.186ns (76.827%)  route 0.056ns (23.173%))
  Logic Levels:           2  (FDRE=1 LUT6=1)

    Location             Delay type                Incr(ns)  Path(ns)    Netlist Resource(s)
  -------------------------------------------------------------------    -------------------
    SLICE_X141Y123       FDRE                         0.000     0.000 r  datapath/ch1_reg[to_ac][4]/C
    SLICE_X141Y123       FDRE (Prop_fdre_C_Q)         0.141     0.141 r  datapath/ch1_reg[to_ac][4]/Q
                         net (fo=1, routed)           0.056     0.197    datapath/Audio_Codec/audio_inout/Data_Out_int_reg[30]_0[4]
    SLICE_X140Y123       LUT6 (Prop_lut6_I1_O)        0.045     0.242 r  datapath/Audio_Codec/audio_inout/Data_Out_int[17]_i_1/O
                         net (fo=1, routed)           0.000     0.242    datapath/Audio_Codec/audio_inout/Data_Out_int[17]_i_1_n_0
    SLICE_X140Y123       FDRE                                         r  datapath/Audio_Codec/audio_inout/Data_Out_int_reg[17]/D
  -------------------------------------------------------------------    -------------------

Slack:                    inf
  Source:                 datapath/ch2_reg[to_ac][8]/C
                            (rising edge-triggered cell FDRE)
  Destination:            datapath/Audio_Codec/audio_inout/Data_Out_int_reg[21]/D
  Path Group:             (none)
  Path Type:              Min at Fast Process Corner
  Data Path Delay:        0.243ns  (logic 0.186ns (76.391%)  route 0.057ns (23.609%))
  Logic Levels:           2  (FDRE=1 LUT6=1)

    Location             Delay type                Incr(ns)  Path(ns)    Netlist Resource(s)
  -------------------------------------------------------------------    -------------------
    SLICE_X139Y125       FDRE                         0.000     0.000 r  datapath/ch2_reg[to_ac][8]/C
    SLICE_X139Y125       FDRE (Prop_fdre_C_Q)         0.141     0.141 r  datapath/ch2_reg[to_ac][8]/Q
                         net (fo=1, routed)           0.057     0.198    datapath/Audio_Codec/audio_inout/Q[8]
    SLICE_X138Y125       LUT6 (Prop_lut6_I3_O)        0.045     0.243 r  datapath/Audio_Codec/audio_inout/Data_Out_int[21]_i_1/O
                         net (fo=1, routed)           0.000     0.243    datapath/Audio_Codec/audio_inout/Data_Out_int[21]_i_1_n_0
    SLICE_X138Y125       FDRE                                         r  datapath/Audio_Codec/audio_inout/Data_Out_int_reg[21]/D
  -------------------------------------------------------------------    -------------------

Slack:                    inf
  Source:                 datapath/Audio_Codec/audio_inout/Data_In_int_reg[1]/C
                            (rising edge-triggered cell FDRE)
  Destination:            datapath/Audio_Codec/audio_inout/Data_In_int_reg[2]/D
  Path Group:             (none)
  Path Type:              Min at Fast Process Corner
  Data Path Delay:        0.247ns  (logic 0.164ns (66.369%)  route 0.083ns (33.631%))
  Logic Levels:           1  (FDRE=1)

    Location             Delay type                Incr(ns)  Path(ns)    Netlist Resource(s)
  -------------------------------------------------------------------    -------------------
    SLICE_X148Y123       FDRE                         0.000     0.000 r  datapath/Audio_Codec/audio_inout/Data_In_int_reg[1]/C
    SLICE_X148Y123       FDRE (Prop_fdre_C_Q)         0.164     0.164 r  datapath/Audio_Codec/audio_inout/Data_In_int_reg[1]/Q
                         net (fo=1, routed)           0.083     0.247    datapath/Audio_Codec/audio_inout/Data_In_int[1]
    SLICE_X149Y123       FDRE                                         r  datapath/Audio_Codec/audio_inout/Data_In_int_reg[2]/D
  -------------------------------------------------------------------    -------------------

Slack:                    inf
  Source:                 datapath/Audio_Codec/audio_inout/Data_In_int_reg[13]/C
                            (rising edge-triggered cell FDRE)
  Destination:            datapath/Audio_Codec/audio_inout/Data_In_int_reg[14]/D
  Path Group:             (none)
  Path Type:              Min at Fast Process Corner
  Data Path Delay:        0.253ns  (logic 0.141ns (55.730%)  route 0.112ns (44.270%))
  Logic Levels:           1  (FDRE=1)

    Location             Delay type                Incr(ns)  Path(ns)    Netlist Resource(s)
  -------------------------------------------------------------------    -------------------
    SLICE_X145Y121       FDRE                         0.000     0.000 r  datapath/Audio_Codec/audio_inout/Data_In_int_reg[13]/C
    SLICE_X145Y121       FDRE (Prop_fdre_C_Q)         0.141     0.141 r  datapath/Audio_Codec/audio_inout/Data_In_int_reg[13]/Q
                         net (fo=1, routed)           0.112     0.253    datapath/Audio_Codec/audio_inout/Data_In_int[13]
    SLICE_X144Y121       FDRE                                         r  datapath/Audio_Codec/audio_inout/Data_In_int_reg[14]/D
  -------------------------------------------------------------------    -------------------

Slack:                    inf
  Source:                 datapath/db_up/delay_counter/processQ_reg[4]/C
                            (rising edge-triggered cell FDRE)
  Destination:            datapath/db_up/delay_counter/processQ_reg[7]/D
  Path Group:             (none)
  Path Type:              Min at Fast Process Corner
  Data Path Delay:        0.263ns  (logic 0.186ns (70.669%)  route 0.077ns (29.331%))
  Logic Levels:           2  (FDRE=1 LUT6=1)

    Location             Delay type                Incr(ns)  Path(ns)    Netlist Resource(s)
  -------------------------------------------------------------------    -------------------
    SLICE_X143Y140       FDRE                         0.000     0.000 r  datapath/db_up/delay_counter/processQ_reg[4]/C
    SLICE_X143Y140       FDRE (Prop_fdre_C_Q)         0.141     0.141 r  datapath/db_up/delay_counter/processQ_reg[4]/Q
                         net (fo=7, routed)           0.077     0.218    datapath/db_up/delay_counter/Q[4]
    SLICE_X142Y140       LUT6 (Prop_lut6_I2_O)        0.045     0.263 r  datapath/db_up/delay_counter/processQ[7]_i_1__1/O
                         net (fo=1, routed)           0.000     0.263    datapath/db_up/delay_counter/processQ[7]
    SLICE_X142Y140       FDRE                                         r  datapath/db_up/delay_counter/processQ_reg[7]/D
  -------------------------------------------------------------------    -------------------





--------------------------------------------------------------------------------------
Path Group:  (none)
From Clock:  clk_out1_clk_wiz_1
  To Clock:  

Max Delay             1 Endpoint
Min Delay             1 Endpoint
--------------------------------------------------------------------------------------


Max Delay Paths
--------------------------------------------------------------------------------------
Slack:                    inf
  Source:                 datapath/Audio_Codec/audiocodec_master_clock/inst/mmcm_adv_inst/CLKOUT0
                            (clock source 'clk_out1_clk_wiz_1'  {rise@0.000ns fall@40.688ns period=81.375ns})
  Destination:            ac_mclk
                            (output port)
  Path Group:             (none)
  Path Type:              Max at Slow Process Corner
  Data Path Delay:        8.601ns  (logic 3.632ns (42.233%)  route 4.969ns (57.767%))
  Logic Levels:           2  (BUFG=1 OBUF=1)
  Clock Uncertainty:      0.202ns  ((TSJ^2 + DJ^2)^1/2) / 2 + PE
    Total System Jitter     (TSJ):    0.050ns
    Discrete Jitter          (DJ):    0.201ns
    Phase Error              (PE):    0.099ns

    Location             Delay type                Incr(ns)  Path(ns)    Netlist Resource(s)
  -------------------------------------------------------------------    -------------------
                         (clock clk_out1_clk_wiz_1 fall edge)
                                                     40.688    40.688 f  
    BUFGCTRL_X0Y2        BUFG                         0.000    40.688 f  clk_IBUF_BUFG_inst/O
                         net (fo=303, routed)         1.761    42.449    datapath/Audio_Codec/audiocodec_master_clock/inst/clk_in1
  -------------------------------------------------------------------    -------------------
    MMCME2_ADV_X0Y2      MMCME2_ADV (Prop_mmcme2_adv_CLKIN1_CLKOUT0)
                                                     -3.701    38.748 f  datapath/Audio_Codec/audiocodec_master_clock/inst/mmcm_adv_inst/CLKOUT0
                         net (fo=1, routed)           1.843    40.591    datapath/Audio_Codec/audiocodec_master_clock/inst/clk_out1_clk_wiz_1
    BUFGCTRL_X0Y1        BUFG (Prop_bufg_I_O)         0.096    40.687 f  datapath/Audio_Codec/audiocodec_master_clock/inst/clkout1_buf/O
                         net (fo=1, routed)           3.125    43.813    ac_mclk_OBUF
    U6                   OBUF (Prop_obuf_I_O)         3.536    47.349 f  ac_mclk_OBUF_inst/O
                         net (fo=0)                   0.000    47.349    ac_mclk
    U6                                                                f  ac_mclk (OUT)
  -------------------------------------------------------------------    -------------------





Min Delay Paths
--------------------------------------------------------------------------------------
Slack:                    inf
  Source:                 datapath/Audio_Codec/audiocodec_master_clock/inst/mmcm_adv_inst/CLKOUT0
                            (clock source 'clk_out1_clk_wiz_1'  {rise@0.000ns fall@40.688ns period=81.375ns})
  Destination:            ac_mclk
                            (output port)
  Path Group:             (none)
  Path Type:              Min at Fast Process Corner
  Data Path Delay:        2.605ns  (logic 1.263ns (48.503%)  route 1.341ns (51.497%))
  Logic Levels:           2  (BUFG=1 OBUF=1)
  Clock Uncertainty:      0.202ns  ((TSJ^2 + DJ^2)^1/2) / 2 + PE
    Total System Jitter     (TSJ):    0.050ns
    Discrete Jitter          (DJ):    0.201ns
    Phase Error              (PE):    0.099ns

    Location             Delay type                Incr(ns)  Path(ns)    Netlist Resource(s)
  -------------------------------------------------------------------    -------------------
                         (clock clk_out1_clk_wiz_1 rise edge)
                                                      0.000     0.000 r  
    BUFGCTRL_X0Y2        BUFG                         0.000     0.000 r  clk_IBUF_BUFG_inst/O
                         net (fo=303, routed)         0.610     0.610    datapath/Audio_Codec/audiocodec_master_clock/inst/clk_in1
  -------------------------------------------------------------------    -------------------
    MMCME2_ADV_X0Y2      MMCME2_ADV (Prop_mmcme2_adv_CLKIN1_CLKOUT0)
                                                     -1.180    -0.571 r  datapath/Audio_Codec/audiocodec_master_clock/inst/mmcm_adv_inst/CLKOUT0
                         net (fo=1, routed)           0.545    -0.026    datapath/Audio_Codec/audiocodec_master_clock/inst/clk_out1_clk_wiz_1
    BUFGCTRL_X0Y1        BUFG (Prop_bufg_I_O)         0.026     0.000 r  datapath/Audio_Codec/audiocodec_master_clock/inst/clkout1_buf/O
                         net (fo=1, routed)           0.796     0.796    ac_mclk_OBUF
    U6                   OBUF (Prop_obuf_I_O)         1.237     2.034 r  ac_mclk_OBUF_inst/O
                         net (fo=0)                   0.000     2.034    ac_mclk
    U6                                                                r  ac_mclk (OUT)
  -------------------------------------------------------------------    -------------------





--------------------------------------------------------------------------------------
Path Group:  (none)
From Clock:  clk_out1_clk_wiz_2
  To Clock:  

Max Delay            20 Endpoints
Min Delay            20 Endpoints
--------------------------------------------------------------------------------------


Max Delay Paths
--------------------------------------------------------------------------------------
Slack:                    inf
  Source:                 datapath/video_inst/Inst_vga/u_vga_sig/current_pos_reg[col][1]/C
                            (rising edge-triggered cell FDRE clocked by clk_out1_clk_wiz_2  {rise@0.000ns fall@20.000ns period=40.000ns})
  Destination:            datapath/leftChannelMemory/sdp_bl.ramb18_dp_bl.ram18_bl/ADDRARDADDR[5]
  Path Group:             (none)
  Path Type:              Max at Slow Process Corner
  Data Path Delay:        2.576ns  (logic 0.518ns (20.109%)  route 2.058ns (79.891%))
  Logic Levels:           0  
  Clock Uncertainty:      0.190ns  ((TSJ^2 + DJ^2)^1/2) / 2 + PE
    Total System Jitter     (TSJ):    0.050ns
    Discrete Jitter          (DJ):    0.175ns
    Phase Error              (PE):    0.099ns

    Location             Delay type                Incr(ns)  Path(ns)    Netlist Resource(s)
  -------------------------------------------------------------------    -------------------
                         (clock clk_out1_clk_wiz_2 rise edge)
                                                      0.000     0.000 r  
    BUFGCTRL_X0Y2        BUFG                         0.000     0.000 r  clk_IBUF_BUFG_inst/O
                         net (fo=303, routed)         2.106     2.106    datapath/video_inst/mmcm_adv_inst_display_clocks/inst/clk_in1
    MMCME2_ADV_X1Y0      MMCME2_ADV (Prop_mmcme2_adv_CLKIN1_CLKOUT0)
                                                     -4.900    -2.793 r  datapath/video_inst/mmcm_adv_inst_display_clocks/inst/mmcm_adv_inst/CLKOUT0
                         net (fo=1, routed)           2.697    -0.096    datapath/video_inst/mmcm_adv_inst_display_clocks/inst/clk_out1_clk_wiz_2
    BUFGCTRL_X0Y4        BUFG (Prop_bufg_I_O)         0.096    -0.000 r  datapath/video_inst/mmcm_adv_inst_display_clocks/inst/clkout1_buf/O
                         net (fo=83, routed)          1.750     1.750    datapath/video_inst/Inst_vga/u_vga_sig/clk_out1
    SLICE_X146Y135       FDRE                                         r  datapath/video_inst/Inst_vga/u_vga_sig/current_pos_reg[col][1]/C
  -------------------------------------------------------------------    -------------------
    SLICE_X146Y135       FDRE (Prop_fdre_C_Q)         0.518     2.268 r  datapath/video_inst/Inst_vga/u_vga_sig/current_pos_reg[col][1]/Q
                         net (fo=75, routed)          2.058     4.326    datapath/leftChannelMemory/Q[1]
    RAMB18_X7Y50         RAMB18E1                                     r  datapath/leftChannelMemory/sdp_bl.ramb18_dp_bl.ram18_bl/ADDRARDADDR[5]
  -------------------------------------------------------------------    -------------------

Slack:                    inf
  Source:                 datapath/video_inst/Inst_vga/u_vga_sig/current_pos_reg[col][1]/C
                            (rising edge-triggered cell FDRE clocked by clk_out1_clk_wiz_2  {rise@0.000ns fall@20.000ns period=40.000ns})
  Destination:            datapath/rightChannelMemory/sdp_bl.ramb18_dp_bl.ram18_bl/ADDRARDADDR[5]
  Path Group:             (none)
  Path Type:              Max at Slow Process Corner
  Data Path Delay:        2.576ns  (logic 0.518ns (20.109%)  route 2.058ns (79.891%))
  Logic Levels:           0  
  Clock Uncertainty:      0.190ns  ((TSJ^2 + DJ^2)^1/2) / 2 + PE
    Total System Jitter     (TSJ):    0.050ns
    Discrete Jitter          (DJ):    0.175ns
    Phase Error              (PE):    0.099ns

    Location             Delay type                Incr(ns)  Path(ns)    Netlist Resource(s)
  -------------------------------------------------------------------    -------------------
                         (clock clk_out1_clk_wiz_2 rise edge)
                                                      0.000     0.000 r  
    BUFGCTRL_X0Y2        BUFG                         0.000     0.000 r  clk_IBUF_BUFG_inst/O
                         net (fo=303, routed)         2.106     2.106    datapath/video_inst/mmcm_adv_inst_display_clocks/inst/clk_in1
    MMCME2_ADV_X1Y0      MMCME2_ADV (Prop_mmcme2_adv_CLKIN1_CLKOUT0)
                                                     -4.900    -2.793 r  datapath/video_inst/mmcm_adv_inst_display_clocks/inst/mmcm_adv_inst/CLKOUT0
                         net (fo=1, routed)           2.697    -0.096    datapath/video_inst/mmcm_adv_inst_display_clocks/inst/clk_out1_clk_wiz_2
    BUFGCTRL_X0Y4        BUFG (Prop_bufg_I_O)         0.096    -0.000 r  datapath/video_inst/mmcm_adv_inst_display_clocks/inst/clkout1_buf/O
                         net (fo=83, routed)          1.750     1.750    datapath/video_inst/Inst_vga/u_vga_sig/clk_out1
    SLICE_X146Y135       FDRE                                         r  datapath/video_inst/Inst_vga/u_vga_sig/current_pos_reg[col][1]/C
  -------------------------------------------------------------------    -------------------
    SLICE_X146Y135       FDRE (Prop_fdre_C_Q)         0.518     2.268 r  datapath/video_inst/Inst_vga/u_vga_sig/current_pos_reg[col][1]/Q
                         net (fo=75, routed)          2.058     4.326    datapath/rightChannelMemory/Q[1]
    RAMB18_X7Y51         RAMB18E1                                     r  datapath/rightChannelMemory/sdp_bl.ramb18_dp_bl.ram18_bl/ADDRARDADDR[5]
  -------------------------------------------------------------------    -------------------

Slack:                    inf
  Source:                 datapath/video_inst/Inst_vga/u_vga_sig/current_pos_reg[col][6]/C
                            (rising edge-triggered cell FDRE clocked by clk_out1_clk_wiz_2  {rise@0.000ns fall@20.000ns period=40.000ns})
  Destination:            datapath/leftChannelMemory/sdp_bl.ramb18_dp_bl.ram18_bl/ADDRARDADDR[10]
  Path Group:             (none)
  Path Type:              Max at Slow Process Corner
  Data Path Delay:        2.527ns  (logic 0.518ns (20.497%)  route 2.009ns (79.503%))
  Logic Levels:           0  
  Clock Uncertainty:      0.190ns  ((TSJ^2 + DJ^2)^1/2) / 2 + PE
    Total System Jitter     (TSJ):    0.050ns
    Discrete Jitter          (DJ):    0.175ns
    Phase Error              (PE):    0.099ns

    Location             Delay type                Incr(ns)  Path(ns)    Netlist Resource(s)
  -------------------------------------------------------------------    -------------------
                         (clock clk_out1_clk_wiz_2 rise edge)
                                                      0.000     0.000 r  
    BUFGCTRL_X0Y2        BUFG                         0.000     0.000 r  clk_IBUF_BUFG_inst/O
                         net (fo=303, routed)         2.106     2.106    datapath/video_inst/mmcm_adv_inst_display_clocks/inst/clk_in1
    MMCME2_ADV_X1Y0      MMCME2_ADV (Prop_mmcme2_adv_CLKIN1_CLKOUT0)
                                                     -4.900    -2.793 r  datapath/video_inst/mmcm_adv_inst_display_clocks/inst/mmcm_adv_inst/CLKOUT0
                         net (fo=1, routed)           2.697    -0.096    datapath/video_inst/mmcm_adv_inst_display_clocks/inst/clk_out1_clk_wiz_2
    BUFGCTRL_X0Y4        BUFG (Prop_bufg_I_O)         0.096    -0.000 r  datapath/video_inst/mmcm_adv_inst_display_clocks/inst/clkout1_buf/O
                         net (fo=83, routed)          1.751     1.751    datapath/video_inst/Inst_vga/u_vga_sig/clk_out1
    SLICE_X148Y135       FDRE                                         r  datapath/video_inst/Inst_vga/u_vga_sig/current_pos_reg[col][6]/C
  -------------------------------------------------------------------    -------------------
    SLICE_X148Y135       FDRE (Prop_fdre_C_Q)         0.518     2.269 r  datapath/video_inst/Inst_vga/u_vga_sig/current_pos_reg[col][6]/Q
                         net (fo=15, routed)          2.009     4.279    datapath/leftChannelMemory/Q[6]
    RAMB18_X7Y50         RAMB18E1                                     r  datapath/leftChannelMemory/sdp_bl.ramb18_dp_bl.ram18_bl/ADDRARDADDR[10]
  -------------------------------------------------------------------    -------------------

Slack:                    inf
  Source:                 datapath/video_inst/Inst_vga/u_vga_sig/current_pos_reg[col][6]/C
                            (rising edge-triggered cell FDRE clocked by clk_out1_clk_wiz_2  {rise@0.000ns fall@20.000ns period=40.000ns})
  Destination:            datapath/rightChannelMemory/sdp_bl.ramb18_dp_bl.ram18_bl/ADDRARDADDR[10]
  Path Group:             (none)
  Path Type:              Max at Slow Process Corner
  Data Path Delay:        2.527ns  (logic 0.518ns (20.497%)  route 2.009ns (79.503%))
  Logic Levels:           0  
  Clock Uncertainty:      0.190ns  ((TSJ^2 + DJ^2)^1/2) / 2 + PE
    Total System Jitter     (TSJ):    0.050ns
    Discrete Jitter          (DJ):    0.175ns
    Phase Error              (PE):    0.099ns

    Location             Delay type                Incr(ns)  Path(ns)    Netlist Resource(s)
  -------------------------------------------------------------------    -------------------
                         (clock clk_out1_clk_wiz_2 rise edge)
                                                      0.000     0.000 r  
    BUFGCTRL_X0Y2        BUFG                         0.000     0.000 r  clk_IBUF_BUFG_inst/O
                         net (fo=303, routed)         2.106     2.106    datapath/video_inst/mmcm_adv_inst_display_clocks/inst/clk_in1
    MMCME2_ADV_X1Y0      MMCME2_ADV (Prop_mmcme2_adv_CLKIN1_CLKOUT0)
                                                     -4.900    -2.793 r  datapath/video_inst/mmcm_adv_inst_display_clocks/inst/mmcm_adv_inst/CLKOUT0
                         net (fo=1, routed)           2.697    -0.096    datapath/video_inst/mmcm_adv_inst_display_clocks/inst/clk_out1_clk_wiz_2
    BUFGCTRL_X0Y4        BUFG (Prop_bufg_I_O)         0.096    -0.000 r  datapath/video_inst/mmcm_adv_inst_display_clocks/inst/clkout1_buf/O
                         net (fo=83, routed)          1.751     1.751    datapath/video_inst/Inst_vga/u_vga_sig/clk_out1
    SLICE_X148Y135       FDRE                                         r  datapath/video_inst/Inst_vga/u_vga_sig/current_pos_reg[col][6]/C
  -------------------------------------------------------------------    -------------------
    SLICE_X148Y135       FDRE (Prop_fdre_C_Q)         0.518     2.269 r  datapath/video_inst/Inst_vga/u_vga_sig/current_pos_reg[col][6]/Q
                         net (fo=15, routed)          2.009     4.279    datapath/rightChannelMemory/Q[6]
    RAMB18_X7Y51         RAMB18E1                                     r  datapath/rightChannelMemory/sdp_bl.ramb18_dp_bl.ram18_bl/ADDRARDADDR[10]
  -------------------------------------------------------------------    -------------------

Slack:                    inf
  Source:                 datapath/video_inst/Inst_vga/u_vga_sig/current_pos_reg[col][0]/C
                            (rising edge-triggered cell FDRE clocked by clk_out1_clk_wiz_2  {rise@0.000ns fall@20.000ns period=40.000ns})
  Destination:            datapath/leftChannelMemory/sdp_bl.ramb18_dp_bl.ram18_bl/ADDRARDADDR[4]
  Path Group:             (none)
  Path Type:              Max at Slow Process Corner
  Data Path Delay:        2.521ns  (logic 0.518ns (20.551%)  route 2.003ns (79.449%))
  Logic Levels:           0  
  Clock Uncertainty:      0.190ns  ((TSJ^2 + DJ^2)^1/2) / 2 + PE
    Total System Jitter     (TSJ):    0.050ns
    Discrete Jitter          (DJ):    0.175ns
    Phase Error              (PE):    0.099ns

    Location             Delay type                Incr(ns)  Path(ns)    Netlist Resource(s)
  -------------------------------------------------------------------    -------------------
                         (clock clk_out1_clk_wiz_2 rise edge)
                                                      0.000     0.000 r  
    BUFGCTRL_X0Y2        BUFG                         0.000     0.000 r  clk_IBUF_BUFG_inst/O
                         net (fo=303, routed)         2.106     2.106    datapath/video_inst/mmcm_adv_inst_display_clocks/inst/clk_in1
    MMCME2_ADV_X1Y0      MMCME2_ADV (Prop_mmcme2_adv_CLKIN1_CLKOUT0)
                                                     -4.900    -2.793 r  datapath/video_inst/mmcm_adv_inst_display_clocks/inst/mmcm_adv_inst/CLKOUT0
                         net (fo=1, routed)           2.697    -0.096    datapath/video_inst/mmcm_adv_inst_display_clocks/inst/clk_out1_clk_wiz_2
    BUFGCTRL_X0Y4        BUFG (Prop_bufg_I_O)         0.096    -0.000 r  datapath/video_inst/mmcm_adv_inst_display_clocks/inst/clkout1_buf/O
                         net (fo=83, routed)          1.750     1.750    datapath/video_inst/Inst_vga/u_vga_sig/clk_out1
    SLICE_X146Y135       FDRE                                         r  datapath/video_inst/Inst_vga/u_vga_sig/current_pos_reg[col][0]/C
  -------------------------------------------------------------------    -------------------
    SLICE_X146Y135       FDRE (Prop_fdre_C_Q)         0.518     2.268 r  datapath/video_inst/Inst_vga/u_vga_sig/current_pos_reg[col][0]/Q
                         net (fo=86, routed)          2.003     4.271    datapath/leftChannelMemory/Q[0]
    RAMB18_X7Y50         RAMB18E1                                     r  datapath/leftChannelMemory/sdp_bl.ramb18_dp_bl.ram18_bl/ADDRARDADDR[4]
  -------------------------------------------------------------------    -------------------

Slack:                    inf
  Source:                 datapath/video_inst/Inst_vga/u_vga_sig/current_pos_reg[col][0]/C
                            (rising edge-triggered cell FDRE clocked by clk_out1_clk_wiz_2  {rise@0.000ns fall@20.000ns period=40.000ns})
  Destination:            datapath/rightChannelMemory/sdp_bl.ramb18_dp_bl.ram18_bl/ADDRARDADDR[4]
  Path Group:             (none)
  Path Type:              Max at Slow Process Corner
  Data Path Delay:        2.521ns  (logic 0.518ns (20.551%)  route 2.003ns (79.449%))
  Logic Levels:           0  
  Clock Uncertainty:      0.190ns  ((TSJ^2 + DJ^2)^1/2) / 2 + PE
    Total System Jitter     (TSJ):    0.050ns
    Discrete Jitter          (DJ):    0.175ns
    Phase Error              (PE):    0.099ns

    Location             Delay type                Incr(ns)  Path(ns)    Netlist Resource(s)
  -------------------------------------------------------------------    -------------------
                         (clock clk_out1_clk_wiz_2 rise edge)
                                                      0.000     0.000 r  
    BUFGCTRL_X0Y2        BUFG                         0.000     0.000 r  clk_IBUF_BUFG_inst/O
                         net (fo=303, routed)         2.106     2.106    datapath/video_inst/mmcm_adv_inst_display_clocks/inst/clk_in1
    MMCME2_ADV_X1Y0      MMCME2_ADV (Prop_mmcme2_adv_CLKIN1_CLKOUT0)
                                                     -4.900    -2.793 r  datapath/video_inst/mmcm_adv_inst_display_clocks/inst/mmcm_adv_inst/CLKOUT0
                         net (fo=1, routed)           2.697    -0.096    datapath/video_inst/mmcm_adv_inst_display_clocks/inst/clk_out1_clk_wiz_2
    BUFGCTRL_X0Y4        BUFG (Prop_bufg_I_O)         0.096    -0.000 r  datapath/video_inst/mmcm_adv_inst_display_clocks/inst/clkout1_buf/O
                         net (fo=83, routed)          1.750     1.750    datapath/video_inst/Inst_vga/u_vga_sig/clk_out1
    SLICE_X146Y135       FDRE                                         r  datapath/video_inst/Inst_vga/u_vga_sig/current_pos_reg[col][0]/C
  -------------------------------------------------------------------    -------------------
    SLICE_X146Y135       FDRE (Prop_fdre_C_Q)         0.518     2.268 r  datapath/video_inst/Inst_vga/u_vga_sig/current_pos_reg[col][0]/Q
                         net (fo=86, routed)          2.003     4.271    datapath/rightChannelMemory/Q[0]
    RAMB18_X7Y51         RAMB18E1                                     r  datapath/rightChannelMemory/sdp_bl.ramb18_dp_bl.ram18_bl/ADDRARDADDR[4]
  -------------------------------------------------------------------    -------------------

Slack:                    inf
  Source:                 datapath/video_inst/Inst_vga/u_vga_sig/current_pos_reg[col][8]/C
                            (rising edge-triggered cell FDRE clocked by clk_out1_clk_wiz_2  {rise@0.000ns fall@20.000ns period=40.000ns})
  Destination:            datapath/leftChannelMemory/sdp_bl.ramb18_dp_bl.ram18_bl/ADDRARDADDR[12]
  Path Group:             (none)
  Path Type:              Max at Slow Process Corner
  Data Path Delay:        2.476ns  (logic 0.518ns (20.917%)  route 1.958ns (79.083%))
  Logic Levels:           0  
  Clock Uncertainty:      0.190ns  ((TSJ^2 + DJ^2)^1/2) / 2 + PE
    Total System Jitter     (TSJ):    0.050ns
    Discrete Jitter          (DJ):    0.175ns
    Phase Error              (PE):    0.099ns

    Location             Delay type                Incr(ns)  Path(ns)    Netlist Resource(s)
  -------------------------------------------------------------------    -------------------
                         (clock clk_out1_clk_wiz_2 rise edge)
                                                      0.000     0.000 r  
    BUFGCTRL_X0Y2        BUFG                         0.000     0.000 r  clk_IBUF_BUFG_inst/O
                         net (fo=303, routed)         2.106     2.106    datapath/video_inst/mmcm_adv_inst_display_clocks/inst/clk_in1
    MMCME2_ADV_X1Y0      MMCME2_ADV (Prop_mmcme2_adv_CLKIN1_CLKOUT0)
                                                     -4.900    -2.793 r  datapath/video_inst/mmcm_adv_inst_display_clocks/inst/mmcm_adv_inst/CLKOUT0
                         net (fo=1, routed)           2.697    -0.096    datapath/video_inst/mmcm_adv_inst_display_clocks/inst/clk_out1_clk_wiz_2
    BUFGCTRL_X0Y4        BUFG (Prop_bufg_I_O)         0.096    -0.000 r  datapath/video_inst/mmcm_adv_inst_display_clocks/inst/clkout1_buf/O
                         net (fo=83, routed)          1.751     1.751    datapath/video_inst/Inst_vga/u_vga_sig/clk_out1
    SLICE_X148Y136       FDRE                                         r  datapath/video_inst/Inst_vga/u_vga_sig/current_pos_reg[col][8]/C
  -------------------------------------------------------------------    -------------------
    SLICE_X148Y136       FDRE (Prop_fdre_C_Q)         0.518     2.269 r  datapath/video_inst/Inst_vga/u_vga_sig/current_pos_reg[col][8]/Q
                         net (fo=29, routed)          1.958     4.228    datapath/leftChannelMemory/Q[8]
    RAMB18_X7Y50         RAMB18E1                                     r  datapath/leftChannelMemory/sdp_bl.ramb18_dp_bl.ram18_bl/ADDRARDADDR[12]
  -------------------------------------------------------------------    -------------------

Slack:                    inf
  Source:                 datapath/video_inst/Inst_vga/u_vga_sig/current_pos_reg[col][8]/C
                            (rising edge-triggered cell FDRE clocked by clk_out1_clk_wiz_2  {rise@0.000ns fall@20.000ns period=40.000ns})
  Destination:            datapath/rightChannelMemory/sdp_bl.ramb18_dp_bl.ram18_bl/ADDRARDADDR[12]
  Path Group:             (none)
  Path Type:              Max at Slow Process Corner
  Data Path Delay:        2.476ns  (logic 0.518ns (20.917%)  route 1.958ns (79.083%))
  Logic Levels:           0  
  Clock Uncertainty:      0.190ns  ((TSJ^2 + DJ^2)^1/2) / 2 + PE
    Total System Jitter     (TSJ):    0.050ns
    Discrete Jitter          (DJ):    0.175ns
    Phase Error              (PE):    0.099ns

    Location             Delay type                Incr(ns)  Path(ns)    Netlist Resource(s)
  -------------------------------------------------------------------    -------------------
                         (clock clk_out1_clk_wiz_2 rise edge)
                                                      0.000     0.000 r  
    BUFGCTRL_X0Y2        BUFG                         0.000     0.000 r  clk_IBUF_BUFG_inst/O
                         net (fo=303, routed)         2.106     2.106    datapath/video_inst/mmcm_adv_inst_display_clocks/inst/clk_in1
    MMCME2_ADV_X1Y0      MMCME2_ADV (Prop_mmcme2_adv_CLKIN1_CLKOUT0)
                                                     -4.900    -2.793 r  datapath/video_inst/mmcm_adv_inst_display_clocks/inst/mmcm_adv_inst/CLKOUT0
                         net (fo=1, routed)           2.697    -0.096    datapath/video_inst/mmcm_adv_inst_display_clocks/inst/clk_out1_clk_wiz_2
    BUFGCTRL_X0Y4        BUFG (Prop_bufg_I_O)         0.096    -0.000 r  datapath/video_inst/mmcm_adv_inst_display_clocks/inst/clkout1_buf/O
                         net (fo=83, routed)          1.751     1.751    datapath/video_inst/Inst_vga/u_vga_sig/clk_out1
    SLICE_X148Y136       FDRE                                         r  datapath/video_inst/Inst_vga/u_vga_sig/current_pos_reg[col][8]/C
  -------------------------------------------------------------------    -------------------
    SLICE_X148Y136       FDRE (Prop_fdre_C_Q)         0.518     2.269 r  datapath/video_inst/Inst_vga/u_vga_sig/current_pos_reg[col][8]/Q
                         net (fo=29, routed)          1.958     4.228    datapath/rightChannelMemory/Q[8]
    RAMB18_X7Y51         RAMB18E1                                     r  datapath/rightChannelMemory/sdp_bl.ramb18_dp_bl.ram18_bl/ADDRARDADDR[12]
  -------------------------------------------------------------------    -------------------

Slack:                    inf
  Source:                 datapath/video_inst/Inst_vga/u_vga_sig/current_pos_reg[col][3]/C
                            (rising edge-triggered cell FDRE clocked by clk_out1_clk_wiz_2  {rise@0.000ns fall@20.000ns period=40.000ns})
  Destination:            datapath/leftChannelMemory/sdp_bl.ramb18_dp_bl.ram18_bl/ADDRARDADDR[7]
  Path Group:             (none)
  Path Type:              Max at Slow Process Corner
  Data Path Delay:        2.250ns  (logic 0.518ns (23.020%)  route 1.732ns (76.980%))
  Logic Levels:           0  
  Clock Uncertainty:      0.190ns  ((TSJ^2 + DJ^2)^1/2) / 2 + PE
    Total System Jitter     (TSJ):    0.050ns
    Discrete Jitter          (DJ):    0.175ns
    Phase Error              (PE):    0.099ns

    Location             Delay type                Incr(ns)  Path(ns)    Netlist Resource(s)
  -------------------------------------------------------------------    -------------------
                         (clock clk_out1_clk_wiz_2 rise edge)
                                                      0.000     0.000 r  
    BUFGCTRL_X0Y2        BUFG                         0.000     0.000 r  clk_IBUF_BUFG_inst/O
                         net (fo=303, routed)         2.106     2.106    datapath/video_inst/mmcm_adv_inst_display_clocks/inst/clk_in1
    MMCME2_ADV_X1Y0      MMCME2_ADV (Prop_mmcme2_adv_CLKIN1_CLKOUT0)
                                                     -4.900    -2.793 r  datapath/video_inst/mmcm_adv_inst_display_clocks/inst/mmcm_adv_inst/CLKOUT0
                         net (fo=1, routed)           2.697    -0.096    datapath/video_inst/mmcm_adv_inst_display_clocks/inst/clk_out1_clk_wiz_2
    BUFGCTRL_X0Y4        BUFG (Prop_bufg_I_O)         0.096    -0.000 r  datapath/video_inst/mmcm_adv_inst_display_clocks/inst/clkout1_buf/O
                         net (fo=83, routed)          1.750     1.750    datapath/video_inst/Inst_vga/u_vga_sig/clk_out1
    SLICE_X144Y135       FDRE                                         r  datapath/video_inst/Inst_vga/u_vga_sig/current_pos_reg[col][3]/C
  -------------------------------------------------------------------    -------------------
    SLICE_X144Y135       FDRE (Prop_fdre_C_Q)         0.518     2.268 r  datapath/video_inst/Inst_vga/u_vga_sig/current_pos_reg[col][3]/Q
                         net (fo=53, routed)          1.732     4.001    datapath/leftChannelMemory/Q[3]
    RAMB18_X7Y50         RAMB18E1                                     r  datapath/leftChannelMemory/sdp_bl.ramb18_dp_bl.ram18_bl/ADDRARDADDR[7]
  -------------------------------------------------------------------    -------------------

Slack:                    inf
  Source:                 datapath/video_inst/Inst_vga/u_vga_sig/current_pos_reg[col][3]/C
                            (rising edge-triggered cell FDRE clocked by clk_out1_clk_wiz_2  {rise@0.000ns fall@20.000ns period=40.000ns})
  Destination:            datapath/rightChannelMemory/sdp_bl.ramb18_dp_bl.ram18_bl/ADDRARDADDR[7]
  Path Group:             (none)
  Path Type:              Max at Slow Process Corner
  Data Path Delay:        2.250ns  (logic 0.518ns (23.020%)  route 1.732ns (76.980%))
  Logic Levels:           0  
  Clock Uncertainty:      0.190ns  ((TSJ^2 + DJ^2)^1/2) / 2 + PE
    Total System Jitter     (TSJ):    0.050ns
    Discrete Jitter          (DJ):    0.175ns
    Phase Error              (PE):    0.099ns

    Location             Delay type                Incr(ns)  Path(ns)    Netlist Resource(s)
  -------------------------------------------------------------------    -------------------
                         (clock clk_out1_clk_wiz_2 rise edge)
                                                      0.000     0.000 r  
    BUFGCTRL_X0Y2        BUFG                         0.000     0.000 r  clk_IBUF_BUFG_inst/O
                         net (fo=303, routed)         2.106     2.106    datapath/video_inst/mmcm_adv_inst_display_clocks/inst/clk_in1
    MMCME2_ADV_X1Y0      MMCME2_ADV (Prop_mmcme2_adv_CLKIN1_CLKOUT0)
                                                     -4.900    -2.793 r  datapath/video_inst/mmcm_adv_inst_display_clocks/inst/mmcm_adv_inst/CLKOUT0
                         net (fo=1, routed)           2.697    -0.096    datapath/video_inst/mmcm_adv_inst_display_clocks/inst/clk_out1_clk_wiz_2
    BUFGCTRL_X0Y4        BUFG (Prop_bufg_I_O)         0.096    -0.000 r  datapath/video_inst/mmcm_adv_inst_display_clocks/inst/clkout1_buf/O
                         net (fo=83, routed)          1.750     1.750    datapath/video_inst/Inst_vga/u_vga_sig/clk_out1
    SLICE_X144Y135       FDRE                                         r  datapath/video_inst/Inst_vga/u_vga_sig/current_pos_reg[col][3]/C
  -------------------------------------------------------------------    -------------------
    SLICE_X144Y135       FDRE (Prop_fdre_C_Q)         0.518     2.268 r  datapath/video_inst/Inst_vga/u_vga_sig/current_pos_reg[col][3]/Q
                         net (fo=53, routed)          1.732     4.001    datapath/rightChannelMemory/Q[3]
    RAMB18_X7Y51         RAMB18E1                                     r  datapath/rightChannelMemory/sdp_bl.ramb18_dp_bl.ram18_bl/ADDRARDADDR[7]
  -------------------------------------------------------------------    -------------------





Min Delay Paths
--------------------------------------------------------------------------------------
Slack:                    inf
  Source:                 datapath/video_inst/Inst_vga/u_vga_sig/current_pos_reg[col][9]/C
                            (rising edge-triggered cell FDRE clocked by clk_out1_clk_wiz_2  {rise@0.000ns fall@20.000ns period=40.000ns})
  Destination:            datapath/leftChannelMemory/sdp_bl.ramb18_dp_bl.ram18_bl/ADDRARDADDR[13]
  Path Group:             (none)
  Path Type:              Min at Fast Process Corner
  Data Path Delay:        0.628ns  (logic 0.164ns (26.095%)  route 0.464ns (73.905%))
  Logic Levels:           0  
  Clock Uncertainty:      0.190ns  ((TSJ^2 + DJ^2)^1/2) / 2 + PE
    Total System Jitter     (TSJ):    0.050ns
    Discrete Jitter          (DJ):    0.175ns
    Phase Error              (PE):    0.099ns

    Location             Delay type                Incr(ns)  Path(ns)    Netlist Resource(s)
  -------------------------------------------------------------------    -------------------
                         (clock clk_out1_clk_wiz_2 rise edge)
                                                      0.000     0.000 r  
    BUFGCTRL_X0Y2        BUFG                         0.000     0.000 r  clk_IBUF_BUFG_inst/O
                         net (fo=303, routed)         0.745     0.745    datapath/video_inst/mmcm_adv_inst_display_clocks/inst/clk_in1
    MMCME2_ADV_X1Y0      MMCME2_ADV (Prop_mmcme2_adv_CLKIN1_CLKOUT0)
                                                     -1.683    -0.938 r  datapath/video_inst/mmcm_adv_inst_display_clocks/inst/mmcm_adv_inst/CLKOUT0
                         net (fo=1, routed)           0.912    -0.026    datapath/video_inst/mmcm_adv_inst_display_clocks/inst/clk_out1_clk_wiz_2
    BUFGCTRL_X0Y4        BUFG (Prop_bufg_I_O)         0.026    -0.000 r  datapath/video_inst/mmcm_adv_inst_display_clocks/inst/clkout1_buf/O
                         net (fo=83, routed)          0.616     0.616    datapath/video_inst/Inst_vga/u_vga_sig/clk_out1
    SLICE_X148Y136       FDRE                                         r  datapath/video_inst/Inst_vga/u_vga_sig/current_pos_reg[col][9]/C
  -------------------------------------------------------------------    -------------------
    SLICE_X148Y136       FDRE (Prop_fdre_C_Q)         0.164     0.780 r  datapath/video_inst/Inst_vga/u_vga_sig/current_pos_reg[col][9]/Q
                         net (fo=30, routed)          0.464     1.244    datapath/leftChannelMemory/Q[9]
    RAMB18_X7Y50         RAMB18E1                                     r  datapath/leftChannelMemory/sdp_bl.ramb18_dp_bl.ram18_bl/ADDRARDADDR[13]
  -------------------------------------------------------------------    -------------------

Slack:                    inf
  Source:                 datapath/video_inst/Inst_vga/u_vga_sig/current_pos_reg[col][9]/C
                            (rising edge-triggered cell FDRE clocked by clk_out1_clk_wiz_2  {rise@0.000ns fall@20.000ns period=40.000ns})
  Destination:            datapath/rightChannelMemory/sdp_bl.ramb18_dp_bl.ram18_bl/ADDRARDADDR[13]
  Path Group:             (none)
  Path Type:              Min at Fast Process Corner
  Data Path Delay:        0.628ns  (logic 0.164ns (26.095%)  route 0.464ns (73.905%))
  Logic Levels:           0  
  Clock Uncertainty:      0.190ns  ((TSJ^2 + DJ^2)^1/2) / 2 + PE
    Total System Jitter     (TSJ):    0.050ns
    Discrete Jitter          (DJ):    0.175ns
    Phase Error              (PE):    0.099ns

    Location             Delay type                Incr(ns)  Path(ns)    Netlist Resource(s)
  -------------------------------------------------------------------    -------------------
                         (clock clk_out1_clk_wiz_2 rise edge)
                                                      0.000     0.000 r  
    BUFGCTRL_X0Y2        BUFG                         0.000     0.000 r  clk_IBUF_BUFG_inst/O
                         net (fo=303, routed)         0.745     0.745    datapath/video_inst/mmcm_adv_inst_display_clocks/inst/clk_in1
    MMCME2_ADV_X1Y0      MMCME2_ADV (Prop_mmcme2_adv_CLKIN1_CLKOUT0)
                                                     -1.683    -0.938 r  datapath/video_inst/mmcm_adv_inst_display_clocks/inst/mmcm_adv_inst/CLKOUT0
                         net (fo=1, routed)           0.912    -0.026    datapath/video_inst/mmcm_adv_inst_display_clocks/inst/clk_out1_clk_wiz_2
    BUFGCTRL_X0Y4        BUFG (Prop_bufg_I_O)         0.026    -0.000 r  datapath/video_inst/mmcm_adv_inst_display_clocks/inst/clkout1_buf/O
                         net (fo=83, routed)          0.616     0.616    datapath/video_inst/Inst_vga/u_vga_sig/clk_out1
    SLICE_X148Y136       FDRE                                         r  datapath/video_inst/Inst_vga/u_vga_sig/current_pos_reg[col][9]/C
  -------------------------------------------------------------------    -------------------
    SLICE_X148Y136       FDRE (Prop_fdre_C_Q)         0.164     0.780 r  datapath/video_inst/Inst_vga/u_vga_sig/current_pos_reg[col][9]/Q
                         net (fo=30, routed)          0.464     1.244    datapath/rightChannelMemory/Q[9]
    RAMB18_X7Y51         RAMB18E1                                     r  datapath/rightChannelMemory/sdp_bl.ramb18_dp_bl.ram18_bl/ADDRARDADDR[13]
  -------------------------------------------------------------------    -------------------

Slack:                    inf
  Source:                 datapath/video_inst/Inst_vga/u_vga_sig/current_pos_reg[col][4]/C
                            (rising edge-triggered cell FDRE clocked by clk_out1_clk_wiz_2  {rise@0.000ns fall@20.000ns period=40.000ns})
  Destination:            datapath/leftChannelMemory/sdp_bl.ramb18_dp_bl.ram18_bl/ADDRARDADDR[8]
  Path Group:             (none)
  Path Type:              Min at Fast Process Corner
  Data Path Delay:        0.866ns  (logic 0.164ns (18.941%)  route 0.702ns (81.059%))
  Logic Levels:           0  
  Clock Uncertainty:      0.190ns  ((TSJ^2 + DJ^2)^1/2) / 2 + PE
    Total System Jitter     (TSJ):    0.050ns
    Discrete Jitter          (DJ):    0.175ns
    Phase Error              (PE):    0.099ns

    Location             Delay type                Incr(ns)  Path(ns)    Netlist Resource(s)
  -------------------------------------------------------------------    -------------------
                         (clock clk_out1_clk_wiz_2 rise edge)
                                                      0.000     0.000 r  
    BUFGCTRL_X0Y2        BUFG                         0.000     0.000 r  clk_IBUF_BUFG_inst/O
                         net (fo=303, routed)         0.745     0.745    datapath/video_inst/mmcm_adv_inst_display_clocks/inst/clk_in1
    MMCME2_ADV_X1Y0      MMCME2_ADV (Prop_mmcme2_adv_CLKIN1_CLKOUT0)
                                                     -1.683    -0.938 r  datapath/video_inst/mmcm_adv_inst_display_clocks/inst/mmcm_adv_inst/CLKOUT0
                         net (fo=1, routed)           0.912    -0.026    datapath/video_inst/mmcm_adv_inst_display_clocks/inst/clk_out1_clk_wiz_2
    BUFGCTRL_X0Y4        BUFG (Prop_bufg_I_O)         0.026    -0.000 r  datapath/video_inst/mmcm_adv_inst_display_clocks/inst/clkout1_buf/O
                         net (fo=83, routed)          0.616     0.616    datapath/video_inst/Inst_vga/u_vga_sig/clk_out1
    SLICE_X146Y135       FDRE                                         r  datapath/video_inst/Inst_vga/u_vga_sig/current_pos_reg[col][4]/C
  -------------------------------------------------------------------    -------------------
    SLICE_X146Y135       FDRE (Prop_fdre_C_Q)         0.164     0.780 r  datapath/video_inst/Inst_vga/u_vga_sig/current_pos_reg[col][4]/Q
                         net (fo=34, routed)          0.702     1.481    datapath/leftChannelMemory/Q[4]
    RAMB18_X7Y50         RAMB18E1                                     r  datapath/leftChannelMemory/sdp_bl.ramb18_dp_bl.ram18_bl/ADDRARDADDR[8]
  -------------------------------------------------------------------    -------------------

Slack:                    inf
  Source:                 datapath/video_inst/Inst_vga/u_vga_sig/current_pos_reg[col][4]/C
                            (rising edge-triggered cell FDRE clocked by clk_out1_clk_wiz_2  {rise@0.000ns fall@20.000ns period=40.000ns})
  Destination:            datapath/rightChannelMemory/sdp_bl.ramb18_dp_bl.ram18_bl/ADDRARDADDR[8]
  Path Group:             (none)
  Path Type:              Min at Fast Process Corner
  Data Path Delay:        0.866ns  (logic 0.164ns (18.941%)  route 0.702ns (81.059%))
  Logic Levels:           0  
  Clock Uncertainty:      0.190ns  ((TSJ^2 + DJ^2)^1/2) / 2 + PE
    Total System Jitter     (TSJ):    0.050ns
    Discrete Jitter          (DJ):    0.175ns
    Phase Error              (PE):    0.099ns

    Location             Delay type                Incr(ns)  Path(ns)    Netlist Resource(s)
  -------------------------------------------------------------------    -------------------
                         (clock clk_out1_clk_wiz_2 rise edge)
                                                      0.000     0.000 r  
    BUFGCTRL_X0Y2        BUFG                         0.000     0.000 r  clk_IBUF_BUFG_inst/O
                         net (fo=303, routed)         0.745     0.745    datapath/video_inst/mmcm_adv_inst_display_clocks/inst/clk_in1
    MMCME2_ADV_X1Y0      MMCME2_ADV (Prop_mmcme2_adv_CLKIN1_CLKOUT0)
                                                     -1.683    -0.938 r  datapath/video_inst/mmcm_adv_inst_display_clocks/inst/mmcm_adv_inst/CLKOUT0
                         net (fo=1, routed)           0.912    -0.026    datapath/video_inst/mmcm_adv_inst_display_clocks/inst/clk_out1_clk_wiz_2
    BUFGCTRL_X0Y4        BUFG (Prop_bufg_I_O)         0.026    -0.000 r  datapath/video_inst/mmcm_adv_inst_display_clocks/inst/clkout1_buf/O
                         net (fo=83, routed)          0.616     0.616    datapath/video_inst/Inst_vga/u_vga_sig/clk_out1
    SLICE_X146Y135       FDRE                                         r  datapath/video_inst/Inst_vga/u_vga_sig/current_pos_reg[col][4]/C
  -------------------------------------------------------------------    -------------------
    SLICE_X146Y135       FDRE (Prop_fdre_C_Q)         0.164     0.780 r  datapath/video_inst/Inst_vga/u_vga_sig/current_pos_reg[col][4]/Q
                         net (fo=34, routed)          0.702     1.481    datapath/rightChannelMemory/Q[4]
    RAMB18_X7Y51         RAMB18E1                                     r  datapath/rightChannelMemory/sdp_bl.ramb18_dp_bl.ram18_bl/ADDRARDADDR[8]
  -------------------------------------------------------------------    -------------------

Slack:                    inf
  Source:                 datapath/video_inst/Inst_vga/u_vga_sig/current_pos_reg[col][5]/C
                            (rising edge-triggered cell FDRE clocked by clk_out1_clk_wiz_2  {rise@0.000ns fall@20.000ns period=40.000ns})
  Destination:            datapath/leftChannelMemory/sdp_bl.ramb18_dp_bl.ram18_bl/ADDRARDADDR[9]
  Path Group:             (none)
  Path Type:              Min at Fast Process Corner
  Data Path Delay:        0.871ns  (logic 0.164ns (18.824%)  route 0.707ns (81.176%))
  Logic Levels:           0  
  Clock Uncertainty:      0.190ns  ((TSJ^2 + DJ^2)^1/2) / 2 + PE
    Total System Jitter     (TSJ):    0.050ns
    Discrete Jitter          (DJ):    0.175ns
    Phase Error              (PE):    0.099ns

    Location             Delay type                Incr(ns)  Path(ns)    Netlist Resource(s)
  -------------------------------------------------------------------    -------------------
                         (clock clk_out1_clk_wiz_2 rise edge)
                                                      0.000     0.000 r  
    BUFGCTRL_X0Y2        BUFG                         0.000     0.000 r  clk_IBUF_BUFG_inst/O
                         net (fo=303, routed)         0.745     0.745    datapath/video_inst/mmcm_adv_inst_display_clocks/inst/clk_in1
    MMCME2_ADV_X1Y0      MMCME2_ADV (Prop_mmcme2_adv_CLKIN1_CLKOUT0)
                                                     -1.683    -0.938 r  datapath/video_inst/mmcm_adv_inst_display_clocks/inst/mmcm_adv_inst/CLKOUT0
                         net (fo=1, routed)           0.912    -0.026    datapath/video_inst/mmcm_adv_inst_display_clocks/inst/clk_out1_clk_wiz_2
    BUFGCTRL_X0Y4        BUFG (Prop_bufg_I_O)         0.026    -0.000 r  datapath/video_inst/mmcm_adv_inst_display_clocks/inst/clkout1_buf/O
                         net (fo=83, routed)          0.616     0.616    datapath/video_inst/Inst_vga/u_vga_sig/clk_out1
    SLICE_X146Y135       FDRE                                         r  datapath/video_inst/Inst_vga/u_vga_sig/current_pos_reg[col][5]/C
  -------------------------------------------------------------------    -------------------
    SLICE_X146Y135       FDRE (Prop_fdre_C_Q)         0.164     0.780 r  datapath/video_inst/Inst_vga/u_vga_sig/current_pos_reg[col][5]/Q
                         net (fo=25, routed)          0.707     1.487    datapath/leftChannelMemory/Q[5]
    RAMB18_X7Y50         RAMB18E1                                     r  datapath/leftChannelMemory/sdp_bl.ramb18_dp_bl.ram18_bl/ADDRARDADDR[9]
  -------------------------------------------------------------------    -------------------

Slack:                    inf
  Source:                 datapath/video_inst/Inst_vga/u_vga_sig/current_pos_reg[col][5]/C
                            (rising edge-triggered cell FDRE clocked by clk_out1_clk_wiz_2  {rise@0.000ns fall@20.000ns period=40.000ns})
  Destination:            datapath/rightChannelMemory/sdp_bl.ramb18_dp_bl.ram18_bl/ADDRARDADDR[9]
  Path Group:             (none)
  Path Type:              Min at Fast Process Corner
  Data Path Delay:        0.871ns  (logic 0.164ns (18.824%)  route 0.707ns (81.176%))
  Logic Levels:           0  
  Clock Uncertainty:      0.190ns  ((TSJ^2 + DJ^2)^1/2) / 2 + PE
    Total System Jitter     (TSJ):    0.050ns
    Discrete Jitter          (DJ):    0.175ns
    Phase Error              (PE):    0.099ns

    Location             Delay type                Incr(ns)  Path(ns)    Netlist Resource(s)
  -------------------------------------------------------------------    -------------------
                         (clock clk_out1_clk_wiz_2 rise edge)
                                                      0.000     0.000 r  
    BUFGCTRL_X0Y2        BUFG                         0.000     0.000 r  clk_IBUF_BUFG_inst/O
                         net (fo=303, routed)         0.745     0.745    datapath/video_inst/mmcm_adv_inst_display_clocks/inst/clk_in1
    MMCME2_ADV_X1Y0      MMCME2_ADV (Prop_mmcme2_adv_CLKIN1_CLKOUT0)
                                                     -1.683    -0.938 r  datapath/video_inst/mmcm_adv_inst_display_clocks/inst/mmcm_adv_inst/CLKOUT0
                         net (fo=1, routed)           0.912    -0.026    datapath/video_inst/mmcm_adv_inst_display_clocks/inst/clk_out1_clk_wiz_2
    BUFGCTRL_X0Y4        BUFG (Prop_bufg_I_O)         0.026    -0.000 r  datapath/video_inst/mmcm_adv_inst_display_clocks/inst/clkout1_buf/O
                         net (fo=83, routed)          0.616     0.616    datapath/video_inst/Inst_vga/u_vga_sig/clk_out1
    SLICE_X146Y135       FDRE                                         r  datapath/video_inst/Inst_vga/u_vga_sig/current_pos_reg[col][5]/C
  -------------------------------------------------------------------    -------------------
    SLICE_X146Y135       FDRE (Prop_fdre_C_Q)         0.164     0.780 r  datapath/video_inst/Inst_vga/u_vga_sig/current_pos_reg[col][5]/Q
                         net (fo=25, routed)          0.707     1.487    datapath/rightChannelMemory/Q[5]
    RAMB18_X7Y51         RAMB18E1                                     r  datapath/rightChannelMemory/sdp_bl.ramb18_dp_bl.ram18_bl/ADDRARDADDR[9]
  -------------------------------------------------------------------    -------------------

Slack:                    inf
  Source:                 datapath/video_inst/Inst_vga/u_vga_sig/current_pos_reg[col][3]/C
                            (rising edge-triggered cell FDRE clocked by clk_out1_clk_wiz_2  {rise@0.000ns fall@20.000ns period=40.000ns})
  Destination:            datapath/leftChannelMemory/sdp_bl.ramb18_dp_bl.ram18_bl/ADDRARDADDR[7]
  Path Group:             (none)
  Path Type:              Min at Fast Process Corner
  Data Path Delay:        0.888ns  (logic 0.164ns (18.463%)  route 0.724ns (81.537%))
  Logic Levels:           0  
  Clock Uncertainty:      0.190ns  ((TSJ^2 + DJ^2)^1/2) / 2 + PE
    Total System Jitter     (TSJ):    0.050ns
    Discrete Jitter          (DJ):    0.175ns
    Phase Error              (PE):    0.099ns

    Location             Delay type                Incr(ns)  Path(ns)    Netlist Resource(s)
  -------------------------------------------------------------------    -------------------
                         (clock clk_out1_clk_wiz_2 rise edge)
                                                      0.000     0.000 r  
    BUFGCTRL_X0Y2        BUFG                         0.000     0.000 r  clk_IBUF_BUFG_inst/O
                         net (fo=303, routed)         0.745     0.745    datapath/video_inst/mmcm_adv_inst_display_clocks/inst/clk_in1
    MMCME2_ADV_X1Y0      MMCME2_ADV (Prop_mmcme2_adv_CLKIN1_CLKOUT0)
                                                     -1.683    -0.938 r  datapath/video_inst/mmcm_adv_inst_display_clocks/inst/mmcm_adv_inst/CLKOUT0
                         net (fo=1, routed)           0.912    -0.026    datapath/video_inst/mmcm_adv_inst_display_clocks/inst/clk_out1_clk_wiz_2
    BUFGCTRL_X0Y4        BUFG (Prop_bufg_I_O)         0.026    -0.000 r  datapath/video_inst/mmcm_adv_inst_display_clocks/inst/clkout1_buf/O
                         net (fo=83, routed)          0.616     0.616    datapath/video_inst/Inst_vga/u_vga_sig/clk_out1
    SLICE_X144Y135       FDRE                                         r  datapath/video_inst/Inst_vga/u_vga_sig/current_pos_reg[col][3]/C
  -------------------------------------------------------------------    -------------------
    SLICE_X144Y135       FDRE (Prop_fdre_C_Q)         0.164     0.780 r  datapath/video_inst/Inst_vga/u_vga_sig/current_pos_reg[col][3]/Q
                         net (fo=53, routed)          0.724     1.504    datapath/leftChannelMemory/Q[3]
    RAMB18_X7Y50         RAMB18E1                                     r  datapath/leftChannelMemory/sdp_bl.ramb18_dp_bl.ram18_bl/ADDRARDADDR[7]
  -------------------------------------------------------------------    -------------------

Slack:                    inf
  Source:                 datapath/video_inst/Inst_vga/u_vga_sig/current_pos_reg[col][3]/C
                            (rising edge-triggered cell FDRE clocked by clk_out1_clk_wiz_2  {rise@0.000ns fall@20.000ns period=40.000ns})
  Destination:            datapath/rightChannelMemory/sdp_bl.ramb18_dp_bl.ram18_bl/ADDRARDADDR[7]
  Path Group:             (none)
  Path Type:              Min at Fast Process Corner
  Data Path Delay:        0.888ns  (logic 0.164ns (18.463%)  route 0.724ns (81.537%))
  Logic Levels:           0  
  Clock Uncertainty:      0.190ns  ((TSJ^2 + DJ^2)^1/2) / 2 + PE
    Total System Jitter     (TSJ):    0.050ns
    Discrete Jitter          (DJ):    0.175ns
    Phase Error              (PE):    0.099ns

    Location             Delay type                Incr(ns)  Path(ns)    Netlist Resource(s)
  -------------------------------------------------------------------    -------------------
                         (clock clk_out1_clk_wiz_2 rise edge)
                                                      0.000     0.000 r  
    BUFGCTRL_X0Y2        BUFG                         0.000     0.000 r  clk_IBUF_BUFG_inst/O
                         net (fo=303, routed)         0.745     0.745    datapath/video_inst/mmcm_adv_inst_display_clocks/inst/clk_in1
    MMCME2_ADV_X1Y0      MMCME2_ADV (Prop_mmcme2_adv_CLKIN1_CLKOUT0)
                                                     -1.683    -0.938 r  datapath/video_inst/mmcm_adv_inst_display_clocks/inst/mmcm_adv_inst/CLKOUT0
                         net (fo=1, routed)           0.912    -0.026    datapath/video_inst/mmcm_adv_inst_display_clocks/inst/clk_out1_clk_wiz_2
    BUFGCTRL_X0Y4        BUFG (Prop_bufg_I_O)         0.026    -0.000 r  datapath/video_inst/mmcm_adv_inst_display_clocks/inst/clkout1_buf/O
                         net (fo=83, routed)          0.616     0.616    datapath/video_inst/Inst_vga/u_vga_sig/clk_out1
    SLICE_X144Y135       FDRE                                         r  datapath/video_inst/Inst_vga/u_vga_sig/current_pos_reg[col][3]/C
  -------------------------------------------------------------------    -------------------
    SLICE_X144Y135       FDRE (Prop_fdre_C_Q)         0.164     0.780 r  datapath/video_inst/Inst_vga/u_vga_sig/current_pos_reg[col][3]/Q
                         net (fo=53, routed)          0.724     1.504    datapath/rightChannelMemory/Q[3]
    RAMB18_X7Y51         RAMB18E1                                     r  datapath/rightChannelMemory/sdp_bl.ramb18_dp_bl.ram18_bl/ADDRARDADDR[7]
  -------------------------------------------------------------------    -------------------

Slack:                    inf
  Source:                 datapath/video_inst/Inst_vga/u_vga_sig/current_pos_reg[col][2]/C
                            (rising edge-triggered cell FDRE clocked by clk_out1_clk_wiz_2  {rise@0.000ns fall@20.000ns period=40.000ns})
  Destination:            datapath/leftChannelMemory/sdp_bl.ramb18_dp_bl.ram18_bl/ADDRARDADDR[6]
  Path Group:             (none)
  Path Type:              Min at Fast Process Corner
  Data Path Delay:        0.902ns  (logic 0.164ns (18.174%)  route 0.738ns (81.826%))
  Logic Levels:           0  
  Clock Uncertainty:      0.190ns  ((TSJ^2 + DJ^2)^1/2) / 2 + PE
    Total System Jitter     (TSJ):    0.050ns
    Discrete Jitter          (DJ):    0.175ns
    Phase Error              (PE):    0.099ns

    Location             Delay type                Incr(ns)  Path(ns)    Netlist Resource(s)
  -------------------------------------------------------------------    -------------------
                         (clock clk_out1_clk_wiz_2 rise edge)
                                                      0.000     0.000 r  
    BUFGCTRL_X0Y2        BUFG                         0.000     0.000 r  clk_IBUF_BUFG_inst/O
                         net (fo=303, routed)         0.745     0.745    datapath/video_inst/mmcm_adv_inst_display_clocks/inst/clk_in1
    MMCME2_ADV_X1Y0      MMCME2_ADV (Prop_mmcme2_adv_CLKIN1_CLKOUT0)
                                                     -1.683    -0.938 r  datapath/video_inst/mmcm_adv_inst_display_clocks/inst/mmcm_adv_inst/CLKOUT0
                         net (fo=1, routed)           0.912    -0.026    datapath/video_inst/mmcm_adv_inst_display_clocks/inst/clk_out1_clk_wiz_2
    BUFGCTRL_X0Y4        BUFG (Prop_bufg_I_O)         0.026    -0.000 r  datapath/video_inst/mmcm_adv_inst_display_clocks/inst/clkout1_buf/O
                         net (fo=83, routed)          0.616     0.616    datapath/video_inst/Inst_vga/u_vga_sig/clk_out1
    SLICE_X144Y135       FDRE                                         r  datapath/video_inst/Inst_vga/u_vga_sig/current_pos_reg[col][2]/C
  -------------------------------------------------------------------    -------------------
    SLICE_X144Y135       FDRE (Prop_fdre_C_Q)         0.164     0.780 r  datapath/video_inst/Inst_vga/u_vga_sig/current_pos_reg[col][2]/Q
                         net (fo=72, routed)          0.738     1.518    datapath/leftChannelMemory/Q[2]
    RAMB18_X7Y50         RAMB18E1                                     r  datapath/leftChannelMemory/sdp_bl.ramb18_dp_bl.ram18_bl/ADDRARDADDR[6]
  -------------------------------------------------------------------    -------------------

Slack:                    inf
  Source:                 datapath/video_inst/Inst_vga/u_vga_sig/current_pos_reg[col][2]/C
                            (rising edge-triggered cell FDRE clocked by clk_out1_clk_wiz_2  {rise@0.000ns fall@20.000ns period=40.000ns})
  Destination:            datapath/rightChannelMemory/sdp_bl.ramb18_dp_bl.ram18_bl/ADDRARDADDR[6]
  Path Group:             (none)
  Path Type:              Min at Fast Process Corner
  Data Path Delay:        0.902ns  (logic 0.164ns (18.174%)  route 0.738ns (81.826%))
  Logic Levels:           0  
  Clock Uncertainty:      0.190ns  ((TSJ^2 + DJ^2)^1/2) / 2 + PE
    Total System Jitter     (TSJ):    0.050ns
    Discrete Jitter          (DJ):    0.175ns
    Phase Error              (PE):    0.099ns

    Location             Delay type                Incr(ns)  Path(ns)    Netlist Resource(s)
  -------------------------------------------------------------------    -------------------
                         (clock clk_out1_clk_wiz_2 rise edge)
                                                      0.000     0.000 r  
    BUFGCTRL_X0Y2        BUFG                         0.000     0.000 r  clk_IBUF_BUFG_inst/O
                         net (fo=303, routed)         0.745     0.745    datapath/video_inst/mmcm_adv_inst_display_clocks/inst/clk_in1
    MMCME2_ADV_X1Y0      MMCME2_ADV (Prop_mmcme2_adv_CLKIN1_CLKOUT0)
                                                     -1.683    -0.938 r  datapath/video_inst/mmcm_adv_inst_display_clocks/inst/mmcm_adv_inst/CLKOUT0
                         net (fo=1, routed)           0.912    -0.026    datapath/video_inst/mmcm_adv_inst_display_clocks/inst/clk_out1_clk_wiz_2
    BUFGCTRL_X0Y4        BUFG (Prop_bufg_I_O)         0.026    -0.000 r  datapath/video_inst/mmcm_adv_inst_display_clocks/inst/clkout1_buf/O
                         net (fo=83, routed)          0.616     0.616    datapath/video_inst/Inst_vga/u_vga_sig/clk_out1
    SLICE_X144Y135       FDRE                                         r  datapath/video_inst/Inst_vga/u_vga_sig/current_pos_reg[col][2]/C
  -------------------------------------------------------------------    -------------------
    SLICE_X144Y135       FDRE (Prop_fdre_C_Q)         0.164     0.780 r  datapath/video_inst/Inst_vga/u_vga_sig/current_pos_reg[col][2]/Q
                         net (fo=72, routed)          0.738     1.518    datapath/rightChannelMemory/Q[2]
    RAMB18_X7Y51         RAMB18E1                                     r  datapath/rightChannelMemory/sdp_bl.ramb18_dp_bl.ram18_bl/ADDRARDADDR[6]
  -------------------------------------------------------------------    -------------------





--------------------------------------------------------------------------------------
Path Group:  (none)
From Clock:  clk_out2_clk_wiz_1
  To Clock:  

Max Delay             2 Endpoints
Min Delay             2 Endpoints
--------------------------------------------------------------------------------------


Max Delay Paths
--------------------------------------------------------------------------------------
Slack:                    inf
  Source:                 datapath/Audio_Codec/initialize_audio/twi_controller/rSda_reg/C
                            (rising edge-triggered cell FDRE clocked by clk_out2_clk_wiz_1  {rise@0.000ns fall@10.000ns period=20.000ns})
  Destination:            sda
                            (output port)
  Path Group:             (none)
  Path Type:              Max at Slow Process Corner
  Data Path Delay:        5.710ns  (logic 4.066ns (71.206%)  route 1.644ns (28.794%))
  Logic Levels:           1  (OBUFT=1)
  Clock Uncertainty:      0.178ns  ((TSJ^2 + DJ^2)^1/2) / 2 + PE
    Total System Jitter     (TSJ):    0.050ns
    Discrete Jitter          (DJ):    0.152ns
    Phase Error              (PE):    0.099ns

    Location             Delay type                Incr(ns)  Path(ns)    Netlist Resource(s)
  -------------------------------------------------------------------    -------------------
                         (clock clk_out2_clk_wiz_1 rise edge)
                                                      0.000     0.000 r  
    BUFGCTRL_X0Y2        BUFG                         0.000     0.000 r  clk_IBUF_BUFG_inst/O
                         net (fo=303, routed)         1.761     1.761    datapath/Audio_Codec/audiocodec_master_clock/inst/clk_in1
    MMCME2_ADV_X0Y2      MMCME2_ADV (Prop_mmcme2_adv_CLKIN1_CLKOUT1)
                                                     -3.701    -1.939 r  datapath/Audio_Codec/audiocodec_master_clock/inst/mmcm_adv_inst/CLKOUT1
                         net (fo=1, routed)           1.843    -0.096    datapath/Audio_Codec/audiocodec_master_clock/inst/clk_out2_clk_wiz_1
    BUFGCTRL_X0Y3        BUFG (Prop_bufg_I_O)         0.096    -0.000 r  datapath/Audio_Codec/audiocodec_master_clock/inst/clkout2_buf/O
                         net (fo=115, routed)         1.821     1.821    datapath/Audio_Codec/initialize_audio/twi_controller/CLK
    SLICE_X162Y118       FDRE                                         r  datapath/Audio_Codec/initialize_audio/twi_controller/rSda_reg/C
  -------------------------------------------------------------------    -------------------
    SLICE_X162Y118       FDRE (Prop_fdre_C_Q)         0.518     2.339 f  datapath/Audio_Codec/initialize_audio/twi_controller/rSda_reg/Q
                         net (fo=3, routed)           1.644     3.984    sda_IOBUF_inst/T
    V5                   OBUFT (TriStatE_obuft_T_O)
                                                      3.548     7.531 r  sda_IOBUF_inst/OBUFT/O
                         net (fo=1, unset)            0.000     7.531    sda
    V5                                                                r  sda (INOUT)
  -------------------------------------------------------------------    -------------------

Slack:                    inf
  Source:                 datapath/Audio_Codec/initialize_audio/twi_controller/rScl_reg/C
                            (rising edge-triggered cell FDRE clocked by clk_out2_clk_wiz_1  {rise@0.000ns fall@10.000ns period=20.000ns})
  Destination:            scl
                            (output port)
  Path Group:             (none)
  Path Type:              Max at Slow Process Corner
  Data Path Delay:        5.664ns  (logic 4.021ns (70.986%)  route 1.643ns (29.014%))
  Logic Levels:           1  (OBUFT=1)
  Clock Uncertainty:      0.178ns  ((TSJ^2 + DJ^2)^1/2) / 2 + PE
    Total System Jitter     (TSJ):    0.050ns
    Discrete Jitter          (DJ):    0.152ns
    Phase Error              (PE):    0.099ns

    Location             Delay type                Incr(ns)  Path(ns)    Netlist Resource(s)
  -------------------------------------------------------------------    -------------------
                         (clock clk_out2_clk_wiz_1 rise edge)
                                                      0.000     0.000 r  
    BUFGCTRL_X0Y2        BUFG                         0.000     0.000 r  clk_IBUF_BUFG_inst/O
                         net (fo=303, routed)         1.761     1.761    datapath/Audio_Codec/audiocodec_master_clock/inst/clk_in1
    MMCME2_ADV_X0Y2      MMCME2_ADV (Prop_mmcme2_adv_CLKIN1_CLKOUT1)
                                                     -3.701    -1.939 r  datapath/Audio_Codec/audiocodec_master_clock/inst/mmcm_adv_inst/CLKOUT1
                         net (fo=1, routed)           1.843    -0.096    datapath/Audio_Codec/audiocodec_master_clock/inst/clk_out2_clk_wiz_1
    BUFGCTRL_X0Y3        BUFG (Prop_bufg_I_O)         0.096    -0.000 r  datapath/Audio_Codec/audiocodec_master_clock/inst/clkout2_buf/O
                         net (fo=115, routed)         1.820     1.820    datapath/Audio_Codec/initialize_audio/twi_controller/CLK
    SLICE_X163Y119       FDRE                                         r  datapath/Audio_Codec/initialize_audio/twi_controller/rScl_reg/C
  -------------------------------------------------------------------    -------------------
    SLICE_X163Y119       FDRE (Prop_fdre_C_Q)         0.456     2.276 f  datapath/Audio_Codec/initialize_audio/twi_controller/rScl_reg/Q
                         net (fo=3, routed)           1.643     3.920    scl_IOBUF_inst/T
    W5                   OBUFT (TriStatE_obuft_T_O)
                                                      3.565     7.485 r  scl_IOBUF_inst/OBUFT/O
                         net (fo=1, unset)            0.000     7.485    scl
    W5                                                                r  scl (INOUT)
  -------------------------------------------------------------------    -------------------





Min Delay Paths
--------------------------------------------------------------------------------------
Slack:                    inf
  Source:                 datapath/Audio_Codec/initialize_audio/twi_controller/rScl_reg/C
                            (rising edge-triggered cell FDRE clocked by clk_out2_clk_wiz_1  {rise@0.000ns fall@10.000ns period=20.000ns})
  Destination:            scl
                            (output port)
  Path Group:             (none)
  Path Type:              Min at Fast Process Corner
  Data Path Delay:        1.563ns  (logic 0.965ns (61.721%)  route 0.598ns (38.279%))
  Logic Levels:           1  (OBUFT=1)
  Clock Uncertainty:      0.178ns  ((TSJ^2 + DJ^2)^1/2) / 2 + PE
    Total System Jitter     (TSJ):    0.050ns
    Discrete Jitter          (DJ):    0.152ns
    Phase Error              (PE):    0.099ns

    Location             Delay type                Incr(ns)  Path(ns)    Netlist Resource(s)
  -------------------------------------------------------------------    -------------------
                         (clock clk_out2_clk_wiz_1 rise edge)
                                                      0.000     0.000 r  
    BUFGCTRL_X0Y2        BUFG                         0.000     0.000 r  clk_IBUF_BUFG_inst/O
                         net (fo=303, routed)         0.610     0.610    datapath/Audio_Codec/audiocodec_master_clock/inst/clk_in1
    MMCME2_ADV_X0Y2      MMCME2_ADV (Prop_mmcme2_adv_CLKIN1_CLKOUT1)
                                                     -1.180    -0.571 r  datapath/Audio_Codec/audiocodec_master_clock/inst/mmcm_adv_inst/CLKOUT1
                         net (fo=1, routed)           0.545    -0.026    datapath/Audio_Codec/audiocodec_master_clock/inst/clk_out2_clk_wiz_1
    BUFGCTRL_X0Y3        BUFG (Prop_bufg_I_O)         0.026     0.000 r  datapath/Audio_Codec/audiocodec_master_clock/inst/clkout2_buf/O
                         net (fo=115, routed)         0.640     0.640    datapath/Audio_Codec/initialize_audio/twi_controller/CLK
    SLICE_X163Y119       FDRE                                         r  datapath/Audio_Codec/initialize_audio/twi_controller/rScl_reg/C
  -------------------------------------------------------------------    -------------------
    SLICE_X163Y119       FDRE (Prop_fdre_C_Q)         0.141     0.781 r  datapath/Audio_Codec/initialize_audio/twi_controller/rScl_reg/Q
                         net (fo=3, routed)           0.598     1.379    scl_IOBUF_inst/T
    W5                   OBUFT (TriStatD_obuft_T_O)
                                                      0.824     2.203 r  scl_IOBUF_inst/OBUFT/O
                         net (fo=1, unset)            0.000     2.203    scl
    W5                                                                r  scl (INOUT)
  -------------------------------------------------------------------    -------------------

Slack:                    inf
  Source:                 datapath/Audio_Codec/initialize_audio/twi_controller/rSda_reg/C
                            (rising edge-triggered cell FDRE clocked by clk_out2_clk_wiz_1  {rise@0.000ns fall@10.000ns period=20.000ns})
  Destination:            sda
                            (output port)
  Path Group:             (none)
  Path Type:              Min at Fast Process Corner
  Data Path Delay:        1.608ns  (logic 0.988ns (61.438%)  route 0.620ns (38.562%))
  Logic Levels:           1  (OBUFT=1)
  Clock Uncertainty:      0.178ns  ((TSJ^2 + DJ^2)^1/2) / 2 + PE
    Total System Jitter     (TSJ):    0.050ns
    Discrete Jitter          (DJ):    0.152ns
    Phase Error              (PE):    0.099ns

    Location             Delay type                Incr(ns)  Path(ns)    Netlist Resource(s)
  -------------------------------------------------------------------    -------------------
                         (clock clk_out2_clk_wiz_1 rise edge)
                                                      0.000     0.000 r  
    BUFGCTRL_X0Y2        BUFG                         0.000     0.000 r  clk_IBUF_BUFG_inst/O
                         net (fo=303, routed)         0.610     0.610    datapath/Audio_Codec/audiocodec_master_clock/inst/clk_in1
    MMCME2_ADV_X0Y2      MMCME2_ADV (Prop_mmcme2_adv_CLKIN1_CLKOUT1)
                                                     -1.180    -0.571 r  datapath/Audio_Codec/audiocodec_master_clock/inst/mmcm_adv_inst/CLKOUT1
                         net (fo=1, routed)           0.545    -0.026    datapath/Audio_Codec/audiocodec_master_clock/inst/clk_out2_clk_wiz_1
    BUFGCTRL_X0Y3        BUFG (Prop_bufg_I_O)         0.026     0.000 r  datapath/Audio_Codec/audiocodec_master_clock/inst/clkout2_buf/O
                         net (fo=115, routed)         0.641     0.641    datapath/Audio_Codec/initialize_audio/twi_controller/CLK
    SLICE_X162Y118       FDRE                                         r  datapath/Audio_Codec/initialize_audio/twi_controller/rSda_reg/C
  -------------------------------------------------------------------    -------------------
    SLICE_X162Y118       FDRE (Prop_fdre_C_Q)         0.164     0.805 r  datapath/Audio_Codec/initialize_audio/twi_controller/rSda_reg/Q
                         net (fo=3, routed)           0.620     1.425    sda_IOBUF_inst/T
    V5                   OBUFT (TriStatD_obuft_T_O)
                                                      0.824     2.249 r  sda_IOBUF_inst/OBUFT/O
                         net (fo=1, unset)            0.000     2.249    sda
    V5                                                                r  sda (INOUT)
  -------------------------------------------------------------------    -------------------





--------------------------------------------------------------------------------------
Path Group:  (none)
From Clock:  clk_out2_clk_wiz_2
  To Clock:  

Max Delay             8 Endpoints
Min Delay             8 Endpoints
--------------------------------------------------------------------------------------


Max Delay Paths
--------------------------------------------------------------------------------------
Slack:                    inf
  Source:                 datapath/video_inst/inst_dvid/ODDR2_red/C
                            (falling edge-triggered cell ODDR clocked by clk_out2_clk_wiz_2  {rise@0.000ns fall@4.000ns period=8.000ns})
  Destination:            tmdsb[2]
                            (output port)
  Path Group:             (none)
  Path Type:              Max at Slow Process Corner
  Data Path Delay:        2.370ns  (logic 2.369ns (99.958%)  route 0.001ns (0.042%))
  Logic Levels:           1  (OBUFDS=1)
  Clock Uncertainty:      0.166ns  ((TSJ^2 + DJ^2)^1/2) / 2 + PE
    Total System Jitter     (TSJ):    0.050ns
    Discrete Jitter          (DJ):    0.125ns
    Phase Error              (PE):    0.099ns

    Location             Delay type                Incr(ns)  Path(ns)    Netlist Resource(s)
  -------------------------------------------------------------------    -------------------
                         (clock clk_out2_clk_wiz_2 fall edge)
                                                      4.000     4.000 f  
    BUFGCTRL_X0Y2        BUFG                         0.000     4.000 f  clk_IBUF_BUFG_inst/O
                         net (fo=303, routed)         2.106     6.106    datapath/video_inst/mmcm_adv_inst_display_clocks/inst/clk_in1
    MMCME2_ADV_X1Y0      MMCME2_ADV (Prop_mmcme2_adv_CLKIN1_CLKOUT1)
                                                     -4.900     1.207 f  datapath/video_inst/mmcm_adv_inst_display_clocks/inst/mmcm_adv_inst/CLKOUT1
                         net (fo=1, routed)           2.697     3.904    datapath/video_inst/mmcm_adv_inst_display_clocks/inst/clk_out2_clk_wiz_2
    BUFGCTRL_X0Y0        BUFG (Prop_bufg_I_O)         0.096     4.000 f  datapath/video_inst/mmcm_adv_inst_display_clocks/inst/clkout2_buf/O
                         net (fo=44, routed)          1.831     5.831    datapath/video_inst/inst_dvid/clk_out2
    OLOGIC_X1Y134        ODDR                                         f  datapath/video_inst/inst_dvid/ODDR2_red/C
  -------------------------------------------------------------------    -------------------
    OLOGIC_X1Y134        ODDR (Prop_oddr_C_Q)         0.472     6.303 r  datapath/video_inst/inst_dvid/ODDR2_red/Q
                         net (fo=1, routed)           0.001     6.304    datapath/video_inst/red_s
    AB3                  OBUFDS (Prop_obufds_I_OB)    1.897     8.201 r  datapath/video_inst/OBUFDS_green/OB
                         net (fo=0)                   0.000     8.201    tmdsb[2]
    AB2                                                               r  tmdsb[2] (OUT)
  -------------------------------------------------------------------    -------------------

Slack:                    inf
  Source:                 datapath/video_inst/inst_dvid/ODDR2_green/C
                            (falling edge-triggered cell ODDR clocked by clk_out2_clk_wiz_2  {rise@0.000ns fall@4.000ns period=8.000ns})
  Destination:            tmdsb[1]
                            (output port)
  Path Group:             (none)
  Path Type:              Max at Slow Process Corner
  Data Path Delay:        2.369ns  (logic 2.368ns (99.958%)  route 0.001ns (0.042%))
  Logic Levels:           1  (OBUFDS=1)
  Clock Uncertainty:      0.166ns  ((TSJ^2 + DJ^2)^1/2) / 2 + PE
    Total System Jitter     (TSJ):    0.050ns
    Discrete Jitter          (DJ):    0.125ns
    Phase Error              (PE):    0.099ns

    Location             Delay type                Incr(ns)  Path(ns)    Netlist Resource(s)
  -------------------------------------------------------------------    -------------------
                         (clock clk_out2_clk_wiz_2 fall edge)
                                                      4.000     4.000 f  
    BUFGCTRL_X0Y2        BUFG                         0.000     4.000 f  clk_IBUF_BUFG_inst/O
                         net (fo=303, routed)         2.106     6.106    datapath/video_inst/mmcm_adv_inst_display_clocks/inst/clk_in1
    MMCME2_ADV_X1Y0      MMCME2_ADV (Prop_mmcme2_adv_CLKIN1_CLKOUT1)
                                                     -4.900     1.207 f  datapath/video_inst/mmcm_adv_inst_display_clocks/inst/mmcm_adv_inst/CLKOUT1
                         net (fo=1, routed)           2.697     3.904    datapath/video_inst/mmcm_adv_inst_display_clocks/inst/clk_out2_clk_wiz_2
    BUFGCTRL_X0Y0        BUFG (Prop_bufg_I_O)         0.096     4.000 f  datapath/video_inst/mmcm_adv_inst_display_clocks/inst/clkout2_buf/O
                         net (fo=44, routed)          1.832     5.832    datapath/video_inst/inst_dvid/clk_out2
    OLOGIC_X1Y136        ODDR                                         f  datapath/video_inst/inst_dvid/ODDR2_green/C
  -------------------------------------------------------------------    -------------------
    OLOGIC_X1Y136        ODDR (Prop_oddr_C_Q)         0.472     6.304 r  datapath/video_inst/inst_dvid/ODDR2_green/Q
                         net (fo=1, routed)           0.001     6.305    datapath/video_inst/green_s
    AA1                  OBUFDS (Prop_obufds_I_OB)    1.896     8.201 r  datapath/video_inst/OBUFDS_red/OB
                         net (fo=0)                   0.000     8.201    tmdsb[1]
    AB1                                                               r  tmdsb[1] (OUT)
  -------------------------------------------------------------------    -------------------

Slack:                    inf
  Source:                 datapath/video_inst/inst_dvid/ODDR2_red/C
                            (falling edge-triggered cell ODDR clocked by clk_out2_clk_wiz_2  {rise@0.000ns fall@4.000ns period=8.000ns})
  Destination:            tmds[2]
                            (output port)
  Path Group:             (none)
  Path Type:              Max at Slow Process Corner
  Data Path Delay:        2.369ns  (logic 2.368ns (99.958%)  route 0.001ns (0.042%))
  Logic Levels:           1  (OBUFDS=1)
  Clock Uncertainty:      0.166ns  ((TSJ^2 + DJ^2)^1/2) / 2 + PE
    Total System Jitter     (TSJ):    0.050ns
    Discrete Jitter          (DJ):    0.125ns
    Phase Error              (PE):    0.099ns

    Location             Delay type                Incr(ns)  Path(ns)    Netlist Resource(s)
  -------------------------------------------------------------------    -------------------
                         (clock clk_out2_clk_wiz_2 fall edge)
                                                      4.000     4.000 f  
    BUFGCTRL_X0Y2        BUFG                         0.000     4.000 f  clk_IBUF_BUFG_inst/O
                         net (fo=303, routed)         2.106     6.106    datapath/video_inst/mmcm_adv_inst_display_clocks/inst/clk_in1
    MMCME2_ADV_X1Y0      MMCME2_ADV (Prop_mmcme2_adv_CLKIN1_CLKOUT1)
                                                     -4.900     1.207 f  datapath/video_inst/mmcm_adv_inst_display_clocks/inst/mmcm_adv_inst/CLKOUT1
                         net (fo=1, routed)           2.697     3.904    datapath/video_inst/mmcm_adv_inst_display_clocks/inst/clk_out2_clk_wiz_2
    BUFGCTRL_X0Y0        BUFG (Prop_bufg_I_O)         0.096     4.000 f  datapath/video_inst/mmcm_adv_inst_display_clocks/inst/clkout2_buf/O
                         net (fo=44, routed)          1.831     5.831    datapath/video_inst/inst_dvid/clk_out2
    OLOGIC_X1Y134        ODDR                                         f  datapath/video_inst/inst_dvid/ODDR2_red/C
  -------------------------------------------------------------------    -------------------
    OLOGIC_X1Y134        ODDR (Prop_oddr_C_Q)         0.472     6.303 r  datapath/video_inst/inst_dvid/ODDR2_red/Q
                         net (fo=1, routed)           0.001     6.304    datapath/video_inst/red_s
    AB3                  OBUFDS (Prop_obufds_I_O)     1.896     8.200 r  datapath/video_inst/OBUFDS_green/O
                         net (fo=0)                   0.000     8.200    tmds[2]
    AB3                                                               r  tmds[2] (OUT)
  -------------------------------------------------------------------    -------------------

Slack:                    inf
  Source:                 datapath/video_inst/inst_dvid/ODDR2_green/C
                            (falling edge-triggered cell ODDR clocked by clk_out2_clk_wiz_2  {rise@0.000ns fall@4.000ns period=8.000ns})
  Destination:            tmds[1]
                            (output port)
  Path Group:             (none)
  Path Type:              Max at Slow Process Corner
  Data Path Delay:        2.368ns  (logic 2.367ns (99.958%)  route 0.001ns (0.042%))
  Logic Levels:           1  (OBUFDS=1)
  Clock Uncertainty:      0.166ns  ((TSJ^2 + DJ^2)^1/2) / 2 + PE
    Total System Jitter     (TSJ):    0.050ns
    Discrete Jitter          (DJ):    0.125ns
    Phase Error              (PE):    0.099ns

    Location             Delay type                Incr(ns)  Path(ns)    Netlist Resource(s)
  -------------------------------------------------------------------    -------------------
                         (clock clk_out2_clk_wiz_2 fall edge)
                                                      4.000     4.000 f  
    BUFGCTRL_X0Y2        BUFG                         0.000     4.000 f  clk_IBUF_BUFG_inst/O
                         net (fo=303, routed)         2.106     6.106    datapath/video_inst/mmcm_adv_inst_display_clocks/inst/clk_in1
    MMCME2_ADV_X1Y0      MMCME2_ADV (Prop_mmcme2_adv_CLKIN1_CLKOUT1)
                                                     -4.900     1.207 f  datapath/video_inst/mmcm_adv_inst_display_clocks/inst/mmcm_adv_inst/CLKOUT1
                         net (fo=1, routed)           2.697     3.904    datapath/video_inst/mmcm_adv_inst_display_clocks/inst/clk_out2_clk_wiz_2
    BUFGCTRL_X0Y0        BUFG (Prop_bufg_I_O)         0.096     4.000 f  datapath/video_inst/mmcm_adv_inst_display_clocks/inst/clkout2_buf/O
                         net (fo=44, routed)          1.832     5.832    datapath/video_inst/inst_dvid/clk_out2
    OLOGIC_X1Y136        ODDR                                         f  datapath/video_inst/inst_dvid/ODDR2_green/C
  -------------------------------------------------------------------    -------------------
    OLOGIC_X1Y136        ODDR (Prop_oddr_C_Q)         0.472     6.304 r  datapath/video_inst/inst_dvid/ODDR2_green/Q
                         net (fo=1, routed)           0.001     6.305    datapath/video_inst/green_s
    AA1                  OBUFDS (Prop_obufds_I_O)     1.895     8.200 r  datapath/video_inst/OBUFDS_red/O
                         net (fo=0)                   0.000     8.200    tmds[1]
    AA1                                                               r  tmds[1] (OUT)
  -------------------------------------------------------------------    -------------------

Slack:                    inf
  Source:                 datapath/video_inst/inst_dvid/ODDR2_blue/C
                            (falling edge-triggered cell ODDR clocked by clk_out2_clk_wiz_2  {rise@0.000ns fall@4.000ns period=8.000ns})
  Destination:            tmdsb[0]
                            (output port)
  Path Group:             (none)
  Path Type:              Max at Slow Process Corner
  Data Path Delay:        2.358ns  (logic 2.357ns (99.958%)  route 0.001ns (0.042%))
  Logic Levels:           1  (OBUFDS=1)
  Clock Uncertainty:      0.166ns  ((TSJ^2 + DJ^2)^1/2) / 2 + PE
    Total System Jitter     (TSJ):    0.050ns
    Discrete Jitter          (DJ):    0.125ns
    Phase Error              (PE):    0.099ns

    Location             Delay type                Incr(ns)  Path(ns)    Netlist Resource(s)
  -------------------------------------------------------------------    -------------------
                         (clock clk_out2_clk_wiz_2 fall edge)
                                                      4.000     4.000 f  
    BUFGCTRL_X0Y2        BUFG                         0.000     4.000 f  clk_IBUF_BUFG_inst/O
                         net (fo=303, routed)         2.106     6.106    datapath/video_inst/mmcm_adv_inst_display_clocks/inst/clk_in1
    MMCME2_ADV_X1Y0      MMCME2_ADV (Prop_mmcme2_adv_CLKIN1_CLKOUT1)
                                                     -4.900     1.207 f  datapath/video_inst/mmcm_adv_inst_display_clocks/inst/mmcm_adv_inst/CLKOUT1
                         net (fo=1, routed)           2.697     3.904    datapath/video_inst/mmcm_adv_inst_display_clocks/inst/clk_out2_clk_wiz_2
    BUFGCTRL_X0Y0        BUFG (Prop_bufg_I_O)         0.096     4.000 f  datapath/video_inst/mmcm_adv_inst_display_clocks/inst/clkout2_buf/O
                         net (fo=44, routed)          1.835     5.835    datapath/video_inst/inst_dvid/clk_out2
    OLOGIC_X1Y140        ODDR                                         f  datapath/video_inst/inst_dvid/ODDR2_blue/C
  -------------------------------------------------------------------    -------------------
    OLOGIC_X1Y140        ODDR (Prop_oddr_C_Q)         0.472     6.307 r  datapath/video_inst/inst_dvid/ODDR2_blue/Q
                         net (fo=1, routed)           0.001     6.308    datapath/video_inst/blue_s
    W1                   OBUFDS (Prop_obufds_I_OB)    1.885     8.193 r  datapath/video_inst/OBUFDS_blue/OB
                         net (fo=0)                   0.000     8.193    tmdsb[0]
    Y1                                                                r  tmdsb[0] (OUT)
  -------------------------------------------------------------------    -------------------

Slack:                    inf
  Source:                 datapath/video_inst/inst_dvid/ODDR2_blue/C
                            (falling edge-triggered cell ODDR clocked by clk_out2_clk_wiz_2  {rise@0.000ns fall@4.000ns period=8.000ns})
  Destination:            tmds[0]
                            (output port)
  Path Group:             (none)
  Path Type:              Max at Slow Process Corner
  Data Path Delay:        2.357ns  (logic 2.356ns (99.958%)  route 0.001ns (0.042%))
  Logic Levels:           1  (OBUFDS=1)
  Clock Uncertainty:      0.166ns  ((TSJ^2 + DJ^2)^1/2) / 2 + PE
    Total System Jitter     (TSJ):    0.050ns
    Discrete Jitter          (DJ):    0.125ns
    Phase Error              (PE):    0.099ns

    Location             Delay type                Incr(ns)  Path(ns)    Netlist Resource(s)
  -------------------------------------------------------------------    -------------------
                         (clock clk_out2_clk_wiz_2 fall edge)
                                                      4.000     4.000 f  
    BUFGCTRL_X0Y2        BUFG                         0.000     4.000 f  clk_IBUF_BUFG_inst/O
                         net (fo=303, routed)         2.106     6.106    datapath/video_inst/mmcm_adv_inst_display_clocks/inst/clk_in1
    MMCME2_ADV_X1Y0      MMCME2_ADV (Prop_mmcme2_adv_CLKIN1_CLKOUT1)
                                                     -4.900     1.207 f  datapath/video_inst/mmcm_adv_inst_display_clocks/inst/mmcm_adv_inst/CLKOUT1
                         net (fo=1, routed)           2.697     3.904    datapath/video_inst/mmcm_adv_inst_display_clocks/inst/clk_out2_clk_wiz_2
    BUFGCTRL_X0Y0        BUFG (Prop_bufg_I_O)         0.096     4.000 f  datapath/video_inst/mmcm_adv_inst_display_clocks/inst/clkout2_buf/O
                         net (fo=44, routed)          1.835     5.835    datapath/video_inst/inst_dvid/clk_out2
    OLOGIC_X1Y140        ODDR                                         f  datapath/video_inst/inst_dvid/ODDR2_blue/C
  -------------------------------------------------------------------    -------------------
    OLOGIC_X1Y140        ODDR (Prop_oddr_C_Q)         0.472     6.307 r  datapath/video_inst/inst_dvid/ODDR2_blue/Q
                         net (fo=1, routed)           0.001     6.308    datapath/video_inst/blue_s
    W1                   OBUFDS (Prop_obufds_I_O)     1.884     8.192 r  datapath/video_inst/OBUFDS_blue/O
                         net (fo=0)                   0.000     8.192    tmds[0]
    W1                                                                r  tmds[0] (OUT)
  -------------------------------------------------------------------    -------------------

Slack:                    inf
  Source:                 datapath/video_inst/inst_dvid/ODDR2_clock/C
                            (falling edge-triggered cell ODDR clocked by clk_out2_clk_wiz_2  {rise@0.000ns fall@4.000ns period=8.000ns})
  Destination:            tmdsb[3]
                            (output port)
  Path Group:             (none)
  Path Type:              Max at Slow Process Corner
  Data Path Delay:        2.341ns  (logic 2.340ns (99.957%)  route 0.001ns (0.043%))
  Logic Levels:           1  (OBUFDS=1)
  Clock Uncertainty:      0.166ns  ((TSJ^2 + DJ^2)^1/2) / 2 + PE
    Total System Jitter     (TSJ):    0.050ns
    Discrete Jitter          (DJ):    0.125ns
    Phase Error              (PE):    0.099ns

    Location             Delay type                Incr(ns)  Path(ns)    Netlist Resource(s)
  -------------------------------------------------------------------    -------------------
                         (clock clk_out2_clk_wiz_2 fall edge)
                                                      4.000     4.000 f  
    BUFGCTRL_X0Y2        BUFG                         0.000     4.000 f  clk_IBUF_BUFG_inst/O
                         net (fo=303, routed)         2.106     6.106    datapath/video_inst/mmcm_adv_inst_display_clocks/inst/clk_in1
    MMCME2_ADV_X1Y0      MMCME2_ADV (Prop_mmcme2_adv_CLKIN1_CLKOUT1)
                                                     -4.900     1.207 f  datapath/video_inst/mmcm_adv_inst_display_clocks/inst/mmcm_adv_inst/CLKOUT1
                         net (fo=1, routed)           2.697     3.904    datapath/video_inst/mmcm_adv_inst_display_clocks/inst/clk_out2_clk_wiz_2
    BUFGCTRL_X0Y0        BUFG (Prop_bufg_I_O)         0.096     4.000 f  datapath/video_inst/mmcm_adv_inst_display_clocks/inst/clkout2_buf/O
                         net (fo=44, routed)          1.838     5.838    datapath/video_inst/inst_dvid/clk_out2
    OLOGIC_X1Y148        ODDR                                         f  datapath/video_inst/inst_dvid/ODDR2_clock/C
  -------------------------------------------------------------------    -------------------
    OLOGIC_X1Y148        ODDR (Prop_oddr_C_Q)         0.472     6.310 r  datapath/video_inst/inst_dvid/ODDR2_clock/Q
                         net (fo=1, routed)           0.001     6.311    datapath/video_inst/clock_s
    T1                   OBUFDS (Prop_obufds_I_OB)    1.868     8.179 r  datapath/video_inst/OBUFDS_clock/OB
                         net (fo=0)                   0.000     8.179    tmdsb[3]
    U1                                                                r  tmdsb[3] (OUT)
  -------------------------------------------------------------------    -------------------

Slack:                    inf
  Source:                 datapath/video_inst/inst_dvid/ODDR2_clock/C
                            (falling edge-triggered cell ODDR clocked by clk_out2_clk_wiz_2  {rise@0.000ns fall@4.000ns period=8.000ns})
  Destination:            tmds[3]
                            (output port)
  Path Group:             (none)
  Path Type:              Max at Slow Process Corner
  Data Path Delay:        2.340ns  (logic 2.339ns (99.957%)  route 0.001ns (0.043%))
  Logic Levels:           1  (OBUFDS=1)
  Clock Uncertainty:      0.166ns  ((TSJ^2 + DJ^2)^1/2) / 2 + PE
    Total System Jitter     (TSJ):    0.050ns
    Discrete Jitter          (DJ):    0.125ns
    Phase Error              (PE):    0.099ns

    Location             Delay type                Incr(ns)  Path(ns)    Netlist Resource(s)
  -------------------------------------------------------------------    -------------------
                         (clock clk_out2_clk_wiz_2 fall edge)
                                                      4.000     4.000 f  
    BUFGCTRL_X0Y2        BUFG                         0.000     4.000 f  clk_IBUF_BUFG_inst/O
                         net (fo=303, routed)         2.106     6.106    datapath/video_inst/mmcm_adv_inst_display_clocks/inst/clk_in1
    MMCME2_ADV_X1Y0      MMCME2_ADV (Prop_mmcme2_adv_CLKIN1_CLKOUT1)
                                                     -4.900     1.207 f  datapath/video_inst/mmcm_adv_inst_display_clocks/inst/mmcm_adv_inst/CLKOUT1
                         net (fo=1, routed)           2.697     3.904    datapath/video_inst/mmcm_adv_inst_display_clocks/inst/clk_out2_clk_wiz_2
    BUFGCTRL_X0Y0        BUFG (Prop_bufg_I_O)         0.096     4.000 f  datapath/video_inst/mmcm_adv_inst_display_clocks/inst/clkout2_buf/O
                         net (fo=44, routed)          1.838     5.838    datapath/video_inst/inst_dvid/clk_out2
    OLOGIC_X1Y148        ODDR                                         f  datapath/video_inst/inst_dvid/ODDR2_clock/C
  -------------------------------------------------------------------    -------------------
    OLOGIC_X1Y148        ODDR (Prop_oddr_C_Q)         0.472     6.310 r  datapath/video_inst/inst_dvid/ODDR2_clock/Q
                         net (fo=1, routed)           0.001     6.311    datapath/video_inst/clock_s
    T1                   OBUFDS (Prop_obufds_I_O)     1.867     8.178 r  datapath/video_inst/OBUFDS_clock/O
                         net (fo=0)                   0.000     8.178    tmds[3]
    T1                                                                r  tmds[3] (OUT)
  -------------------------------------------------------------------    -------------------





Min Delay Paths
--------------------------------------------------------------------------------------
Slack:                    inf
  Source:                 datapath/video_inst/inst_dvid/ODDR2_clock/C
                            (rising edge-triggered cell ODDR clocked by clk_out2_clk_wiz_2  {rise@0.000ns fall@4.000ns period=8.000ns})
  Destination:            tmds[3]
                            (output port)
  Path Group:             (none)
  Path Type:              Min at Fast Process Corner
  Data Path Delay:        0.994ns  (logic 0.993ns (99.899%)  route 0.001ns (0.101%))
  Logic Levels:           1  (OBUFDS=1)
  Clock Uncertainty:      0.166ns  ((TSJ^2 + DJ^2)^1/2) / 2 + PE
    Total System Jitter     (TSJ):    0.050ns
    Discrete Jitter          (DJ):    0.125ns
    Phase Error              (PE):    0.099ns

    Location             Delay type                Incr(ns)  Path(ns)    Netlist Resource(s)
  -------------------------------------------------------------------    -------------------
                         (clock clk_out2_clk_wiz_2 rise edge)
                                                      0.000     0.000 r  
    BUFGCTRL_X0Y2        BUFG                         0.000     0.000 r  clk_IBUF_BUFG_inst/O
                         net (fo=303, routed)         0.745     0.745    datapath/video_inst/mmcm_adv_inst_display_clocks/inst/clk_in1
    MMCME2_ADV_X1Y0      MMCME2_ADV (Prop_mmcme2_adv_CLKIN1_CLKOUT1)
                                                     -1.683    -0.938 r  datapath/video_inst/mmcm_adv_inst_display_clocks/inst/mmcm_adv_inst/CLKOUT1
                         net (fo=1, routed)           0.912    -0.026    datapath/video_inst/mmcm_adv_inst_display_clocks/inst/clk_out2_clk_wiz_2
    BUFGCTRL_X0Y0        BUFG (Prop_bufg_I_O)         0.026    -0.000 r  datapath/video_inst/mmcm_adv_inst_display_clocks/inst/clkout2_buf/O
                         net (fo=44, routed)          0.640     0.640    datapath/video_inst/inst_dvid/clk_out2
    OLOGIC_X1Y148        ODDR                                         r  datapath/video_inst/inst_dvid/ODDR2_clock/C
  -------------------------------------------------------------------    -------------------
    OLOGIC_X1Y148        ODDR (Prop_oddr_C_Q)         0.177     0.817 r  datapath/video_inst/inst_dvid/ODDR2_clock/Q
                         net (fo=1, routed)           0.001     0.818    datapath/video_inst/clock_s
    T1                   OBUFDS (Prop_obufds_I_O)     0.816     1.634 r  datapath/video_inst/OBUFDS_clock/O
                         net (fo=0)                   0.000     1.634    tmds[3]
    T1                                                                r  tmds[3] (OUT)
  -------------------------------------------------------------------    -------------------

Slack:                    inf
  Source:                 datapath/video_inst/inst_dvid/ODDR2_clock/C
                            (rising edge-triggered cell ODDR clocked by clk_out2_clk_wiz_2  {rise@0.000ns fall@4.000ns period=8.000ns})
  Destination:            tmdsb[3]
                            (output port)
  Path Group:             (none)
  Path Type:              Min at Fast Process Corner
  Data Path Delay:        0.995ns  (logic 0.994ns (99.899%)  route 0.001ns (0.101%))
  Logic Levels:           1  (OBUFDS=1)
  Clock Uncertainty:      0.166ns  ((TSJ^2 + DJ^2)^1/2) / 2 + PE
    Total System Jitter     (TSJ):    0.050ns
    Discrete Jitter          (DJ):    0.125ns
    Phase Error              (PE):    0.099ns

    Location             Delay type                Incr(ns)  Path(ns)    Netlist Resource(s)
  -------------------------------------------------------------------    -------------------
                         (clock clk_out2_clk_wiz_2 rise edge)
                                                      0.000     0.000 r  
    BUFGCTRL_X0Y2        BUFG                         0.000     0.000 r  clk_IBUF_BUFG_inst/O
                         net (fo=303, routed)         0.745     0.745    datapath/video_inst/mmcm_adv_inst_display_clocks/inst/clk_in1
    MMCME2_ADV_X1Y0      MMCME2_ADV (Prop_mmcme2_adv_CLKIN1_CLKOUT1)
                                                     -1.683    -0.938 r  datapath/video_inst/mmcm_adv_inst_display_clocks/inst/mmcm_adv_inst/CLKOUT1
                         net (fo=1, routed)           0.912    -0.026    datapath/video_inst/mmcm_adv_inst_display_clocks/inst/clk_out2_clk_wiz_2
    BUFGCTRL_X0Y0        BUFG (Prop_bufg_I_O)         0.026    -0.000 r  datapath/video_inst/mmcm_adv_inst_display_clocks/inst/clkout2_buf/O
                         net (fo=44, routed)          0.640     0.640    datapath/video_inst/inst_dvid/clk_out2
    OLOGIC_X1Y148        ODDR                                         r  datapath/video_inst/inst_dvid/ODDR2_clock/C
  -------------------------------------------------------------------    -------------------
    OLOGIC_X1Y148        ODDR (Prop_oddr_C_Q)         0.177     0.817 r  datapath/video_inst/inst_dvid/ODDR2_clock/Q
                         net (fo=1, routed)           0.001     0.818    datapath/video_inst/clock_s
    T1                   OBUFDS (Prop_obufds_I_OB)    0.817     1.635 r  datapath/video_inst/OBUFDS_clock/OB
                         net (fo=0)                   0.000     1.635    tmdsb[3]
    U1                                                                r  tmdsb[3] (OUT)
  -------------------------------------------------------------------    -------------------

Slack:                    inf
  Source:                 datapath/video_inst/inst_dvid/ODDR2_blue/C
                            (rising edge-triggered cell ODDR clocked by clk_out2_clk_wiz_2  {rise@0.000ns fall@4.000ns period=8.000ns})
  Destination:            tmds[0]
                            (output port)
  Path Group:             (none)
  Path Type:              Min at Fast Process Corner
  Data Path Delay:        1.010ns  (logic 1.009ns (99.901%)  route 0.001ns (0.099%))
  Logic Levels:           1  (OBUFDS=1)
  Clock Uncertainty:      0.166ns  ((TSJ^2 + DJ^2)^1/2) / 2 + PE
    Total System Jitter     (TSJ):    0.050ns
    Discrete Jitter          (DJ):    0.125ns
    Phase Error              (PE):    0.099ns

    Location             Delay type                Incr(ns)  Path(ns)    Netlist Resource(s)
  -------------------------------------------------------------------    -------------------
                         (clock clk_out2_clk_wiz_2 rise edge)
                                                      0.000     0.000 r  
    BUFGCTRL_X0Y2        BUFG                         0.000     0.000 r  clk_IBUF_BUFG_inst/O
                         net (fo=303, routed)         0.745     0.745    datapath/video_inst/mmcm_adv_inst_display_clocks/inst/clk_in1
    MMCME2_ADV_X1Y0      MMCME2_ADV (Prop_mmcme2_adv_CLKIN1_CLKOUT1)
                                                     -1.683    -0.938 r  datapath/video_inst/mmcm_adv_inst_display_clocks/inst/mmcm_adv_inst/CLKOUT1
                         net (fo=1, routed)           0.912    -0.026    datapath/video_inst/mmcm_adv_inst_display_clocks/inst/clk_out2_clk_wiz_2
    BUFGCTRL_X0Y0        BUFG (Prop_bufg_I_O)         0.026    -0.000 r  datapath/video_inst/mmcm_adv_inst_display_clocks/inst/clkout2_buf/O
                         net (fo=44, routed)          0.638     0.638    datapath/video_inst/inst_dvid/clk_out2
    OLOGIC_X1Y140        ODDR                                         r  datapath/video_inst/inst_dvid/ODDR2_blue/C
  -------------------------------------------------------------------    -------------------
    OLOGIC_X1Y140        ODDR (Prop_oddr_C_Q)         0.177     0.815 r  datapath/video_inst/inst_dvid/ODDR2_blue/Q
                         net (fo=1, routed)           0.001     0.816    datapath/video_inst/blue_s
    W1                   OBUFDS (Prop_obufds_I_O)     0.832     1.648 r  datapath/video_inst/OBUFDS_blue/O
                         net (fo=0)                   0.000     1.648    tmds[0]
    W1                                                                r  tmds[0] (OUT)
  -------------------------------------------------------------------    -------------------

Slack:                    inf
  Source:                 datapath/video_inst/inst_dvid/ODDR2_blue/C
                            (rising edge-triggered cell ODDR clocked by clk_out2_clk_wiz_2  {rise@0.000ns fall@4.000ns period=8.000ns})
  Destination:            tmdsb[0]
                            (output port)
  Path Group:             (none)
  Path Type:              Min at Fast Process Corner
  Data Path Delay:        1.011ns  (logic 1.010ns (99.901%)  route 0.001ns (0.099%))
  Logic Levels:           1  (OBUFDS=1)
  Clock Uncertainty:      0.166ns  ((TSJ^2 + DJ^2)^1/2) / 2 + PE
    Total System Jitter     (TSJ):    0.050ns
    Discrete Jitter          (DJ):    0.125ns
    Phase Error              (PE):    0.099ns

    Location             Delay type                Incr(ns)  Path(ns)    Netlist Resource(s)
  -------------------------------------------------------------------    -------------------
                         (clock clk_out2_clk_wiz_2 rise edge)
                                                      0.000     0.000 r  
    BUFGCTRL_X0Y2        BUFG                         0.000     0.000 r  clk_IBUF_BUFG_inst/O
                         net (fo=303, routed)         0.745     0.745    datapath/video_inst/mmcm_adv_inst_display_clocks/inst/clk_in1
    MMCME2_ADV_X1Y0      MMCME2_ADV (Prop_mmcme2_adv_CLKIN1_CLKOUT1)
                                                     -1.683    -0.938 r  datapath/video_inst/mmcm_adv_inst_display_clocks/inst/mmcm_adv_inst/CLKOUT1
                         net (fo=1, routed)           0.912    -0.026    datapath/video_inst/mmcm_adv_inst_display_clocks/inst/clk_out2_clk_wiz_2
    BUFGCTRL_X0Y0        BUFG (Prop_bufg_I_O)         0.026    -0.000 r  datapath/video_inst/mmcm_adv_inst_display_clocks/inst/clkout2_buf/O
                         net (fo=44, routed)          0.638     0.638    datapath/video_inst/inst_dvid/clk_out2
    OLOGIC_X1Y140        ODDR                                         r  datapath/video_inst/inst_dvid/ODDR2_blue/C
  -------------------------------------------------------------------    -------------------
    OLOGIC_X1Y140        ODDR (Prop_oddr_C_Q)         0.177     0.815 r  datapath/video_inst/inst_dvid/ODDR2_blue/Q
                         net (fo=1, routed)           0.001     0.816    datapath/video_inst/blue_s
    W1                   OBUFDS (Prop_obufds_I_OB)    0.833     1.649 r  datapath/video_inst/OBUFDS_blue/OB
                         net (fo=0)                   0.000     1.649    tmdsb[0]
    Y1                                                                r  tmdsb[0] (OUT)
  -------------------------------------------------------------------    -------------------

Slack:                    inf
  Source:                 datapath/video_inst/inst_dvid/ODDR2_green/C
                            (rising edge-triggered cell ODDR clocked by clk_out2_clk_wiz_2  {rise@0.000ns fall@4.000ns period=8.000ns})
  Destination:            tmds[1]
                            (output port)
  Path Group:             (none)
  Path Type:              Min at Fast Process Corner
  Data Path Delay:        1.022ns  (logic 1.021ns (99.902%)  route 0.001ns (0.098%))
  Logic Levels:           1  (OBUFDS=1)
  Clock Uncertainty:      0.166ns  ((TSJ^2 + DJ^2)^1/2) / 2 + PE
    Total System Jitter     (TSJ):    0.050ns
    Discrete Jitter          (DJ):    0.125ns
    Phase Error              (PE):    0.099ns

    Location             Delay type                Incr(ns)  Path(ns)    Netlist Resource(s)
  -------------------------------------------------------------------    -------------------
                         (clock clk_out2_clk_wiz_2 rise edge)
                                                      0.000     0.000 r  
    BUFGCTRL_X0Y2        BUFG                         0.000     0.000 r  clk_IBUF_BUFG_inst/O
                         net (fo=303, routed)         0.745     0.745    datapath/video_inst/mmcm_adv_inst_display_clocks/inst/clk_in1
    MMCME2_ADV_X1Y0      MMCME2_ADV (Prop_mmcme2_adv_CLKIN1_CLKOUT1)
                                                     -1.683    -0.938 r  datapath/video_inst/mmcm_adv_inst_display_clocks/inst/mmcm_adv_inst/CLKOUT1
                         net (fo=1, routed)           0.912    -0.026    datapath/video_inst/mmcm_adv_inst_display_clocks/inst/clk_out2_clk_wiz_2
    BUFGCTRL_X0Y0        BUFG (Prop_bufg_I_O)         0.026    -0.000 r  datapath/video_inst/mmcm_adv_inst_display_clocks/inst/clkout2_buf/O
                         net (fo=44, routed)          0.636     0.636    datapath/video_inst/inst_dvid/clk_out2
    OLOGIC_X1Y136        ODDR                                         r  datapath/video_inst/inst_dvid/ODDR2_green/C
  -------------------------------------------------------------------    -------------------
    OLOGIC_X1Y136        ODDR (Prop_oddr_C_Q)         0.177     0.813 r  datapath/video_inst/inst_dvid/ODDR2_green/Q
                         net (fo=1, routed)           0.001     0.814    datapath/video_inst/green_s
    AA1                  OBUFDS (Prop_obufds_I_O)     0.844     1.657 r  datapath/video_inst/OBUFDS_red/O
                         net (fo=0)                   0.000     1.657    tmds[1]
    AA1                                                               r  tmds[1] (OUT)
  -------------------------------------------------------------------    -------------------

Slack:                    inf
  Source:                 datapath/video_inst/inst_dvid/ODDR2_green/C
                            (rising edge-triggered cell ODDR clocked by clk_out2_clk_wiz_2  {rise@0.000ns fall@4.000ns period=8.000ns})
  Destination:            tmdsb[1]
                            (output port)
  Path Group:             (none)
  Path Type:              Min at Fast Process Corner
  Data Path Delay:        1.023ns  (logic 1.022ns (99.902%)  route 0.001ns (0.098%))
  Logic Levels:           1  (OBUFDS=1)
  Clock Uncertainty:      0.166ns  ((TSJ^2 + DJ^2)^1/2) / 2 + PE
    Total System Jitter     (TSJ):    0.050ns
    Discrete Jitter          (DJ):    0.125ns
    Phase Error              (PE):    0.099ns

    Location             Delay type                Incr(ns)  Path(ns)    Netlist Resource(s)
  -------------------------------------------------------------------    -------------------
                         (clock clk_out2_clk_wiz_2 rise edge)
                                                      0.000     0.000 r  
    BUFGCTRL_X0Y2        BUFG                         0.000     0.000 r  clk_IBUF_BUFG_inst/O
                         net (fo=303, routed)         0.745     0.745    datapath/video_inst/mmcm_adv_inst_display_clocks/inst/clk_in1
    MMCME2_ADV_X1Y0      MMCME2_ADV (Prop_mmcme2_adv_CLKIN1_CLKOUT1)
                                                     -1.683    -0.938 r  datapath/video_inst/mmcm_adv_inst_display_clocks/inst/mmcm_adv_inst/CLKOUT1
                         net (fo=1, routed)           0.912    -0.026    datapath/video_inst/mmcm_adv_inst_display_clocks/inst/clk_out2_clk_wiz_2
    BUFGCTRL_X0Y0        BUFG (Prop_bufg_I_O)         0.026    -0.000 r  datapath/video_inst/mmcm_adv_inst_display_clocks/inst/clkout2_buf/O
                         net (fo=44, routed)          0.636     0.636    datapath/video_inst/inst_dvid/clk_out2
    OLOGIC_X1Y136        ODDR                                         r  datapath/video_inst/inst_dvid/ODDR2_green/C
  -------------------------------------------------------------------    -------------------
    OLOGIC_X1Y136        ODDR (Prop_oddr_C_Q)         0.177     0.813 r  datapath/video_inst/inst_dvid/ODDR2_green/Q
                         net (fo=1, routed)           0.001     0.814    datapath/video_inst/green_s
    AA1                  OBUFDS (Prop_obufds_I_OB)    0.845     1.658 r  datapath/video_inst/OBUFDS_red/OB
                         net (fo=0)                   0.000     1.658    tmdsb[1]
    AB1                                                               r  tmdsb[1] (OUT)
  -------------------------------------------------------------------    -------------------

Slack:                    inf
  Source:                 datapath/video_inst/inst_dvid/ODDR2_red/C
                            (rising edge-triggered cell ODDR clocked by clk_out2_clk_wiz_2  {rise@0.000ns fall@4.000ns period=8.000ns})
  Destination:            tmds[2]
                            (output port)
  Path Group:             (none)
  Path Type:              Min at Fast Process Corner
  Data Path Delay:        1.023ns  (logic 1.022ns (99.902%)  route 0.001ns (0.098%))
  Logic Levels:           1  (OBUFDS=1)
  Clock Uncertainty:      0.166ns  ((TSJ^2 + DJ^2)^1/2) / 2 + PE
    Total System Jitter     (TSJ):    0.050ns
    Discrete Jitter          (DJ):    0.125ns
    Phase Error              (PE):    0.099ns

    Location             Delay type                Incr(ns)  Path(ns)    Netlist Resource(s)
  -------------------------------------------------------------------    -------------------
                         (clock clk_out2_clk_wiz_2 rise edge)
                                                      0.000     0.000 r  
    BUFGCTRL_X0Y2        BUFG                         0.000     0.000 r  clk_IBUF_BUFG_inst/O
                         net (fo=303, routed)         0.745     0.745    datapath/video_inst/mmcm_adv_inst_display_clocks/inst/clk_in1
    MMCME2_ADV_X1Y0      MMCME2_ADV (Prop_mmcme2_adv_CLKIN1_CLKOUT1)
                                                     -1.683    -0.938 r  datapath/video_inst/mmcm_adv_inst_display_clocks/inst/mmcm_adv_inst/CLKOUT1
                         net (fo=1, routed)           0.912    -0.026    datapath/video_inst/mmcm_adv_inst_display_clocks/inst/clk_out2_clk_wiz_2
    BUFGCTRL_X0Y0        BUFG (Prop_bufg_I_O)         0.026    -0.000 r  datapath/video_inst/mmcm_adv_inst_display_clocks/inst/clkout2_buf/O
                         net (fo=44, routed)          0.636     0.636    datapath/video_inst/inst_dvid/clk_out2
    OLOGIC_X1Y134        ODDR                                         r  datapath/video_inst/inst_dvid/ODDR2_red/C
  -------------------------------------------------------------------    -------------------
    OLOGIC_X1Y134        ODDR (Prop_oddr_C_Q)         0.177     0.813 r  datapath/video_inst/inst_dvid/ODDR2_red/Q
                         net (fo=1, routed)           0.001     0.814    datapath/video_inst/red_s
    AB3                  OBUFDS (Prop_obufds_I_O)     0.845     1.659 r  datapath/video_inst/OBUFDS_green/O
                         net (fo=0)                   0.000     1.659    tmds[2]
    AB3                                                               r  tmds[2] (OUT)
  -------------------------------------------------------------------    -------------------

Slack:                    inf
  Source:                 datapath/video_inst/inst_dvid/ODDR2_red/C
                            (rising edge-triggered cell ODDR clocked by clk_out2_clk_wiz_2  {rise@0.000ns fall@4.000ns period=8.000ns})
  Destination:            tmdsb[2]
                            (output port)
  Path Group:             (none)
  Path Type:              Min at Fast Process Corner
  Data Path Delay:        1.024ns  (logic 1.023ns (99.902%)  route 0.001ns (0.098%))
  Logic Levels:           1  (OBUFDS=1)
  Clock Uncertainty:      0.166ns  ((TSJ^2 + DJ^2)^1/2) / 2 + PE
    Total System Jitter     (TSJ):    0.050ns
    Discrete Jitter          (DJ):    0.125ns
    Phase Error              (PE):    0.099ns

    Location             Delay type                Incr(ns)  Path(ns)    Netlist Resource(s)
  -------------------------------------------------------------------    -------------------
                         (clock clk_out2_clk_wiz_2 rise edge)
                                                      0.000     0.000 r  
    BUFGCTRL_X0Y2        BUFG                         0.000     0.000 r  clk_IBUF_BUFG_inst/O
                         net (fo=303, routed)         0.745     0.745    datapath/video_inst/mmcm_adv_inst_display_clocks/inst/clk_in1
    MMCME2_ADV_X1Y0      MMCME2_ADV (Prop_mmcme2_adv_CLKIN1_CLKOUT1)
                                                     -1.683    -0.938 r  datapath/video_inst/mmcm_adv_inst_display_clocks/inst/mmcm_adv_inst/CLKOUT1
                         net (fo=1, routed)           0.912    -0.026    datapath/video_inst/mmcm_adv_inst_display_clocks/inst/clk_out2_clk_wiz_2
    BUFGCTRL_X0Y0        BUFG (Prop_bufg_I_O)         0.026    -0.000 r  datapath/video_inst/mmcm_adv_inst_display_clocks/inst/clkout2_buf/O
                         net (fo=44, routed)          0.636     0.636    datapath/video_inst/inst_dvid/clk_out2
    OLOGIC_X1Y134        ODDR                                         r  datapath/video_inst/inst_dvid/ODDR2_red/C
  -------------------------------------------------------------------    -------------------
    OLOGIC_X1Y134        ODDR (Prop_oddr_C_Q)         0.177     0.813 r  datapath/video_inst/inst_dvid/ODDR2_red/Q
                         net (fo=1, routed)           0.001     0.814    datapath/video_inst/red_s
    AB3                  OBUFDS (Prop_obufds_I_OB)    0.846     1.660 r  datapath/video_inst/OBUFDS_green/OB
                         net (fo=0)                   0.000     1.660    tmdsb[2]
    AB2                                                               r  tmdsb[2] (OUT)
  -------------------------------------------------------------------    -------------------





--------------------------------------------------------------------------------------
Path Group:  (none)
From Clock:  clkfbout_clk_wiz_1
  To Clock:  

Max Delay             1 Endpoint
Min Delay             1 Endpoint
--------------------------------------------------------------------------------------


Max Delay Paths
--------------------------------------------------------------------------------------
Slack:                    inf
  Source:                 datapath/Audio_Codec/audiocodec_master_clock/inst/mmcm_adv_inst/CLKFBOUT
                            (clock source 'clkfbout_clk_wiz_1'  {rise@0.000ns fall@5.000ns period=10.000ns})
  Destination:            datapath/Audio_Codec/audiocodec_master_clock/inst/mmcm_adv_inst/CLKFBIN
  Path Group:             (none)
  Path Type:              Max at Slow Process Corner
  Data Path Delay:        3.701ns  (logic 0.096ns (2.594%)  route 3.605ns (97.406%))
  Logic Levels:           1  (BUFG=1)
  Clock Uncertainty:      0.148ns  ((TSJ^2 + DJ^2)^1/2) / 2 + PE
    Total System Jitter     (TSJ):    0.050ns
    Discrete Jitter          (DJ):    0.086ns
    Phase Error              (PE):    0.099ns

    Location             Delay type                Incr(ns)  Path(ns)    Netlist Resource(s)
  -------------------------------------------------------------------    -------------------
                         (clock clkfbout_clk_wiz_1 fall edge)
                                                      5.000     5.000 f  
    BUFGCTRL_X0Y2        BUFG                         0.000     5.000 f  clk_IBUF_BUFG_inst/O
                         net (fo=303, routed)         1.761     6.761    datapath/Audio_Codec/audiocodec_master_clock/inst/clk_in1
  -------------------------------------------------------------------    -------------------
    MMCME2_ADV_X0Y2      MMCME2_ADV (Prop_mmcme2_adv_CLKIN1_CLKFBOUT)
                                                     -3.701     3.061 f  datapath/Audio_Codec/audiocodec_master_clock/inst/mmcm_adv_inst/CLKFBOUT
                         net (fo=1, routed)           1.843     4.904    datapath/Audio_Codec/audiocodec_master_clock/inst/clkfbout_clk_wiz_1
    BUFGCTRL_X0Y5        BUFG (Prop_bufg_I_O)         0.096     5.000 f  datapath/Audio_Codec/audiocodec_master_clock/inst/clkf_buf/O
                         net (fo=1, routed)           1.761     6.761    datapath/Audio_Codec/audiocodec_master_clock/inst/clkfbout_buf_clk_wiz_1
    MMCME2_ADV_X0Y2      MMCME2_ADV                                   f  datapath/Audio_Codec/audiocodec_master_clock/inst/mmcm_adv_inst/CLKFBIN
  -------------------------------------------------------------------    -------------------





Min Delay Paths
--------------------------------------------------------------------------------------
Slack:                    inf
  Source:                 datapath/Audio_Codec/audiocodec_master_clock/inst/mmcm_adv_inst/CLKFBOUT
                            (clock source 'clkfbout_clk_wiz_1'  {rise@0.000ns fall@5.000ns period=10.000ns})
  Destination:            datapath/Audio_Codec/audiocodec_master_clock/inst/mmcm_adv_inst/CLKFBIN
  Path Group:             (none)
  Path Type:              Min at Fast Process Corner
  Data Path Delay:        1.180ns  (logic 0.026ns (2.202%)  route 1.155ns (97.798%))
  Logic Levels:           1  (BUFG=1)
  Clock Uncertainty:      0.148ns  ((TSJ^2 + DJ^2)^1/2) / 2 + PE
    Total System Jitter     (TSJ):    0.050ns
    Discrete Jitter          (DJ):    0.086ns
    Phase Error              (PE):    0.099ns

    Location             Delay type                Incr(ns)  Path(ns)    Netlist Resource(s)
  -------------------------------------------------------------------    -------------------
                         (clock clkfbout_clk_wiz_1 rise edge)
                                                      0.000     0.000 r  
    BUFGCTRL_X0Y2        BUFG                         0.000     0.000 r  clk_IBUF_BUFG_inst/O
                         net (fo=303, routed)         0.610     0.610    datapath/Audio_Codec/audiocodec_master_clock/inst/clk_in1
  -------------------------------------------------------------------    -------------------
    MMCME2_ADV_X0Y2      MMCME2_ADV (Prop_mmcme2_adv_CLKIN1_CLKFBOUT)
                                                     -1.180    -0.571 r  datapath/Audio_Codec/audiocodec_master_clock/inst/mmcm_adv_inst/CLKFBOUT
                         net (fo=1, routed)           0.545    -0.026    datapath/Audio_Codec/audiocodec_master_clock/inst/clkfbout_clk_wiz_1
    BUFGCTRL_X0Y5        BUFG (Prop_bufg_I_O)         0.026     0.000 r  datapath/Audio_Codec/audiocodec_master_clock/inst/clkf_buf/O
                         net (fo=1, routed)           0.610     0.610    datapath/Audio_Codec/audiocodec_master_clock/inst/clkfbout_buf_clk_wiz_1
    MMCME2_ADV_X0Y2      MMCME2_ADV                                   r  datapath/Audio_Codec/audiocodec_master_clock/inst/mmcm_adv_inst/CLKFBIN
  -------------------------------------------------------------------    -------------------





--------------------------------------------------------------------------------------
Path Group:  (none)
From Clock:  clkfbout_clk_wiz_2
  To Clock:  

Max Delay             1 Endpoint
Min Delay             1 Endpoint
--------------------------------------------------------------------------------------


Max Delay Paths
--------------------------------------------------------------------------------------
Slack:                    inf
  Source:                 datapath/video_inst/mmcm_adv_inst_display_clocks/inst/mmcm_adv_inst/CLKFBOUT
                            (clock source 'clkfbout_clk_wiz_2'  {rise@0.000ns fall@5.000ns period=10.000ns})
  Destination:            datapath/video_inst/mmcm_adv_inst_display_clocks/inst/mmcm_adv_inst/CLKFBIN
  Path Group:             (none)
  Path Type:              Max at Slow Process Corner
  Data Path Delay:        4.900ns  (logic 0.096ns (1.959%)  route 4.804ns (98.041%))
  Logic Levels:           1  (BUFG=1)
  Clock Uncertainty:      0.148ns  ((TSJ^2 + DJ^2)^1/2) / 2 + PE
    Total System Jitter     (TSJ):    0.050ns
    Discrete Jitter          (DJ):    0.086ns
    Phase Error              (PE):    0.099ns

    Location             Delay type                Incr(ns)  Path(ns)    Netlist Resource(s)
  -------------------------------------------------------------------    -------------------
                         (clock clkfbout_clk_wiz_2 fall edge)
                                                      5.000     5.000 f  
    BUFGCTRL_X0Y2        BUFG                         0.000     5.000 f  clk_IBUF_BUFG_inst/O
                         net (fo=303, routed)         2.106     7.106    datapath/video_inst/mmcm_adv_inst_display_clocks/inst/clk_in1
  -------------------------------------------------------------------    -------------------
    MMCME2_ADV_X1Y0      MMCME2_ADV (Prop_mmcme2_adv_CLKIN1_CLKFBOUT)
                                                     -4.900     2.207 f  datapath/video_inst/mmcm_adv_inst_display_clocks/inst/mmcm_adv_inst/CLKFBOUT
                         net (fo=1, routed)           2.697     4.904    datapath/video_inst/mmcm_adv_inst_display_clocks/inst/clkfbout_clk_wiz_2
    BUFGCTRL_X0Y6        BUFG (Prop_bufg_I_O)         0.096     5.000 f  datapath/video_inst/mmcm_adv_inst_display_clocks/inst/clkf_buf/O
                         net (fo=1, routed)           2.106     7.106    datapath/video_inst/mmcm_adv_inst_display_clocks/inst/clkfbout_buf_clk_wiz_2
    MMCME2_ADV_X1Y0      MMCME2_ADV                                   f  datapath/video_inst/mmcm_adv_inst_display_clocks/inst/mmcm_adv_inst/CLKFBIN
  -------------------------------------------------------------------    -------------------





Min Delay Paths
--------------------------------------------------------------------------------------
Slack:                    inf
  Source:                 datapath/video_inst/mmcm_adv_inst_display_clocks/inst/mmcm_adv_inst/CLKFBOUT
                            (clock source 'clkfbout_clk_wiz_2'  {rise@0.000ns fall@5.000ns period=10.000ns})
  Destination:            datapath/video_inst/mmcm_adv_inst_display_clocks/inst/mmcm_adv_inst/CLKFBIN
  Path Group:             (none)
  Path Type:              Min at Fast Process Corner
  Data Path Delay:        1.683ns  (logic 0.026ns (1.545%)  route 1.657ns (98.455%))
  Logic Levels:           1  (BUFG=1)
  Clock Uncertainty:      0.148ns  ((TSJ^2 + DJ^2)^1/2) / 2 + PE
    Total System Jitter     (TSJ):    0.050ns
    Discrete Jitter          (DJ):    0.086ns
    Phase Error              (PE):    0.099ns

    Location             Delay type                Incr(ns)  Path(ns)    Netlist Resource(s)
  -------------------------------------------------------------------    -------------------
                         (clock clkfbout_clk_wiz_2 rise edge)
                                                      0.000     0.000 r  
    BUFGCTRL_X0Y2        BUFG                         0.000     0.000 r  clk_IBUF_BUFG_inst/O
                         net (fo=303, routed)         0.745     0.745    datapath/video_inst/mmcm_adv_inst_display_clocks/inst/clk_in1
  -------------------------------------------------------------------    -------------------
    MMCME2_ADV_X1Y0      MMCME2_ADV (Prop_mmcme2_adv_CLKIN1_CLKFBOUT)
                                                     -1.683    -0.938 r  datapath/video_inst/mmcm_adv_inst_display_clocks/inst/mmcm_adv_inst/CLKFBOUT
                         net (fo=1, routed)           0.912    -0.026    datapath/video_inst/mmcm_adv_inst_display_clocks/inst/clkfbout_clk_wiz_2
    BUFGCTRL_X0Y6        BUFG (Prop_bufg_I_O)         0.026    -0.000 r  datapath/video_inst/mmcm_adv_inst_display_clocks/inst/clkf_buf/O
                         net (fo=1, routed)           0.745     0.745    datapath/video_inst/mmcm_adv_inst_display_clocks/inst/clkfbout_buf_clk_wiz_2
    MMCME2_ADV_X1Y0      MMCME2_ADV                                   r  datapath/video_inst/mmcm_adv_inst_display_clocks/inst/mmcm_adv_inst/CLKFBIN
  -------------------------------------------------------------------    -------------------





--------------------------------------------------------------------------------------
Path Group:  (none)
From Clock:  
  To Clock:  clk_out1_clk_wiz_2

Max Delay            43 Endpoints
Min Delay            43 Endpoints
--------------------------------------------------------------------------------------


Max Delay Paths
--------------------------------------------------------------------------------------
Slack:                    inf
  Source:                 switch[1]
                            (input port)
  Destination:            datapath/video_inst/inst_dvid/TDMS_encoder_green/encoded_reg[1]/D
                            (rising edge-triggered cell FDRE clocked by clk_out1_clk_wiz_2  {rise@0.000ns fall@20.000ns period=40.000ns})
  Path Group:             (none)
  Path Type:              Setup (Max at Slow Process Corner)
  Data Path Delay:        12.073ns  (logic 1.439ns (11.923%)  route 10.634ns (88.077%))
  Logic Levels:           4  (IBUF=1 LUT3=1 LUT6=2)
  Clock Path Skew:        1.705ns (DCD - SCD + CPR)
    Destination Clock Delay (DCD):    1.705ns
    Source Clock Delay      (SCD):    0.000ns
    Clock Pessimism Removal (CPR):    0.000ns
  Clock Uncertainty:      0.190ns  ((TSJ^2 + DJ^2)^1/2) / 2 + PE
    Total System Jitter     (TSJ):    0.050ns
    Discrete Jitter          (DJ):    0.175ns
    Phase Error              (PE):    0.099ns

    Location             Delay type                Incr(ns)  Path(ns)    Netlist Resource(s)
  -------------------------------------------------------------------    -------------------
    F21                                               0.000     0.000 r  switch[1] (IN)
                         net (fo=0)                   0.000     0.000    switch[1]
    F21                  IBUF (Prop_ibuf_I_O)         1.067     1.067 r  switch_IBUF[1]_inst/O
                         net (fo=4, routed)           7.533     8.601    datapath/rightChannelMemory/switch_IBUF[0]
    SLICE_X144Y134       LUT3 (Prop_lut3_I0_O)        0.124     8.725 f  datapath/rightChannelMemory/dc_bias[3]_i_5/O
                         net (fo=1, routed)           0.846     9.570    datapath/video_inst/Inst_vga/u_vga_sig/encoded_reg[9]_0
    SLICE_X145Y134       LUT6 (Prop_lut6_I4_O)        0.124     9.694 r  datapath/video_inst/Inst_vga/u_vga_sig/dc_bias[3]_i_2__0/O
                         net (fo=6, routed)           1.702    11.397    datapath/video_inst/inst_dvid/TDMS_encoder_green/pixel[color][0]
    SLICE_X162Y131       LUT6 (Prop_lut6_I4_O)        0.124    11.521 r  datapath/video_inst/inst_dvid/TDMS_encoder_green/encoded[1]_i_1__0/O
                         net (fo=2, routed)           0.552    12.073    datapath/video_inst/inst_dvid/TDMS_encoder_green/encoded[1]_i_1__0_n_0
    SLICE_X163Y132       FDRE                                         r  datapath/video_inst/inst_dvid/TDMS_encoder_green/encoded_reg[1]/D
  -------------------------------------------------------------------    -------------------

                         (clock clk_out1_clk_wiz_2 rise edge)
                                                      0.000     0.000 r  
    BUFGCTRL_X0Y2        BUFG                         0.000     0.000 r  clk_IBUF_BUFG_inst/O
                         net (fo=303, routed)         1.972     1.972    datapath/video_inst/mmcm_adv_inst_display_clocks/inst/clk_in1
    MMCME2_ADV_X1Y0      MMCME2_ADV (Prop_mmcme2_adv_CLKIN1_CLKOUT0)
                                                     -4.637    -2.665 r  datapath/video_inst/mmcm_adv_inst_display_clocks/inst/mmcm_adv_inst/CLKOUT0
                         net (fo=1, routed)           2.574    -0.091    datapath/video_inst/mmcm_adv_inst_display_clocks/inst/clk_out1_clk_wiz_2
    BUFGCTRL_X0Y4        BUFG (Prop_bufg_I_O)         0.091     0.000 r  datapath/video_inst/mmcm_adv_inst_display_clocks/inst/clkout1_buf/O
                         net (fo=83, routed)          1.705     1.705    datapath/video_inst/inst_dvid/TDMS_encoder_green/clk_out1
    SLICE_X163Y132       FDRE                                         r  datapath/video_inst/inst_dvid/TDMS_encoder_green/encoded_reg[1]/C

Slack:                    inf
  Source:                 switch[1]
                            (input port)
  Destination:            datapath/video_inst/inst_dvid/TDMS_encoder_green/encoded_reg[2]/D
                            (rising edge-triggered cell FDSE clocked by clk_out1_clk_wiz_2  {rise@0.000ns fall@20.000ns period=40.000ns})
  Path Group:             (none)
  Path Type:              Setup (Max at Slow Process Corner)
  Data Path Delay:        12.041ns  (logic 1.439ns (11.955%)  route 10.601ns (88.045%))
  Logic Levels:           4  (IBUF=1 LUT3=1 LUT6=2)
  Clock Path Skew:        1.705ns (DCD - SCD + CPR)
    Destination Clock Delay (DCD):    1.705ns
    Source Clock Delay      (SCD):    0.000ns
    Clock Pessimism Removal (CPR):    0.000ns
  Clock Uncertainty:      0.190ns  ((TSJ^2 + DJ^2)^1/2) / 2 + PE
    Total System Jitter     (TSJ):    0.050ns
    Discrete Jitter          (DJ):    0.175ns
    Phase Error              (PE):    0.099ns

    Location             Delay type                Incr(ns)  Path(ns)    Netlist Resource(s)
  -------------------------------------------------------------------    -------------------
    F21                                               0.000     0.000 r  switch[1] (IN)
                         net (fo=0)                   0.000     0.000    switch[1]
    F21                  IBUF (Prop_ibuf_I_O)         1.067     1.067 r  switch_IBUF[1]_inst/O
                         net (fo=4, routed)           7.533     8.601    datapath/rightChannelMemory/switch_IBUF[0]
    SLICE_X144Y134       LUT3 (Prop_lut3_I0_O)        0.124     8.725 f  datapath/rightChannelMemory/dc_bias[3]_i_5/O
                         net (fo=1, routed)           0.846     9.570    datapath/video_inst/Inst_vga/u_vga_sig/encoded_reg[9]_0
    SLICE_X145Y134       LUT6 (Prop_lut6_I4_O)        0.124     9.694 r  datapath/video_inst/Inst_vga/u_vga_sig/dc_bias[3]_i_2__0/O
                         net (fo=6, routed)           1.702    11.397    datapath/video_inst/inst_dvid/TDMS_encoder_green/pixel[color][0]
    SLICE_X162Y131       LUT6 (Prop_lut6_I4_O)        0.124    11.521 r  datapath/video_inst/inst_dvid/TDMS_encoder_green/encoded[1]_i_1__0/O
                         net (fo=2, routed)           0.520    12.041    datapath/video_inst/inst_dvid/TDMS_encoder_green/encoded[1]_i_1__0_n_0
    SLICE_X163Y132       FDSE                                         r  datapath/video_inst/inst_dvid/TDMS_encoder_green/encoded_reg[2]/D
  -------------------------------------------------------------------    -------------------

                         (clock clk_out1_clk_wiz_2 rise edge)
                                                      0.000     0.000 r  
    BUFGCTRL_X0Y2        BUFG                         0.000     0.000 r  clk_IBUF_BUFG_inst/O
                         net (fo=303, routed)         1.972     1.972    datapath/video_inst/mmcm_adv_inst_display_clocks/inst/clk_in1
    MMCME2_ADV_X1Y0      MMCME2_ADV (Prop_mmcme2_adv_CLKIN1_CLKOUT0)
                                                     -4.637    -2.665 r  datapath/video_inst/mmcm_adv_inst_display_clocks/inst/mmcm_adv_inst/CLKOUT0
                         net (fo=1, routed)           2.574    -0.091    datapath/video_inst/mmcm_adv_inst_display_clocks/inst/clk_out1_clk_wiz_2
    BUFGCTRL_X0Y4        BUFG (Prop_bufg_I_O)         0.091     0.000 r  datapath/video_inst/mmcm_adv_inst_display_clocks/inst/clkout1_buf/O
                         net (fo=83, routed)          1.705     1.705    datapath/video_inst/inst_dvid/TDMS_encoder_green/clk_out1
    SLICE_X163Y132       FDSE                                         r  datapath/video_inst/inst_dvid/TDMS_encoder_green/encoded_reg[2]/C

Slack:                    inf
  Source:                 switch[1]
                            (input port)
  Destination:            datapath/video_inst/inst_dvid/TDMS_encoder_blue/encoded_reg[4]/D
                            (rising edge-triggered cell FDRE clocked by clk_out1_clk_wiz_2  {rise@0.000ns fall@20.000ns period=40.000ns})
  Path Group:             (none)
  Path Type:              Setup (Max at Slow Process Corner)
  Data Path Delay:        11.679ns  (logic 1.667ns (14.278%)  route 10.011ns (85.722%))
  Logic Levels:           4  (IBUF=1 LUT3=1 LUT6=2)
  Clock Path Skew:        1.710ns (DCD - SCD + CPR)
    Destination Clock Delay (DCD):    1.710ns
    Source Clock Delay      (SCD):    0.000ns
    Clock Pessimism Removal (CPR):    0.000ns
  Clock Uncertainty:      0.190ns  ((TSJ^2 + DJ^2)^1/2) / 2 + PE
    Total System Jitter     (TSJ):    0.050ns
    Discrete Jitter          (DJ):    0.175ns
    Phase Error              (PE):    0.099ns

    Location             Delay type                Incr(ns)  Path(ns)    Netlist Resource(s)
  -------------------------------------------------------------------    -------------------
    F21                                               0.000     0.000 f  switch[1] (IN)
                         net (fo=0)                   0.000     0.000    switch[1]
    F21                  IBUF (Prop_ibuf_I_O)         1.067     1.067 f  switch_IBUF[1]_inst/O
                         net (fo=4, routed)           7.533     8.601    datapath/rightChannelMemory/switch_IBUF[0]
    SLICE_X144Y134       LUT3 (Prop_lut3_I1_O)        0.148     8.749 r  datapath/rightChannelMemory/dc_bias[3]_i_7/O
                         net (fo=1, routed)           0.857     9.606    datapath/video_inst/Inst_vga/u_color/encoded_reg[1]_1
    SLICE_X145Y134       LUT6 (Prop_lut6_I4_O)        0.328     9.934 r  datapath/video_inst/Inst_vga/u_color/dc_bias[3]_i_2__1/O
                         net (fo=14, routed)          1.621    11.555    datapath/video_inst/Inst_vga/u_vga_sig/encoded_reg[1]_0
    SLICE_X160Y138       LUT6 (Prop_lut6_I4_O)        0.124    11.679 r  datapath/video_inst/Inst_vga/u_vga_sig/encoded[4]_i_1/O
                         net (fo=1, routed)           0.000    11.679    datapath/video_inst/inst_dvid/TDMS_encoder_blue/encoded_reg[4]_0[3]
    SLICE_X160Y138       FDRE                                         r  datapath/video_inst/inst_dvid/TDMS_encoder_blue/encoded_reg[4]/D
  -------------------------------------------------------------------    -------------------

                         (clock clk_out1_clk_wiz_2 rise edge)
                                                      0.000     0.000 r  
    BUFGCTRL_X0Y2        BUFG                         0.000     0.000 r  clk_IBUF_BUFG_inst/O
                         net (fo=303, routed)         1.972     1.972    datapath/video_inst/mmcm_adv_inst_display_clocks/inst/clk_in1
    MMCME2_ADV_X1Y0      MMCME2_ADV (Prop_mmcme2_adv_CLKIN1_CLKOUT0)
                                                     -4.637    -2.665 r  datapath/video_inst/mmcm_adv_inst_display_clocks/inst/mmcm_adv_inst/CLKOUT0
                         net (fo=1, routed)           2.574    -0.091    datapath/video_inst/mmcm_adv_inst_display_clocks/inst/clk_out1_clk_wiz_2
    BUFGCTRL_X0Y4        BUFG (Prop_bufg_I_O)         0.091     0.000 r  datapath/video_inst/mmcm_adv_inst_display_clocks/inst/clkout1_buf/O
                         net (fo=83, routed)          1.710     1.710    datapath/video_inst/inst_dvid/TDMS_encoder_blue/clk_out1
    SLICE_X160Y138       FDRE                                         r  datapath/video_inst/inst_dvid/TDMS_encoder_blue/encoded_reg[4]/C

Slack:                    inf
  Source:                 switch[1]
                            (input port)
  Destination:            datapath/video_inst/inst_dvid/TDMS_encoder_blue/encoded_reg[2]/D
                            (rising edge-triggered cell FDRE clocked by clk_out1_clk_wiz_2  {rise@0.000ns fall@20.000ns period=40.000ns})
  Path Group:             (none)
  Path Type:              Setup (Max at Slow Process Corner)
  Data Path Delay:        11.678ns  (logic 1.667ns (14.279%)  route 10.010ns (85.721%))
  Logic Levels:           4  (IBUF=1 LUT3=1 LUT6=2)
  Clock Path Skew:        1.710ns (DCD - SCD + CPR)
    Destination Clock Delay (DCD):    1.710ns
    Source Clock Delay      (SCD):    0.000ns
    Clock Pessimism Removal (CPR):    0.000ns
  Clock Uncertainty:      0.190ns  ((TSJ^2 + DJ^2)^1/2) / 2 + PE
    Total System Jitter     (TSJ):    0.050ns
    Discrete Jitter          (DJ):    0.175ns
    Phase Error              (PE):    0.099ns

    Location             Delay type                Incr(ns)  Path(ns)    Netlist Resource(s)
  -------------------------------------------------------------------    -------------------
    F21                                               0.000     0.000 f  switch[1] (IN)
                         net (fo=0)                   0.000     0.000    switch[1]
    F21                  IBUF (Prop_ibuf_I_O)         1.067     1.067 f  switch_IBUF[1]_inst/O
                         net (fo=4, routed)           7.533     8.601    datapath/rightChannelMemory/switch_IBUF[0]
    SLICE_X144Y134       LUT3 (Prop_lut3_I1_O)        0.148     8.749 r  datapath/rightChannelMemory/dc_bias[3]_i_7/O
                         net (fo=1, routed)           0.857     9.606    datapath/video_inst/Inst_vga/u_color/encoded_reg[1]_1
    SLICE_X145Y134       LUT6 (Prop_lut6_I4_O)        0.328     9.934 r  datapath/video_inst/Inst_vga/u_color/dc_bias[3]_i_2__1/O
                         net (fo=14, routed)          1.619    11.554    datapath/video_inst/Inst_vga/u_vga_sig/encoded_reg[1]_0
    SLICE_X160Y138       LUT6 (Prop_lut6_I4_O)        0.124    11.678 r  datapath/video_inst/Inst_vga/u_vga_sig/encoded[2]_i_1/O
                         net (fo=1, routed)           0.000    11.678    datapath/video_inst/inst_dvid/TDMS_encoder_blue/encoded_reg[4]_0[2]
    SLICE_X160Y138       FDRE                                         r  datapath/video_inst/inst_dvid/TDMS_encoder_blue/encoded_reg[2]/D
  -------------------------------------------------------------------    -------------------

                         (clock clk_out1_clk_wiz_2 rise edge)
                                                      0.000     0.000 r  
    BUFGCTRL_X0Y2        BUFG                         0.000     0.000 r  clk_IBUF_BUFG_inst/O
                         net (fo=303, routed)         1.972     1.972    datapath/video_inst/mmcm_adv_inst_display_clocks/inst/clk_in1
    MMCME2_ADV_X1Y0      MMCME2_ADV (Prop_mmcme2_adv_CLKIN1_CLKOUT0)
                                                     -4.637    -2.665 r  datapath/video_inst/mmcm_adv_inst_display_clocks/inst/mmcm_adv_inst/CLKOUT0
                         net (fo=1, routed)           2.574    -0.091    datapath/video_inst/mmcm_adv_inst_display_clocks/inst/clk_out1_clk_wiz_2
    BUFGCTRL_X0Y4        BUFG (Prop_bufg_I_O)         0.091     0.000 r  datapath/video_inst/mmcm_adv_inst_display_clocks/inst/clkout1_buf/O
                         net (fo=83, routed)          1.710     1.710    datapath/video_inst/inst_dvid/TDMS_encoder_blue/clk_out1
    SLICE_X160Y138       FDRE                                         r  datapath/video_inst/inst_dvid/TDMS_encoder_blue/encoded_reg[2]/C

Slack:                    inf
  Source:                 switch[0]
                            (input port)
  Destination:            datapath/video_inst/inst_dvid/TDMS_encoder_blue/dc_bias_reg[3]/D
                            (rising edge-triggered cell FDRE clocked by clk_out1_clk_wiz_2  {rise@0.000ns fall@20.000ns period=40.000ns})
  Path Group:             (none)
  Path Type:              Setup (Max at Slow Process Corner)
  Data Path Delay:        11.632ns  (logic 1.576ns (13.548%)  route 10.056ns (86.452%))
  Logic Levels:           5  (IBUF=1 LUT2=1 LUT6=3)
  Clock Path Skew:        1.709ns (DCD - SCD + CPR)
    Destination Clock Delay (DCD):    1.709ns
    Source Clock Delay      (SCD):    0.000ns
    Clock Pessimism Removal (CPR):    0.000ns
  Clock Uncertainty:      0.190ns  ((TSJ^2 + DJ^2)^1/2) / 2 + PE
    Total System Jitter     (TSJ):    0.050ns
    Discrete Jitter          (DJ):    0.175ns
    Phase Error              (PE):    0.099ns

    Location             Delay type                Incr(ns)  Path(ns)    Netlist Resource(s)
  -------------------------------------------------------------------    -------------------
    E22                                               0.000     0.000 f  switch[0] (IN)
                         net (fo=0)                   0.000     0.000    switch[0]
    E22                  IBUF (Prop_ibuf_I_O)         1.080     1.080 f  switch_IBUF[0]_inst/O
                         net (fo=2, routed)           7.298     8.378    datapath/leftChannelMemory/switch_IBUF[0]
    SLICE_X143Y134       LUT2 (Prop_lut2_I1_O)        0.124     8.502 r  datapath/leftChannelMemory/dc_bias[3]_i_6__0/O
                         net (fo=3, routed)           0.347     8.849    datapath/video_inst/Inst_vga/u_vga_sig/encoded_reg[8]
    SLICE_X144Y134       LUT6 (Prop_lut6_I2_O)        0.124     8.973 r  datapath/video_inst/Inst_vga/u_vga_sig/dc_bias[3]_i_3__1/O
                         net (fo=1, routed)           0.620     9.593    datapath/video_inst/Inst_vga/u_vga_sig/dc_bias[3]_i_3__1_n_0
    SLICE_X145Y134       LUT6 (Prop_lut6_I0_O)        0.124     9.717 r  datapath/video_inst/Inst_vga/u_vga_sig/dc_bias[3]_i_2/O
                         net (fo=10, routed)          1.791    11.508    datapath/video_inst/inst_dvid/TDMS_encoder_blue/pixel[color][0]
    SLICE_X162Y137       LUT6 (Prop_lut6_I4_O)        0.124    11.632 r  datapath/video_inst/inst_dvid/TDMS_encoder_blue/dc_bias[3]_i_1/O
                         net (fo=1, routed)           0.000    11.632    datapath/video_inst/inst_dvid/TDMS_encoder_blue/dc_bias[3]_i_1_n_0
    SLICE_X162Y137       FDRE                                         r  datapath/video_inst/inst_dvid/TDMS_encoder_blue/dc_bias_reg[3]/D
  -------------------------------------------------------------------    -------------------

                         (clock clk_out1_clk_wiz_2 rise edge)
                                                      0.000     0.000 r  
    BUFGCTRL_X0Y2        BUFG                         0.000     0.000 r  clk_IBUF_BUFG_inst/O
                         net (fo=303, routed)         1.972     1.972    datapath/video_inst/mmcm_adv_inst_display_clocks/inst/clk_in1
    MMCME2_ADV_X1Y0      MMCME2_ADV (Prop_mmcme2_adv_CLKIN1_CLKOUT0)
                                                     -4.637    -2.665 r  datapath/video_inst/mmcm_adv_inst_display_clocks/inst/mmcm_adv_inst/CLKOUT0
                         net (fo=1, routed)           2.574    -0.091    datapath/video_inst/mmcm_adv_inst_display_clocks/inst/clk_out1_clk_wiz_2
    BUFGCTRL_X0Y4        BUFG (Prop_bufg_I_O)         0.091     0.000 r  datapath/video_inst/mmcm_adv_inst_display_clocks/inst/clkout1_buf/O
                         net (fo=83, routed)          1.709     1.709    datapath/video_inst/inst_dvid/TDMS_encoder_blue/clk_out1
    SLICE_X162Y137       FDRE                                         r  datapath/video_inst/inst_dvid/TDMS_encoder_blue/dc_bias_reg[3]/C

Slack:                    inf
  Source:                 switch[0]
                            (input port)
  Destination:            datapath/video_inst/inst_dvid/TDMS_encoder_blue/dc_bias_reg[2]/D
                            (rising edge-triggered cell FDRE clocked by clk_out1_clk_wiz_2  {rise@0.000ns fall@20.000ns period=40.000ns})
  Path Group:             (none)
  Path Type:              Setup (Max at Slow Process Corner)
  Data Path Delay:        11.619ns  (logic 1.576ns (13.563%)  route 10.043ns (86.437%))
  Logic Levels:           5  (IBUF=1 LUT2=1 LUT6=3)
  Clock Path Skew:        1.709ns (DCD - SCD + CPR)
    Destination Clock Delay (DCD):    1.709ns
    Source Clock Delay      (SCD):    0.000ns
    Clock Pessimism Removal (CPR):    0.000ns
  Clock Uncertainty:      0.190ns  ((TSJ^2 + DJ^2)^1/2) / 2 + PE
    Total System Jitter     (TSJ):    0.050ns
    Discrete Jitter          (DJ):    0.175ns
    Phase Error              (PE):    0.099ns

    Location             Delay type                Incr(ns)  Path(ns)    Netlist Resource(s)
  -------------------------------------------------------------------    -------------------
    E22                                               0.000     0.000 f  switch[0] (IN)
                         net (fo=0)                   0.000     0.000    switch[0]
    E22                  IBUF (Prop_ibuf_I_O)         1.080     1.080 f  switch_IBUF[0]_inst/O
                         net (fo=2, routed)           7.298     8.378    datapath/leftChannelMemory/switch_IBUF[0]
    SLICE_X143Y134       LUT2 (Prop_lut2_I1_O)        0.124     8.502 r  datapath/leftChannelMemory/dc_bias[3]_i_6__0/O
                         net (fo=3, routed)           0.347     8.849    datapath/video_inst/Inst_vga/u_vga_sig/encoded_reg[8]
    SLICE_X144Y134       LUT6 (Prop_lut6_I2_O)        0.124     8.973 r  datapath/video_inst/Inst_vga/u_vga_sig/dc_bias[3]_i_3__1/O
                         net (fo=1, routed)           0.620     9.593    datapath/video_inst/Inst_vga/u_vga_sig/dc_bias[3]_i_3__1_n_0
    SLICE_X145Y134       LUT6 (Prop_lut6_I0_O)        0.124     9.717 r  datapath/video_inst/Inst_vga/u_vga_sig/dc_bias[3]_i_2/O
                         net (fo=10, routed)          1.778    11.495    datapath/video_inst/inst_dvid/TDMS_encoder_blue/pixel[color][0]
    SLICE_X163Y137       LUT6 (Prop_lut6_I4_O)        0.124    11.619 r  datapath/video_inst/inst_dvid/TDMS_encoder_blue/dc_bias[2]_i_1/O
                         net (fo=1, routed)           0.000    11.619    datapath/video_inst/inst_dvid/TDMS_encoder_blue/dc_bias[2]_i_1_n_0
    SLICE_X163Y137       FDRE                                         r  datapath/video_inst/inst_dvid/TDMS_encoder_blue/dc_bias_reg[2]/D
  -------------------------------------------------------------------    -------------------

                         (clock clk_out1_clk_wiz_2 rise edge)
                                                      0.000     0.000 r  
    BUFGCTRL_X0Y2        BUFG                         0.000     0.000 r  clk_IBUF_BUFG_inst/O
                         net (fo=303, routed)         1.972     1.972    datapath/video_inst/mmcm_adv_inst_display_clocks/inst/clk_in1
    MMCME2_ADV_X1Y0      MMCME2_ADV (Prop_mmcme2_adv_CLKIN1_CLKOUT0)
                                                     -4.637    -2.665 r  datapath/video_inst/mmcm_adv_inst_display_clocks/inst/mmcm_adv_inst/CLKOUT0
                         net (fo=1, routed)           2.574    -0.091    datapath/video_inst/mmcm_adv_inst_display_clocks/inst/clk_out1_clk_wiz_2
    BUFGCTRL_X0Y4        BUFG (Prop_bufg_I_O)         0.091     0.000 r  datapath/video_inst/mmcm_adv_inst_display_clocks/inst/clkout1_buf/O
                         net (fo=83, routed)          1.709     1.709    datapath/video_inst/inst_dvid/TDMS_encoder_blue/clk_out1
    SLICE_X163Y137       FDRE                                         r  datapath/video_inst/inst_dvid/TDMS_encoder_blue/dc_bias_reg[2]/C

Slack:                    inf
  Source:                 switch[0]
                            (input port)
  Destination:            datapath/video_inst/inst_dvid/TDMS_encoder_blue/dc_bias_reg[1]/D
                            (rising edge-triggered cell FDRE clocked by clk_out1_clk_wiz_2  {rise@0.000ns fall@20.000ns period=40.000ns})
  Path Group:             (none)
  Path Type:              Setup (Max at Slow Process Corner)
  Data Path Delay:        11.617ns  (logic 1.576ns (13.566%)  route 10.041ns (86.434%))
  Logic Levels:           5  (IBUF=1 LUT2=1 LUT6=3)
  Clock Path Skew:        1.709ns (DCD - SCD + CPR)
    Destination Clock Delay (DCD):    1.709ns
    Source Clock Delay      (SCD):    0.000ns
    Clock Pessimism Removal (CPR):    0.000ns
  Clock Uncertainty:      0.190ns  ((TSJ^2 + DJ^2)^1/2) / 2 + PE
    Total System Jitter     (TSJ):    0.050ns
    Discrete Jitter          (DJ):    0.175ns
    Phase Error              (PE):    0.099ns

    Location             Delay type                Incr(ns)  Path(ns)    Netlist Resource(s)
  -------------------------------------------------------------------    -------------------
    E22                                               0.000     0.000 f  switch[0] (IN)
                         net (fo=0)                   0.000     0.000    switch[0]
    E22                  IBUF (Prop_ibuf_I_O)         1.080     1.080 f  switch_IBUF[0]_inst/O
                         net (fo=2, routed)           7.298     8.378    datapath/leftChannelMemory/switch_IBUF[0]
    SLICE_X143Y134       LUT2 (Prop_lut2_I1_O)        0.124     8.502 r  datapath/leftChannelMemory/dc_bias[3]_i_6__0/O
                         net (fo=3, routed)           0.347     8.849    datapath/video_inst/Inst_vga/u_vga_sig/encoded_reg[8]
    SLICE_X144Y134       LUT6 (Prop_lut6_I2_O)        0.124     8.973 r  datapath/video_inst/Inst_vga/u_vga_sig/dc_bias[3]_i_3__1/O
                         net (fo=1, routed)           0.620     9.593    datapath/video_inst/Inst_vga/u_vga_sig/dc_bias[3]_i_3__1_n_0
    SLICE_X145Y134       LUT6 (Prop_lut6_I0_O)        0.124     9.717 r  datapath/video_inst/Inst_vga/u_vga_sig/dc_bias[3]_i_2/O
                         net (fo=10, routed)          1.776    11.493    datapath/video_inst/inst_dvid/TDMS_encoder_blue/pixel[color][0]
    SLICE_X163Y137       LUT6 (Prop_lut6_I4_O)        0.124    11.617 r  datapath/video_inst/inst_dvid/TDMS_encoder_blue/dc_bias[1]_i_1/O
                         net (fo=1, routed)           0.000    11.617    datapath/video_inst/inst_dvid/TDMS_encoder_blue/dc_bias[1]_i_1_n_0
    SLICE_X163Y137       FDRE                                         r  datapath/video_inst/inst_dvid/TDMS_encoder_blue/dc_bias_reg[1]/D
  -------------------------------------------------------------------    -------------------

                         (clock clk_out1_clk_wiz_2 rise edge)
                                                      0.000     0.000 r  
    BUFGCTRL_X0Y2        BUFG                         0.000     0.000 r  clk_IBUF_BUFG_inst/O
                         net (fo=303, routed)         1.972     1.972    datapath/video_inst/mmcm_adv_inst_display_clocks/inst/clk_in1
    MMCME2_ADV_X1Y0      MMCME2_ADV (Prop_mmcme2_adv_CLKIN1_CLKOUT0)
                                                     -4.637    -2.665 r  datapath/video_inst/mmcm_adv_inst_display_clocks/inst/mmcm_adv_inst/CLKOUT0
                         net (fo=1, routed)           2.574    -0.091    datapath/video_inst/mmcm_adv_inst_display_clocks/inst/clk_out1_clk_wiz_2
    BUFGCTRL_X0Y4        BUFG (Prop_bufg_I_O)         0.091     0.000 r  datapath/video_inst/mmcm_adv_inst_display_clocks/inst/clkout1_buf/O
                         net (fo=83, routed)          1.709     1.709    datapath/video_inst/inst_dvid/TDMS_encoder_blue/clk_out1
    SLICE_X163Y137       FDRE                                         r  datapath/video_inst/inst_dvid/TDMS_encoder_blue/dc_bias_reg[1]/C

Slack:                    inf
  Source:                 switch[1]
                            (input port)
  Destination:            datapath/video_inst/inst_dvid/TDMS_encoder_red/dc_bias_reg[3]/D
                            (rising edge-triggered cell FDRE clocked by clk_out1_clk_wiz_2  {rise@0.000ns fall@20.000ns period=40.000ns})
  Path Group:             (none)
  Path Type:              Setup (Max at Slow Process Corner)
  Data Path Delay:        11.576ns  (logic 1.693ns (14.629%)  route 9.883ns (85.371%))
  Logic Levels:           4  (IBUF=1 LUT3=1 LUT5=1 LUT6=1)
  Clock Path Skew:        1.705ns (DCD - SCD + CPR)
    Destination Clock Delay (DCD):    1.705ns
    Source Clock Delay      (SCD):    0.000ns
    Clock Pessimism Removal (CPR):    0.000ns
  Clock Uncertainty:      0.190ns  ((TSJ^2 + DJ^2)^1/2) / 2 + PE
    Total System Jitter     (TSJ):    0.050ns
    Discrete Jitter          (DJ):    0.175ns
    Phase Error              (PE):    0.099ns

    Location             Delay type                Incr(ns)  Path(ns)    Netlist Resource(s)
  -------------------------------------------------------------------    -------------------
    F21                                               0.000     0.000 f  switch[1] (IN)
                         net (fo=0)                   0.000     0.000    switch[1]
    F21                  IBUF (Prop_ibuf_I_O)         1.067     1.067 f  switch_IBUF[1]_inst/O
                         net (fo=4, routed)           7.533     8.601    datapath/rightChannelMemory/switch_IBUF[0]
    SLICE_X144Y134       LUT3 (Prop_lut3_I1_O)        0.148     8.749 r  datapath/rightChannelMemory/dc_bias[3]_i_7/O
                         net (fo=1, routed)           0.857     9.606    datapath/video_inst/Inst_vga/u_color/encoded_reg[1]_1
    SLICE_X145Y134       LUT6 (Prop_lut6_I4_O)        0.328     9.934 r  datapath/video_inst/Inst_vga/u_color/dc_bias[3]_i_2__1/O
                         net (fo=14, routed)          1.492    11.426    datapath/video_inst/inst_dvid/TDMS_encoder_red/pixel[color][0]
    SLICE_X162Y132       LUT5 (Prop_lut5_I4_O)        0.150    11.576 r  datapath/video_inst/inst_dvid/TDMS_encoder_red/dc_bias[3]_i_1__1/O
                         net (fo=1, routed)           0.000    11.576    datapath/video_inst/inst_dvid/TDMS_encoder_red/dc_bias[3]_i_1__1_n_0
    SLICE_X162Y132       FDRE                                         r  datapath/video_inst/inst_dvid/TDMS_encoder_red/dc_bias_reg[3]/D
  -------------------------------------------------------------------    -------------------

                         (clock clk_out1_clk_wiz_2 rise edge)
                                                      0.000     0.000 r  
    BUFGCTRL_X0Y2        BUFG                         0.000     0.000 r  clk_IBUF_BUFG_inst/O
                         net (fo=303, routed)         1.972     1.972    datapath/video_inst/mmcm_adv_inst_display_clocks/inst/clk_in1
    MMCME2_ADV_X1Y0      MMCME2_ADV (Prop_mmcme2_adv_CLKIN1_CLKOUT0)
                                                     -4.637    -2.665 r  datapath/video_inst/mmcm_adv_inst_display_clocks/inst/mmcm_adv_inst/CLKOUT0
                         net (fo=1, routed)           2.574    -0.091    datapath/video_inst/mmcm_adv_inst_display_clocks/inst/clk_out1_clk_wiz_2
    BUFGCTRL_X0Y4        BUFG (Prop_bufg_I_O)         0.091     0.000 r  datapath/video_inst/mmcm_adv_inst_display_clocks/inst/clkout1_buf/O
                         net (fo=83, routed)          1.705     1.705    datapath/video_inst/inst_dvid/TDMS_encoder_red/clk_out1
    SLICE_X162Y132       FDRE                                         r  datapath/video_inst/inst_dvid/TDMS_encoder_red/dc_bias_reg[3]/C

Slack:                    inf
  Source:                 switch[1]
                            (input port)
  Destination:            datapath/video_inst/inst_dvid/TDMS_encoder_red/dc_bias_reg[2]/D
                            (rising edge-triggered cell FDRE clocked by clk_out1_clk_wiz_2  {rise@0.000ns fall@20.000ns period=40.000ns})
  Path Group:             (none)
  Path Type:              Setup (Max at Slow Process Corner)
  Data Path Delay:        11.550ns  (logic 1.667ns (14.437%)  route 9.883ns (85.563%))
  Logic Levels:           4  (IBUF=1 LUT3=1 LUT5=1 LUT6=1)
  Clock Path Skew:        1.705ns (DCD - SCD + CPR)
    Destination Clock Delay (DCD):    1.705ns
    Source Clock Delay      (SCD):    0.000ns
    Clock Pessimism Removal (CPR):    0.000ns
  Clock Uncertainty:      0.190ns  ((TSJ^2 + DJ^2)^1/2) / 2 + PE
    Total System Jitter     (TSJ):    0.050ns
    Discrete Jitter          (DJ):    0.175ns
    Phase Error              (PE):    0.099ns

    Location             Delay type                Incr(ns)  Path(ns)    Netlist Resource(s)
  -------------------------------------------------------------------    -------------------
    F21                                               0.000     0.000 f  switch[1] (IN)
                         net (fo=0)                   0.000     0.000    switch[1]
    F21                  IBUF (Prop_ibuf_I_O)         1.067     1.067 f  switch_IBUF[1]_inst/O
                         net (fo=4, routed)           7.533     8.601    datapath/rightChannelMemory/switch_IBUF[0]
    SLICE_X144Y134       LUT3 (Prop_lut3_I1_O)        0.148     8.749 r  datapath/rightChannelMemory/dc_bias[3]_i_7/O
                         net (fo=1, routed)           0.857     9.606    datapath/video_inst/Inst_vga/u_color/encoded_reg[1]_1
    SLICE_X145Y134       LUT6 (Prop_lut6_I4_O)        0.328     9.934 r  datapath/video_inst/Inst_vga/u_color/dc_bias[3]_i_2__1/O
                         net (fo=14, routed)          1.492    11.426    datapath/video_inst/inst_dvid/TDMS_encoder_red/pixel[color][0]
    SLICE_X162Y132       LUT5 (Prop_lut5_I4_O)        0.124    11.550 r  datapath/video_inst/inst_dvid/TDMS_encoder_red/dc_bias[2]_i_1__1/O
                         net (fo=1, routed)           0.000    11.550    datapath/video_inst/inst_dvid/TDMS_encoder_red/dc_bias[2]_i_1__1_n_0
    SLICE_X162Y132       FDRE                                         r  datapath/video_inst/inst_dvid/TDMS_encoder_red/dc_bias_reg[2]/D
  -------------------------------------------------------------------    -------------------

                         (clock clk_out1_clk_wiz_2 rise edge)
                                                      0.000     0.000 r  
    BUFGCTRL_X0Y2        BUFG                         0.000     0.000 r  clk_IBUF_BUFG_inst/O
                         net (fo=303, routed)         1.972     1.972    datapath/video_inst/mmcm_adv_inst_display_clocks/inst/clk_in1
    MMCME2_ADV_X1Y0      MMCME2_ADV (Prop_mmcme2_adv_CLKIN1_CLKOUT0)
                                                     -4.637    -2.665 r  datapath/video_inst/mmcm_adv_inst_display_clocks/inst/mmcm_adv_inst/CLKOUT0
                         net (fo=1, routed)           2.574    -0.091    datapath/video_inst/mmcm_adv_inst_display_clocks/inst/clk_out1_clk_wiz_2
    BUFGCTRL_X0Y4        BUFG (Prop_bufg_I_O)         0.091     0.000 r  datapath/video_inst/mmcm_adv_inst_display_clocks/inst/clkout1_buf/O
                         net (fo=83, routed)          1.705     1.705    datapath/video_inst/inst_dvid/TDMS_encoder_red/clk_out1
    SLICE_X162Y132       FDRE                                         r  datapath/video_inst/inst_dvid/TDMS_encoder_red/dc_bias_reg[2]/C

Slack:                    inf
  Source:                 switch[1]
                            (input port)
  Destination:            datapath/video_inst/inst_dvid/TDMS_encoder_green/dc_bias_reg[0]/D
                            (rising edge-triggered cell FDRE clocked by clk_out1_clk_wiz_2  {rise@0.000ns fall@20.000ns period=40.000ns})
  Path Group:             (none)
  Path Type:              Setup (Max at Slow Process Corner)
  Data Path Delay:        11.543ns  (logic 1.439ns (12.470%)  route 10.104ns (87.530%))
  Logic Levels:           4  (IBUF=1 LUT3=1 LUT6=2)
  Clock Path Skew:        1.703ns (DCD - SCD + CPR)
    Destination Clock Delay (DCD):    1.703ns
    Source Clock Delay      (SCD):    0.000ns
    Clock Pessimism Removal (CPR):    0.000ns
  Clock Uncertainty:      0.190ns  ((TSJ^2 + DJ^2)^1/2) / 2 + PE
    Total System Jitter     (TSJ):    0.050ns
    Discrete Jitter          (DJ):    0.175ns
    Phase Error              (PE):    0.099ns

    Location             Delay type                Incr(ns)  Path(ns)    Netlist Resource(s)
  -------------------------------------------------------------------    -------------------
    F21                                               0.000     0.000 r  switch[1] (IN)
                         net (fo=0)                   0.000     0.000    switch[1]
    F21                  IBUF (Prop_ibuf_I_O)         1.067     1.067 r  switch_IBUF[1]_inst/O
                         net (fo=4, routed)           7.533     8.601    datapath/rightChannelMemory/switch_IBUF[0]
    SLICE_X144Y134       LUT3 (Prop_lut3_I0_O)        0.124     8.725 f  datapath/rightChannelMemory/dc_bias[3]_i_5/O
                         net (fo=1, routed)           0.846     9.570    datapath/video_inst/Inst_vga/u_vga_sig/encoded_reg[9]_0
    SLICE_X145Y134       LUT6 (Prop_lut6_I4_O)        0.124     9.694 r  datapath/video_inst/Inst_vga/u_vga_sig/dc_bias[3]_i_2__0/O
                         net (fo=6, routed)           1.725    11.419    datapath/video_inst/inst_dvid/TDMS_encoder_green/pixel[color][0]
    SLICE_X162Y131       LUT6 (Prop_lut6_I4_O)        0.124    11.543 r  datapath/video_inst/inst_dvid/TDMS_encoder_green/dc_bias[0]_i_1__0/O
                         net (fo=1, routed)           0.000    11.543    datapath/video_inst/inst_dvid/TDMS_encoder_green/dc_bias[0]_i_1__0_n_0
    SLICE_X162Y131       FDRE                                         r  datapath/video_inst/inst_dvid/TDMS_encoder_green/dc_bias_reg[0]/D
  -------------------------------------------------------------------    -------------------

                         (clock clk_out1_clk_wiz_2 rise edge)
                                                      0.000     0.000 r  
    BUFGCTRL_X0Y2        BUFG                         0.000     0.000 r  clk_IBUF_BUFG_inst/O
                         net (fo=303, routed)         1.972     1.972    datapath/video_inst/mmcm_adv_inst_display_clocks/inst/clk_in1
    MMCME2_ADV_X1Y0      MMCME2_ADV (Prop_mmcme2_adv_CLKIN1_CLKOUT0)
                                                     -4.637    -2.665 r  datapath/video_inst/mmcm_adv_inst_display_clocks/inst/mmcm_adv_inst/CLKOUT0
                         net (fo=1, routed)           2.574    -0.091    datapath/video_inst/mmcm_adv_inst_display_clocks/inst/clk_out1_clk_wiz_2
    BUFGCTRL_X0Y4        BUFG (Prop_bufg_I_O)         0.091     0.000 r  datapath/video_inst/mmcm_adv_inst_display_clocks/inst/clkout1_buf/O
                         net (fo=83, routed)          1.703     1.703    datapath/video_inst/inst_dvid/TDMS_encoder_green/clk_out1
    SLICE_X162Y131       FDRE                                         r  datapath/video_inst/inst_dvid/TDMS_encoder_green/dc_bias_reg[0]/C





Min Delay Paths
--------------------------------------------------------------------------------------
Slack:                    inf
  Source:                 datapath/trig_time/process_q_reg[10]/C
                            (rising edge-triggered cell FDRE)
  Destination:            datapath/video_inst/inst_dvid/TDMS_encoder_blue/encoded_reg[8]/D
                            (rising edge-triggered cell FDRE clocked by clk_out1_clk_wiz_2  {rise@0.000ns fall@20.000ns period=40.000ns})
  Path Group:             (none)
  Path Type:              Hold (Min at Fast Process Corner)
  Data Path Delay:        2.234ns  (logic 0.724ns (32.409%)  route 1.510ns (67.591%))
  Logic Levels:           8  (CARRY4=2 FDRE=1 LUT1=1 LUT3=1 LUT6=3)
  Clock Uncertainty:      0.190ns  ((TSJ^2 + DJ^2)^1/2) / 2 + PE
    Total System Jitter     (TSJ):    0.050ns
    Discrete Jitter          (DJ):    0.175ns
    Phase Error              (PE):    0.099ns

    Location             Delay type                Incr(ns)  Path(ns)    Netlist Resource(s)
  -------------------------------------------------------------------    -------------------
    SLICE_X150Y124       FDRE                         0.000     0.000 r  datapath/trig_time/process_q_reg[10]/C
    SLICE_X150Y124       FDRE (Prop_fdre_C_Q)         0.164     0.164 f  datapath/trig_time/process_q_reg[10]/Q
                         net (fo=4, routed)           0.163     0.327    datapath/trig_time/Q[10]
    SLICE_X149Y124       LUT1 (Prop_lut1_I0_O)        0.045     0.372 r  datapath/trig_time/dc_bias[3]_i_139/O
                         net (fo=1, routed)           0.000     0.372    datapath/video_inst/Inst_vga/u_color/dc_bias[3]_i_102_0[2]
    SLICE_X149Y124       CARRY4 (Prop_carry4_S[2]_O[2])
                                                      0.066     0.438 r  datapath/video_inst/Inst_vga/u_color/dc_bias_reg[3]_i_105/O[2]
                         net (fo=1, routed)           0.257     0.694    datapath/video_inst/Inst_vga/u_vga_sig/dc_bias_reg[3]_i_21_0[2]
    SLICE_X148Y126       LUT6 (Prop_lut6_I2_O)        0.108     0.802 r  datapath/video_inst/Inst_vga/u_vga_sig/dc_bias[3]_i_48/O
                         net (fo=1, routed)           0.000     0.802    datapath/video_inst/Inst_vga/u_color/dc_bias[3]_i_8_3[1]
    SLICE_X148Y126       CARRY4 (Prop_carry4_S[1]_CO[1])
                                                      0.135     0.937 r  datapath/video_inst/Inst_vga/u_color/dc_bias_reg[3]_i_21/CO[1]
                         net (fo=3, routed)           0.375     1.312    datapath/video_inst/Inst_vga/u_vga_sig/dc_bias[3]_i_2__1_0[0]
    SLICE_X144Y134       LUT6 (Prop_lut6_I4_O)        0.116     1.428 f  datapath/video_inst/Inst_vga/u_vga_sig/dc_bias[3]_i_3__1/O
                         net (fo=1, routed)           0.195     1.623    datapath/video_inst/Inst_vga/u_vga_sig/dc_bias[3]_i_3__1_n_0
    SLICE_X145Y134       LUT6 (Prop_lut6_I0_O)        0.045     1.668 f  datapath/video_inst/Inst_vga/u_vga_sig/dc_bias[3]_i_2/O
                         net (fo=10, routed)          0.521     2.189    datapath/video_inst/inst_dvid/TDMS_encoder_blue/pixel[color][0]
    SLICE_X161Y138       LUT3 (Prop_lut3_I1_O)        0.045     2.234 r  datapath/video_inst/inst_dvid/TDMS_encoder_blue/encoded[8]_i_1/O
                         net (fo=1, routed)           0.000     2.234    datapath/video_inst/inst_dvid/TDMS_encoder_blue/encoded[8]_i_1_n_0
    SLICE_X161Y138       FDRE                                         r  datapath/video_inst/inst_dvid/TDMS_encoder_blue/encoded_reg[8]/D
  -------------------------------------------------------------------    -------------------

                         (clock clk_out1_clk_wiz_2 rise edge)
                                                      0.000     0.000 r  
    BUFGCTRL_X0Y2        BUFG                         0.000     0.000 r  clk_IBUF_BUFG_inst/O
                         net (fo=303, routed)         1.022     1.022    datapath/video_inst/mmcm_adv_inst_display_clocks/inst/clk_in1
    MMCME2_ADV_X1Y0      MMCME2_ADV (Prop_mmcme2_adv_CLKIN1_CLKOUT0)
                                                     -2.040    -1.018 r  datapath/video_inst/mmcm_adv_inst_display_clocks/inst/mmcm_adv_inst/CLKOUT0
                         net (fo=1, routed)           0.989    -0.029    datapath/video_inst/mmcm_adv_inst_display_clocks/inst/clk_out1_clk_wiz_2
    BUFGCTRL_X0Y4        BUFG (Prop_bufg_I_O)         0.029    -0.000 r  datapath/video_inst/mmcm_adv_inst_display_clocks/inst/clkout1_buf/O
                         net (fo=83, routed)          0.919     0.919    datapath/video_inst/inst_dvid/TDMS_encoder_blue/clk_out1
    SLICE_X161Y138       FDRE                                         r  datapath/video_inst/inst_dvid/TDMS_encoder_blue/encoded_reg[8]/C

Slack:                    inf
  Source:                 datapath/trig_time/process_q_reg[10]/C
                            (rising edge-triggered cell FDRE)
  Destination:            datapath/video_inst/inst_dvid/TDMS_encoder_blue/encoded_reg[4]/D
                            (rising edge-triggered cell FDRE clocked by clk_out1_clk_wiz_2  {rise@0.000ns fall@20.000ns period=40.000ns})
  Path Group:             (none)
  Path Type:              Hold (Min at Fast Process Corner)
  Data Path Delay:        2.261ns  (logic 0.724ns (32.015%)  route 1.537ns (67.985%))
  Logic Levels:           8  (CARRY4=2 FDRE=1 LUT1=1 LUT6=4)
  Clock Uncertainty:      0.190ns  ((TSJ^2 + DJ^2)^1/2) / 2 + PE
    Total System Jitter     (TSJ):    0.050ns
    Discrete Jitter          (DJ):    0.175ns
    Phase Error              (PE):    0.099ns

    Location             Delay type                Incr(ns)  Path(ns)    Netlist Resource(s)
  -------------------------------------------------------------------    -------------------
    SLICE_X150Y124       FDRE                         0.000     0.000 r  datapath/trig_time/process_q_reg[10]/C
    SLICE_X150Y124       FDRE (Prop_fdre_C_Q)         0.164     0.164 f  datapath/trig_time/process_q_reg[10]/Q
                         net (fo=4, routed)           0.163     0.327    datapath/trig_time/Q[10]
    SLICE_X149Y124       LUT1 (Prop_lut1_I0_O)        0.045     0.372 r  datapath/trig_time/dc_bias[3]_i_139/O
                         net (fo=1, routed)           0.000     0.372    datapath/video_inst/Inst_vga/u_color/dc_bias[3]_i_102_0[2]
    SLICE_X149Y124       CARRY4 (Prop_carry4_S[2]_O[2])
                                                      0.066     0.438 r  datapath/video_inst/Inst_vga/u_color/dc_bias_reg[3]_i_105/O[2]
                         net (fo=1, routed)           0.257     0.694    datapath/video_inst/Inst_vga/u_vga_sig/dc_bias_reg[3]_i_21_0[2]
    SLICE_X148Y126       LUT6 (Prop_lut6_I2_O)        0.108     0.802 r  datapath/video_inst/Inst_vga/u_vga_sig/dc_bias[3]_i_48/O
                         net (fo=1, routed)           0.000     0.802    datapath/video_inst/Inst_vga/u_color/dc_bias[3]_i_8_3[1]
    SLICE_X148Y126       CARRY4 (Prop_carry4_S[1]_CO[1])
                                                      0.135     0.937 f  datapath/video_inst/Inst_vga/u_color/dc_bias_reg[3]_i_21/CO[1]
                         net (fo=3, routed)           0.375     1.312    datapath/video_inst/Inst_vga/u_vga_sig/dc_bias[3]_i_2__1_0[0]
    SLICE_X144Y134       LUT6 (Prop_lut6_I4_O)        0.116     1.428 r  datapath/video_inst/Inst_vga/u_vga_sig/dc_bias[3]_i_3__1/O
                         net (fo=1, routed)           0.195     1.623    datapath/video_inst/Inst_vga/u_vga_sig/dc_bias[3]_i_3__1_n_0
    SLICE_X145Y134       LUT6 (Prop_lut6_I0_O)        0.045     1.668 r  datapath/video_inst/Inst_vga/u_vga_sig/dc_bias[3]_i_2/O
                         net (fo=10, routed)          0.548     2.216    datapath/video_inst/Inst_vga/u_vga_sig/current_pos_reg[col][0]_2
    SLICE_X160Y138       LUT6 (Prop_lut6_I3_O)        0.045     2.261 r  datapath/video_inst/Inst_vga/u_vga_sig/encoded[4]_i_1/O
                         net (fo=1, routed)           0.000     2.261    datapath/video_inst/inst_dvid/TDMS_encoder_blue/encoded_reg[4]_0[3]
    SLICE_X160Y138       FDRE                                         r  datapath/video_inst/inst_dvid/TDMS_encoder_blue/encoded_reg[4]/D
  -------------------------------------------------------------------    -------------------

                         (clock clk_out1_clk_wiz_2 rise edge)
                                                      0.000     0.000 r  
    BUFGCTRL_X0Y2        BUFG                         0.000     0.000 r  clk_IBUF_BUFG_inst/O
                         net (fo=303, routed)         1.022     1.022    datapath/video_inst/mmcm_adv_inst_display_clocks/inst/clk_in1
    MMCME2_ADV_X1Y0      MMCME2_ADV (Prop_mmcme2_adv_CLKIN1_CLKOUT0)
                                                     -2.040    -1.018 r  datapath/video_inst/mmcm_adv_inst_display_clocks/inst/mmcm_adv_inst/CLKOUT0
                         net (fo=1, routed)           0.989    -0.029    datapath/video_inst/mmcm_adv_inst_display_clocks/inst/clk_out1_clk_wiz_2
    BUFGCTRL_X0Y4        BUFG (Prop_bufg_I_O)         0.029    -0.000 r  datapath/video_inst/mmcm_adv_inst_display_clocks/inst/clkout1_buf/O
                         net (fo=83, routed)          0.919     0.919    datapath/video_inst/inst_dvid/TDMS_encoder_blue/clk_out1
    SLICE_X160Y138       FDRE                                         r  datapath/video_inst/inst_dvid/TDMS_encoder_blue/encoded_reg[4]/C

Slack:                    inf
  Source:                 datapath/trig_time/process_q_reg[10]/C
                            (rising edge-triggered cell FDRE)
  Destination:            datapath/video_inst/inst_dvid/TDMS_encoder_red/encoded_reg[8]/D
                            (rising edge-triggered cell FDRE clocked by clk_out1_clk_wiz_2  {rise@0.000ns fall@20.000ns period=40.000ns})
  Path Group:             (none)
  Path Type:              Hold (Min at Fast Process Corner)
  Data Path Delay:        2.261ns  (logic 0.799ns (35.331%)  route 1.462ns (64.669%))
  Logic Levels:           8  (CARRY4=2 FDRE=1 LUT1=1 LUT2=1 LUT3=1 LUT6=2)
  Clock Uncertainty:      0.190ns  ((TSJ^2 + DJ^2)^1/2) / 2 + PE
    Total System Jitter     (TSJ):    0.050ns
    Discrete Jitter          (DJ):    0.175ns
    Phase Error              (PE):    0.099ns

    Location             Delay type                Incr(ns)  Path(ns)    Netlist Resource(s)
  -------------------------------------------------------------------    -------------------
    SLICE_X150Y124       FDRE                         0.000     0.000 r  datapath/trig_time/process_q_reg[10]/C
    SLICE_X150Y124       FDRE (Prop_fdre_C_Q)         0.164     0.164 f  datapath/trig_time/process_q_reg[10]/Q
                         net (fo=4, routed)           0.163     0.327    datapath/trig_time/Q[10]
    SLICE_X149Y124       LUT1 (Prop_lut1_I0_O)        0.045     0.372 r  datapath/trig_time/dc_bias[3]_i_139/O
                         net (fo=1, routed)           0.000     0.372    datapath/video_inst/Inst_vga/u_color/dc_bias[3]_i_102_0[2]
    SLICE_X149Y124       CARRY4 (Prop_carry4_S[2]_O[2])
                                                      0.066     0.438 r  datapath/video_inst/Inst_vga/u_color/dc_bias_reg[3]_i_105/O[2]
                         net (fo=1, routed)           0.257     0.694    datapath/video_inst/Inst_vga/u_vga_sig/dc_bias_reg[3]_i_21_0[2]
    SLICE_X148Y126       LUT6 (Prop_lut6_I2_O)        0.108     0.802 r  datapath/video_inst/Inst_vga/u_vga_sig/dc_bias[3]_i_48/O
                         net (fo=1, routed)           0.000     0.802    datapath/video_inst/Inst_vga/u_color/dc_bias[3]_i_8_3[1]
    SLICE_X148Y126       CARRY4 (Prop_carry4_S[1]_CO[1])
                                                      0.135     0.937 f  datapath/video_inst/Inst_vga/u_color/dc_bias_reg[3]_i_21/CO[1]
                         net (fo=3, routed)           0.412     1.350    datapath/video_inst/Inst_vga/u_vga_sig/dc_bias[3]_i_2__1_0[0]
    SLICE_X144Y134       LUT3 (Prop_lut3_I1_O)        0.118     1.468 f  datapath/video_inst/Inst_vga/u_vga_sig/dc_bias[3]_i_8/O
                         net (fo=2, routed)           0.157     1.625    datapath/video_inst/Inst_vga/u_color/encoded_reg[1]_2
    SLICE_X145Y134       LUT6 (Prop_lut6_I5_O)        0.118     1.743 f  datapath/video_inst/Inst_vga/u_color/dc_bias[3]_i_2__1/O
                         net (fo=14, routed)          0.474     2.216    datapath/video_inst/inst_dvid/TDMS_encoder_red/pixel[color][0]
    SLICE_X160Y133       LUT2 (Prop_lut2_I0_O)        0.045     2.261 r  datapath/video_inst/inst_dvid/TDMS_encoder_red/encoded[8]_i_1/O
                         net (fo=1, routed)           0.000     2.261    datapath/video_inst/inst_dvid/TDMS_encoder_red/encoded[8]_i_1_n_0
    SLICE_X160Y133       FDRE                                         r  datapath/video_inst/inst_dvid/TDMS_encoder_red/encoded_reg[8]/D
  -------------------------------------------------------------------    -------------------

                         (clock clk_out1_clk_wiz_2 rise edge)
                                                      0.000     0.000 r  
    BUFGCTRL_X0Y2        BUFG                         0.000     0.000 r  clk_IBUF_BUFG_inst/O
                         net (fo=303, routed)         1.022     1.022    datapath/video_inst/mmcm_adv_inst_display_clocks/inst/clk_in1
    MMCME2_ADV_X1Y0      MMCME2_ADV (Prop_mmcme2_adv_CLKIN1_CLKOUT0)
                                                     -2.040    -1.018 r  datapath/video_inst/mmcm_adv_inst_display_clocks/inst/mmcm_adv_inst/CLKOUT0
                         net (fo=1, routed)           0.989    -0.029    datapath/video_inst/mmcm_adv_inst_display_clocks/inst/clk_out1_clk_wiz_2
    BUFGCTRL_X0Y4        BUFG (Prop_bufg_I_O)         0.029    -0.000 r  datapath/video_inst/mmcm_adv_inst_display_clocks/inst/clkout1_buf/O
                         net (fo=83, routed)          0.914     0.914    datapath/video_inst/inst_dvid/TDMS_encoder_red/clk_out1
    SLICE_X160Y133       FDRE                                         r  datapath/video_inst/inst_dvid/TDMS_encoder_red/encoded_reg[8]/C

Slack:                    inf
  Source:                 datapath/trig_time/process_q_reg[10]/C
                            (rising edge-triggered cell FDRE)
  Destination:            datapath/video_inst/inst_dvid/TDMS_encoder_red/encoded_reg[9]/D
                            (rising edge-triggered cell FDRE clocked by clk_out1_clk_wiz_2  {rise@0.000ns fall@20.000ns period=40.000ns})
  Path Group:             (none)
  Path Type:              Hold (Min at Fast Process Corner)
  Data Path Delay:        2.264ns  (logic 0.802ns (35.417%)  route 1.462ns (64.583%))
  Logic Levels:           8  (CARRY4=2 FDRE=1 LUT1=1 LUT3=2 LUT6=2)
  Clock Uncertainty:      0.190ns  ((TSJ^2 + DJ^2)^1/2) / 2 + PE
    Total System Jitter     (TSJ):    0.050ns
    Discrete Jitter          (DJ):    0.175ns
    Phase Error              (PE):    0.099ns

    Location             Delay type                Incr(ns)  Path(ns)    Netlist Resource(s)
  -------------------------------------------------------------------    -------------------
    SLICE_X150Y124       FDRE                         0.000     0.000 r  datapath/trig_time/process_q_reg[10]/C
    SLICE_X150Y124       FDRE (Prop_fdre_C_Q)         0.164     0.164 f  datapath/trig_time/process_q_reg[10]/Q
                         net (fo=4, routed)           0.163     0.327    datapath/trig_time/Q[10]
    SLICE_X149Y124       LUT1 (Prop_lut1_I0_O)        0.045     0.372 r  datapath/trig_time/dc_bias[3]_i_139/O
                         net (fo=1, routed)           0.000     0.372    datapath/video_inst/Inst_vga/u_color/dc_bias[3]_i_102_0[2]
    SLICE_X149Y124       CARRY4 (Prop_carry4_S[2]_O[2])
                                                      0.066     0.438 r  datapath/video_inst/Inst_vga/u_color/dc_bias_reg[3]_i_105/O[2]
                         net (fo=1, routed)           0.257     0.694    datapath/video_inst/Inst_vga/u_vga_sig/dc_bias_reg[3]_i_21_0[2]
    SLICE_X148Y126       LUT6 (Prop_lut6_I2_O)        0.108     0.802 r  datapath/video_inst/Inst_vga/u_vga_sig/dc_bias[3]_i_48/O
                         net (fo=1, routed)           0.000     0.802    datapath/video_inst/Inst_vga/u_color/dc_bias[3]_i_8_3[1]
    SLICE_X148Y126       CARRY4 (Prop_carry4_S[1]_CO[1])
                                                      0.135     0.937 r  datapath/video_inst/Inst_vga/u_color/dc_bias_reg[3]_i_21/CO[1]
                         net (fo=3, routed)           0.412     1.350    datapath/video_inst/Inst_vga/u_vga_sig/dc_bias[3]_i_2__1_0[0]
    SLICE_X144Y134       LUT3 (Prop_lut3_I1_O)        0.118     1.468 r  datapath/video_inst/Inst_vga/u_vga_sig/dc_bias[3]_i_8/O
                         net (fo=2, routed)           0.157     1.625    datapath/video_inst/Inst_vga/u_color/encoded_reg[1]_2
    SLICE_X145Y134       LUT6 (Prop_lut6_I5_O)        0.118     1.743 r  datapath/video_inst/Inst_vga/u_color/dc_bias[3]_i_2__1/O
                         net (fo=14, routed)          0.474     2.216    datapath/video_inst/inst_dvid/TDMS_encoder_red/pixel[color][0]
    SLICE_X160Y133       LUT3 (Prop_lut3_I0_O)        0.048     2.264 r  datapath/video_inst/inst_dvid/TDMS_encoder_red/encoded[9]_i_1/O
                         net (fo=1, routed)           0.000     2.264    datapath/video_inst/inst_dvid/TDMS_encoder_red/encoded[9]_i_1_n_0
    SLICE_X160Y133       FDRE                                         r  datapath/video_inst/inst_dvid/TDMS_encoder_red/encoded_reg[9]/D
  -------------------------------------------------------------------    -------------------

                         (clock clk_out1_clk_wiz_2 rise edge)
                                                      0.000     0.000 r  
    BUFGCTRL_X0Y2        BUFG                         0.000     0.000 r  clk_IBUF_BUFG_inst/O
                         net (fo=303, routed)         1.022     1.022    datapath/video_inst/mmcm_adv_inst_display_clocks/inst/clk_in1
    MMCME2_ADV_X1Y0      MMCME2_ADV (Prop_mmcme2_adv_CLKIN1_CLKOUT0)
                                                     -2.040    -1.018 r  datapath/video_inst/mmcm_adv_inst_display_clocks/inst/mmcm_adv_inst/CLKOUT0
                         net (fo=1, routed)           0.989    -0.029    datapath/video_inst/mmcm_adv_inst_display_clocks/inst/clk_out1_clk_wiz_2
    BUFGCTRL_X0Y4        BUFG (Prop_bufg_I_O)         0.029    -0.000 r  datapath/video_inst/mmcm_adv_inst_display_clocks/inst/clkout1_buf/O
                         net (fo=83, routed)          0.914     0.914    datapath/video_inst/inst_dvid/TDMS_encoder_red/clk_out1
    SLICE_X160Y133       FDRE                                         r  datapath/video_inst/inst_dvid/TDMS_encoder_red/encoded_reg[9]/C

Slack:                    inf
  Source:                 datapath/trig_time/process_q_reg[10]/C
                            (rising edge-triggered cell FDRE)
  Destination:            datapath/video_inst/inst_dvid/TDMS_encoder_blue/encoded_reg[2]/D
                            (rising edge-triggered cell FDRE clocked by clk_out1_clk_wiz_2  {rise@0.000ns fall@20.000ns period=40.000ns})
  Path Group:             (none)
  Path Type:              Hold (Min at Fast Process Corner)
  Data Path Delay:        2.265ns  (logic 0.724ns (31.963%)  route 1.541ns (68.037%))
  Logic Levels:           8  (CARRY4=2 FDRE=1 LUT1=1 LUT6=4)
  Clock Uncertainty:      0.190ns  ((TSJ^2 + DJ^2)^1/2) / 2 + PE
    Total System Jitter     (TSJ):    0.050ns
    Discrete Jitter          (DJ):    0.175ns
    Phase Error              (PE):    0.099ns

    Location             Delay type                Incr(ns)  Path(ns)    Netlist Resource(s)
  -------------------------------------------------------------------    -------------------
    SLICE_X150Y124       FDRE                         0.000     0.000 r  datapath/trig_time/process_q_reg[10]/C
    SLICE_X150Y124       FDRE (Prop_fdre_C_Q)         0.164     0.164 f  datapath/trig_time/process_q_reg[10]/Q
                         net (fo=4, routed)           0.163     0.327    datapath/trig_time/Q[10]
    SLICE_X149Y124       LUT1 (Prop_lut1_I0_O)        0.045     0.372 r  datapath/trig_time/dc_bias[3]_i_139/O
                         net (fo=1, routed)           0.000     0.372    datapath/video_inst/Inst_vga/u_color/dc_bias[3]_i_102_0[2]
    SLICE_X149Y124       CARRY4 (Prop_carry4_S[2]_O[2])
                                                      0.066     0.438 r  datapath/video_inst/Inst_vga/u_color/dc_bias_reg[3]_i_105/O[2]
                         net (fo=1, routed)           0.257     0.694    datapath/video_inst/Inst_vga/u_vga_sig/dc_bias_reg[3]_i_21_0[2]
    SLICE_X148Y126       LUT6 (Prop_lut6_I2_O)        0.108     0.802 r  datapath/video_inst/Inst_vga/u_vga_sig/dc_bias[3]_i_48/O
                         net (fo=1, routed)           0.000     0.802    datapath/video_inst/Inst_vga/u_color/dc_bias[3]_i_8_3[1]
    SLICE_X148Y126       CARRY4 (Prop_carry4_S[1]_CO[1])
                                                      0.135     0.937 f  datapath/video_inst/Inst_vga/u_color/dc_bias_reg[3]_i_21/CO[1]
                         net (fo=3, routed)           0.375     1.312    datapath/video_inst/Inst_vga/u_vga_sig/dc_bias[3]_i_2__1_0[0]
    SLICE_X144Y134       LUT6 (Prop_lut6_I4_O)        0.116     1.428 r  datapath/video_inst/Inst_vga/u_vga_sig/dc_bias[3]_i_3__1/O
                         net (fo=1, routed)           0.195     1.623    datapath/video_inst/Inst_vga/u_vga_sig/dc_bias[3]_i_3__1_n_0
    SLICE_X145Y134       LUT6 (Prop_lut6_I0_O)        0.045     1.668 r  datapath/video_inst/Inst_vga/u_vga_sig/dc_bias[3]_i_2/O
                         net (fo=10, routed)          0.552     2.220    datapath/video_inst/Inst_vga/u_vga_sig/current_pos_reg[col][0]_2
    SLICE_X160Y138       LUT6 (Prop_lut6_I3_O)        0.045     2.265 r  datapath/video_inst/Inst_vga/u_vga_sig/encoded[2]_i_1/O
                         net (fo=1, routed)           0.000     2.265    datapath/video_inst/inst_dvid/TDMS_encoder_blue/encoded_reg[4]_0[2]
    SLICE_X160Y138       FDRE                                         r  datapath/video_inst/inst_dvid/TDMS_encoder_blue/encoded_reg[2]/D
  -------------------------------------------------------------------    -------------------

                         (clock clk_out1_clk_wiz_2 rise edge)
                                                      0.000     0.000 r  
    BUFGCTRL_X0Y2        BUFG                         0.000     0.000 r  clk_IBUF_BUFG_inst/O
                         net (fo=303, routed)         1.022     1.022    datapath/video_inst/mmcm_adv_inst_display_clocks/inst/clk_in1
    MMCME2_ADV_X1Y0      MMCME2_ADV (Prop_mmcme2_adv_CLKIN1_CLKOUT0)
                                                     -2.040    -1.018 r  datapath/video_inst/mmcm_adv_inst_display_clocks/inst/mmcm_adv_inst/CLKOUT0
                         net (fo=1, routed)           0.989    -0.029    datapath/video_inst/mmcm_adv_inst_display_clocks/inst/clk_out1_clk_wiz_2
    BUFGCTRL_X0Y4        BUFG (Prop_bufg_I_O)         0.029    -0.000 r  datapath/video_inst/mmcm_adv_inst_display_clocks/inst/clkout1_buf/O
                         net (fo=83, routed)          0.919     0.919    datapath/video_inst/inst_dvid/TDMS_encoder_blue/clk_out1
    SLICE_X160Y138       FDRE                                         r  datapath/video_inst/inst_dvid/TDMS_encoder_blue/encoded_reg[2]/C

Slack:                    inf
  Source:                 datapath/trig_time/process_q_reg[10]/C
                            (rising edge-triggered cell FDRE)
  Destination:            datapath/video_inst/inst_dvid/TDMS_encoder_red/dc_bias_reg[1]/D
                            (rising edge-triggered cell FDRE clocked by clk_out1_clk_wiz_2  {rise@0.000ns fall@20.000ns period=40.000ns})
  Path Group:             (none)
  Path Type:              Hold (Min at Fast Process Corner)
  Data Path Delay:        2.297ns  (logic 0.802ns (34.917%)  route 1.495ns (65.083%))
  Logic Levels:           8  (CARRY4=2 FDRE=1 LUT1=1 LUT3=1 LUT4=1 LUT6=2)
  Clock Uncertainty:      0.190ns  ((TSJ^2 + DJ^2)^1/2) / 2 + PE
    Total System Jitter     (TSJ):    0.050ns
    Discrete Jitter          (DJ):    0.175ns
    Phase Error              (PE):    0.099ns

    Location             Delay type                Incr(ns)  Path(ns)    Netlist Resource(s)
  -------------------------------------------------------------------    -------------------
    SLICE_X150Y124       FDRE                         0.000     0.000 r  datapath/trig_time/process_q_reg[10]/C
    SLICE_X150Y124       FDRE (Prop_fdre_C_Q)         0.164     0.164 f  datapath/trig_time/process_q_reg[10]/Q
                         net (fo=4, routed)           0.163     0.327    datapath/trig_time/Q[10]
    SLICE_X149Y124       LUT1 (Prop_lut1_I0_O)        0.045     0.372 r  datapath/trig_time/dc_bias[3]_i_139/O
                         net (fo=1, routed)           0.000     0.372    datapath/video_inst/Inst_vga/u_color/dc_bias[3]_i_102_0[2]
    SLICE_X149Y124       CARRY4 (Prop_carry4_S[2]_O[2])
                                                      0.066     0.438 r  datapath/video_inst/Inst_vga/u_color/dc_bias_reg[3]_i_105/O[2]
                         net (fo=1, routed)           0.257     0.694    datapath/video_inst/Inst_vga/u_vga_sig/dc_bias_reg[3]_i_21_0[2]
    SLICE_X148Y126       LUT6 (Prop_lut6_I2_O)        0.108     0.802 r  datapath/video_inst/Inst_vga/u_vga_sig/dc_bias[3]_i_48/O
                         net (fo=1, routed)           0.000     0.802    datapath/video_inst/Inst_vga/u_color/dc_bias[3]_i_8_3[1]
    SLICE_X148Y126       CARRY4 (Prop_carry4_S[1]_CO[1])
                                                      0.135     0.937 r  datapath/video_inst/Inst_vga/u_color/dc_bias_reg[3]_i_21/CO[1]
                         net (fo=3, routed)           0.412     1.350    datapath/video_inst/Inst_vga/u_vga_sig/dc_bias[3]_i_2__1_0[0]
    SLICE_X144Y134       LUT3 (Prop_lut3_I1_O)        0.118     1.468 r  datapath/video_inst/Inst_vga/u_vga_sig/dc_bias[3]_i_8/O
                         net (fo=2, routed)           0.157     1.625    datapath/video_inst/Inst_vga/u_color/encoded_reg[1]_2
    SLICE_X145Y134       LUT6 (Prop_lut6_I5_O)        0.118     1.743 r  datapath/video_inst/Inst_vga/u_color/dc_bias[3]_i_2__1/O
                         net (fo=14, routed)          0.506     2.249    datapath/video_inst/inst_dvid/TDMS_encoder_red/pixel[color][0]
    SLICE_X162Y132       LUT4 (Prop_lut4_I3_O)        0.048     2.297 r  datapath/video_inst/inst_dvid/TDMS_encoder_red/dc_bias[1]_i_1__1/O
                         net (fo=1, routed)           0.000     2.297    datapath/video_inst/inst_dvid/TDMS_encoder_red/dc_bias[1]_i_1__1_n_0
    SLICE_X162Y132       FDRE                                         r  datapath/video_inst/inst_dvid/TDMS_encoder_red/dc_bias_reg[1]/D
  -------------------------------------------------------------------    -------------------

                         (clock clk_out1_clk_wiz_2 rise edge)
                                                      0.000     0.000 r  
    BUFGCTRL_X0Y2        BUFG                         0.000     0.000 r  clk_IBUF_BUFG_inst/O
                         net (fo=303, routed)         1.022     1.022    datapath/video_inst/mmcm_adv_inst_display_clocks/inst/clk_in1
    MMCME2_ADV_X1Y0      MMCME2_ADV (Prop_mmcme2_adv_CLKIN1_CLKOUT0)
                                                     -2.040    -1.018 r  datapath/video_inst/mmcm_adv_inst_display_clocks/inst/mmcm_adv_inst/CLKOUT0
                         net (fo=1, routed)           0.989    -0.029    datapath/video_inst/mmcm_adv_inst_display_clocks/inst/clk_out1_clk_wiz_2
    BUFGCTRL_X0Y4        BUFG (Prop_bufg_I_O)         0.029    -0.000 r  datapath/video_inst/mmcm_adv_inst_display_clocks/inst/clkout1_buf/O
                         net (fo=83, routed)          0.913     0.913    datapath/video_inst/inst_dvid/TDMS_encoder_red/clk_out1
    SLICE_X162Y132       FDRE                                         r  datapath/video_inst/inst_dvid/TDMS_encoder_red/dc_bias_reg[1]/C

Slack:                    inf
  Source:                 datapath/rightChannelMemory/sdp_bl.ramb18_dp_bl.ram18_bl/CLKARDCLK
                            (rising edge-triggered cell RAMB18E1)
  Destination:            datapath/video_inst/inst_dvid/TDMS_encoder_green/encoded_reg[9]/D
                            (rising edge-triggered cell FDRE clocked by clk_out1_clk_wiz_2  {rise@0.000ns fall@20.000ns period=40.000ns})
  Path Group:             (none)
  Path Type:              Hold (Min at Fast Process Corner)
  Data Path Delay:        2.303ns  (logic 0.872ns (37.865%)  route 1.431ns (62.135%))
  Logic Levels:           6  (CARRY4=1 LUT3=1 LUT5=2 LUT6=1 RAMB18E1=1)
  Clock Uncertainty:      0.190ns  ((TSJ^2 + DJ^2)^1/2) / 2 + PE
    Total System Jitter     (TSJ):    0.050ns
    Discrete Jitter          (DJ):    0.175ns
    Phase Error              (PE):    0.099ns

    Location             Delay type                Incr(ns)  Path(ns)    Netlist Resource(s)
  -------------------------------------------------------------------    -------------------
    RAMB18_X7Y51         RAMB18E1                     0.000     0.000 r  datapath/rightChannelMemory/sdp_bl.ramb18_dp_bl.ram18_bl/CLKARDCLK
    RAMB18_X7Y51         RAMB18E1 (Prop_ramb18e1_CLKARDCLK_DOADO[15])
                                                      0.585     0.585 r  datapath/rightChannelMemory/sdp_bl.ramb18_dp_bl.ram18_bl/DOADO[15]
                         net (fo=1, routed)           0.180     0.765    datapath/rightChannelMemory/r_bram_out[15]
    SLICE_X140Y129       LUT5 (Prop_lut5_I0_O)        0.045     0.810 r  datapath/rightChannelMemory/ch2[active]0_carry_i_1/O
                         net (fo=1, routed)           0.000     0.810    datapath/rightChannelMemory_n_5
    SLICE_X140Y129       CARRY4 (Prop_carry4_S[3]_CO[3])
                                                      0.109     0.919 r  datapath/ch2[active]0_carry/CO[3]
                         net (fo=4, routed)           0.413     1.332    datapath/rightChannelMemory/CO[0]
    SLICE_X144Y134       LUT3 (Prop_lut3_I1_O)        0.045     1.377 f  datapath/rightChannelMemory/dc_bias[3]_i_5/O
                         net (fo=1, routed)           0.281     1.658    datapath/video_inst/Inst_vga/u_vga_sig/encoded_reg[9]_0
    SLICE_X145Y134       LUT6 (Prop_lut6_I4_O)        0.045     1.703 r  datapath/video_inst/Inst_vga/u_vga_sig/dc_bias[3]_i_2__0/O
                         net (fo=6, routed)           0.557     2.260    datapath/video_inst/inst_dvid/TDMS_encoder_green/pixel[color][0]
    SLICE_X162Y133       LUT5 (Prop_lut5_I2_O)        0.043     2.303 r  datapath/video_inst/inst_dvid/TDMS_encoder_green/encoded[9]_i_1/O
                         net (fo=1, routed)           0.000     2.303    datapath/video_inst/inst_dvid/TDMS_encoder_green/encoded[9]_i_1_n_0
    SLICE_X162Y133       FDRE                                         r  datapath/video_inst/inst_dvid/TDMS_encoder_green/encoded_reg[9]/D
  -------------------------------------------------------------------    -------------------

                         (clock clk_out1_clk_wiz_2 rise edge)
                                                      0.000     0.000 r  
    BUFGCTRL_X0Y2        BUFG                         0.000     0.000 r  clk_IBUF_BUFG_inst/O
                         net (fo=303, routed)         1.022     1.022    datapath/video_inst/mmcm_adv_inst_display_clocks/inst/clk_in1
    MMCME2_ADV_X1Y0      MMCME2_ADV (Prop_mmcme2_adv_CLKIN1_CLKOUT0)
                                                     -2.040    -1.018 r  datapath/video_inst/mmcm_adv_inst_display_clocks/inst/mmcm_adv_inst/CLKOUT0
                         net (fo=1, routed)           0.989    -0.029    datapath/video_inst/mmcm_adv_inst_display_clocks/inst/clk_out1_clk_wiz_2
    BUFGCTRL_X0Y4        BUFG (Prop_bufg_I_O)         0.029    -0.000 r  datapath/video_inst/mmcm_adv_inst_display_clocks/inst/clkout1_buf/O
                         net (fo=83, routed)          0.914     0.914    datapath/video_inst/inst_dvid/TDMS_encoder_green/clk_out1
    SLICE_X162Y133       FDRE                                         r  datapath/video_inst/inst_dvid/TDMS_encoder_green/encoded_reg[9]/C

Slack:                    inf
  Source:                 datapath/trig_time/process_q_reg[10]/C
                            (rising edge-triggered cell FDRE)
  Destination:            datapath/video_inst/inst_dvid/TDMS_encoder_blue/dc_bias_reg[3]/D
                            (rising edge-triggered cell FDRE clocked by clk_out1_clk_wiz_2  {rise@0.000ns fall@20.000ns period=40.000ns})
  Path Group:             (none)
  Path Type:              Hold (Min at Fast Process Corner)
  Data Path Delay:        2.310ns  (logic 0.799ns (34.593%)  route 1.511ns (65.407%))
  Logic Levels:           8  (CARRY4=2 FDRE=1 LUT1=1 LUT3=1 LUT6=3)
  Clock Uncertainty:      0.190ns  ((TSJ^2 + DJ^2)^1/2) / 2 + PE
    Total System Jitter     (TSJ):    0.050ns
    Discrete Jitter          (DJ):    0.175ns
    Phase Error              (PE):    0.099ns

    Location             Delay type                Incr(ns)  Path(ns)    Netlist Resource(s)
  -------------------------------------------------------------------    -------------------
    SLICE_X150Y124       FDRE                         0.000     0.000 r  datapath/trig_time/process_q_reg[10]/C
    SLICE_X150Y124       FDRE (Prop_fdre_C_Q)         0.164     0.164 f  datapath/trig_time/process_q_reg[10]/Q
                         net (fo=4, routed)           0.163     0.327    datapath/trig_time/Q[10]
    SLICE_X149Y124       LUT1 (Prop_lut1_I0_O)        0.045     0.372 r  datapath/trig_time/dc_bias[3]_i_139/O
                         net (fo=1, routed)           0.000     0.372    datapath/video_inst/Inst_vga/u_color/dc_bias[3]_i_102_0[2]
    SLICE_X149Y124       CARRY4 (Prop_carry4_S[2]_O[2])
                                                      0.066     0.438 r  datapath/video_inst/Inst_vga/u_color/dc_bias_reg[3]_i_105/O[2]
                         net (fo=1, routed)           0.257     0.694    datapath/video_inst/Inst_vga/u_vga_sig/dc_bias_reg[3]_i_21_0[2]
    SLICE_X148Y126       LUT6 (Prop_lut6_I2_O)        0.108     0.802 r  datapath/video_inst/Inst_vga/u_vga_sig/dc_bias[3]_i_48/O
                         net (fo=1, routed)           0.000     0.802    datapath/video_inst/Inst_vga/u_color/dc_bias[3]_i_8_3[1]
    SLICE_X148Y126       CARRY4 (Prop_carry4_S[1]_CO[1])
                                                      0.135     0.937 r  datapath/video_inst/Inst_vga/u_color/dc_bias_reg[3]_i_21/CO[1]
                         net (fo=3, routed)           0.412     1.350    datapath/video_inst/Inst_vga/u_vga_sig/dc_bias[3]_i_2__1_0[0]
    SLICE_X144Y134       LUT3 (Prop_lut3_I1_O)        0.118     1.468 r  datapath/video_inst/Inst_vga/u_vga_sig/dc_bias[3]_i_8/O
                         net (fo=2, routed)           0.157     1.625    datapath/video_inst/Inst_vga/u_color/encoded_reg[1]_2
    SLICE_X145Y134       LUT6 (Prop_lut6_I5_O)        0.118     1.743 r  datapath/video_inst/Inst_vga/u_color/dc_bias[3]_i_2__1/O
                         net (fo=14, routed)          0.522     2.265    datapath/video_inst/inst_dvid/TDMS_encoder_blue/pixel[color][1]
    SLICE_X162Y137       LUT6 (Prop_lut6_I5_O)        0.045     2.310 r  datapath/video_inst/inst_dvid/TDMS_encoder_blue/dc_bias[3]_i_1/O
                         net (fo=1, routed)           0.000     2.310    datapath/video_inst/inst_dvid/TDMS_encoder_blue/dc_bias[3]_i_1_n_0
    SLICE_X162Y137       FDRE                                         r  datapath/video_inst/inst_dvid/TDMS_encoder_blue/dc_bias_reg[3]/D
  -------------------------------------------------------------------    -------------------

                         (clock clk_out1_clk_wiz_2 rise edge)
                                                      0.000     0.000 r  
    BUFGCTRL_X0Y2        BUFG                         0.000     0.000 r  clk_IBUF_BUFG_inst/O
                         net (fo=303, routed)         1.022     1.022    datapath/video_inst/mmcm_adv_inst_display_clocks/inst/clk_in1
    MMCME2_ADV_X1Y0      MMCME2_ADV (Prop_mmcme2_adv_CLKIN1_CLKOUT0)
                                                     -2.040    -1.018 r  datapath/video_inst/mmcm_adv_inst_display_clocks/inst/mmcm_adv_inst/CLKOUT0
                         net (fo=1, routed)           0.989    -0.029    datapath/video_inst/mmcm_adv_inst_display_clocks/inst/clk_out1_clk_wiz_2
    BUFGCTRL_X0Y4        BUFG (Prop_bufg_I_O)         0.029    -0.000 r  datapath/video_inst/mmcm_adv_inst_display_clocks/inst/clkout1_buf/O
                         net (fo=83, routed)          0.917     0.917    datapath/video_inst/inst_dvid/TDMS_encoder_blue/clk_out1
    SLICE_X162Y137       FDRE                                         r  datapath/video_inst/inst_dvid/TDMS_encoder_blue/dc_bias_reg[3]/C

Slack:                    inf
  Source:                 datapath/rightChannelMemory/sdp_bl.ramb18_dp_bl.ram18_bl/CLKARDCLK
                            (rising edge-triggered cell RAMB18E1)
  Destination:            datapath/video_inst/inst_dvid/TDMS_encoder_green/encoded_reg[8]/D
                            (rising edge-triggered cell FDRE clocked by clk_out1_clk_wiz_2  {rise@0.000ns fall@20.000ns period=40.000ns})
  Path Group:             (none)
  Path Type:              Hold (Min at Fast Process Corner)
  Data Path Delay:        2.348ns  (logic 0.874ns (37.230%)  route 1.474ns (62.770%))
  Logic Levels:           6  (CARRY4=1 LUT2=1 LUT5=2 LUT6=1 RAMB18E1=1)
  Clock Uncertainty:      0.190ns  ((TSJ^2 + DJ^2)^1/2) / 2 + PE
    Total System Jitter     (TSJ):    0.050ns
    Discrete Jitter          (DJ):    0.175ns
    Phase Error              (PE):    0.099ns

    Location             Delay type                Incr(ns)  Path(ns)    Netlist Resource(s)
  -------------------------------------------------------------------    -------------------
    RAMB18_X7Y51         RAMB18E1                     0.000     0.000 r  datapath/rightChannelMemory/sdp_bl.ramb18_dp_bl.ram18_bl/CLKARDCLK
    RAMB18_X7Y51         RAMB18E1 (Prop_ramb18e1_CLKARDCLK_DOADO[15])
                                                      0.585     0.585 r  datapath/rightChannelMemory/sdp_bl.ramb18_dp_bl.ram18_bl/DOADO[15]
                         net (fo=1, routed)           0.180     0.765    datapath/rightChannelMemory/r_bram_out[15]
    SLICE_X140Y129       LUT5 (Prop_lut5_I0_O)        0.045     0.810 r  datapath/rightChannelMemory/ch2[active]0_carry_i_1/O
                         net (fo=1, routed)           0.000     0.810    datapath/rightChannelMemory_n_5
    SLICE_X140Y129       CARRY4 (Prop_carry4_S[3]_CO[3])
                                                      0.109     0.919 f  datapath/ch2[active]0_carry/CO[3]
                         net (fo=4, routed)           0.494     1.413    datapath/video_inst/Inst_vga/u_vga_sig/CO[0]
    SLICE_X144Y134       LUT5 (Prop_lut5_I3_O)        0.045     1.458 f  datapath/video_inst/Inst_vga/u_vga_sig/dc_bias[3]_i_6/O
                         net (fo=1, routed)           0.218     1.676    datapath/video_inst/Inst_vga/u_vga_sig/dc_bias[3]_i_6_n_0
    SLICE_X145Y134       LUT6 (Prop_lut6_I0_O)        0.045     1.721 f  datapath/video_inst/Inst_vga/u_vga_sig/dc_bias[3]_i_3/O
                         net (fo=7, routed)           0.581     2.303    datapath/video_inst/inst_dvid/TDMS_encoder_green/pixel[color][1]
    SLICE_X162Y133       LUT2 (Prop_lut2_I0_O)        0.045     2.348 r  datapath/video_inst/inst_dvid/TDMS_encoder_green/encoded[8]_i_1/O
                         net (fo=1, routed)           0.000     2.348    datapath/video_inst/inst_dvid/TDMS_encoder_green/encoded[8]_i_1_n_0
    SLICE_X162Y133       FDRE                                         r  datapath/video_inst/inst_dvid/TDMS_encoder_green/encoded_reg[8]/D
  -------------------------------------------------------------------    -------------------

                         (clock clk_out1_clk_wiz_2 rise edge)
                                                      0.000     0.000 r  
    BUFGCTRL_X0Y2        BUFG                         0.000     0.000 r  clk_IBUF_BUFG_inst/O
                         net (fo=303, routed)         1.022     1.022    datapath/video_inst/mmcm_adv_inst_display_clocks/inst/clk_in1
    MMCME2_ADV_X1Y0      MMCME2_ADV (Prop_mmcme2_adv_CLKIN1_CLKOUT0)
                                                     -2.040    -1.018 r  datapath/video_inst/mmcm_adv_inst_display_clocks/inst/mmcm_adv_inst/CLKOUT0
                         net (fo=1, routed)           0.989    -0.029    datapath/video_inst/mmcm_adv_inst_display_clocks/inst/clk_out1_clk_wiz_2
    BUFGCTRL_X0Y4        BUFG (Prop_bufg_I_O)         0.029    -0.000 r  datapath/video_inst/mmcm_adv_inst_display_clocks/inst/clkout1_buf/O
                         net (fo=83, routed)          0.914     0.914    datapath/video_inst/inst_dvid/TDMS_encoder_green/clk_out1
    SLICE_X162Y133       FDRE                                         r  datapath/video_inst/inst_dvid/TDMS_encoder_green/encoded_reg[8]/C

Slack:                    inf
  Source:                 datapath/trig_time/process_q_reg[10]/C
                            (rising edge-triggered cell FDRE)
  Destination:            datapath/video_inst/inst_dvid/TDMS_encoder_blue/encoded_reg[9]/D
                            (rising edge-triggered cell FDRE clocked by clk_out1_clk_wiz_2  {rise@0.000ns fall@20.000ns period=40.000ns})
  Path Group:             (none)
  Path Type:              Hold (Min at Fast Process Corner)
  Data Path Delay:        2.370ns  (logic 0.724ns (30.549%)  route 1.646ns (69.451%))
  Logic Levels:           8  (CARRY4=2 FDRE=1 LUT1=1 LUT6=4)
  Clock Uncertainty:      0.190ns  ((TSJ^2 + DJ^2)^1/2) / 2 + PE
    Total System Jitter     (TSJ):    0.050ns
    Discrete Jitter          (DJ):    0.175ns
    Phase Error              (PE):    0.099ns

    Location             Delay type                Incr(ns)  Path(ns)    Netlist Resource(s)
  -------------------------------------------------------------------    -------------------
    SLICE_X150Y124       FDRE                         0.000     0.000 r  datapath/trig_time/process_q_reg[10]/C
    SLICE_X150Y124       FDRE (Prop_fdre_C_Q)         0.164     0.164 f  datapath/trig_time/process_q_reg[10]/Q
                         net (fo=4, routed)           0.163     0.327    datapath/trig_time/Q[10]
    SLICE_X149Y124       LUT1 (Prop_lut1_I0_O)        0.045     0.372 r  datapath/trig_time/dc_bias[3]_i_139/O
                         net (fo=1, routed)           0.000     0.372    datapath/video_inst/Inst_vga/u_color/dc_bias[3]_i_102_0[2]
    SLICE_X149Y124       CARRY4 (Prop_carry4_S[2]_O[2])
                                                      0.066     0.438 r  datapath/video_inst/Inst_vga/u_color/dc_bias_reg[3]_i_105/O[2]
                         net (fo=1, routed)           0.257     0.694    datapath/video_inst/Inst_vga/u_vga_sig/dc_bias_reg[3]_i_21_0[2]
    SLICE_X148Y126       LUT6 (Prop_lut6_I2_O)        0.108     0.802 r  datapath/video_inst/Inst_vga/u_vga_sig/dc_bias[3]_i_48/O
                         net (fo=1, routed)           0.000     0.802    datapath/video_inst/Inst_vga/u_color/dc_bias[3]_i_8_3[1]
    SLICE_X148Y126       CARRY4 (Prop_carry4_S[1]_CO[1])
                                                      0.135     0.937 f  datapath/video_inst/Inst_vga/u_color/dc_bias_reg[3]_i_21/CO[1]
                         net (fo=3, routed)           0.375     1.312    datapath/video_inst/Inst_vga/u_vga_sig/dc_bias[3]_i_2__1_0[0]
    SLICE_X144Y134       LUT6 (Prop_lut6_I4_O)        0.116     1.428 r  datapath/video_inst/Inst_vga/u_vga_sig/dc_bias[3]_i_3__1/O
                         net (fo=1, routed)           0.195     1.623    datapath/video_inst/Inst_vga/u_vga_sig/dc_bias[3]_i_3__1_n_0
    SLICE_X145Y134       LUT6 (Prop_lut6_I0_O)        0.045     1.668 r  datapath/video_inst/Inst_vga/u_vga_sig/dc_bias[3]_i_2/O
                         net (fo=10, routed)          0.657     2.325    datapath/video_inst/inst_dvid/TDMS_encoder_blue/pixel[color][0]
    SLICE_X161Y138       LUT6 (Prop_lut6_I3_O)        0.045     2.370 r  datapath/video_inst/inst_dvid/TDMS_encoder_blue/encoded[9]_i_1/O
                         net (fo=1, routed)           0.000     2.370    datapath/video_inst/inst_dvid/TDMS_encoder_blue/encoded[9]_i_1_n_0
    SLICE_X161Y138       FDRE                                         r  datapath/video_inst/inst_dvid/TDMS_encoder_blue/encoded_reg[9]/D
  -------------------------------------------------------------------    -------------------

                         (clock clk_out1_clk_wiz_2 rise edge)
                                                      0.000     0.000 r  
    BUFGCTRL_X0Y2        BUFG                         0.000     0.000 r  clk_IBUF_BUFG_inst/O
                         net (fo=303, routed)         1.022     1.022    datapath/video_inst/mmcm_adv_inst_display_clocks/inst/clk_in1
    MMCME2_ADV_X1Y0      MMCME2_ADV (Prop_mmcme2_adv_CLKIN1_CLKOUT0)
                                                     -2.040    -1.018 r  datapath/video_inst/mmcm_adv_inst_display_clocks/inst/mmcm_adv_inst/CLKOUT0
                         net (fo=1, routed)           0.989    -0.029    datapath/video_inst/mmcm_adv_inst_display_clocks/inst/clk_out1_clk_wiz_2
    BUFGCTRL_X0Y4        BUFG (Prop_bufg_I_O)         0.029    -0.000 r  datapath/video_inst/mmcm_adv_inst_display_clocks/inst/clkout1_buf/O
                         net (fo=83, routed)          0.919     0.919    datapath/video_inst/inst_dvid/TDMS_encoder_blue/clk_out1
    SLICE_X161Y138       FDRE                                         r  datapath/video_inst/inst_dvid/TDMS_encoder_blue/encoded_reg[9]/C





--------------------------------------------------------------------------------------
Path Group:  (none)
From Clock:  
  To Clock:  clk_out2_clk_wiz_1

Max Delay            30 Endpoints
Min Delay            30 Endpoints
--------------------------------------------------------------------------------------


Max Delay Paths
--------------------------------------------------------------------------------------
Slack:                    inf
  Source:                 reset_n
                            (input port)
  Destination:            datapath/Audio_Codec/initialize_audio/twi_controller/FSM_gray_state_reg[2]/CE
                            (rising edge-triggered cell FDRE clocked by clk_out2_clk_wiz_1  {rise@0.000ns fall@10.000ns period=20.000ns})
  Path Group:             (none)
  Path Type:              Setup (Max at Slow Process Corner)
  Data Path Delay:        7.286ns  (logic 1.434ns (19.678%)  route 5.852ns (80.322%))
  Logic Levels:           4  (IBUF=1 LUT5=1 LUT6=2)
  Clock Path Skew:        1.702ns (DCD - SCD + CPR)
    Destination Clock Delay (DCD):    1.702ns
    Source Clock Delay      (SCD):    0.000ns
    Clock Pessimism Removal (CPR):    0.000ns
  Clock Uncertainty:      0.178ns  ((TSJ^2 + DJ^2)^1/2) / 2 + PE
    Total System Jitter     (TSJ):    0.050ns
    Discrete Jitter          (DJ):    0.152ns
    Phase Error              (PE):    0.099ns

    Location             Delay type                Incr(ns)  Path(ns)    Netlist Resource(s)
  -------------------------------------------------------------------    -------------------
    G4                                                0.000     0.000 r  reset_n (IN)
                         net (fo=0)                   0.000     0.000    reset_n
    G4                   IBUF (Prop_ibuf_I_O)         1.062     1.062 r  reset_n_IBUF_inst/O
                         net (fo=43, routed)          4.345     5.407    datapath/Audio_Codec/initialize_audio/twi_controller/led_OBUF[0]
    SLICE_X160Y119       LUT5 (Prop_lut5_I4_O)        0.124     5.531 f  datapath/Audio_Codec/initialize_audio/twi_controller/FSM_gray_state[3]_i_10/O
                         net (fo=1, routed)           0.421     5.952    datapath/Audio_Codec/initialize_audio/twi_controller/FSM_gray_state[3]_i_10_n_0
    SLICE_X160Y118       LUT6 (Prop_lut6_I3_O)        0.124     6.076 r  datapath/Audio_Codec/initialize_audio/twi_controller/FSM_gray_state[3]_i_3/O
                         net (fo=1, routed)           0.292     6.368    datapath/Audio_Codec/initialize_audio/twi_controller/FSM_gray_state[3]_i_3_n_0
    SLICE_X161Y119       LUT6 (Prop_lut6_I0_O)        0.124     6.492 r  datapath/Audio_Codec/initialize_audio/twi_controller/FSM_gray_state[3]_i_1/O
                         net (fo=4, routed)           0.794     7.286    datapath/Audio_Codec/initialize_audio/twi_controller/FSM_gray_state[3]_i_1_n_0
    SLICE_X160Y120       FDRE                                         r  datapath/Audio_Codec/initialize_audio/twi_controller/FSM_gray_state_reg[2]/CE
  -------------------------------------------------------------------    -------------------

                         (clock clk_out2_clk_wiz_1 rise edge)
                                                      0.000     0.000 r  
    BUFGCTRL_X0Y2        BUFG                         0.000     0.000 r  clk_IBUF_BUFG_inst/O
                         net (fo=303, routed)         1.643     1.643    datapath/Audio_Codec/audiocodec_master_clock/inst/clk_in1
    MMCME2_ADV_X0Y2      MMCME2_ADV (Prop_mmcme2_adv_CLKIN1_CLKOUT1)
                                                     -3.494    -1.851 r  datapath/Audio_Codec/audiocodec_master_clock/inst/mmcm_adv_inst/CLKOUT1
                         net (fo=1, routed)           1.760    -0.091    datapath/Audio_Codec/audiocodec_master_clock/inst/clk_out2_clk_wiz_1
    BUFGCTRL_X0Y3        BUFG (Prop_bufg_I_O)         0.091     0.000 r  datapath/Audio_Codec/audiocodec_master_clock/inst/clkout2_buf/O
                         net (fo=115, routed)         1.702     1.702    datapath/Audio_Codec/initialize_audio/twi_controller/CLK
    SLICE_X160Y120       FDRE                                         r  datapath/Audio_Codec/initialize_audio/twi_controller/FSM_gray_state_reg[2]/C

Slack:                    inf
  Source:                 reset_n
                            (input port)
  Destination:            datapath/Audio_Codec/initialize_audio/twi_controller/FSM_gray_state_reg[3]/CE
                            (rising edge-triggered cell FDRE clocked by clk_out2_clk_wiz_1  {rise@0.000ns fall@10.000ns period=20.000ns})
  Path Group:             (none)
  Path Type:              Setup (Max at Slow Process Corner)
  Data Path Delay:        7.286ns  (logic 1.434ns (19.678%)  route 5.852ns (80.322%))
  Logic Levels:           4  (IBUF=1 LUT5=1 LUT6=2)
  Clock Path Skew:        1.702ns (DCD - SCD + CPR)
    Destination Clock Delay (DCD):    1.702ns
    Source Clock Delay      (SCD):    0.000ns
    Clock Pessimism Removal (CPR):    0.000ns
  Clock Uncertainty:      0.178ns  ((TSJ^2 + DJ^2)^1/2) / 2 + PE
    Total System Jitter     (TSJ):    0.050ns
    Discrete Jitter          (DJ):    0.152ns
    Phase Error              (PE):    0.099ns

    Location             Delay type                Incr(ns)  Path(ns)    Netlist Resource(s)
  -------------------------------------------------------------------    -------------------
    G4                                                0.000     0.000 r  reset_n (IN)
                         net (fo=0)                   0.000     0.000    reset_n
    G4                   IBUF (Prop_ibuf_I_O)         1.062     1.062 r  reset_n_IBUF_inst/O
                         net (fo=43, routed)          4.345     5.407    datapath/Audio_Codec/initialize_audio/twi_controller/led_OBUF[0]
    SLICE_X160Y119       LUT5 (Prop_lut5_I4_O)        0.124     5.531 f  datapath/Audio_Codec/initialize_audio/twi_controller/FSM_gray_state[3]_i_10/O
                         net (fo=1, routed)           0.421     5.952    datapath/Audio_Codec/initialize_audio/twi_controller/FSM_gray_state[3]_i_10_n_0
    SLICE_X160Y118       LUT6 (Prop_lut6_I3_O)        0.124     6.076 r  datapath/Audio_Codec/initialize_audio/twi_controller/FSM_gray_state[3]_i_3/O
                         net (fo=1, routed)           0.292     6.368    datapath/Audio_Codec/initialize_audio/twi_controller/FSM_gray_state[3]_i_3_n_0
    SLICE_X161Y119       LUT6 (Prop_lut6_I0_O)        0.124     6.492 r  datapath/Audio_Codec/initialize_audio/twi_controller/FSM_gray_state[3]_i_1/O
                         net (fo=4, routed)           0.794     7.286    datapath/Audio_Codec/initialize_audio/twi_controller/FSM_gray_state[3]_i_1_n_0
    SLICE_X160Y120       FDRE                                         r  datapath/Audio_Codec/initialize_audio/twi_controller/FSM_gray_state_reg[3]/CE
  -------------------------------------------------------------------    -------------------

                         (clock clk_out2_clk_wiz_1 rise edge)
                                                      0.000     0.000 r  
    BUFGCTRL_X0Y2        BUFG                         0.000     0.000 r  clk_IBUF_BUFG_inst/O
                         net (fo=303, routed)         1.643     1.643    datapath/Audio_Codec/audiocodec_master_clock/inst/clk_in1
    MMCME2_ADV_X0Y2      MMCME2_ADV (Prop_mmcme2_adv_CLKIN1_CLKOUT1)
                                                     -3.494    -1.851 r  datapath/Audio_Codec/audiocodec_master_clock/inst/mmcm_adv_inst/CLKOUT1
                         net (fo=1, routed)           1.760    -0.091    datapath/Audio_Codec/audiocodec_master_clock/inst/clk_out2_clk_wiz_1
    BUFGCTRL_X0Y3        BUFG (Prop_bufg_I_O)         0.091     0.000 r  datapath/Audio_Codec/audiocodec_master_clock/inst/clkout2_buf/O
                         net (fo=115, routed)         1.702     1.702    datapath/Audio_Codec/initialize_audio/twi_controller/CLK
    SLICE_X160Y120       FDRE                                         r  datapath/Audio_Codec/initialize_audio/twi_controller/FSM_gray_state_reg[3]/C

Slack:                    inf
  Source:                 reset_n
                            (input port)
  Destination:            datapath/Audio_Codec/initialize_audio/initA_reg[0]/R
                            (rising edge-triggered cell FDRE clocked by clk_out2_clk_wiz_1  {rise@0.000ns fall@10.000ns period=20.000ns})
  Path Group:             (none)
  Path Type:              Setup (Max at Slow Process Corner)
  Data Path Delay:        7.222ns  (logic 1.212ns (16.778%)  route 6.011ns (83.222%))
  Logic Levels:           2  (IBUF=1 LUT1=1)
  Clock Path Skew:        1.697ns (DCD - SCD + CPR)
    Destination Clock Delay (DCD):    1.697ns
    Source Clock Delay      (SCD):    0.000ns
    Clock Pessimism Removal (CPR):    0.000ns
  Clock Uncertainty:      0.178ns  ((TSJ^2 + DJ^2)^1/2) / 2 + PE
    Total System Jitter     (TSJ):    0.050ns
    Discrete Jitter          (DJ):    0.152ns
    Phase Error              (PE):    0.099ns

    Location             Delay type                Incr(ns)  Path(ns)    Netlist Resource(s)
  -------------------------------------------------------------------    -------------------
    G4                                                0.000     0.000 f  reset_n (IN)
                         net (fo=0)                   0.000     0.000    reset_n
    G4                   IBUF (Prop_ibuf_I_O)         1.062     1.062 f  reset_n_IBUF_inst/O
                         net (fo=43, routed)          4.700     5.762    datapath/Audio_Codec/audio_inout/led_OBUF[0]
    SLICE_X146Y120       LUT1 (Prop_lut1_I0_O)        0.150     5.912 r  datapath/Audio_Codec/audio_inout/FSM_sequential_state[2]_i_1__2/O
                         net (fo=193, routed)         1.311     7.222    datapath/Audio_Codec/initialize_audio/SR[0]
    SLICE_X158Y122       FDRE                                         r  datapath/Audio_Codec/initialize_audio/initA_reg[0]/R
  -------------------------------------------------------------------    -------------------

                         (clock clk_out2_clk_wiz_1 rise edge)
                                                      0.000     0.000 r  
    BUFGCTRL_X0Y2        BUFG                         0.000     0.000 r  clk_IBUF_BUFG_inst/O
                         net (fo=303, routed)         1.643     1.643    datapath/Audio_Codec/audiocodec_master_clock/inst/clk_in1
    MMCME2_ADV_X0Y2      MMCME2_ADV (Prop_mmcme2_adv_CLKIN1_CLKOUT1)
                                                     -3.494    -1.851 r  datapath/Audio_Codec/audiocodec_master_clock/inst/mmcm_adv_inst/CLKOUT1
                         net (fo=1, routed)           1.760    -0.091    datapath/Audio_Codec/audiocodec_master_clock/inst/clk_out2_clk_wiz_1
    BUFGCTRL_X0Y3        BUFG (Prop_bufg_I_O)         0.091     0.000 r  datapath/Audio_Codec/audiocodec_master_clock/inst/clkout2_buf/O
                         net (fo=115, routed)         1.697     1.697    datapath/Audio_Codec/initialize_audio/CLK
    SLICE_X158Y122       FDRE                                         r  datapath/Audio_Codec/initialize_audio/initA_reg[0]/C

Slack:                    inf
  Source:                 reset_n
                            (input port)
  Destination:            datapath/Audio_Codec/initialize_audio/initA_reg[1]/R
                            (rising edge-triggered cell FDRE clocked by clk_out2_clk_wiz_1  {rise@0.000ns fall@10.000ns period=20.000ns})
  Path Group:             (none)
  Path Type:              Setup (Max at Slow Process Corner)
  Data Path Delay:        7.222ns  (logic 1.212ns (16.778%)  route 6.011ns (83.222%))
  Logic Levels:           2  (IBUF=1 LUT1=1)
  Clock Path Skew:        1.697ns (DCD - SCD + CPR)
    Destination Clock Delay (DCD):    1.697ns
    Source Clock Delay      (SCD):    0.000ns
    Clock Pessimism Removal (CPR):    0.000ns
  Clock Uncertainty:      0.178ns  ((TSJ^2 + DJ^2)^1/2) / 2 + PE
    Total System Jitter     (TSJ):    0.050ns
    Discrete Jitter          (DJ):    0.152ns
    Phase Error              (PE):    0.099ns

    Location             Delay type                Incr(ns)  Path(ns)    Netlist Resource(s)
  -------------------------------------------------------------------    -------------------
    G4                                                0.000     0.000 f  reset_n (IN)
                         net (fo=0)                   0.000     0.000    reset_n
    G4                   IBUF (Prop_ibuf_I_O)         1.062     1.062 f  reset_n_IBUF_inst/O
                         net (fo=43, routed)          4.700     5.762    datapath/Audio_Codec/audio_inout/led_OBUF[0]
    SLICE_X146Y120       LUT1 (Prop_lut1_I0_O)        0.150     5.912 r  datapath/Audio_Codec/audio_inout/FSM_sequential_state[2]_i_1__2/O
                         net (fo=193, routed)         1.311     7.222    datapath/Audio_Codec/initialize_audio/SR[0]
    SLICE_X158Y122       FDRE                                         r  datapath/Audio_Codec/initialize_audio/initA_reg[1]/R
  -------------------------------------------------------------------    -------------------

                         (clock clk_out2_clk_wiz_1 rise edge)
                                                      0.000     0.000 r  
    BUFGCTRL_X0Y2        BUFG                         0.000     0.000 r  clk_IBUF_BUFG_inst/O
                         net (fo=303, routed)         1.643     1.643    datapath/Audio_Codec/audiocodec_master_clock/inst/clk_in1
    MMCME2_ADV_X0Y2      MMCME2_ADV (Prop_mmcme2_adv_CLKIN1_CLKOUT1)
                                                     -3.494    -1.851 r  datapath/Audio_Codec/audiocodec_master_clock/inst/mmcm_adv_inst/CLKOUT1
                         net (fo=1, routed)           1.760    -0.091    datapath/Audio_Codec/audiocodec_master_clock/inst/clk_out2_clk_wiz_1
    BUFGCTRL_X0Y3        BUFG (Prop_bufg_I_O)         0.091     0.000 r  datapath/Audio_Codec/audiocodec_master_clock/inst/clkout2_buf/O
                         net (fo=115, routed)         1.697     1.697    datapath/Audio_Codec/initialize_audio/CLK
    SLICE_X158Y122       FDRE                                         r  datapath/Audio_Codec/initialize_audio/initA_reg[1]/C

Slack:                    inf
  Source:                 reset_n
                            (input port)
  Destination:            datapath/Audio_Codec/initialize_audio/initA_reg[2]/R
                            (rising edge-triggered cell FDRE clocked by clk_out2_clk_wiz_1  {rise@0.000ns fall@10.000ns period=20.000ns})
  Path Group:             (none)
  Path Type:              Setup (Max at Slow Process Corner)
  Data Path Delay:        7.222ns  (logic 1.212ns (16.778%)  route 6.011ns (83.222%))
  Logic Levels:           2  (IBUF=1 LUT1=1)
  Clock Path Skew:        1.697ns (DCD - SCD + CPR)
    Destination Clock Delay (DCD):    1.697ns
    Source Clock Delay      (SCD):    0.000ns
    Clock Pessimism Removal (CPR):    0.000ns
  Clock Uncertainty:      0.178ns  ((TSJ^2 + DJ^2)^1/2) / 2 + PE
    Total System Jitter     (TSJ):    0.050ns
    Discrete Jitter          (DJ):    0.152ns
    Phase Error              (PE):    0.099ns

    Location             Delay type                Incr(ns)  Path(ns)    Netlist Resource(s)
  -------------------------------------------------------------------    -------------------
    G4                                                0.000     0.000 f  reset_n (IN)
                         net (fo=0)                   0.000     0.000    reset_n
    G4                   IBUF (Prop_ibuf_I_O)         1.062     1.062 f  reset_n_IBUF_inst/O
                         net (fo=43, routed)          4.700     5.762    datapath/Audio_Codec/audio_inout/led_OBUF[0]
    SLICE_X146Y120       LUT1 (Prop_lut1_I0_O)        0.150     5.912 r  datapath/Audio_Codec/audio_inout/FSM_sequential_state[2]_i_1__2/O
                         net (fo=193, routed)         1.311     7.222    datapath/Audio_Codec/initialize_audio/SR[0]
    SLICE_X158Y122       FDRE                                         r  datapath/Audio_Codec/initialize_audio/initA_reg[2]/R
  -------------------------------------------------------------------    -------------------

                         (clock clk_out2_clk_wiz_1 rise edge)
                                                      0.000     0.000 r  
    BUFGCTRL_X0Y2        BUFG                         0.000     0.000 r  clk_IBUF_BUFG_inst/O
                         net (fo=303, routed)         1.643     1.643    datapath/Audio_Codec/audiocodec_master_clock/inst/clk_in1
    MMCME2_ADV_X0Y2      MMCME2_ADV (Prop_mmcme2_adv_CLKIN1_CLKOUT1)
                                                     -3.494    -1.851 r  datapath/Audio_Codec/audiocodec_master_clock/inst/mmcm_adv_inst/CLKOUT1
                         net (fo=1, routed)           1.760    -0.091    datapath/Audio_Codec/audiocodec_master_clock/inst/clk_out2_clk_wiz_1
    BUFGCTRL_X0Y3        BUFG (Prop_bufg_I_O)         0.091     0.000 r  datapath/Audio_Codec/audiocodec_master_clock/inst/clkout2_buf/O
                         net (fo=115, routed)         1.697     1.697    datapath/Audio_Codec/initialize_audio/CLK
    SLICE_X158Y122       FDRE                                         r  datapath/Audio_Codec/initialize_audio/initA_reg[2]/C

Slack:                    inf
  Source:                 reset_n
                            (input port)
  Destination:            datapath/Audio_Codec/initialize_audio/initA_reg[3]/R
                            (rising edge-triggered cell FDRE clocked by clk_out2_clk_wiz_1  {rise@0.000ns fall@10.000ns period=20.000ns})
  Path Group:             (none)
  Path Type:              Setup (Max at Slow Process Corner)
  Data Path Delay:        7.222ns  (logic 1.212ns (16.778%)  route 6.011ns (83.222%))
  Logic Levels:           2  (IBUF=1 LUT1=1)
  Clock Path Skew:        1.697ns (DCD - SCD + CPR)
    Destination Clock Delay (DCD):    1.697ns
    Source Clock Delay      (SCD):    0.000ns
    Clock Pessimism Removal (CPR):    0.000ns
  Clock Uncertainty:      0.178ns  ((TSJ^2 + DJ^2)^1/2) / 2 + PE
    Total System Jitter     (TSJ):    0.050ns
    Discrete Jitter          (DJ):    0.152ns
    Phase Error              (PE):    0.099ns

    Location             Delay type                Incr(ns)  Path(ns)    Netlist Resource(s)
  -------------------------------------------------------------------    -------------------
    G4                                                0.000     0.000 f  reset_n (IN)
                         net (fo=0)                   0.000     0.000    reset_n
    G4                   IBUF (Prop_ibuf_I_O)         1.062     1.062 f  reset_n_IBUF_inst/O
                         net (fo=43, routed)          4.700     5.762    datapath/Audio_Codec/audio_inout/led_OBUF[0]
    SLICE_X146Y120       LUT1 (Prop_lut1_I0_O)        0.150     5.912 r  datapath/Audio_Codec/audio_inout/FSM_sequential_state[2]_i_1__2/O
                         net (fo=193, routed)         1.311     7.222    datapath/Audio_Codec/initialize_audio/SR[0]
    SLICE_X158Y122       FDRE                                         r  datapath/Audio_Codec/initialize_audio/initA_reg[3]/R
  -------------------------------------------------------------------    -------------------

                         (clock clk_out2_clk_wiz_1 rise edge)
                                                      0.000     0.000 r  
    BUFGCTRL_X0Y2        BUFG                         0.000     0.000 r  clk_IBUF_BUFG_inst/O
                         net (fo=303, routed)         1.643     1.643    datapath/Audio_Codec/audiocodec_master_clock/inst/clk_in1
    MMCME2_ADV_X0Y2      MMCME2_ADV (Prop_mmcme2_adv_CLKIN1_CLKOUT1)
                                                     -3.494    -1.851 r  datapath/Audio_Codec/audiocodec_master_clock/inst/mmcm_adv_inst/CLKOUT1
                         net (fo=1, routed)           1.760    -0.091    datapath/Audio_Codec/audiocodec_master_clock/inst/clk_out2_clk_wiz_1
    BUFGCTRL_X0Y3        BUFG (Prop_bufg_I_O)         0.091     0.000 r  datapath/Audio_Codec/audiocodec_master_clock/inst/clkout2_buf/O
                         net (fo=115, routed)         1.697     1.697    datapath/Audio_Codec/initialize_audio/CLK
    SLICE_X158Y122       FDRE                                         r  datapath/Audio_Codec/initialize_audio/initA_reg[3]/C

Slack:                    inf
  Source:                 reset_n
                            (input port)
  Destination:            datapath/Audio_Codec/initialize_audio/initA_reg[4]/R
                            (rising edge-triggered cell FDRE clocked by clk_out2_clk_wiz_1  {rise@0.000ns fall@10.000ns period=20.000ns})
  Path Group:             (none)
  Path Type:              Setup (Max at Slow Process Corner)
  Data Path Delay:        7.222ns  (logic 1.212ns (16.778%)  route 6.011ns (83.222%))
  Logic Levels:           2  (IBUF=1 LUT1=1)
  Clock Path Skew:        1.697ns (DCD - SCD + CPR)
    Destination Clock Delay (DCD):    1.697ns
    Source Clock Delay      (SCD):    0.000ns
    Clock Pessimism Removal (CPR):    0.000ns
  Clock Uncertainty:      0.178ns  ((TSJ^2 + DJ^2)^1/2) / 2 + PE
    Total System Jitter     (TSJ):    0.050ns
    Discrete Jitter          (DJ):    0.152ns
    Phase Error              (PE):    0.099ns

    Location             Delay type                Incr(ns)  Path(ns)    Netlist Resource(s)
  -------------------------------------------------------------------    -------------------
    G4                                                0.000     0.000 f  reset_n (IN)
                         net (fo=0)                   0.000     0.000    reset_n
    G4                   IBUF (Prop_ibuf_I_O)         1.062     1.062 f  reset_n_IBUF_inst/O
                         net (fo=43, routed)          4.700     5.762    datapath/Audio_Codec/audio_inout/led_OBUF[0]
    SLICE_X146Y120       LUT1 (Prop_lut1_I0_O)        0.150     5.912 r  datapath/Audio_Codec/audio_inout/FSM_sequential_state[2]_i_1__2/O
                         net (fo=193, routed)         1.311     7.222    datapath/Audio_Codec/initialize_audio/SR[0]
    SLICE_X158Y122       FDRE                                         r  datapath/Audio_Codec/initialize_audio/initA_reg[4]/R
  -------------------------------------------------------------------    -------------------

                         (clock clk_out2_clk_wiz_1 rise edge)
                                                      0.000     0.000 r  
    BUFGCTRL_X0Y2        BUFG                         0.000     0.000 r  clk_IBUF_BUFG_inst/O
                         net (fo=303, routed)         1.643     1.643    datapath/Audio_Codec/audiocodec_master_clock/inst/clk_in1
    MMCME2_ADV_X0Y2      MMCME2_ADV (Prop_mmcme2_adv_CLKIN1_CLKOUT1)
                                                     -3.494    -1.851 r  datapath/Audio_Codec/audiocodec_master_clock/inst/mmcm_adv_inst/CLKOUT1
                         net (fo=1, routed)           1.760    -0.091    datapath/Audio_Codec/audiocodec_master_clock/inst/clk_out2_clk_wiz_1
    BUFGCTRL_X0Y3        BUFG (Prop_bufg_I_O)         0.091     0.000 r  datapath/Audio_Codec/audiocodec_master_clock/inst/clkout2_buf/O
                         net (fo=115, routed)         1.697     1.697    datapath/Audio_Codec/initialize_audio/CLK
    SLICE_X158Y122       FDRE                                         r  datapath/Audio_Codec/initialize_audio/initA_reg[4]/C

Slack:                    inf
  Source:                 reset_n
                            (input port)
  Destination:            datapath/Audio_Codec/initialize_audio/initA_reg[5]/R
                            (rising edge-triggered cell FDRE clocked by clk_out2_clk_wiz_1  {rise@0.000ns fall@10.000ns period=20.000ns})
  Path Group:             (none)
  Path Type:              Setup (Max at Slow Process Corner)
  Data Path Delay:        7.222ns  (logic 1.212ns (16.778%)  route 6.011ns (83.222%))
  Logic Levels:           2  (IBUF=1 LUT1=1)
  Clock Path Skew:        1.697ns (DCD - SCD + CPR)
    Destination Clock Delay (DCD):    1.697ns
    Source Clock Delay      (SCD):    0.000ns
    Clock Pessimism Removal (CPR):    0.000ns
  Clock Uncertainty:      0.178ns  ((TSJ^2 + DJ^2)^1/2) / 2 + PE
    Total System Jitter     (TSJ):    0.050ns
    Discrete Jitter          (DJ):    0.152ns
    Phase Error              (PE):    0.099ns

    Location             Delay type                Incr(ns)  Path(ns)    Netlist Resource(s)
  -------------------------------------------------------------------    -------------------
    G4                                                0.000     0.000 f  reset_n (IN)
                         net (fo=0)                   0.000     0.000    reset_n
    G4                   IBUF (Prop_ibuf_I_O)         1.062     1.062 f  reset_n_IBUF_inst/O
                         net (fo=43, routed)          4.700     5.762    datapath/Audio_Codec/audio_inout/led_OBUF[0]
    SLICE_X146Y120       LUT1 (Prop_lut1_I0_O)        0.150     5.912 r  datapath/Audio_Codec/audio_inout/FSM_sequential_state[2]_i_1__2/O
                         net (fo=193, routed)         1.311     7.222    datapath/Audio_Codec/initialize_audio/SR[0]
    SLICE_X158Y122       FDRE                                         r  datapath/Audio_Codec/initialize_audio/initA_reg[5]/R
  -------------------------------------------------------------------    -------------------

                         (clock clk_out2_clk_wiz_1 rise edge)
                                                      0.000     0.000 r  
    BUFGCTRL_X0Y2        BUFG                         0.000     0.000 r  clk_IBUF_BUFG_inst/O
                         net (fo=303, routed)         1.643     1.643    datapath/Audio_Codec/audiocodec_master_clock/inst/clk_in1
    MMCME2_ADV_X0Y2      MMCME2_ADV (Prop_mmcme2_adv_CLKIN1_CLKOUT1)
                                                     -3.494    -1.851 r  datapath/Audio_Codec/audiocodec_master_clock/inst/mmcm_adv_inst/CLKOUT1
                         net (fo=1, routed)           1.760    -0.091    datapath/Audio_Codec/audiocodec_master_clock/inst/clk_out2_clk_wiz_1
    BUFGCTRL_X0Y3        BUFG (Prop_bufg_I_O)         0.091     0.000 r  datapath/Audio_Codec/audiocodec_master_clock/inst/clkout2_buf/O
                         net (fo=115, routed)         1.697     1.697    datapath/Audio_Codec/initialize_audio/CLK
    SLICE_X158Y122       FDRE                                         r  datapath/Audio_Codec/initialize_audio/initA_reg[5]/C

Slack:                    inf
  Source:                 reset_n
                            (input port)
  Destination:            datapath/Audio_Codec/initialize_audio/state_reg[2]/S
                            (rising edge-triggered cell FDSE clocked by clk_out2_clk_wiz_1  {rise@0.000ns fall@10.000ns period=20.000ns})
  Path Group:             (none)
  Path Type:              Setup (Max at Slow Process Corner)
  Data Path Delay:        7.222ns  (logic 1.212ns (16.778%)  route 6.011ns (83.222%))
  Logic Levels:           2  (IBUF=1 LUT1=1)
  Clock Path Skew:        1.697ns (DCD - SCD + CPR)
    Destination Clock Delay (DCD):    1.697ns
    Source Clock Delay      (SCD):    0.000ns
    Clock Pessimism Removal (CPR):    0.000ns
  Clock Uncertainty:      0.178ns  ((TSJ^2 + DJ^2)^1/2) / 2 + PE
    Total System Jitter     (TSJ):    0.050ns
    Discrete Jitter          (DJ):    0.152ns
    Phase Error              (PE):    0.099ns

    Location             Delay type                Incr(ns)  Path(ns)    Netlist Resource(s)
  -------------------------------------------------------------------    -------------------
    G4                                                0.000     0.000 f  reset_n (IN)
                         net (fo=0)                   0.000     0.000    reset_n
    G4                   IBUF (Prop_ibuf_I_O)         1.062     1.062 f  reset_n_IBUF_inst/O
                         net (fo=43, routed)          4.700     5.762    datapath/Audio_Codec/audio_inout/led_OBUF[0]
    SLICE_X146Y120       LUT1 (Prop_lut1_I0_O)        0.150     5.912 r  datapath/Audio_Codec/audio_inout/FSM_sequential_state[2]_i_1__2/O
                         net (fo=193, routed)         1.311     7.222    datapath/Audio_Codec/initialize_audio/SR[0]
    SLICE_X159Y122       FDSE                                         r  datapath/Audio_Codec/initialize_audio/state_reg[2]/S
  -------------------------------------------------------------------    -------------------

                         (clock clk_out2_clk_wiz_1 rise edge)
                                                      0.000     0.000 r  
    BUFGCTRL_X0Y2        BUFG                         0.000     0.000 r  clk_IBUF_BUFG_inst/O
                         net (fo=303, routed)         1.643     1.643    datapath/Audio_Codec/audiocodec_master_clock/inst/clk_in1
    MMCME2_ADV_X0Y2      MMCME2_ADV (Prop_mmcme2_adv_CLKIN1_CLKOUT1)
                                                     -3.494    -1.851 r  datapath/Audio_Codec/audiocodec_master_clock/inst/mmcm_adv_inst/CLKOUT1
                         net (fo=1, routed)           1.760    -0.091    datapath/Audio_Codec/audiocodec_master_clock/inst/clk_out2_clk_wiz_1
    BUFGCTRL_X0Y3        BUFG (Prop_bufg_I_O)         0.091     0.000 r  datapath/Audio_Codec/audiocodec_master_clock/inst/clkout2_buf/O
                         net (fo=115, routed)         1.697     1.697    datapath/Audio_Codec/initialize_audio/CLK
    SLICE_X159Y122       FDSE                                         r  datapath/Audio_Codec/initialize_audio/state_reg[2]/C

Slack:                    inf
  Source:                 reset_n
                            (input port)
  Destination:            datapath/Audio_Codec/initialize_audio/state_reg[3]/R
                            (rising edge-triggered cell FDRE clocked by clk_out2_clk_wiz_1  {rise@0.000ns fall@10.000ns period=20.000ns})
  Path Group:             (none)
  Path Type:              Setup (Max at Slow Process Corner)
  Data Path Delay:        7.222ns  (logic 1.212ns (16.778%)  route 6.011ns (83.222%))
  Logic Levels:           2  (IBUF=1 LUT1=1)
  Clock Path Skew:        1.697ns (DCD - SCD + CPR)
    Destination Clock Delay (DCD):    1.697ns
    Source Clock Delay      (SCD):    0.000ns
    Clock Pessimism Removal (CPR):    0.000ns
  Clock Uncertainty:      0.178ns  ((TSJ^2 + DJ^2)^1/2) / 2 + PE
    Total System Jitter     (TSJ):    0.050ns
    Discrete Jitter          (DJ):    0.152ns
    Phase Error              (PE):    0.099ns

    Location             Delay type                Incr(ns)  Path(ns)    Netlist Resource(s)
  -------------------------------------------------------------------    -------------------
    G4                                                0.000     0.000 f  reset_n (IN)
                         net (fo=0)                   0.000     0.000    reset_n
    G4                   IBUF (Prop_ibuf_I_O)         1.062     1.062 f  reset_n_IBUF_inst/O
                         net (fo=43, routed)          4.700     5.762    datapath/Audio_Codec/audio_inout/led_OBUF[0]
    SLICE_X146Y120       LUT1 (Prop_lut1_I0_O)        0.150     5.912 r  datapath/Audio_Codec/audio_inout/FSM_sequential_state[2]_i_1__2/O
                         net (fo=193, routed)         1.311     7.222    datapath/Audio_Codec/initialize_audio/SR[0]
    SLICE_X159Y122       FDRE                                         r  datapath/Audio_Codec/initialize_audio/state_reg[3]/R
  -------------------------------------------------------------------    -------------------

                         (clock clk_out2_clk_wiz_1 rise edge)
                                                      0.000     0.000 r  
    BUFGCTRL_X0Y2        BUFG                         0.000     0.000 r  clk_IBUF_BUFG_inst/O
                         net (fo=303, routed)         1.643     1.643    datapath/Audio_Codec/audiocodec_master_clock/inst/clk_in1
    MMCME2_ADV_X0Y2      MMCME2_ADV (Prop_mmcme2_adv_CLKIN1_CLKOUT1)
                                                     -3.494    -1.851 r  datapath/Audio_Codec/audiocodec_master_clock/inst/mmcm_adv_inst/CLKOUT1
                         net (fo=1, routed)           1.760    -0.091    datapath/Audio_Codec/audiocodec_master_clock/inst/clk_out2_clk_wiz_1
    BUFGCTRL_X0Y3        BUFG (Prop_bufg_I_O)         0.091     0.000 r  datapath/Audio_Codec/audiocodec_master_clock/inst/clkout2_buf/O
                         net (fo=115, routed)         1.697     1.697    datapath/Audio_Codec/initialize_audio/CLK
    SLICE_X159Y122       FDRE                                         r  datapath/Audio_Codec/initialize_audio/state_reg[3]/C





Min Delay Paths
--------------------------------------------------------------------------------------
Slack:                    inf
  Source:                 sda
                            (input port)
  Destination:            datapath/Audio_Codec/initialize_audio/twi_controller/dSda_reg/D
                            (rising edge-triggered cell FDRE clocked by clk_out2_clk_wiz_1  {rise@0.000ns fall@10.000ns period=20.000ns})
  Path Group:             (none)
  Path Type:              Hold (Min at Fast Process Corner)
  Data Path Delay:        0.585ns  (logic 0.246ns (41.963%)  route 0.340ns (58.037%))
  Logic Levels:           1  (IBUF=1)
  Clock Path Skew:        0.912ns (DCD - SCD - CPR)
    Destination Clock Delay (DCD):    0.912ns
    Source Clock Delay      (SCD):    0.000ns
    Clock Pessimism Removal (CPR):    -0.000ns

    Location             Delay type                Incr(ns)  Path(ns)    Netlist Resource(s)
  -------------------------------------------------------------------    -------------------
    V5                                                0.000     0.000 r  sda (INOUT)
                         net (fo=1, unset)            0.000     0.000    sda_IOBUF_inst/IO
    V5                   IBUF (Prop_ibuf_I_O)         0.246     0.246 r  sda_IOBUF_inst/IBUF/O
                         net (fo=1, routed)           0.340     0.585    datapath/Audio_Codec/initialize_audio/twi_controller/sda_IBUF
    SLICE_X162Y118       FDRE                                         r  datapath/Audio_Codec/initialize_audio/twi_controller/dSda_reg/D
  -------------------------------------------------------------------    -------------------

                         (clock clk_out2_clk_wiz_1 rise edge)
                                                      0.000     0.000 r  
    BUFGCTRL_X0Y2        BUFG                         0.000     0.000 r  clk_IBUF_BUFG_inst/O
                         net (fo=303, routed)         0.879     0.879    datapath/Audio_Codec/audiocodec_master_clock/inst/clk_in1
    MMCME2_ADV_X0Y2      MMCME2_ADV (Prop_mmcme2_adv_CLKIN1_CLKOUT1)
                                                     -1.502    -0.624 r  datapath/Audio_Codec/audiocodec_master_clock/inst/mmcm_adv_inst/CLKOUT1
                         net (fo=1, routed)           0.595    -0.029    datapath/Audio_Codec/audiocodec_master_clock/inst/clk_out2_clk_wiz_1
    BUFGCTRL_X0Y3        BUFG (Prop_bufg_I_O)         0.029    -0.000 r  datapath/Audio_Codec/audiocodec_master_clock/inst/clkout2_buf/O
                         net (fo=115, routed)         0.912     0.912    datapath/Audio_Codec/initialize_audio/twi_controller/CLK
    SLICE_X162Y118       FDRE                                         r  datapath/Audio_Codec/initialize_audio/twi_controller/dSda_reg/C

Slack:                    inf
  Source:                 scl
                            (input port)
  Destination:            datapath/Audio_Codec/initialize_audio/twi_controller/dScl_reg/D
                            (rising edge-triggered cell FDRE clocked by clk_out2_clk_wiz_1  {rise@0.000ns fall@10.000ns period=20.000ns})
  Path Group:             (none)
  Path Type:              Hold (Min at Fast Process Corner)
  Data Path Delay:        0.610ns  (logic 0.263ns (43.053%)  route 0.347ns (56.947%))
  Logic Levels:           1  (IBUF=1)
  Clock Path Skew:        0.911ns (DCD - SCD - CPR)
    Destination Clock Delay (DCD):    0.911ns
    Source Clock Delay      (SCD):    0.000ns
    Clock Pessimism Removal (CPR):    -0.000ns

    Location             Delay type                Incr(ns)  Path(ns)    Netlist Resource(s)
  -------------------------------------------------------------------    -------------------
    W5                                                0.000     0.000 r  scl (INOUT)
                         net (fo=1, unset)            0.000     0.000    scl_IOBUF_inst/IO
    W5                   IBUF (Prop_ibuf_I_O)         0.263     0.263 r  scl_IOBUF_inst/IBUF/O
                         net (fo=1, routed)           0.347     0.610    datapath/Audio_Codec/initialize_audio/twi_controller/scl_IBUF
    SLICE_X163Y119       FDRE                                         r  datapath/Audio_Codec/initialize_audio/twi_controller/dScl_reg/D
  -------------------------------------------------------------------    -------------------

                         (clock clk_out2_clk_wiz_1 rise edge)
                                                      0.000     0.000 r  
    BUFGCTRL_X0Y2        BUFG                         0.000     0.000 r  clk_IBUF_BUFG_inst/O
                         net (fo=303, routed)         0.879     0.879    datapath/Audio_Codec/audiocodec_master_clock/inst/clk_in1
    MMCME2_ADV_X0Y2      MMCME2_ADV (Prop_mmcme2_adv_CLKIN1_CLKOUT1)
                                                     -1.502    -0.624 r  datapath/Audio_Codec/audiocodec_master_clock/inst/mmcm_adv_inst/CLKOUT1
                         net (fo=1, routed)           0.595    -0.029    datapath/Audio_Codec/audiocodec_master_clock/inst/clk_out2_clk_wiz_1
    BUFGCTRL_X0Y3        BUFG (Prop_bufg_I_O)         0.029    -0.000 r  datapath/Audio_Codec/audiocodec_master_clock/inst/clkout2_buf/O
                         net (fo=115, routed)         0.911     0.911    datapath/Audio_Codec/initialize_audio/twi_controller/CLK
    SLICE_X163Y119       FDRE                                         r  datapath/Audio_Codec/initialize_audio/twi_controller/dScl_reg/C

Slack:                    inf
  Source:                 reset_n
                            (input port)
  Destination:            datapath/Audio_Codec/initialize_audio/data_i_reg[1]/CE
                            (rising edge-triggered cell FDRE clocked by clk_out2_clk_wiz_1  {rise@0.000ns fall@10.000ns period=20.000ns})
  Path Group:             (none)
  Path Type:              Hold (Min at Fast Process Corner)
  Data Path Delay:        1.494ns  (logic 0.186ns (12.442%)  route 1.308ns (87.558%))
  Logic Levels:           1  (IBUF=1)
  Clock Path Skew:        0.906ns (DCD - SCD - CPR)
    Destination Clock Delay (DCD):    0.906ns
    Source Clock Delay      (SCD):    0.000ns
    Clock Pessimism Removal (CPR):    -0.000ns

    Location             Delay type                Incr(ns)  Path(ns)    Netlist Resource(s)
  -------------------------------------------------------------------    -------------------
    G4                                                0.000     0.000 r  reset_n (IN)
                         net (fo=0)                   0.000     0.000    reset_n
    G4                   IBUF (Prop_ibuf_I_O)         0.186     0.186 r  reset_n_IBUF_inst/O
                         net (fo=43, routed)          1.308     1.494    datapath/Audio_Codec/initialize_audio/led_OBUF[0]
    SLICE_X161Y123       FDRE                                         r  datapath/Audio_Codec/initialize_audio/data_i_reg[1]/CE
  -------------------------------------------------------------------    -------------------

                         (clock clk_out2_clk_wiz_1 rise edge)
                                                      0.000     0.000 r  
    BUFGCTRL_X0Y2        BUFG                         0.000     0.000 r  clk_IBUF_BUFG_inst/O
                         net (fo=303, routed)         0.879     0.879    datapath/Audio_Codec/audiocodec_master_clock/inst/clk_in1
    MMCME2_ADV_X0Y2      MMCME2_ADV (Prop_mmcme2_adv_CLKIN1_CLKOUT1)
                                                     -1.502    -0.624 r  datapath/Audio_Codec/audiocodec_master_clock/inst/mmcm_adv_inst/CLKOUT1
                         net (fo=1, routed)           0.595    -0.029    datapath/Audio_Codec/audiocodec_master_clock/inst/clk_out2_clk_wiz_1
    BUFGCTRL_X0Y3        BUFG (Prop_bufg_I_O)         0.029    -0.000 r  datapath/Audio_Codec/audiocodec_master_clock/inst/clkout2_buf/O
                         net (fo=115, routed)         0.906     0.906    datapath/Audio_Codec/initialize_audio/CLK
    SLICE_X161Y123       FDRE                                         r  datapath/Audio_Codec/initialize_audio/data_i_reg[1]/C

Slack:                    inf
  Source:                 reset_n
                            (input port)
  Destination:            datapath/Audio_Codec/initialize_audio/data_i_reg[3]/CE
                            (rising edge-triggered cell FDRE clocked by clk_out2_clk_wiz_1  {rise@0.000ns fall@10.000ns period=20.000ns})
  Path Group:             (none)
  Path Type:              Hold (Min at Fast Process Corner)
  Data Path Delay:        1.494ns  (logic 0.186ns (12.442%)  route 1.308ns (87.558%))
  Logic Levels:           1  (IBUF=1)
  Clock Path Skew:        0.906ns (DCD - SCD - CPR)
    Destination Clock Delay (DCD):    0.906ns
    Source Clock Delay      (SCD):    0.000ns
    Clock Pessimism Removal (CPR):    -0.000ns

    Location             Delay type                Incr(ns)  Path(ns)    Netlist Resource(s)
  -------------------------------------------------------------------    -------------------
    G4                                                0.000     0.000 r  reset_n (IN)
                         net (fo=0)                   0.000     0.000    reset_n
    G4                   IBUF (Prop_ibuf_I_O)         0.186     0.186 r  reset_n_IBUF_inst/O
                         net (fo=43, routed)          1.308     1.494    datapath/Audio_Codec/initialize_audio/led_OBUF[0]
    SLICE_X161Y123       FDRE                                         r  datapath/Audio_Codec/initialize_audio/data_i_reg[3]/CE
  -------------------------------------------------------------------    -------------------

                         (clock clk_out2_clk_wiz_1 rise edge)
                                                      0.000     0.000 r  
    BUFGCTRL_X0Y2        BUFG                         0.000     0.000 r  clk_IBUF_BUFG_inst/O
                         net (fo=303, routed)         0.879     0.879    datapath/Audio_Codec/audiocodec_master_clock/inst/clk_in1
    MMCME2_ADV_X0Y2      MMCME2_ADV (Prop_mmcme2_adv_CLKIN1_CLKOUT1)
                                                     -1.502    -0.624 r  datapath/Audio_Codec/audiocodec_master_clock/inst/mmcm_adv_inst/CLKOUT1
                         net (fo=1, routed)           0.595    -0.029    datapath/Audio_Codec/audiocodec_master_clock/inst/clk_out2_clk_wiz_1
    BUFGCTRL_X0Y3        BUFG (Prop_bufg_I_O)         0.029    -0.000 r  datapath/Audio_Codec/audiocodec_master_clock/inst/clkout2_buf/O
                         net (fo=115, routed)         0.906     0.906    datapath/Audio_Codec/initialize_audio/CLK
    SLICE_X161Y123       FDRE                                         r  datapath/Audio_Codec/initialize_audio/data_i_reg[3]/C

Slack:                    inf
  Source:                 reset_n
                            (input port)
  Destination:            datapath/Audio_Codec/initialize_audio/data_i_reg[5]/CE
                            (rising edge-triggered cell FDRE clocked by clk_out2_clk_wiz_1  {rise@0.000ns fall@10.000ns period=20.000ns})
  Path Group:             (none)
  Path Type:              Hold (Min at Fast Process Corner)
  Data Path Delay:        1.494ns  (logic 0.186ns (12.442%)  route 1.308ns (87.558%))
  Logic Levels:           1  (IBUF=1)
  Clock Path Skew:        0.906ns (DCD - SCD - CPR)
    Destination Clock Delay (DCD):    0.906ns
    Source Clock Delay      (SCD):    0.000ns
    Clock Pessimism Removal (CPR):    -0.000ns

    Location             Delay type                Incr(ns)  Path(ns)    Netlist Resource(s)
  -------------------------------------------------------------------    -------------------
    G4                                                0.000     0.000 r  reset_n (IN)
                         net (fo=0)                   0.000     0.000    reset_n
    G4                   IBUF (Prop_ibuf_I_O)         0.186     0.186 r  reset_n_IBUF_inst/O
                         net (fo=43, routed)          1.308     1.494    datapath/Audio_Codec/initialize_audio/led_OBUF[0]
    SLICE_X161Y123       FDRE                                         r  datapath/Audio_Codec/initialize_audio/data_i_reg[5]/CE
  -------------------------------------------------------------------    -------------------

                         (clock clk_out2_clk_wiz_1 rise edge)
                                                      0.000     0.000 r  
    BUFGCTRL_X0Y2        BUFG                         0.000     0.000 r  clk_IBUF_BUFG_inst/O
                         net (fo=303, routed)         0.879     0.879    datapath/Audio_Codec/audiocodec_master_clock/inst/clk_in1
    MMCME2_ADV_X0Y2      MMCME2_ADV (Prop_mmcme2_adv_CLKIN1_CLKOUT1)
                                                     -1.502    -0.624 r  datapath/Audio_Codec/audiocodec_master_clock/inst/mmcm_adv_inst/CLKOUT1
                         net (fo=1, routed)           0.595    -0.029    datapath/Audio_Codec/audiocodec_master_clock/inst/clk_out2_clk_wiz_1
    BUFGCTRL_X0Y3        BUFG (Prop_bufg_I_O)         0.029    -0.000 r  datapath/Audio_Codec/audiocodec_master_clock/inst/clkout2_buf/O
                         net (fo=115, routed)         0.906     0.906    datapath/Audio_Codec/initialize_audio/CLK
    SLICE_X161Y123       FDRE                                         r  datapath/Audio_Codec/initialize_audio/data_i_reg[5]/C

Slack:                    inf
  Source:                 reset_n
                            (input port)
  Destination:            datapath/Audio_Codec/initialize_audio/data_i_reg[7]/CE
                            (rising edge-triggered cell FDRE clocked by clk_out2_clk_wiz_1  {rise@0.000ns fall@10.000ns period=20.000ns})
  Path Group:             (none)
  Path Type:              Hold (Min at Fast Process Corner)
  Data Path Delay:        1.494ns  (logic 0.186ns (12.442%)  route 1.308ns (87.558%))
  Logic Levels:           1  (IBUF=1)
  Clock Path Skew:        0.906ns (DCD - SCD - CPR)
    Destination Clock Delay (DCD):    0.906ns
    Source Clock Delay      (SCD):    0.000ns
    Clock Pessimism Removal (CPR):    -0.000ns

    Location             Delay type                Incr(ns)  Path(ns)    Netlist Resource(s)
  -------------------------------------------------------------------    -------------------
    G4                                                0.000     0.000 r  reset_n (IN)
                         net (fo=0)                   0.000     0.000    reset_n
    G4                   IBUF (Prop_ibuf_I_O)         0.186     0.186 r  reset_n_IBUF_inst/O
                         net (fo=43, routed)          1.308     1.494    datapath/Audio_Codec/initialize_audio/led_OBUF[0]
    SLICE_X161Y123       FDRE                                         r  datapath/Audio_Codec/initialize_audio/data_i_reg[7]/CE
  -------------------------------------------------------------------    -------------------

                         (clock clk_out2_clk_wiz_1 rise edge)
                                                      0.000     0.000 r  
    BUFGCTRL_X0Y2        BUFG                         0.000     0.000 r  clk_IBUF_BUFG_inst/O
                         net (fo=303, routed)         0.879     0.879    datapath/Audio_Codec/audiocodec_master_clock/inst/clk_in1
    MMCME2_ADV_X0Y2      MMCME2_ADV (Prop_mmcme2_adv_CLKIN1_CLKOUT1)
                                                     -1.502    -0.624 r  datapath/Audio_Codec/audiocodec_master_clock/inst/mmcm_adv_inst/CLKOUT1
                         net (fo=1, routed)           0.595    -0.029    datapath/Audio_Codec/audiocodec_master_clock/inst/clk_out2_clk_wiz_1
    BUFGCTRL_X0Y3        BUFG (Prop_bufg_I_O)         0.029    -0.000 r  datapath/Audio_Codec/audiocodec_master_clock/inst/clkout2_buf/O
                         net (fo=115, routed)         0.906     0.906    datapath/Audio_Codec/initialize_audio/CLK
    SLICE_X161Y123       FDRE                                         r  datapath/Audio_Codec/initialize_audio/data_i_reg[7]/C

Slack:                    inf
  Source:                 reset_n
                            (input port)
  Destination:            datapath/Audio_Codec/initialize_audio/data_i_reg[4]/CE
                            (rising edge-triggered cell FDRE clocked by clk_out2_clk_wiz_1  {rise@0.000ns fall@10.000ns period=20.000ns})
  Path Group:             (none)
  Path Type:              Hold (Min at Fast Process Corner)
  Data Path Delay:        1.567ns  (logic 0.186ns (11.867%)  route 1.381ns (88.133%))
  Logic Levels:           1  (IBUF=1)
  Clock Path Skew:        0.905ns (DCD - SCD - CPR)
    Destination Clock Delay (DCD):    0.905ns
    Source Clock Delay      (SCD):    0.000ns
    Clock Pessimism Removal (CPR):    -0.000ns

    Location             Delay type                Incr(ns)  Path(ns)    Netlist Resource(s)
  -------------------------------------------------------------------    -------------------
    G4                                                0.000     0.000 r  reset_n (IN)
                         net (fo=0)                   0.000     0.000    reset_n
    G4                   IBUF (Prop_ibuf_I_O)         0.186     0.186 r  reset_n_IBUF_inst/O
                         net (fo=43, routed)          1.381     1.567    datapath/Audio_Codec/initialize_audio/led_OBUF[0]
    SLICE_X159Y123       FDRE                                         r  datapath/Audio_Codec/initialize_audio/data_i_reg[4]/CE
  -------------------------------------------------------------------    -------------------

                         (clock clk_out2_clk_wiz_1 rise edge)
                                                      0.000     0.000 r  
    BUFGCTRL_X0Y2        BUFG                         0.000     0.000 r  clk_IBUF_BUFG_inst/O
                         net (fo=303, routed)         0.879     0.879    datapath/Audio_Codec/audiocodec_master_clock/inst/clk_in1
    MMCME2_ADV_X0Y2      MMCME2_ADV (Prop_mmcme2_adv_CLKIN1_CLKOUT1)
                                                     -1.502    -0.624 r  datapath/Audio_Codec/audiocodec_master_clock/inst/mmcm_adv_inst/CLKOUT1
                         net (fo=1, routed)           0.595    -0.029    datapath/Audio_Codec/audiocodec_master_clock/inst/clk_out2_clk_wiz_1
    BUFGCTRL_X0Y3        BUFG (Prop_bufg_I_O)         0.029    -0.000 r  datapath/Audio_Codec/audiocodec_master_clock/inst/clkout2_buf/O
                         net (fo=115, routed)         0.905     0.905    datapath/Audio_Codec/initialize_audio/CLK
    SLICE_X159Y123       FDRE                                         r  datapath/Audio_Codec/initialize_audio/data_i_reg[4]/C

Slack:                    inf
  Source:                 reset_n
                            (input port)
  Destination:            datapath/Audio_Codec/initialize_audio/data_i_reg[2]/CE
                            (rising edge-triggered cell FDRE clocked by clk_out2_clk_wiz_1  {rise@0.000ns fall@10.000ns period=20.000ns})
  Path Group:             (none)
  Path Type:              Hold (Min at Fast Process Corner)
  Data Path Delay:        1.567ns  (logic 0.186ns (11.866%)  route 1.381ns (88.134%))
  Logic Levels:           1  (IBUF=1)
  Clock Path Skew:        0.908ns (DCD - SCD - CPR)
    Destination Clock Delay (DCD):    0.908ns
    Source Clock Delay      (SCD):    0.000ns
    Clock Pessimism Removal (CPR):    -0.000ns

    Location             Delay type                Incr(ns)  Path(ns)    Netlist Resource(s)
  -------------------------------------------------------------------    -------------------
    G4                                                0.000     0.000 r  reset_n (IN)
                         net (fo=0)                   0.000     0.000    reset_n
    G4                   IBUF (Prop_ibuf_I_O)         0.186     0.186 r  reset_n_IBUF_inst/O
                         net (fo=43, routed)          1.381     1.567    datapath/Audio_Codec/initialize_audio/led_OBUF[0]
    SLICE_X160Y122       FDRE                                         r  datapath/Audio_Codec/initialize_audio/data_i_reg[2]/CE
  -------------------------------------------------------------------    -------------------

                         (clock clk_out2_clk_wiz_1 rise edge)
                                                      0.000     0.000 r  
    BUFGCTRL_X0Y2        BUFG                         0.000     0.000 r  clk_IBUF_BUFG_inst/O
                         net (fo=303, routed)         0.879     0.879    datapath/Audio_Codec/audiocodec_master_clock/inst/clk_in1
    MMCME2_ADV_X0Y2      MMCME2_ADV (Prop_mmcme2_adv_CLKIN1_CLKOUT1)
                                                     -1.502    -0.624 r  datapath/Audio_Codec/audiocodec_master_clock/inst/mmcm_adv_inst/CLKOUT1
                         net (fo=1, routed)           0.595    -0.029    datapath/Audio_Codec/audiocodec_master_clock/inst/clk_out2_clk_wiz_1
    BUFGCTRL_X0Y3        BUFG (Prop_bufg_I_O)         0.029    -0.000 r  datapath/Audio_Codec/audiocodec_master_clock/inst/clkout2_buf/O
                         net (fo=115, routed)         0.908     0.908    datapath/Audio_Codec/initialize_audio/CLK
    SLICE_X160Y122       FDRE                                         r  datapath/Audio_Codec/initialize_audio/data_i_reg[2]/C

Slack:                    inf
  Source:                 reset_n
                            (input port)
  Destination:            datapath/Audio_Codec/initialize_audio/data_i_reg[6]/CE
                            (rising edge-triggered cell FDRE clocked by clk_out2_clk_wiz_1  {rise@0.000ns fall@10.000ns period=20.000ns})
  Path Group:             (none)
  Path Type:              Hold (Min at Fast Process Corner)
  Data Path Delay:        1.567ns  (logic 0.186ns (11.866%)  route 1.381ns (88.134%))
  Logic Levels:           1  (IBUF=1)
  Clock Path Skew:        0.908ns (DCD - SCD - CPR)
    Destination Clock Delay (DCD):    0.908ns
    Source Clock Delay      (SCD):    0.000ns
    Clock Pessimism Removal (CPR):    -0.000ns

    Location             Delay type                Incr(ns)  Path(ns)    Netlist Resource(s)
  -------------------------------------------------------------------    -------------------
    G4                                                0.000     0.000 r  reset_n (IN)
                         net (fo=0)                   0.000     0.000    reset_n
    G4                   IBUF (Prop_ibuf_I_O)         0.186     0.186 r  reset_n_IBUF_inst/O
                         net (fo=43, routed)          1.381     1.567    datapath/Audio_Codec/initialize_audio/led_OBUF[0]
    SLICE_X160Y122       FDRE                                         r  datapath/Audio_Codec/initialize_audio/data_i_reg[6]/CE
  -------------------------------------------------------------------    -------------------

                         (clock clk_out2_clk_wiz_1 rise edge)
                                                      0.000     0.000 r  
    BUFGCTRL_X0Y2        BUFG                         0.000     0.000 r  clk_IBUF_BUFG_inst/O
                         net (fo=303, routed)         0.879     0.879    datapath/Audio_Codec/audiocodec_master_clock/inst/clk_in1
    MMCME2_ADV_X0Y2      MMCME2_ADV (Prop_mmcme2_adv_CLKIN1_CLKOUT1)
                                                     -1.502    -0.624 r  datapath/Audio_Codec/audiocodec_master_clock/inst/mmcm_adv_inst/CLKOUT1
                         net (fo=1, routed)           0.595    -0.029    datapath/Audio_Codec/audiocodec_master_clock/inst/clk_out2_clk_wiz_1
    BUFGCTRL_X0Y3        BUFG (Prop_bufg_I_O)         0.029    -0.000 r  datapath/Audio_Codec/audiocodec_master_clock/inst/clkout2_buf/O
                         net (fo=115, routed)         0.908     0.908    datapath/Audio_Codec/initialize_audio/CLK
    SLICE_X160Y122       FDRE                                         r  datapath/Audio_Codec/initialize_audio/data_i_reg[6]/C

Slack:                    inf
  Source:                 reset_n
                            (input port)
  Destination:            datapath/Audio_Codec/initialize_audio/msg_reg/CE
                            (rising edge-triggered cell FDRE clocked by clk_out2_clk_wiz_1  {rise@0.000ns fall@10.000ns period=20.000ns})
  Path Group:             (none)
  Path Type:              Hold (Min at Fast Process Corner)
  Data Path Delay:        1.567ns  (logic 0.186ns (11.866%)  route 1.381ns (88.134%))
  Logic Levels:           1  (IBUF=1)
  Clock Path Skew:        0.908ns (DCD - SCD - CPR)
    Destination Clock Delay (DCD):    0.908ns
    Source Clock Delay      (SCD):    0.000ns
    Clock Pessimism Removal (CPR):    -0.000ns

    Location             Delay type                Incr(ns)  Path(ns)    Netlist Resource(s)
  -------------------------------------------------------------------    -------------------
    G4                                                0.000     0.000 r  reset_n (IN)
                         net (fo=0)                   0.000     0.000    reset_n
    G4                   IBUF (Prop_ibuf_I_O)         0.186     0.186 r  reset_n_IBUF_inst/O
                         net (fo=43, routed)          1.381     1.567    datapath/Audio_Codec/initialize_audio/led_OBUF[0]
    SLICE_X160Y122       FDRE                                         r  datapath/Audio_Codec/initialize_audio/msg_reg/CE
  -------------------------------------------------------------------    -------------------

                         (clock clk_out2_clk_wiz_1 rise edge)
                                                      0.000     0.000 r  
    BUFGCTRL_X0Y2        BUFG                         0.000     0.000 r  clk_IBUF_BUFG_inst/O
                         net (fo=303, routed)         0.879     0.879    datapath/Audio_Codec/audiocodec_master_clock/inst/clk_in1
    MMCME2_ADV_X0Y2      MMCME2_ADV (Prop_mmcme2_adv_CLKIN1_CLKOUT1)
                                                     -1.502    -0.624 r  datapath/Audio_Codec/audiocodec_master_clock/inst/mmcm_adv_inst/CLKOUT1
                         net (fo=1, routed)           0.595    -0.029    datapath/Audio_Codec/audiocodec_master_clock/inst/clk_out2_clk_wiz_1
    BUFGCTRL_X0Y3        BUFG (Prop_bufg_I_O)         0.029    -0.000 r  datapath/Audio_Codec/audiocodec_master_clock/inst/clkout2_buf/O
                         net (fo=115, routed)         0.908     0.908    datapath/Audio_Codec/initialize_audio/CLK
    SLICE_X160Y122       FDRE                                         r  datapath/Audio_Codec/initialize_audio/msg_reg/C





