Copyright 1986-2022 Xilinx, Inc. All Rights Reserved. Copyright 2022-2024 Advanced Micro Devices, Inc. All Rights Reserved.
---------------------------------------------------------------------------------------------------------------------------------------------------------------------------------------------------------------
| Tool Version : Vivado v.2024.2 (win64) Build 5239630 Fri Nov 08 22:35:27 MST 2024
| Date         : Fri May  8 15:16:07 2026
| Host         : C27-5CG31328K0 running 64-bit major release  (build 9200)
| Command      : report_timing_summary -max_paths 10 -report_unconstrained -file Tetris_timing_summary_routed.rpt -pb Tetris_timing_summary_routed.pb -rpx Tetris_timing_summary_routed.rpx -warn_on_violation
| Design       : Tetris
| Device       : 7a200t-sbg484
| Speed File   : -1  PRODUCTION 1.23 2018-06-13
| Design State : Routed
---------------------------------------------------------------------------------------------------------------------------------------------------------------------------------------------------------------

Timing Summary Report

------------------------------------------------------------------------------------------------
| Timer Settings
| --------------
------------------------------------------------------------------------------------------------

  Enable Multi Corner Analysis               :  Yes
  Enable Pessimism Removal                   :  Yes
  Pessimism Removal Resolution               :  Nearest Common Node
  Enable Input Delay Default Clock           :  No
  Enable Preset / Clear Arcs                 :  No
  Disable Flight Delays                      :  No
  Ignore I/O Paths                           :  No
  Timing Early Launch at Borrowing Latches   :  No
  Borrow Time for Max Delay Exceptions       :  Yes
  Merge Timing Exceptions                    :  Yes
  Inter-SLR Compensation                     :  Conservative

  Corner  Analyze    Analyze    
  Name    Max Paths  Min Paths  
  ------  ---------  ---------  
  Slow    Yes        Yes        
  Fast    Yes        Yes        


------------------------------------------------------------------------------------------------
| Report Methodology
| ------------------
------------------------------------------------------------------------------------------------

Rule       Severity          Description                                        Violations  
---------  ----------------  -------------------------------------------------  ----------  
TIMING-17  Critical Warning  Non-clocked sequential cell                        856         
TIMING-27  Critical Warning  Invalid primary clock on hierarchical pin          1           
HPDR-1     Warning           Port pin direction inconsistency                   7           
XDCC-2     Warning           Scoped Non-Timing constraint/property overwritten  1           

Note: This report is based on the most recent report_methodology run and may not be up-to-date. Run report_methodology on the current design for the latest report.



check_timing report

Table of Contents
-----------------
1. checking no_clock (856)
2. checking constant_clock (0)
3. checking pulse_width_clock (0)
4. checking unconstrained_internal_endpoints (1811)
5. checking no_input_delay (7)
6. checking no_output_delay (14)
7. checking multiple_clock (0)
8. checking generated_clocks (0)
9. checking loops (0)
10. checking partial_input_delay (0)
11. checking partial_output_delay (0)
12. checking latch_loops (0)

1. checking no_clock (856)
--------------------------
 There are 856 register/latch pins with no clock driven by root clock pin: clk (HIGH)


2. checking constant_clock (0)
------------------------------
 There are 0 register/latch pins with constant_clock.


3. checking pulse_width_clock (0)
---------------------------------
 There are 0 register/latch pins which need pulse_width check


4. checking unconstrained_internal_endpoints (1811)
---------------------------------------------------
 There are 1811 pins that are not constrained for maximum delay. (HIGH)

 There are 0 pins that are not constrained for maximum delay due to constant clock.


5. checking no_input_delay (7)
------------------------------
 There are 7 input ports with no input delay specified. (HIGH)

 There are 0 input ports with no input delay but user has a false path constraint.


6. checking no_output_delay (14)
--------------------------------
 There are 14 ports with no output delay specified. (HIGH)

 There are 0 ports with no output delay but user has a false path constraint

 There are 0 ports with no output delay but with a timing clock defined on it or propagating through it


7. checking multiple_clock (0)
------------------------------
 There are 0 register/latch pins with multiple clocks.


8. checking generated_clocks (0)
--------------------------------
 There are 0 generated clocks that are not connected to a clock source.


9. checking loops (0)
---------------------
 There are 0 combinational loops in the design.


10. checking partial_input_delay (0)
------------------------------------
 There are 0 input ports with partial input delay specified.


11. checking partial_output_delay (0)
-------------------------------------
 There are 0 ports with partial output delay specified.


12. checking latch_loops (0)
----------------------------
 There are 0 combinational latch loops in the design through latch input



------------------------------------------------------------------------------------------------
| Design Timing Summary
| ---------------------
------------------------------------------------------------------------------------------------

    WNS(ns)      TNS(ns)  TNS Failing Endpoints  TNS Total Endpoints      WHS(ns)      THS(ns)  THS Failing Endpoints  THS Total Endpoints     WPWS(ns)     TPWS(ns)  TPWS Failing Endpoints  TPWS Total Endpoints  
    -------      -------  ---------------------  -------------------      -------      -------  ---------------------  -------------------     --------     --------  ----------------------  --------------------  
      2.702        0.000                      0                  180        0.121        0.000                      0                  180        3.000        0.000                       0                   137  


All user specified timing constraints are met.


------------------------------------------------------------------------------------------------
| Clock Summary
| -------------
------------------------------------------------------------------------------------------------

Clock                                              Waveform(ns)         Period(ns)      Frequency(MHz)
-----                                              ------------         ----------      --------------
u_video/mmcm_adv_inst_display_clocks/inst/clk_in1  {0.000 5.000}        10.000          100.000         
  clk_out1_clk_wiz_2                               {0.000 20.000}       40.000          25.000          
  clk_out2_clk_wiz_2                               {0.000 4.000}        8.000           125.000         
  clkfbout_clk_wiz_2                               {0.000 5.000}        10.000          100.000         


------------------------------------------------------------------------------------------------
| Intra Clock Table
| -----------------
------------------------------------------------------------------------------------------------

Clock                                                  WNS(ns)      TNS(ns)  TNS Failing Endpoints  TNS Total Endpoints      WHS(ns)      THS(ns)  THS Failing Endpoints  THS Total Endpoints     WPWS(ns)     TPWS(ns)  TPWS Failing Endpoints  TPWS Total Endpoints  
-----                                                  -------      -------  ---------------------  -------------------      -------      -------  ---------------------  -------------------     --------     --------  ----------------------  --------------------  
u_video/mmcm_adv_inst_display_clocks/inst/clk_in1                                                                                                                                                    3.000        0.000                       0                     1  
  clk_out1_clk_wiz_2                                     8.245        0.000                      0                  121        0.121        0.000                      0                  121       19.500        0.000                       0                    87  
  clk_out2_clk_wiz_2                                     2.702        0.000                      0                   53        0.194        0.000                      0                   53        3.500        0.000                       0                    46  
  clkfbout_clk_wiz_2                                                                                                                                                                                 7.845        0.000                       0                     3  


------------------------------------------------------------------------------------------------
| Inter Clock Table
| -----------------
------------------------------------------------------------------------------------------------

From Clock          To Clock                WNS(ns)      TNS(ns)  TNS Failing Endpoints  TNS Total Endpoints      WHS(ns)      THS(ns)  THS Failing Endpoints  THS Total Endpoints  
----------          --------                -------      -------  ---------------------  -------------------      -------      -------  ---------------------  -------------------  
clk_out1_clk_wiz_2  clk_out2_clk_wiz_2        4.319        0.000                      0                   30        0.168        0.000                      0                   30  


------------------------------------------------------------------------------------------------
| Other Path Groups Table
| -----------------------
------------------------------------------------------------------------------------------------

Path Group    From Clock    To Clock          WNS(ns)      TNS(ns)  TNS Failing Endpoints  TNS Total Endpoints      WHS(ns)      THS(ns)  THS Failing Endpoints  THS Total Endpoints  
----------    ----------    --------          -------      -------  ---------------------  -------------------      -------      -------  ---------------------  -------------------  


------------------------------------------------------------------------------------------------
| User Ignored Path Table
| -----------------------
------------------------------------------------------------------------------------------------

Path Group    From Clock    To Clock    
----------    ----------    --------    


------------------------------------------------------------------------------------------------
| Unconstrained Path Table
| ------------------------
------------------------------------------------------------------------------------------------

Path Group          From Clock          To Clock          
----------          ----------          --------          
(none)                                                      
(none)              clk_out2_clk_wiz_2                      
(none)              clkfbout_clk_wiz_2                      
(none)                                  clk_out1_clk_wiz_2  


------------------------------------------------------------------------------------------------
| Timing Details
| --------------
------------------------------------------------------------------------------------------------


---------------------------------------------------------------------------------------------------
From Clock:  u_video/mmcm_adv_inst_display_clocks/inst/clk_in1
  To Clock:  u_video/mmcm_adv_inst_display_clocks/inst/clk_in1

Setup :           NA  Failing Endpoints,  Worst Slack           NA  ,  Total Violation           NA
Hold  :           NA  Failing Endpoints,  Worst Slack           NA  ,  Total Violation           NA
PW    :            0  Failing Endpoints,  Worst Slack        3.000ns,  Total Violation        0.000ns
---------------------------------------------------------------------------------------------------


Pulse Width Checks
--------------------------------------------------------------------------------------
Clock Name:         u_video/mmcm_adv_inst_display_clocks/inst/clk_in1
Waveform(ns):       { 0.000 5.000 }
Period(ns):         10.000
Sources:            { u_video/mmcm_adv_inst_display_clocks/inst/clk_in1 }

Check Type        Corner  Lib Pin            Reference Pin  Required(ns)  Actual(ns)  Slack(ns)  Location         Pin
Min Period        n/a     MMCME2_ADV/CLKIN1  n/a            1.249         10.000      8.751      MMCME2_ADV_X1Y0  u_video/mmcm_adv_inst_display_clocks/inst/mmcm_adv_inst/CLKIN1
Max Period        n/a     MMCME2_ADV/CLKIN1  n/a            100.000       10.000      90.000     MMCME2_ADV_X1Y0  u_video/mmcm_adv_inst_display_clocks/inst/mmcm_adv_inst/CLKIN1
Low Pulse Width   Slow    MMCME2_ADV/CLKIN1  n/a            2.000         5.000       3.000      MMCME2_ADV_X1Y0  u_video/mmcm_adv_inst_display_clocks/inst/mmcm_adv_inst/CLKIN1
Low Pulse Width   Fast    MMCME2_ADV/CLKIN1  n/a            2.000         5.000       3.000      MMCME2_ADV_X1Y0  u_video/mmcm_adv_inst_display_clocks/inst/mmcm_adv_inst/CLKIN1
High Pulse Width  Slow    MMCME2_ADV/CLKIN1  n/a            2.000         5.000       3.000      MMCME2_ADV_X1Y0  u_video/mmcm_adv_inst_display_clocks/inst/mmcm_adv_inst/CLKIN1
High Pulse Width  Fast    MMCME2_ADV/CLKIN1  n/a            2.000         5.000       3.000      MMCME2_ADV_X1Y0  u_video/mmcm_adv_inst_display_clocks/inst/mmcm_adv_inst/CLKIN1



---------------------------------------------------------------------------------------------------
From Clock:  clk_out1_clk_wiz_2
  To Clock:  clk_out1_clk_wiz_2

Setup :            0  Failing Endpoints,  Worst Slack        8.245ns,  Total Violation        0.000ns
Hold  :            0  Failing Endpoints,  Worst Slack        0.121ns,  Total Violation        0.000ns
PW    :            0  Failing Endpoints,  Worst Slack       19.500ns,  Total Violation        0.000ns
---------------------------------------------------------------------------------------------------


Max Delay Paths
--------------------------------------------------------------------------------------
Slack (MET) :             8.245ns  (required time - arrival time)
  Source:                 u_video/inst_vga/u_vga_sig/current_pos_reg[row][8]/C
                            (rising edge-triggered cell FDRE clocked by clk_out1_clk_wiz_2  {rise@0.000ns fall@20.000ns period=40.000ns})
  Destination:            u_video/inst_dvid/TDMS_encoder_green/encoded_reg[2]/D
                            (rising edge-triggered cell FDSE clocked by clk_out1_clk_wiz_2  {rise@0.000ns fall@20.000ns period=40.000ns})
  Path Group:             clk_out1_clk_wiz_2
  Path Type:              Setup (Max at Slow Process Corner)
  Requirement:            40.000ns  (clk_out1_clk_wiz_2 rise@40.000ns - clk_out1_clk_wiz_2 rise@0.000ns)
  Data Path Delay:        31.725ns  (logic 8.547ns (26.941%)  route 23.178ns (73.059%))
  Logic Levels:           33  (CARRY4=13 LUT2=1 LUT3=5 LUT4=2 LUT5=2 LUT6=10)
  Clock Path Skew:        0.092ns (DCD - SCD + CPR)
    Destination Clock Delay (DCD):    1.709ns = ( 41.709 - 40.000 ) 
    Source Clock Delay      (SCD):    1.692ns
    Clock Pessimism Removal (CPR):    0.075ns
  Clock Uncertainty:      0.095ns  ((TSJ^2 + DJ^2)^1/2) / 2 + PE
    Total System Jitter     (TSJ):    0.071ns
    Discrete Jitter          (DJ):    0.175ns
    Phase Error              (PE):    0.000ns

    Location             Delay type                Incr(ns)  Path(ns)    Netlist Resource(s)
  -------------------------------------------------------------------    -------------------
                         (clock clk_out1_clk_wiz_2 rise edge)
                                                      0.000     0.000 r  
    BUFGCTRL_X0Y1        BUFG                         0.000     0.000 r  clk_IBUF_BUFG_inst/O
                         net (fo=857, routed)         2.106     2.106    u_video/mmcm_adv_inst_display_clocks/inst/clk_in1
    MMCME2_ADV_X1Y0      MMCME2_ADV (Prop_mmcme2_adv_CLKIN1_CLKOUT0)
                                                     -4.900    -2.793 r  u_video/mmcm_adv_inst_display_clocks/inst/mmcm_adv_inst/CLKOUT0
                         net (fo=1, routed)           2.697    -0.096    u_video/mmcm_adv_inst_display_clocks/inst/clk_out1_clk_wiz_2
    BUFGCTRL_X0Y2        BUFG (Prop_bufg_I_O)         0.096    -0.000 r  u_video/mmcm_adv_inst_display_clocks/inst/clkout1_buf/O
                         net (fo=85, routed)          1.692     1.692    u_video/inst_vga/u_vga_sig/CLK
    SLICE_X131Y147       FDRE                                         r  u_video/inst_vga/u_vga_sig/current_pos_reg[row][8]/C
  -------------------------------------------------------------------    -------------------
    SLICE_X131Y147       FDRE (Prop_fdre_C_Q)         0.456     2.148 f  u_video/inst_vga/u_vga_sig/current_pos_reg[row][8]/Q
                         net (fo=37, routed)          0.848     2.997    u_video/inst_vga/u_vga_sig/current_pos_reg[row][9]_4[8]
    SLICE_X130Y146       LUT3 (Prop_lut3_I2_O)        0.124     3.121 r  u_video/inst_vga/u_vga_sig/dc_bias[3]_i_24__1/O
                         net (fo=4, routed)           0.618     3.739    u_video/inst_vga/u_vga_sig/dc_bias[3]_i_24__1_n_0
    SLICE_X123Y145       LUT5 (Prop_lut5_I0_O)        0.124     3.863 r  u_video/inst_vga/u_vga_sig/dc_bias[3]_i_103/O
                         net (fo=87, routed)          0.852     4.714    u_video/inst_vga/u_vga_sig/current_pos_reg[row][5]_1
    SLICE_X122Y142       LUT5 (Prop_lut5_I3_O)        0.150     4.864 f  u_video/inst_vga/u_vga_sig/dc_bias[3]_i_1402/O
                         net (fo=16, routed)          1.072     5.936    u_video/inst_vga/u_color/dc_bias_reg[3]_i_837_2
    SLICE_X115Y141       LUT3 (Prop_lut3_I0_O)        0.326     6.262 r  u_video/inst_vga/u_color/dc_bias[3]_i_1364/O
                         net (fo=4, routed)           0.584     6.846    u_video/inst_vga/u_color/dc_bias[3]_i_1364_n_0
    SLICE_X119Y140       LUT4 (Prop_lut4_I0_O)        0.124     6.970 r  u_video/inst_vga/u_color/dc_bias[3]_i_1524/O
                         net (fo=1, routed)           0.000     6.970    u_video/inst_vga/u_color/dc_bias[3]_i_1524_n_0
    SLICE_X119Y140       CARRY4 (Prop_carry4_S[0]_CO[3])
                                                      0.532     7.502 r  u_video/inst_vga/u_color/dc_bias_reg[3]_i_1354/CO[3]
                         net (fo=1, routed)           0.000     7.502    u_video/inst_vga/u_color/dc_bias_reg[3]_i_1354_n_0
    SLICE_X119Y141       CARRY4 (Prop_carry4_CI_CO[3])
                                                      0.114     7.616 f  u_video/inst_vga/u_color/dc_bias_reg[3]_i_1133/CO[3]
                         net (fo=71, routed)          1.490     9.106    u_video/inst_vga/u_color/current_pos_reg[row][9]_0[0]
    SLICE_X121Y143       LUT3 (Prop_lut3_I2_O)        0.152     9.258 r  u_video/inst_vga/u_color/dc_bias[3]_i_1176/O
                         net (fo=2, routed)           0.910    10.168    u_video/inst_vga/u_color/dc_bias[3]_i_1176_n_0
    SLICE_X119Y143       CARRY4 (Prop_carry4_DI[3]_CO[3])
                                                      0.587    10.755 r  u_video/inst_vga/u_color/dc_bias_reg[3]_i_837/CO[3]
                         net (fo=1, routed)           0.000    10.755    u_video/inst_vga/u_color/dc_bias_reg[3]_i_837_n_0
    SLICE_X119Y144       CARRY4 (Prop_carry4_CI_O[0])
                                                      0.222    10.977 r  u_video/inst_vga/u_color/dc_bias_reg[3]_i_826/O[0]
                         net (fo=4, routed)           0.976    11.954    u_video/inst_vga/u_vga_sig/dc_bias_reg[3]_i_239[0]
    SLICE_X120Y145       LUT3 (Prop_lut3_I0_O)        0.321    12.275 r  u_video/inst_vga/u_vga_sig/dc_bias[3]_i_839/O
                         net (fo=1, routed)           0.310    12.585    u_video/inst_vga/u_color/dc_bias_reg[3]_i_248_1
    SLICE_X118Y145       LUT6 (Prop_lut6_I5_O)        0.328    12.913 r  u_video/inst_vga/u_color/dc_bias[3]_i_506/O
                         net (fo=1, routed)           0.000    12.913    u_video/inst_vga/u_color/dc_bias[3]_i_506_n_0
    SLICE_X118Y145       CARRY4 (Prop_carry4_S[2]_CO[3])
                                                      0.398    13.311 r  u_video/inst_vga/u_color/dc_bias_reg[3]_i_248/CO[3]
                         net (fo=1, routed)           0.000    13.311    u_video/inst_vga/u_color/dc_bias_reg[3]_i_248_n_0
    SLICE_X118Y146       CARRY4 (Prop_carry4_CI_O[1])
                                                      0.334    13.645 r  u_video/inst_vga/u_color/dc_bias_reg[3]_i_239/O[1]
                         net (fo=6, routed)           0.876    14.521    u_video/inst_vga/u_color/dc_bias_reg[3]_i_239_n_6
    SLICE_X120Y151       CARRY4 (Prop_carry4_DI[0]_CO[3])
                                                      0.729    15.250 r  u_video/inst_vga/u_color/dc_bias_reg[3]_i_1639/CO[3]
                         net (fo=1, routed)           0.000    15.250    u_video/inst_vga/u_color/dc_bias_reg[3]_i_1639_n_0
    SLICE_X120Y152       CARRY4 (Prop_carry4_CI_CO[3])
                                                      0.117    15.367 r  u_video/inst_vga/u_color/dc_bias_reg[3]_i_1504/CO[3]
                         net (fo=1, routed)           0.000    15.367    u_video/inst_vga/u_color/dc_bias_reg[3]_i_1504_n_0
    SLICE_X120Y153       CARRY4 (Prop_carry4_CI_CO[3])
                                                      0.117    15.484 r  u_video/inst_vga/u_color/dc_bias_reg[3]_i_1335/CO[3]
                         net (fo=1, routed)           0.000    15.484    u_video/inst_vga/u_color/dc_bias_reg[3]_i_1335_n_0
    SLICE_X120Y154       CARRY4 (Prop_carry4_CI_CO[3])
                                                      0.117    15.601 r  u_video/inst_vga/u_color/dc_bias_reg[3]_i_1121/CO[3]
                         net (fo=1, routed)           0.000    15.601    u_video/inst_vga/u_color/dc_bias_reg[3]_i_1121_n_0
    SLICE_X120Y155       CARRY4 (Prop_carry4_CI_O[3])
                                                      0.315    15.916 r  u_video/inst_vga/u_color/dc_bias_reg[3]_i_815/O[3]
                         net (fo=3, routed)           0.750    16.666    u_video/inst_vga/u_color/dc_bias_reg[3]_i_815_n_4
    SLICE_X119Y157       LUT2 (Prop_lut2_I0_O)        0.307    16.973 r  u_video/inst_vga/u_color/dc_bias[3]_i_819/O
                         net (fo=1, routed)           0.000    16.973    u_video/inst_vga/u_color/dc_bias[3]_i_819_n_0
    SLICE_X119Y157       CARRY4 (Prop_carry4_S[0]_CO[3])
                                                      0.532    17.505 r  u_video/inst_vga/u_color/dc_bias_reg[3]_i_485/CO[3]
                         net (fo=36, routed)          1.218    18.723    u_video/inst_vga/u_color/dc_bias_reg[3]_i_485_n_0
    SLICE_X121Y147       LUT4 (Prop_lut4_I2_O)        0.124    18.847 r  u_video/inst_vga/u_color/dc_bias[3]_i_495/O
                         net (fo=1, routed)           0.465    19.312    u_video/inst_vga/u_color/dc_bias[3]_i_495_n_0
    SLICE_X123Y147       CARRY4 (Prop_carry4_CYINIT_O[0])
                                                      0.482    19.794 r  u_video/inst_vga/u_color/dc_bias_reg[3]_i_242/O[0]
                         net (fo=1, routed)           0.455    20.249    u_video/inst_vga/u_color/br1[1]
    SLICE_X121Y147       LUT6 (Prop_lut6_I5_O)        0.299    20.548 r  u_video/inst_vga/u_color/dc_bias[3]_i_237/O
                         net (fo=162, routed)         3.020    23.567    u_board_memory/dc_bias[3]_i_414_0
    SLICE_X122Y194       LUT6 (Prop_lut6_I2_O)        0.124    23.691 r  u_board_memory/dc_bias[3]_i_603/O
                         net (fo=1, routed)           0.683    24.374    u_board_memory/dc_bias[3]_i_603_n_0
    SLICE_X123Y194       LUT6 (Prop_lut6_I0_O)        0.124    24.498 r  u_board_memory/dc_bias[3]_i_301/O
                         net (fo=1, routed)           0.921    25.419    u_board_memory/dc_bias[3]_i_301_n_0
    SLICE_X123Y185       LUT6 (Prop_lut6_I5_O)        0.124    25.543 f  u_board_memory/dc_bias[3]_i_136/O
                         net (fo=2, routed)           0.967    26.510    u_board_memory/dc_bias[3]_i_136_n_0
    SLICE_X126Y184       LUT6 (Prop_lut6_I0_O)        0.124    26.634 f  u_board_memory/dc_bias[3]_i_58/O
                         net (fo=1, routed)           1.890    28.525    u_video/inst_vga/u_color/dc_bias[3]_i_7__0_1
    SLICE_X126Y152       LUT6 (Prop_lut6_I5_O)        0.124    28.649 f  u_video/inst_vga/u_color/dc_bias[3]_i_19/O
                         net (fo=4, routed)           0.807    29.456    u_video/inst_vga/u_color/dc_bias[3]_i_19_n_0
    SLICE_X130Y152       LUT3 (Prop_lut3_I1_O)        0.124    29.580 f  u_video/inst_vga/u_color/dc_bias[3]_i_17/O
                         net (fo=2, routed)           0.464    30.044    u_video/inst_vga/u_color/dc_bias[3]_i_17_n_0
    SLICE_X131Y152       LUT6 (Prop_lut6_I0_O)        0.124    30.168 r  u_video/inst_vga/u_color/dc_bias[3]_i_7__0/O
                         net (fo=1, routed)           0.729    30.897    u_piece_logic/encoded_reg[8]
    SLICE_X135Y148       LUT6 (Prop_lut6_I4_O)        0.124    31.021 r  u_piece_logic/dc_bias[3]_i_3/O
                         net (fo=7, routed)           1.788    32.809    u_video/inst_dvid/TDMS_encoder_green/encoded_reg[2]_0[1]
    SLICE_X157Y140       LUT6 (Prop_lut6_I5_O)        0.124    32.933 r  u_video/inst_dvid/TDMS_encoder_green/encoded[1]_i_1/O
                         net (fo=2, routed)           0.484    33.417    u_video/inst_dvid/TDMS_encoder_green/encoded[1]_i_1_n_0
    SLICE_X158Y139       FDSE                                         r  u_video/inst_dvid/TDMS_encoder_green/encoded_reg[2]/D
  -------------------------------------------------------------------    -------------------

                         (clock clk_out1_clk_wiz_2 rise edge)
                                                     40.000    40.000 r  
    BUFGCTRL_X0Y1        BUFG                         0.000    40.000 r  clk_IBUF_BUFG_inst/O
                         net (fo=857, routed)         1.972    41.972    u_video/mmcm_adv_inst_display_clocks/inst/clk_in1
    MMCME2_ADV_X1Y0      MMCME2_ADV (Prop_mmcme2_adv_CLKIN1_CLKOUT0)
                                                     -4.637    37.335 r  u_video/mmcm_adv_inst_display_clocks/inst/mmcm_adv_inst/CLKOUT0
                         net (fo=1, routed)           2.574    39.909    u_video/mmcm_adv_inst_display_clocks/inst/clk_out1_clk_wiz_2
    BUFGCTRL_X0Y2        BUFG (Prop_bufg_I_O)         0.091    40.000 r  u_video/mmcm_adv_inst_display_clocks/inst/clkout1_buf/O
                         net (fo=85, routed)          1.709    41.709    u_video/inst_dvid/TDMS_encoder_green/CLK
    SLICE_X158Y139       FDSE                                         r  u_video/inst_dvid/TDMS_encoder_green/encoded_reg[2]/C
                         clock pessimism              0.075    41.784    
                         clock uncertainty           -0.095    41.690    
    SLICE_X158Y139       FDSE (Setup_fdse_C_D)       -0.028    41.662    u_video/inst_dvid/TDMS_encoder_green/encoded_reg[2]
  -------------------------------------------------------------------
                         required time                         41.662    
                         arrival time                         -33.417    
  -------------------------------------------------------------------
                         slack                                  8.245    

Slack (MET) :             8.254ns  (required time - arrival time)
  Source:                 u_video/inst_vga/u_vga_sig/current_pos_reg[row][8]/C
                            (rising edge-triggered cell FDRE clocked by clk_out1_clk_wiz_2  {rise@0.000ns fall@20.000ns period=40.000ns})
  Destination:            u_video/inst_dvid/TDMS_encoder_green/encoded_reg[1]/D
                            (rising edge-triggered cell FDRE clocked by clk_out1_clk_wiz_2  {rise@0.000ns fall@20.000ns period=40.000ns})
  Path Group:             clk_out1_clk_wiz_2
  Path Type:              Setup (Max at Slow Process Corner)
  Requirement:            40.000ns  (clk_out1_clk_wiz_2 rise@40.000ns - clk_out1_clk_wiz_2 rise@0.000ns)
  Data Path Delay:        31.716ns  (logic 8.547ns (26.949%)  route 23.169ns (73.051%))
  Logic Levels:           33  (CARRY4=13 LUT2=1 LUT3=5 LUT4=2 LUT5=2 LUT6=10)
  Clock Path Skew:        0.092ns (DCD - SCD + CPR)
    Destination Clock Delay (DCD):    1.709ns = ( 41.709 - 40.000 ) 
    Source Clock Delay      (SCD):    1.692ns
    Clock Pessimism Removal (CPR):    0.075ns
  Clock Uncertainty:      0.095ns  ((TSJ^2 + DJ^2)^1/2) / 2 + PE
    Total System Jitter     (TSJ):    0.071ns
    Discrete Jitter          (DJ):    0.175ns
    Phase Error              (PE):    0.000ns

    Location             Delay type                Incr(ns)  Path(ns)    Netlist Resource(s)
  -------------------------------------------------------------------    -------------------
                         (clock clk_out1_clk_wiz_2 rise edge)
                                                      0.000     0.000 r  
    BUFGCTRL_X0Y1        BUFG                         0.000     0.000 r  clk_IBUF_BUFG_inst/O
                         net (fo=857, routed)         2.106     2.106    u_video/mmcm_adv_inst_display_clocks/inst/clk_in1
    MMCME2_ADV_X1Y0      MMCME2_ADV (Prop_mmcme2_adv_CLKIN1_CLKOUT0)
                                                     -4.900    -2.793 r  u_video/mmcm_adv_inst_display_clocks/inst/mmcm_adv_inst/CLKOUT0
                         net (fo=1, routed)           2.697    -0.096    u_video/mmcm_adv_inst_display_clocks/inst/clk_out1_clk_wiz_2
    BUFGCTRL_X0Y2        BUFG (Prop_bufg_I_O)         0.096    -0.000 r  u_video/mmcm_adv_inst_display_clocks/inst/clkout1_buf/O
                         net (fo=85, routed)          1.692     1.692    u_video/inst_vga/u_vga_sig/CLK
    SLICE_X131Y147       FDRE                                         r  u_video/inst_vga/u_vga_sig/current_pos_reg[row][8]/C
  -------------------------------------------------------------------    -------------------
    SLICE_X131Y147       FDRE (Prop_fdre_C_Q)         0.456     2.148 f  u_video/inst_vga/u_vga_sig/current_pos_reg[row][8]/Q
                         net (fo=37, routed)          0.848     2.997    u_video/inst_vga/u_vga_sig/current_pos_reg[row][9]_4[8]
    SLICE_X130Y146       LUT3 (Prop_lut3_I2_O)        0.124     3.121 r  u_video/inst_vga/u_vga_sig/dc_bias[3]_i_24__1/O
                         net (fo=4, routed)           0.618     3.739    u_video/inst_vga/u_vga_sig/dc_bias[3]_i_24__1_n_0
    SLICE_X123Y145       LUT5 (Prop_lut5_I0_O)        0.124     3.863 r  u_video/inst_vga/u_vga_sig/dc_bias[3]_i_103/O
                         net (fo=87, routed)          0.852     4.714    u_video/inst_vga/u_vga_sig/current_pos_reg[row][5]_1
    SLICE_X122Y142       LUT5 (Prop_lut5_I3_O)        0.150     4.864 f  u_video/inst_vga/u_vga_sig/dc_bias[3]_i_1402/O
                         net (fo=16, routed)          1.072     5.936    u_video/inst_vga/u_color/dc_bias_reg[3]_i_837_2
    SLICE_X115Y141       LUT3 (Prop_lut3_I0_O)        0.326     6.262 r  u_video/inst_vga/u_color/dc_bias[3]_i_1364/O
                         net (fo=4, routed)           0.584     6.846    u_video/inst_vga/u_color/dc_bias[3]_i_1364_n_0
    SLICE_X119Y140       LUT4 (Prop_lut4_I0_O)        0.124     6.970 r  u_video/inst_vga/u_color/dc_bias[3]_i_1524/O
                         net (fo=1, routed)           0.000     6.970    u_video/inst_vga/u_color/dc_bias[3]_i_1524_n_0
    SLICE_X119Y140       CARRY4 (Prop_carry4_S[0]_CO[3])
                                                      0.532     7.502 r  u_video/inst_vga/u_color/dc_bias_reg[3]_i_1354/CO[3]
                         net (fo=1, routed)           0.000     7.502    u_video/inst_vga/u_color/dc_bias_reg[3]_i_1354_n_0
    SLICE_X119Y141       CARRY4 (Prop_carry4_CI_CO[3])
                                                      0.114     7.616 f  u_video/inst_vga/u_color/dc_bias_reg[3]_i_1133/CO[3]
                         net (fo=71, routed)          1.490     9.106    u_video/inst_vga/u_color/current_pos_reg[row][9]_0[0]
    SLICE_X121Y143       LUT3 (Prop_lut3_I2_O)        0.152     9.258 r  u_video/inst_vga/u_color/dc_bias[3]_i_1176/O
                         net (fo=2, routed)           0.910    10.168    u_video/inst_vga/u_color/dc_bias[3]_i_1176_n_0
    SLICE_X119Y143       CARRY4 (Prop_carry4_DI[3]_CO[3])
                                                      0.587    10.755 r  u_video/inst_vga/u_color/dc_bias_reg[3]_i_837/CO[3]
                         net (fo=1, routed)           0.000    10.755    u_video/inst_vga/u_color/dc_bias_reg[3]_i_837_n_0
    SLICE_X119Y144       CARRY4 (Prop_carry4_CI_O[0])
                                                      0.222    10.977 r  u_video/inst_vga/u_color/dc_bias_reg[3]_i_826/O[0]
                         net (fo=4, routed)           0.976    11.954    u_video/inst_vga/u_vga_sig/dc_bias_reg[3]_i_239[0]
    SLICE_X120Y145       LUT3 (Prop_lut3_I0_O)        0.321    12.275 r  u_video/inst_vga/u_vga_sig/dc_bias[3]_i_839/O
                         net (fo=1, routed)           0.310    12.585    u_video/inst_vga/u_color/dc_bias_reg[3]_i_248_1
    SLICE_X118Y145       LUT6 (Prop_lut6_I5_O)        0.328    12.913 r  u_video/inst_vga/u_color/dc_bias[3]_i_506/O
                         net (fo=1, routed)           0.000    12.913    u_video/inst_vga/u_color/dc_bias[3]_i_506_n_0
    SLICE_X118Y145       CARRY4 (Prop_carry4_S[2]_CO[3])
                                                      0.398    13.311 r  u_video/inst_vga/u_color/dc_bias_reg[3]_i_248/CO[3]
                         net (fo=1, routed)           0.000    13.311    u_video/inst_vga/u_color/dc_bias_reg[3]_i_248_n_0
    SLICE_X118Y146       CARRY4 (Prop_carry4_CI_O[1])
                                                      0.334    13.645 r  u_video/inst_vga/u_color/dc_bias_reg[3]_i_239/O[1]
                         net (fo=6, routed)           0.876    14.521    u_video/inst_vga/u_color/dc_bias_reg[3]_i_239_n_6
    SLICE_X120Y151       CARRY4 (Prop_carry4_DI[0]_CO[3])
                                                      0.729    15.250 r  u_video/inst_vga/u_color/dc_bias_reg[3]_i_1639/CO[3]
                         net (fo=1, routed)           0.000    15.250    u_video/inst_vga/u_color/dc_bias_reg[3]_i_1639_n_0
    SLICE_X120Y152       CARRY4 (Prop_carry4_CI_CO[3])
                                                      0.117    15.367 r  u_video/inst_vga/u_color/dc_bias_reg[3]_i_1504/CO[3]
                         net (fo=1, routed)           0.000    15.367    u_video/inst_vga/u_color/dc_bias_reg[3]_i_1504_n_0
    SLICE_X120Y153       CARRY4 (Prop_carry4_CI_CO[3])
                                                      0.117    15.484 r  u_video/inst_vga/u_color/dc_bias_reg[3]_i_1335/CO[3]
                         net (fo=1, routed)           0.000    15.484    u_video/inst_vga/u_color/dc_bias_reg[3]_i_1335_n_0
    SLICE_X120Y154       CARRY4 (Prop_carry4_CI_CO[3])
                                                      0.117    15.601 r  u_video/inst_vga/u_color/dc_bias_reg[3]_i_1121/CO[3]
                         net (fo=1, routed)           0.000    15.601    u_video/inst_vga/u_color/dc_bias_reg[3]_i_1121_n_0
    SLICE_X120Y155       CARRY4 (Prop_carry4_CI_O[3])
                                                      0.315    15.916 r  u_video/inst_vga/u_color/dc_bias_reg[3]_i_815/O[3]
                         net (fo=3, routed)           0.750    16.666    u_video/inst_vga/u_color/dc_bias_reg[3]_i_815_n_4
    SLICE_X119Y157       LUT2 (Prop_lut2_I0_O)        0.307    16.973 r  u_video/inst_vga/u_color/dc_bias[3]_i_819/O
                         net (fo=1, routed)           0.000    16.973    u_video/inst_vga/u_color/dc_bias[3]_i_819_n_0
    SLICE_X119Y157       CARRY4 (Prop_carry4_S[0]_CO[3])
                                                      0.532    17.505 r  u_video/inst_vga/u_color/dc_bias_reg[3]_i_485/CO[3]
                         net (fo=36, routed)          1.218    18.723    u_video/inst_vga/u_color/dc_bias_reg[3]_i_485_n_0
    SLICE_X121Y147       LUT4 (Prop_lut4_I2_O)        0.124    18.847 r  u_video/inst_vga/u_color/dc_bias[3]_i_495/O
                         net (fo=1, routed)           0.465    19.312    u_video/inst_vga/u_color/dc_bias[3]_i_495_n_0
    SLICE_X123Y147       CARRY4 (Prop_carry4_CYINIT_O[0])
                                                      0.482    19.794 r  u_video/inst_vga/u_color/dc_bias_reg[3]_i_242/O[0]
                         net (fo=1, routed)           0.455    20.249    u_video/inst_vga/u_color/br1[1]
    SLICE_X121Y147       LUT6 (Prop_lut6_I5_O)        0.299    20.548 r  u_video/inst_vga/u_color/dc_bias[3]_i_237/O
                         net (fo=162, routed)         3.020    23.567    u_board_memory/dc_bias[3]_i_414_0
    SLICE_X122Y194       LUT6 (Prop_lut6_I2_O)        0.124    23.691 r  u_board_memory/dc_bias[3]_i_603/O
                         net (fo=1, routed)           0.683    24.374    u_board_memory/dc_bias[3]_i_603_n_0
    SLICE_X123Y194       LUT6 (Prop_lut6_I0_O)        0.124    24.498 r  u_board_memory/dc_bias[3]_i_301/O
                         net (fo=1, routed)           0.921    25.419    u_board_memory/dc_bias[3]_i_301_n_0
    SLICE_X123Y185       LUT6 (Prop_lut6_I5_O)        0.124    25.543 f  u_board_memory/dc_bias[3]_i_136/O
                         net (fo=2, routed)           0.967    26.510    u_board_memory/dc_bias[3]_i_136_n_0
    SLICE_X126Y184       LUT6 (Prop_lut6_I0_O)        0.124    26.634 f  u_board_memory/dc_bias[3]_i_58/O
                         net (fo=1, routed)           1.890    28.525    u_video/inst_vga/u_color/dc_bias[3]_i_7__0_1
    SLICE_X126Y152       LUT6 (Prop_lut6_I5_O)        0.124    28.649 f  u_video/inst_vga/u_color/dc_bias[3]_i_19/O
                         net (fo=4, routed)           0.807    29.456    u_video/inst_vga/u_color/dc_bias[3]_i_19_n_0
    SLICE_X130Y152       LUT3 (Prop_lut3_I1_O)        0.124    29.580 f  u_video/inst_vga/u_color/dc_bias[3]_i_17/O
                         net (fo=2, routed)           0.464    30.044    u_video/inst_vga/u_color/dc_bias[3]_i_17_n_0
    SLICE_X131Y152       LUT6 (Prop_lut6_I0_O)        0.124    30.168 r  u_video/inst_vga/u_color/dc_bias[3]_i_7__0/O
                         net (fo=1, routed)           0.729    30.897    u_piece_logic/encoded_reg[8]
    SLICE_X135Y148       LUT6 (Prop_lut6_I4_O)        0.124    31.021 r  u_piece_logic/dc_bias[3]_i_3/O
                         net (fo=7, routed)           1.788    32.809    u_video/inst_dvid/TDMS_encoder_green/encoded_reg[2]_0[1]
    SLICE_X157Y140       LUT6 (Prop_lut6_I5_O)        0.124    32.933 r  u_video/inst_dvid/TDMS_encoder_green/encoded[1]_i_1/O
                         net (fo=2, routed)           0.475    33.408    u_video/inst_dvid/TDMS_encoder_green/encoded[1]_i_1_n_0
    SLICE_X158Y139       FDRE                                         r  u_video/inst_dvid/TDMS_encoder_green/encoded_reg[1]/D
  -------------------------------------------------------------------    -------------------

                         (clock clk_out1_clk_wiz_2 rise edge)
                                                     40.000    40.000 r  
    BUFGCTRL_X0Y1        BUFG                         0.000    40.000 r  clk_IBUF_BUFG_inst/O
                         net (fo=857, routed)         1.972    41.972    u_video/mmcm_adv_inst_display_clocks/inst/clk_in1
    MMCME2_ADV_X1Y0      MMCME2_ADV (Prop_mmcme2_adv_CLKIN1_CLKOUT0)
                                                     -4.637    37.335 r  u_video/mmcm_adv_inst_display_clocks/inst/mmcm_adv_inst/CLKOUT0
                         net (fo=1, routed)           2.574    39.909    u_video/mmcm_adv_inst_display_clocks/inst/clk_out1_clk_wiz_2
    BUFGCTRL_X0Y2        BUFG (Prop_bufg_I_O)         0.091    40.000 r  u_video/mmcm_adv_inst_display_clocks/inst/clkout1_buf/O
                         net (fo=85, routed)          1.709    41.709    u_video/inst_dvid/TDMS_encoder_green/CLK
    SLICE_X158Y139       FDRE                                         r  u_video/inst_dvid/TDMS_encoder_green/encoded_reg[1]/C
                         clock pessimism              0.075    41.784    
                         clock uncertainty           -0.095    41.690    
    SLICE_X158Y139       FDRE (Setup_fdre_C_D)       -0.028    41.662    u_video/inst_dvid/TDMS_encoder_green/encoded_reg[1]
  -------------------------------------------------------------------
                         required time                         41.662    
                         arrival time                         -33.408    
  -------------------------------------------------------------------
                         slack                                  8.254    

Slack (MET) :             8.301ns  (required time - arrival time)
  Source:                 u_video/inst_vga/u_vga_sig/current_pos_reg[row][8]/C
                            (rising edge-triggered cell FDRE clocked by clk_out1_clk_wiz_2  {rise@0.000ns fall@20.000ns period=40.000ns})
  Destination:            u_video/inst_dvid/TDMS_encoder_blue/encoded_reg[9]/D
                            (rising edge-triggered cell FDRE clocked by clk_out1_clk_wiz_2  {rise@0.000ns fall@20.000ns period=40.000ns})
  Path Group:             clk_out1_clk_wiz_2
  Path Type:              Setup (Max at Slow Process Corner)
  Requirement:            40.000ns  (clk_out1_clk_wiz_2 rise@40.000ns - clk_out1_clk_wiz_2 rise@0.000ns)
  Data Path Delay:        31.702ns  (logic 9.127ns (28.790%)  route 22.575ns (71.210%))
  Logic Levels:           34  (CARRY4=13 LUT2=2 LUT3=5 LUT4=2 LUT5=3 LUT6=9)
  Clock Path Skew:        0.018ns (DCD - SCD + CPR)
    Destination Clock Delay (DCD):    1.635ns = ( 41.635 - 40.000 ) 
    Source Clock Delay      (SCD):    1.692ns
    Clock Pessimism Removal (CPR):    0.075ns
  Clock Uncertainty:      0.095ns  ((TSJ^2 + DJ^2)^1/2) / 2 + PE
    Total System Jitter     (TSJ):    0.071ns
    Discrete Jitter          (DJ):    0.175ns
    Phase Error              (PE):    0.000ns

    Location             Delay type                Incr(ns)  Path(ns)    Netlist Resource(s)
  -------------------------------------------------------------------    -------------------
                         (clock clk_out1_clk_wiz_2 rise edge)
                                                      0.000     0.000 r  
    BUFGCTRL_X0Y1        BUFG                         0.000     0.000 r  clk_IBUF_BUFG_inst/O
                         net (fo=857, routed)         2.106     2.106    u_video/mmcm_adv_inst_display_clocks/inst/clk_in1
    MMCME2_ADV_X1Y0      MMCME2_ADV (Prop_mmcme2_adv_CLKIN1_CLKOUT0)
                                                     -4.900    -2.793 r  u_video/mmcm_adv_inst_display_clocks/inst/mmcm_adv_inst/CLKOUT0
                         net (fo=1, routed)           2.697    -0.096    u_video/mmcm_adv_inst_display_clocks/inst/clk_out1_clk_wiz_2
    BUFGCTRL_X0Y2        BUFG (Prop_bufg_I_O)         0.096    -0.000 r  u_video/mmcm_adv_inst_display_clocks/inst/clkout1_buf/O
                         net (fo=85, routed)          1.692     1.692    u_video/inst_vga/u_vga_sig/CLK
    SLICE_X131Y147       FDRE                                         r  u_video/inst_vga/u_vga_sig/current_pos_reg[row][8]/C
  -------------------------------------------------------------------    -------------------
    SLICE_X131Y147       FDRE (Prop_fdre_C_Q)         0.456     2.148 f  u_video/inst_vga/u_vga_sig/current_pos_reg[row][8]/Q
                         net (fo=37, routed)          0.848     2.997    u_video/inst_vga/u_vga_sig/current_pos_reg[row][9]_4[8]
    SLICE_X130Y146       LUT3 (Prop_lut3_I2_O)        0.124     3.121 r  u_video/inst_vga/u_vga_sig/dc_bias[3]_i_24__1/O
                         net (fo=4, routed)           0.618     3.739    u_video/inst_vga/u_vga_sig/dc_bias[3]_i_24__1_n_0
    SLICE_X123Y145       LUT5 (Prop_lut5_I0_O)        0.124     3.863 r  u_video/inst_vga/u_vga_sig/dc_bias[3]_i_103/O
                         net (fo=87, routed)          0.852     4.714    u_video/inst_vga/u_vga_sig/current_pos_reg[row][5]_1
    SLICE_X122Y142       LUT5 (Prop_lut5_I3_O)        0.150     4.864 f  u_video/inst_vga/u_vga_sig/dc_bias[3]_i_1402/O
                         net (fo=16, routed)          1.072     5.936    u_video/inst_vga/u_color/dc_bias_reg[3]_i_837_2
    SLICE_X115Y141       LUT3 (Prop_lut3_I0_O)        0.326     6.262 r  u_video/inst_vga/u_color/dc_bias[3]_i_1364/O
                         net (fo=4, routed)           0.584     6.846    u_video/inst_vga/u_color/dc_bias[3]_i_1364_n_0
    SLICE_X119Y140       LUT4 (Prop_lut4_I0_O)        0.124     6.970 r  u_video/inst_vga/u_color/dc_bias[3]_i_1524/O
                         net (fo=1, routed)           0.000     6.970    u_video/inst_vga/u_color/dc_bias[3]_i_1524_n_0
    SLICE_X119Y140       CARRY4 (Prop_carry4_S[0]_CO[3])
                                                      0.532     7.502 r  u_video/inst_vga/u_color/dc_bias_reg[3]_i_1354/CO[3]
                         net (fo=1, routed)           0.000     7.502    u_video/inst_vga/u_color/dc_bias_reg[3]_i_1354_n_0
    SLICE_X119Y141       CARRY4 (Prop_carry4_CI_CO[3])
                                                      0.114     7.616 f  u_video/inst_vga/u_color/dc_bias_reg[3]_i_1133/CO[3]
                         net (fo=71, routed)          1.490     9.106    u_video/inst_vga/u_color/current_pos_reg[row][9]_0[0]
    SLICE_X121Y143       LUT3 (Prop_lut3_I2_O)        0.152     9.258 r  u_video/inst_vga/u_color/dc_bias[3]_i_1176/O
                         net (fo=2, routed)           0.910    10.168    u_video/inst_vga/u_color/dc_bias[3]_i_1176_n_0
    SLICE_X119Y143       CARRY4 (Prop_carry4_DI[3]_CO[3])
                                                      0.587    10.755 r  u_video/inst_vga/u_color/dc_bias_reg[3]_i_837/CO[3]
                         net (fo=1, routed)           0.000    10.755    u_video/inst_vga/u_color/dc_bias_reg[3]_i_837_n_0
    SLICE_X119Y144       CARRY4 (Prop_carry4_CI_O[0])
                                                      0.222    10.977 r  u_video/inst_vga/u_color/dc_bias_reg[3]_i_826/O[0]
                         net (fo=4, routed)           0.976    11.954    u_video/inst_vga/u_vga_sig/dc_bias_reg[3]_i_239[0]
    SLICE_X120Y145       LUT3 (Prop_lut3_I0_O)        0.321    12.275 r  u_video/inst_vga/u_vga_sig/dc_bias[3]_i_839/O
                         net (fo=1, routed)           0.310    12.585    u_video/inst_vga/u_color/dc_bias_reg[3]_i_248_1
    SLICE_X118Y145       LUT6 (Prop_lut6_I5_O)        0.328    12.913 r  u_video/inst_vga/u_color/dc_bias[3]_i_506/O
                         net (fo=1, routed)           0.000    12.913    u_video/inst_vga/u_color/dc_bias[3]_i_506_n_0
    SLICE_X118Y145       CARRY4 (Prop_carry4_S[2]_CO[3])
                                                      0.398    13.311 r  u_video/inst_vga/u_color/dc_bias_reg[3]_i_248/CO[3]
                         net (fo=1, routed)           0.000    13.311    u_video/inst_vga/u_color/dc_bias_reg[3]_i_248_n_0
    SLICE_X118Y146       CARRY4 (Prop_carry4_CI_O[1])
                                                      0.334    13.645 r  u_video/inst_vga/u_color/dc_bias_reg[3]_i_239/O[1]
                         net (fo=6, routed)           0.876    14.521    u_video/inst_vga/u_color/dc_bias_reg[3]_i_239_n_6
    SLICE_X120Y151       CARRY4 (Prop_carry4_DI[0]_CO[3])
                                                      0.729    15.250 r  u_video/inst_vga/u_color/dc_bias_reg[3]_i_1639/CO[3]
                         net (fo=1, routed)           0.000    15.250    u_video/inst_vga/u_color/dc_bias_reg[3]_i_1639_n_0
    SLICE_X120Y152       CARRY4 (Prop_carry4_CI_CO[3])
                                                      0.117    15.367 r  u_video/inst_vga/u_color/dc_bias_reg[3]_i_1504/CO[3]
                         net (fo=1, routed)           0.000    15.367    u_video/inst_vga/u_color/dc_bias_reg[3]_i_1504_n_0
    SLICE_X120Y153       CARRY4 (Prop_carry4_CI_CO[3])
                                                      0.117    15.484 r  u_video/inst_vga/u_color/dc_bias_reg[3]_i_1335/CO[3]
                         net (fo=1, routed)           0.000    15.484    u_video/inst_vga/u_color/dc_bias_reg[3]_i_1335_n_0
    SLICE_X120Y154       CARRY4 (Prop_carry4_CI_CO[3])
                                                      0.117    15.601 r  u_video/inst_vga/u_color/dc_bias_reg[3]_i_1121/CO[3]
                         net (fo=1, routed)           0.000    15.601    u_video/inst_vga/u_color/dc_bias_reg[3]_i_1121_n_0
    SLICE_X120Y155       CARRY4 (Prop_carry4_CI_O[3])
                                                      0.315    15.916 r  u_video/inst_vga/u_color/dc_bias_reg[3]_i_815/O[3]
                         net (fo=3, routed)           0.750    16.666    u_video/inst_vga/u_color/dc_bias_reg[3]_i_815_n_4
    SLICE_X119Y157       LUT2 (Prop_lut2_I0_O)        0.307    16.973 r  u_video/inst_vga/u_color/dc_bias[3]_i_819/O
                         net (fo=1, routed)           0.000    16.973    u_video/inst_vga/u_color/dc_bias[3]_i_819_n_0
    SLICE_X119Y157       CARRY4 (Prop_carry4_S[0]_CO[3])
                                                      0.532    17.505 r  u_video/inst_vga/u_color/dc_bias_reg[3]_i_485/CO[3]
                         net (fo=36, routed)          1.218    18.723    u_video/inst_vga/u_color/dc_bias_reg[3]_i_485_n_0
    SLICE_X121Y147       LUT4 (Prop_lut4_I2_O)        0.124    18.847 r  u_video/inst_vga/u_color/dc_bias[3]_i_495/O
                         net (fo=1, routed)           0.465    19.312    u_video/inst_vga/u_color/dc_bias[3]_i_495_n_0
    SLICE_X123Y147       CARRY4 (Prop_carry4_CYINIT_O[0])
                                                      0.482    19.794 r  u_video/inst_vga/u_color/dc_bias_reg[3]_i_242/O[0]
                         net (fo=1, routed)           0.455    20.249    u_video/inst_vga/u_color/br1[1]
    SLICE_X121Y147       LUT6 (Prop_lut6_I5_O)        0.299    20.548 r  u_video/inst_vga/u_color/dc_bias[3]_i_237/O
                         net (fo=162, routed)         3.020    23.567    u_board_memory/dc_bias[3]_i_414_0
    SLICE_X122Y194       LUT6 (Prop_lut6_I2_O)        0.124    23.691 f  u_board_memory/dc_bias[3]_i_603/O
                         net (fo=1, routed)           0.683    24.374    u_board_memory/dc_bias[3]_i_603_n_0
    SLICE_X123Y194       LUT6 (Prop_lut6_I0_O)        0.124    24.498 f  u_board_memory/dc_bias[3]_i_301/O
                         net (fo=1, routed)           0.921    25.419    u_board_memory/dc_bias[3]_i_301_n_0
    SLICE_X123Y185       LUT6 (Prop_lut6_I5_O)        0.124    25.543 r  u_board_memory/dc_bias[3]_i_136/O
                         net (fo=2, routed)           0.967    26.510    u_board_memory/dc_bias[3]_i_136_n_0
    SLICE_X126Y184       LUT6 (Prop_lut6_I0_O)        0.124    26.634 r  u_board_memory/dc_bias[3]_i_58/O
                         net (fo=1, routed)           1.890    28.525    u_video/inst_vga/u_color/dc_bias[3]_i_7__0_1
    SLICE_X126Y152       LUT6 (Prop_lut6_I5_O)        0.124    28.649 r  u_video/inst_vga/u_color/dc_bias[3]_i_19/O
                         net (fo=4, routed)           0.675    29.323    u_video/inst_vga/u_color/dc_bias[3]_i_19_n_0
    SLICE_X130Y152       LUT5 (Prop_lut5_I0_O)        0.150    29.473 r  u_video/inst_vga/u_color/dc_bias[3]_i_16__0/O
                         net (fo=2, routed)           0.639    30.113    u_video/inst_vga/u_color/current_pos_reg[col][5]
    SLICE_X131Y152       LUT3 (Prop_lut3_I0_O)        0.326    30.439 r  u_video/inst_vga/u_color/dc_bias[3]_i_11/O
                         net (fo=1, routed)           0.407    30.846    u_video/inst_vga/u_color/dc_bias[3]_i_11_n_0
    SLICE_X133Y152       LUT6 (Prop_lut6_I3_O)        0.124    30.970 r  u_video/inst_vga/u_color/dc_bias[3]_i_3__0/O
                         net (fo=9, routed)           1.335    32.305    u_video/inst_vga/u_color/next_piece_type_reg[2]
    SLICE_X146Y147       LUT2 (Prop_lut2_I0_O)        0.148    32.453 r  u_video/inst_vga/u_color/encoded[1]_i_2/O
                         net (fo=3, routed)           0.613    33.066    u_video/inst_vga/u_vga_sig/encoded_reg[9]
    SLICE_X146Y145       LUT6 (Prop_lut6_I1_O)        0.328    33.394 r  u_video/inst_vga/u_vga_sig/encoded[9]_i_1/O
                         net (fo=1, routed)           0.000    33.394    u_video/inst_dvid/TDMS_encoder_blue/encoded_reg[9]_0
    SLICE_X146Y145       FDRE                                         r  u_video/inst_dvid/TDMS_encoder_blue/encoded_reg[9]/D
  -------------------------------------------------------------------    -------------------

                         (clock clk_out1_clk_wiz_2 rise edge)
                                                     40.000    40.000 r  
    BUFGCTRL_X0Y1        BUFG                         0.000    40.000 r  clk_IBUF_BUFG_inst/O
                         net (fo=857, routed)         1.972    41.972    u_video/mmcm_adv_inst_display_clocks/inst/clk_in1
    MMCME2_ADV_X1Y0      MMCME2_ADV (Prop_mmcme2_adv_CLKIN1_CLKOUT0)
                                                     -4.637    37.335 r  u_video/mmcm_adv_inst_display_clocks/inst/mmcm_adv_inst/CLKOUT0
                         net (fo=1, routed)           2.574    39.909    u_video/mmcm_adv_inst_display_clocks/inst/clk_out1_clk_wiz_2
    BUFGCTRL_X0Y2        BUFG (Prop_bufg_I_O)         0.091    40.000 r  u_video/mmcm_adv_inst_display_clocks/inst/clkout1_buf/O
                         net (fo=85, routed)          1.635    41.635    u_video/inst_dvid/TDMS_encoder_blue/CLK
    SLICE_X146Y145       FDRE                                         r  u_video/inst_dvid/TDMS_encoder_blue/encoded_reg[9]/C
                         clock pessimism              0.075    41.710    
                         clock uncertainty           -0.095    41.616    
    SLICE_X146Y145       FDRE (Setup_fdre_C_D)        0.079    41.695    u_video/inst_dvid/TDMS_encoder_blue/encoded_reg[9]
  -------------------------------------------------------------------
                         required time                         41.695    
                         arrival time                         -33.394    
  -------------------------------------------------------------------
                         slack                                  8.301    

Slack (MET) :             8.317ns  (required time - arrival time)
  Source:                 u_video/inst_vga/u_vga_sig/current_pos_reg[row][8]/C
                            (rising edge-triggered cell FDRE clocked by clk_out1_clk_wiz_2  {rise@0.000ns fall@20.000ns period=40.000ns})
  Destination:            u_video/inst_dvid/TDMS_encoder_blue/encoded_reg[0]/D
                            (rising edge-triggered cell FDRE clocked by clk_out1_clk_wiz_2  {rise@0.000ns fall@20.000ns period=40.000ns})
  Path Group:             clk_out1_clk_wiz_2
  Path Type:              Setup (Max at Slow Process Corner)
  Requirement:            40.000ns  (clk_out1_clk_wiz_2 rise@40.000ns - clk_out1_clk_wiz_2 rise@0.000ns)
  Data Path Delay:        31.688ns  (logic 9.127ns (28.803%)  route 22.561ns (71.197%))
  Logic Levels:           34  (CARRY4=13 LUT2=2 LUT3=5 LUT4=2 LUT5=4 LUT6=8)
  Clock Path Skew:        0.018ns (DCD - SCD + CPR)
    Destination Clock Delay (DCD):    1.635ns = ( 41.635 - 40.000 ) 
    Source Clock Delay      (SCD):    1.692ns
    Clock Pessimism Removal (CPR):    0.075ns
  Clock Uncertainty:      0.095ns  ((TSJ^2 + DJ^2)^1/2) / 2 + PE
    Total System Jitter     (TSJ):    0.071ns
    Discrete Jitter          (DJ):    0.175ns
    Phase Error              (PE):    0.000ns

    Location             Delay type                Incr(ns)  Path(ns)    Netlist Resource(s)
  -------------------------------------------------------------------    -------------------
                         (clock clk_out1_clk_wiz_2 rise edge)
                                                      0.000     0.000 r  
    BUFGCTRL_X0Y1        BUFG                         0.000     0.000 r  clk_IBUF_BUFG_inst/O
                         net (fo=857, routed)         2.106     2.106    u_video/mmcm_adv_inst_display_clocks/inst/clk_in1
    MMCME2_ADV_X1Y0      MMCME2_ADV (Prop_mmcme2_adv_CLKIN1_CLKOUT0)
                                                     -4.900    -2.793 r  u_video/mmcm_adv_inst_display_clocks/inst/mmcm_adv_inst/CLKOUT0
                         net (fo=1, routed)           2.697    -0.096    u_video/mmcm_adv_inst_display_clocks/inst/clk_out1_clk_wiz_2
    BUFGCTRL_X0Y2        BUFG (Prop_bufg_I_O)         0.096    -0.000 r  u_video/mmcm_adv_inst_display_clocks/inst/clkout1_buf/O
                         net (fo=85, routed)          1.692     1.692    u_video/inst_vga/u_vga_sig/CLK
    SLICE_X131Y147       FDRE                                         r  u_video/inst_vga/u_vga_sig/current_pos_reg[row][8]/C
  -------------------------------------------------------------------    -------------------
    SLICE_X131Y147       FDRE (Prop_fdre_C_Q)         0.456     2.148 f  u_video/inst_vga/u_vga_sig/current_pos_reg[row][8]/Q
                         net (fo=37, routed)          0.848     2.997    u_video/inst_vga/u_vga_sig/current_pos_reg[row][9]_4[8]
    SLICE_X130Y146       LUT3 (Prop_lut3_I2_O)        0.124     3.121 r  u_video/inst_vga/u_vga_sig/dc_bias[3]_i_24__1/O
                         net (fo=4, routed)           0.618     3.739    u_video/inst_vga/u_vga_sig/dc_bias[3]_i_24__1_n_0
    SLICE_X123Y145       LUT5 (Prop_lut5_I0_O)        0.124     3.863 r  u_video/inst_vga/u_vga_sig/dc_bias[3]_i_103/O
                         net (fo=87, routed)          0.852     4.714    u_video/inst_vga/u_vga_sig/current_pos_reg[row][5]_1
    SLICE_X122Y142       LUT5 (Prop_lut5_I3_O)        0.150     4.864 f  u_video/inst_vga/u_vga_sig/dc_bias[3]_i_1402/O
                         net (fo=16, routed)          1.072     5.936    u_video/inst_vga/u_color/dc_bias_reg[3]_i_837_2
    SLICE_X115Y141       LUT3 (Prop_lut3_I0_O)        0.326     6.262 r  u_video/inst_vga/u_color/dc_bias[3]_i_1364/O
                         net (fo=4, routed)           0.584     6.846    u_video/inst_vga/u_color/dc_bias[3]_i_1364_n_0
    SLICE_X119Y140       LUT4 (Prop_lut4_I0_O)        0.124     6.970 r  u_video/inst_vga/u_color/dc_bias[3]_i_1524/O
                         net (fo=1, routed)           0.000     6.970    u_video/inst_vga/u_color/dc_bias[3]_i_1524_n_0
    SLICE_X119Y140       CARRY4 (Prop_carry4_S[0]_CO[3])
                                                      0.532     7.502 r  u_video/inst_vga/u_color/dc_bias_reg[3]_i_1354/CO[3]
                         net (fo=1, routed)           0.000     7.502    u_video/inst_vga/u_color/dc_bias_reg[3]_i_1354_n_0
    SLICE_X119Y141       CARRY4 (Prop_carry4_CI_CO[3])
                                                      0.114     7.616 f  u_video/inst_vga/u_color/dc_bias_reg[3]_i_1133/CO[3]
                         net (fo=71, routed)          1.490     9.106    u_video/inst_vga/u_color/current_pos_reg[row][9]_0[0]
    SLICE_X121Y143       LUT3 (Prop_lut3_I2_O)        0.152     9.258 r  u_video/inst_vga/u_color/dc_bias[3]_i_1176/O
                         net (fo=2, routed)           0.910    10.168    u_video/inst_vga/u_color/dc_bias[3]_i_1176_n_0
    SLICE_X119Y143       CARRY4 (Prop_carry4_DI[3]_CO[3])
                                                      0.587    10.755 r  u_video/inst_vga/u_color/dc_bias_reg[3]_i_837/CO[3]
                         net (fo=1, routed)           0.000    10.755    u_video/inst_vga/u_color/dc_bias_reg[3]_i_837_n_0
    SLICE_X119Y144       CARRY4 (Prop_carry4_CI_O[0])
                                                      0.222    10.977 r  u_video/inst_vga/u_color/dc_bias_reg[3]_i_826/O[0]
                         net (fo=4, routed)           0.976    11.954    u_video/inst_vga/u_vga_sig/dc_bias_reg[3]_i_239[0]
    SLICE_X120Y145       LUT3 (Prop_lut3_I0_O)        0.321    12.275 r  u_video/inst_vga/u_vga_sig/dc_bias[3]_i_839/O
                         net (fo=1, routed)           0.310    12.585    u_video/inst_vga/u_color/dc_bias_reg[3]_i_248_1
    SLICE_X118Y145       LUT6 (Prop_lut6_I5_O)        0.328    12.913 r  u_video/inst_vga/u_color/dc_bias[3]_i_506/O
                         net (fo=1, routed)           0.000    12.913    u_video/inst_vga/u_color/dc_bias[3]_i_506_n_0
    SLICE_X118Y145       CARRY4 (Prop_carry4_S[2]_CO[3])
                                                      0.398    13.311 r  u_video/inst_vga/u_color/dc_bias_reg[3]_i_248/CO[3]
                         net (fo=1, routed)           0.000    13.311    u_video/inst_vga/u_color/dc_bias_reg[3]_i_248_n_0
    SLICE_X118Y146       CARRY4 (Prop_carry4_CI_O[1])
                                                      0.334    13.645 r  u_video/inst_vga/u_color/dc_bias_reg[3]_i_239/O[1]
                         net (fo=6, routed)           0.876    14.521    u_video/inst_vga/u_color/dc_bias_reg[3]_i_239_n_6
    SLICE_X120Y151       CARRY4 (Prop_carry4_DI[0]_CO[3])
                                                      0.729    15.250 r  u_video/inst_vga/u_color/dc_bias_reg[3]_i_1639/CO[3]
                         net (fo=1, routed)           0.000    15.250    u_video/inst_vga/u_color/dc_bias_reg[3]_i_1639_n_0
    SLICE_X120Y152       CARRY4 (Prop_carry4_CI_CO[3])
                                                      0.117    15.367 r  u_video/inst_vga/u_color/dc_bias_reg[3]_i_1504/CO[3]
                         net (fo=1, routed)           0.000    15.367    u_video/inst_vga/u_color/dc_bias_reg[3]_i_1504_n_0
    SLICE_X120Y153       CARRY4 (Prop_carry4_CI_CO[3])
                                                      0.117    15.484 r  u_video/inst_vga/u_color/dc_bias_reg[3]_i_1335/CO[3]
                         net (fo=1, routed)           0.000    15.484    u_video/inst_vga/u_color/dc_bias_reg[3]_i_1335_n_0
    SLICE_X120Y154       CARRY4 (Prop_carry4_CI_CO[3])
                                                      0.117    15.601 r  u_video/inst_vga/u_color/dc_bias_reg[3]_i_1121/CO[3]
                         net (fo=1, routed)           0.000    15.601    u_video/inst_vga/u_color/dc_bias_reg[3]_i_1121_n_0
    SLICE_X120Y155       CARRY4 (Prop_carry4_CI_O[3])
                                                      0.315    15.916 r  u_video/inst_vga/u_color/dc_bias_reg[3]_i_815/O[3]
                         net (fo=3, routed)           0.750    16.666    u_video/inst_vga/u_color/dc_bias_reg[3]_i_815_n_4
    SLICE_X119Y157       LUT2 (Prop_lut2_I0_O)        0.307    16.973 r  u_video/inst_vga/u_color/dc_bias[3]_i_819/O
                         net (fo=1, routed)           0.000    16.973    u_video/inst_vga/u_color/dc_bias[3]_i_819_n_0
    SLICE_X119Y157       CARRY4 (Prop_carry4_S[0]_CO[3])
                                                      0.532    17.505 r  u_video/inst_vga/u_color/dc_bias_reg[3]_i_485/CO[3]
                         net (fo=36, routed)          1.218    18.723    u_video/inst_vga/u_color/dc_bias_reg[3]_i_485_n_0
    SLICE_X121Y147       LUT4 (Prop_lut4_I2_O)        0.124    18.847 r  u_video/inst_vga/u_color/dc_bias[3]_i_495/O
                         net (fo=1, routed)           0.465    19.312    u_video/inst_vga/u_color/dc_bias[3]_i_495_n_0
    SLICE_X123Y147       CARRY4 (Prop_carry4_CYINIT_O[0])
                                                      0.482    19.794 r  u_video/inst_vga/u_color/dc_bias_reg[3]_i_242/O[0]
                         net (fo=1, routed)           0.455    20.249    u_video/inst_vga/u_color/br1[1]
    SLICE_X121Y147       LUT6 (Prop_lut6_I5_O)        0.299    20.548 r  u_video/inst_vga/u_color/dc_bias[3]_i_237/O
                         net (fo=162, routed)         3.020    23.567    u_board_memory/dc_bias[3]_i_414_0
    SLICE_X122Y194       LUT6 (Prop_lut6_I2_O)        0.124    23.691 f  u_board_memory/dc_bias[3]_i_603/O
                         net (fo=1, routed)           0.683    24.374    u_board_memory/dc_bias[3]_i_603_n_0
    SLICE_X123Y194       LUT6 (Prop_lut6_I0_O)        0.124    24.498 f  u_board_memory/dc_bias[3]_i_301/O
                         net (fo=1, routed)           0.921    25.419    u_board_memory/dc_bias[3]_i_301_n_0
    SLICE_X123Y185       LUT6 (Prop_lut6_I5_O)        0.124    25.543 r  u_board_memory/dc_bias[3]_i_136/O
                         net (fo=2, routed)           0.967    26.510    u_board_memory/dc_bias[3]_i_136_n_0
    SLICE_X126Y184       LUT6 (Prop_lut6_I0_O)        0.124    26.634 r  u_board_memory/dc_bias[3]_i_58/O
                         net (fo=1, routed)           1.890    28.525    u_video/inst_vga/u_color/dc_bias[3]_i_7__0_1
    SLICE_X126Y152       LUT6 (Prop_lut6_I5_O)        0.124    28.649 r  u_video/inst_vga/u_color/dc_bias[3]_i_19/O
                         net (fo=4, routed)           0.675    29.323    u_video/inst_vga/u_color/dc_bias[3]_i_19_n_0
    SLICE_X130Y152       LUT5 (Prop_lut5_I0_O)        0.150    29.473 r  u_video/inst_vga/u_color/dc_bias[3]_i_16__0/O
                         net (fo=2, routed)           0.639    30.113    u_video/inst_vga/u_color/current_pos_reg[col][5]
    SLICE_X131Y152       LUT3 (Prop_lut3_I0_O)        0.326    30.439 r  u_video/inst_vga/u_color/dc_bias[3]_i_11/O
                         net (fo=1, routed)           0.407    30.846    u_video/inst_vga/u_color/dc_bias[3]_i_11_n_0
    SLICE_X133Y152       LUT6 (Prop_lut6_I3_O)        0.124    30.970 r  u_video/inst_vga/u_color/dc_bias[3]_i_3__0/O
                         net (fo=9, routed)           1.335    32.305    u_video/inst_vga/u_color/next_piece_type_reg[2]
    SLICE_X146Y147       LUT2 (Prop_lut2_I0_O)        0.148    32.453 r  u_video/inst_vga/u_color/encoded[1]_i_2/O
                         net (fo=3, routed)           0.599    33.052    u_video/inst_vga/u_vga_sig/encoded_reg[9]
    SLICE_X146Y145       LUT5 (Prop_lut5_I4_O)        0.328    33.380 r  u_video/inst_vga/u_vga_sig/encoded[0]_i_1/O
                         net (fo=1, routed)           0.000    33.380    u_video/inst_dvid/TDMS_encoder_blue/encoded_reg[4]_0[0]
    SLICE_X146Y145       FDRE                                         r  u_video/inst_dvid/TDMS_encoder_blue/encoded_reg[0]/D
  -------------------------------------------------------------------    -------------------

                         (clock clk_out1_clk_wiz_2 rise edge)
                                                     40.000    40.000 r  
    BUFGCTRL_X0Y1        BUFG                         0.000    40.000 r  clk_IBUF_BUFG_inst/O
                         net (fo=857, routed)         1.972    41.972    u_video/mmcm_adv_inst_display_clocks/inst/clk_in1
    MMCME2_ADV_X1Y0      MMCME2_ADV (Prop_mmcme2_adv_CLKIN1_CLKOUT0)
                                                     -4.637    37.335 r  u_video/mmcm_adv_inst_display_clocks/inst/mmcm_adv_inst/CLKOUT0
                         net (fo=1, routed)           2.574    39.909    u_video/mmcm_adv_inst_display_clocks/inst/clk_out1_clk_wiz_2
    BUFGCTRL_X0Y2        BUFG (Prop_bufg_I_O)         0.091    40.000 r  u_video/mmcm_adv_inst_display_clocks/inst/clkout1_buf/O
                         net (fo=85, routed)          1.635    41.635    u_video/inst_dvid/TDMS_encoder_blue/CLK
    SLICE_X146Y145       FDRE                                         r  u_video/inst_dvid/TDMS_encoder_blue/encoded_reg[0]/C
                         clock pessimism              0.075    41.710    
                         clock uncertainty           -0.095    41.616    
    SLICE_X146Y145       FDRE (Setup_fdre_C_D)        0.081    41.697    u_video/inst_dvid/TDMS_encoder_blue/encoded_reg[0]
  -------------------------------------------------------------------
                         required time                         41.697    
                         arrival time                         -33.380    
  -------------------------------------------------------------------
                         slack                                  8.317    

Slack (MET) :             8.393ns  (required time - arrival time)
  Source:                 u_video/inst_vga/u_vga_sig/current_pos_reg[row][8]/C
                            (rising edge-triggered cell FDRE clocked by clk_out1_clk_wiz_2  {rise@0.000ns fall@20.000ns period=40.000ns})
  Destination:            u_video/inst_dvid/TDMS_encoder_blue/encoded_reg[1]/D
                            (rising edge-triggered cell FDRE clocked by clk_out1_clk_wiz_2  {rise@0.000ns fall@20.000ns period=40.000ns})
  Path Group:             clk_out1_clk_wiz_2
  Path Type:              Setup (Max at Slow Process Corner)
  Requirement:            40.000ns  (clk_out1_clk_wiz_2 rise@40.000ns - clk_out1_clk_wiz_2 rise@0.000ns)
  Data Path Delay:        31.607ns  (logic 9.127ns (28.876%)  route 22.480ns (71.124%))
  Logic Levels:           34  (CARRY4=13 LUT2=2 LUT3=5 LUT4=2 LUT5=3 LUT6=9)
  Clock Path Skew:        0.018ns (DCD - SCD + CPR)
    Destination Clock Delay (DCD):    1.635ns = ( 41.635 - 40.000 ) 
    Source Clock Delay      (SCD):    1.692ns
    Clock Pessimism Removal (CPR):    0.075ns
  Clock Uncertainty:      0.095ns  ((TSJ^2 + DJ^2)^1/2) / 2 + PE
    Total System Jitter     (TSJ):    0.071ns
    Discrete Jitter          (DJ):    0.175ns
    Phase Error              (PE):    0.000ns

    Location             Delay type                Incr(ns)  Path(ns)    Netlist Resource(s)
  -------------------------------------------------------------------    -------------------
                         (clock clk_out1_clk_wiz_2 rise edge)
                                                      0.000     0.000 r  
    BUFGCTRL_X0Y1        BUFG                         0.000     0.000 r  clk_IBUF_BUFG_inst/O
                         net (fo=857, routed)         2.106     2.106    u_video/mmcm_adv_inst_display_clocks/inst/clk_in1
    MMCME2_ADV_X1Y0      MMCME2_ADV (Prop_mmcme2_adv_CLKIN1_CLKOUT0)
                                                     -4.900    -2.793 r  u_video/mmcm_adv_inst_display_clocks/inst/mmcm_adv_inst/CLKOUT0
                         net (fo=1, routed)           2.697    -0.096    u_video/mmcm_adv_inst_display_clocks/inst/clk_out1_clk_wiz_2
    BUFGCTRL_X0Y2        BUFG (Prop_bufg_I_O)         0.096    -0.000 r  u_video/mmcm_adv_inst_display_clocks/inst/clkout1_buf/O
                         net (fo=85, routed)          1.692     1.692    u_video/inst_vga/u_vga_sig/CLK
    SLICE_X131Y147       FDRE                                         r  u_video/inst_vga/u_vga_sig/current_pos_reg[row][8]/C
  -------------------------------------------------------------------    -------------------
    SLICE_X131Y147       FDRE (Prop_fdre_C_Q)         0.456     2.148 f  u_video/inst_vga/u_vga_sig/current_pos_reg[row][8]/Q
                         net (fo=37, routed)          0.848     2.997    u_video/inst_vga/u_vga_sig/current_pos_reg[row][9]_4[8]
    SLICE_X130Y146       LUT3 (Prop_lut3_I2_O)        0.124     3.121 r  u_video/inst_vga/u_vga_sig/dc_bias[3]_i_24__1/O
                         net (fo=4, routed)           0.618     3.739    u_video/inst_vga/u_vga_sig/dc_bias[3]_i_24__1_n_0
    SLICE_X123Y145       LUT5 (Prop_lut5_I0_O)        0.124     3.863 r  u_video/inst_vga/u_vga_sig/dc_bias[3]_i_103/O
                         net (fo=87, routed)          0.852     4.714    u_video/inst_vga/u_vga_sig/current_pos_reg[row][5]_1
    SLICE_X122Y142       LUT5 (Prop_lut5_I3_O)        0.150     4.864 f  u_video/inst_vga/u_vga_sig/dc_bias[3]_i_1402/O
                         net (fo=16, routed)          1.072     5.936    u_video/inst_vga/u_color/dc_bias_reg[3]_i_837_2
    SLICE_X115Y141       LUT3 (Prop_lut3_I0_O)        0.326     6.262 r  u_video/inst_vga/u_color/dc_bias[3]_i_1364/O
                         net (fo=4, routed)           0.584     6.846    u_video/inst_vga/u_color/dc_bias[3]_i_1364_n_0
    SLICE_X119Y140       LUT4 (Prop_lut4_I0_O)        0.124     6.970 r  u_video/inst_vga/u_color/dc_bias[3]_i_1524/O
                         net (fo=1, routed)           0.000     6.970    u_video/inst_vga/u_color/dc_bias[3]_i_1524_n_0
    SLICE_X119Y140       CARRY4 (Prop_carry4_S[0]_CO[3])
                                                      0.532     7.502 r  u_video/inst_vga/u_color/dc_bias_reg[3]_i_1354/CO[3]
                         net (fo=1, routed)           0.000     7.502    u_video/inst_vga/u_color/dc_bias_reg[3]_i_1354_n_0
    SLICE_X119Y141       CARRY4 (Prop_carry4_CI_CO[3])
                                                      0.114     7.616 f  u_video/inst_vga/u_color/dc_bias_reg[3]_i_1133/CO[3]
                         net (fo=71, routed)          1.490     9.106    u_video/inst_vga/u_color/current_pos_reg[row][9]_0[0]
    SLICE_X121Y143       LUT3 (Prop_lut3_I2_O)        0.152     9.258 r  u_video/inst_vga/u_color/dc_bias[3]_i_1176/O
                         net (fo=2, routed)           0.910    10.168    u_video/inst_vga/u_color/dc_bias[3]_i_1176_n_0
    SLICE_X119Y143       CARRY4 (Prop_carry4_DI[3]_CO[3])
                                                      0.587    10.755 r  u_video/inst_vga/u_color/dc_bias_reg[3]_i_837/CO[3]
                         net (fo=1, routed)           0.000    10.755    u_video/inst_vga/u_color/dc_bias_reg[3]_i_837_n_0
    SLICE_X119Y144       CARRY4 (Prop_carry4_CI_O[0])
                                                      0.222    10.977 r  u_video/inst_vga/u_color/dc_bias_reg[3]_i_826/O[0]
                         net (fo=4, routed)           0.976    11.954    u_video/inst_vga/u_vga_sig/dc_bias_reg[3]_i_239[0]
    SLICE_X120Y145       LUT3 (Prop_lut3_I0_O)        0.321    12.275 r  u_video/inst_vga/u_vga_sig/dc_bias[3]_i_839/O
                         net (fo=1, routed)           0.310    12.585    u_video/inst_vga/u_color/dc_bias_reg[3]_i_248_1
    SLICE_X118Y145       LUT6 (Prop_lut6_I5_O)        0.328    12.913 r  u_video/inst_vga/u_color/dc_bias[3]_i_506/O
                         net (fo=1, routed)           0.000    12.913    u_video/inst_vga/u_color/dc_bias[3]_i_506_n_0
    SLICE_X118Y145       CARRY4 (Prop_carry4_S[2]_CO[3])
                                                      0.398    13.311 r  u_video/inst_vga/u_color/dc_bias_reg[3]_i_248/CO[3]
                         net (fo=1, routed)           0.000    13.311    u_video/inst_vga/u_color/dc_bias_reg[3]_i_248_n_0
    SLICE_X118Y146       CARRY4 (Prop_carry4_CI_O[1])
                                                      0.334    13.645 r  u_video/inst_vga/u_color/dc_bias_reg[3]_i_239/O[1]
                         net (fo=6, routed)           0.876    14.521    u_video/inst_vga/u_color/dc_bias_reg[3]_i_239_n_6
    SLICE_X120Y151       CARRY4 (Prop_carry4_DI[0]_CO[3])
                                                      0.729    15.250 r  u_video/inst_vga/u_color/dc_bias_reg[3]_i_1639/CO[3]
                         net (fo=1, routed)           0.000    15.250    u_video/inst_vga/u_color/dc_bias_reg[3]_i_1639_n_0
    SLICE_X120Y152       CARRY4 (Prop_carry4_CI_CO[3])
                                                      0.117    15.367 r  u_video/inst_vga/u_color/dc_bias_reg[3]_i_1504/CO[3]
                         net (fo=1, routed)           0.000    15.367    u_video/inst_vga/u_color/dc_bias_reg[3]_i_1504_n_0
    SLICE_X120Y153       CARRY4 (Prop_carry4_CI_CO[3])
                                                      0.117    15.484 r  u_video/inst_vga/u_color/dc_bias_reg[3]_i_1335/CO[3]
                         net (fo=1, routed)           0.000    15.484    u_video/inst_vga/u_color/dc_bias_reg[3]_i_1335_n_0
    SLICE_X120Y154       CARRY4 (Prop_carry4_CI_CO[3])
                                                      0.117    15.601 r  u_video/inst_vga/u_color/dc_bias_reg[3]_i_1121/CO[3]
                         net (fo=1, routed)           0.000    15.601    u_video/inst_vga/u_color/dc_bias_reg[3]_i_1121_n_0
    SLICE_X120Y155       CARRY4 (Prop_carry4_CI_O[3])
                                                      0.315    15.916 r  u_video/inst_vga/u_color/dc_bias_reg[3]_i_815/O[3]
                         net (fo=3, routed)           0.750    16.666    u_video/inst_vga/u_color/dc_bias_reg[3]_i_815_n_4
    SLICE_X119Y157       LUT2 (Prop_lut2_I0_O)        0.307    16.973 r  u_video/inst_vga/u_color/dc_bias[3]_i_819/O
                         net (fo=1, routed)           0.000    16.973    u_video/inst_vga/u_color/dc_bias[3]_i_819_n_0
    SLICE_X119Y157       CARRY4 (Prop_carry4_S[0]_CO[3])
                                                      0.532    17.505 r  u_video/inst_vga/u_color/dc_bias_reg[3]_i_485/CO[3]
                         net (fo=36, routed)          1.218    18.723    u_video/inst_vga/u_color/dc_bias_reg[3]_i_485_n_0
    SLICE_X121Y147       LUT4 (Prop_lut4_I2_O)        0.124    18.847 r  u_video/inst_vga/u_color/dc_bias[3]_i_495/O
                         net (fo=1, routed)           0.465    19.312    u_video/inst_vga/u_color/dc_bias[3]_i_495_n_0
    SLICE_X123Y147       CARRY4 (Prop_carry4_CYINIT_O[0])
                                                      0.482    19.794 r  u_video/inst_vga/u_color/dc_bias_reg[3]_i_242/O[0]
                         net (fo=1, routed)           0.455    20.249    u_video/inst_vga/u_color/br1[1]
    SLICE_X121Y147       LUT6 (Prop_lut6_I5_O)        0.299    20.548 r  u_video/inst_vga/u_color/dc_bias[3]_i_237/O
                         net (fo=162, routed)         3.020    23.567    u_board_memory/dc_bias[3]_i_414_0
    SLICE_X122Y194       LUT6 (Prop_lut6_I2_O)        0.124    23.691 f  u_board_memory/dc_bias[3]_i_603/O
                         net (fo=1, routed)           0.683    24.374    u_board_memory/dc_bias[3]_i_603_n_0
    SLICE_X123Y194       LUT6 (Prop_lut6_I0_O)        0.124    24.498 f  u_board_memory/dc_bias[3]_i_301/O
                         net (fo=1, routed)           0.921    25.419    u_board_memory/dc_bias[3]_i_301_n_0
    SLICE_X123Y185       LUT6 (Prop_lut6_I5_O)        0.124    25.543 r  u_board_memory/dc_bias[3]_i_136/O
                         net (fo=2, routed)           0.967    26.510    u_board_memory/dc_bias[3]_i_136_n_0
    SLICE_X126Y184       LUT6 (Prop_lut6_I0_O)        0.124    26.634 r  u_board_memory/dc_bias[3]_i_58/O
                         net (fo=1, routed)           1.890    28.525    u_video/inst_vga/u_color/dc_bias[3]_i_7__0_1
    SLICE_X126Y152       LUT6 (Prop_lut6_I5_O)        0.124    28.649 r  u_video/inst_vga/u_color/dc_bias[3]_i_19/O
                         net (fo=4, routed)           0.675    29.323    u_video/inst_vga/u_color/dc_bias[3]_i_19_n_0
    SLICE_X130Y152       LUT5 (Prop_lut5_I0_O)        0.150    29.473 r  u_video/inst_vga/u_color/dc_bias[3]_i_16__0/O
                         net (fo=2, routed)           0.639    30.113    u_video/inst_vga/u_color/current_pos_reg[col][5]
    SLICE_X131Y152       LUT3 (Prop_lut3_I0_O)        0.326    30.439 r  u_video/inst_vga/u_color/dc_bias[3]_i_11/O
                         net (fo=1, routed)           0.407    30.846    u_video/inst_vga/u_color/dc_bias[3]_i_11_n_0
    SLICE_X133Y152       LUT6 (Prop_lut6_I3_O)        0.124    30.970 r  u_video/inst_vga/u_color/dc_bias[3]_i_3__0/O
                         net (fo=9, routed)           1.335    32.305    u_video/inst_vga/u_color/next_piece_type_reg[2]
    SLICE_X146Y147       LUT2 (Prop_lut2_I0_O)        0.148    32.453 r  u_video/inst_vga/u_color/encoded[1]_i_2/O
                         net (fo=3, routed)           0.518    32.972    u_video/inst_vga/u_color/dc_bias_reg[3]
    SLICE_X146Y145       LUT6 (Prop_lut6_I5_O)        0.328    33.300 r  u_video/inst_vga/u_color/encoded[1]_i_1__0/O
                         net (fo=1, routed)           0.000    33.300    u_video/inst_dvid/TDMS_encoder_blue/encoded_reg[4]_0[1]
    SLICE_X146Y145       FDRE                                         r  u_video/inst_dvid/TDMS_encoder_blue/encoded_reg[1]/D
  -------------------------------------------------------------------    -------------------

                         (clock clk_out1_clk_wiz_2 rise edge)
                                                     40.000    40.000 r  
    BUFGCTRL_X0Y1        BUFG                         0.000    40.000 r  clk_IBUF_BUFG_inst/O
                         net (fo=857, routed)         1.972    41.972    u_video/mmcm_adv_inst_display_clocks/inst/clk_in1
    MMCME2_ADV_X1Y0      MMCME2_ADV (Prop_mmcme2_adv_CLKIN1_CLKOUT0)
                                                     -4.637    37.335 r  u_video/mmcm_adv_inst_display_clocks/inst/mmcm_adv_inst/CLKOUT0
                         net (fo=1, routed)           2.574    39.909    u_video/mmcm_adv_inst_display_clocks/inst/clk_out1_clk_wiz_2
    BUFGCTRL_X0Y2        BUFG (Prop_bufg_I_O)         0.091    40.000 r  u_video/mmcm_adv_inst_display_clocks/inst/clkout1_buf/O
                         net (fo=85, routed)          1.635    41.635    u_video/inst_dvid/TDMS_encoder_blue/CLK
    SLICE_X146Y145       FDRE                                         r  u_video/inst_dvid/TDMS_encoder_blue/encoded_reg[1]/C
                         clock pessimism              0.075    41.710    
                         clock uncertainty           -0.095    41.616    
    SLICE_X146Y145       FDRE (Setup_fdre_C_D)        0.077    41.693    u_video/inst_dvid/TDMS_encoder_blue/encoded_reg[1]
  -------------------------------------------------------------------
                         required time                         41.693    
                         arrival time                         -33.300    
  -------------------------------------------------------------------
                         slack                                  8.393    

Slack (MET) :             8.486ns  (required time - arrival time)
  Source:                 u_video/inst_vga/u_vga_sig/current_pos_reg[row][8]/C
                            (rising edge-triggered cell FDRE clocked by clk_out1_clk_wiz_2  {rise@0.000ns fall@20.000ns period=40.000ns})
  Destination:            u_video/inst_dvid/TDMS_encoder_green/encoded_reg[8]/D
                            (rising edge-triggered cell FDRE clocked by clk_out1_clk_wiz_2  {rise@0.000ns fall@20.000ns period=40.000ns})
  Path Group:             clk_out1_clk_wiz_2
  Path Type:              Setup (Max at Slow Process Corner)
  Requirement:            40.000ns  (clk_out1_clk_wiz_2 rise@40.000ns - clk_out1_clk_wiz_2 rise@0.000ns)
  Data Path Delay:        31.540ns  (logic 8.547ns (27.099%)  route 22.993ns (72.901%))
  Logic Levels:           33  (CARRY4=13 LUT2=2 LUT3=5 LUT4=2 LUT5=2 LUT6=9)
  Clock Path Skew:        0.092ns (DCD - SCD + CPR)
    Destination Clock Delay (DCD):    1.709ns = ( 41.709 - 40.000 ) 
    Source Clock Delay      (SCD):    1.692ns
    Clock Pessimism Removal (CPR):    0.075ns
  Clock Uncertainty:      0.095ns  ((TSJ^2 + DJ^2)^1/2) / 2 + PE
    Total System Jitter     (TSJ):    0.071ns
    Discrete Jitter          (DJ):    0.175ns
    Phase Error              (PE):    0.000ns

    Location             Delay type                Incr(ns)  Path(ns)    Netlist Resource(s)
  -------------------------------------------------------------------    -------------------
                         (clock clk_out1_clk_wiz_2 rise edge)
                                                      0.000     0.000 r  
    BUFGCTRL_X0Y1        BUFG                         0.000     0.000 r  clk_IBUF_BUFG_inst/O
                         net (fo=857, routed)         2.106     2.106    u_video/mmcm_adv_inst_display_clocks/inst/clk_in1
    MMCME2_ADV_X1Y0      MMCME2_ADV (Prop_mmcme2_adv_CLKIN1_CLKOUT0)
                                                     -4.900    -2.793 r  u_video/mmcm_adv_inst_display_clocks/inst/mmcm_adv_inst/CLKOUT0
                         net (fo=1, routed)           2.697    -0.096    u_video/mmcm_adv_inst_display_clocks/inst/clk_out1_clk_wiz_2
    BUFGCTRL_X0Y2        BUFG (Prop_bufg_I_O)         0.096    -0.000 r  u_video/mmcm_adv_inst_display_clocks/inst/clkout1_buf/O
                         net (fo=85, routed)          1.692     1.692    u_video/inst_vga/u_vga_sig/CLK
    SLICE_X131Y147       FDRE                                         r  u_video/inst_vga/u_vga_sig/current_pos_reg[row][8]/C
  -------------------------------------------------------------------    -------------------
    SLICE_X131Y147       FDRE (Prop_fdre_C_Q)         0.456     2.148 f  u_video/inst_vga/u_vga_sig/current_pos_reg[row][8]/Q
                         net (fo=37, routed)          0.848     2.997    u_video/inst_vga/u_vga_sig/current_pos_reg[row][9]_4[8]
    SLICE_X130Y146       LUT3 (Prop_lut3_I2_O)        0.124     3.121 r  u_video/inst_vga/u_vga_sig/dc_bias[3]_i_24__1/O
                         net (fo=4, routed)           0.618     3.739    u_video/inst_vga/u_vga_sig/dc_bias[3]_i_24__1_n_0
    SLICE_X123Y145       LUT5 (Prop_lut5_I0_O)        0.124     3.863 r  u_video/inst_vga/u_vga_sig/dc_bias[3]_i_103/O
                         net (fo=87, routed)          0.852     4.714    u_video/inst_vga/u_vga_sig/current_pos_reg[row][5]_1
    SLICE_X122Y142       LUT5 (Prop_lut5_I3_O)        0.150     4.864 f  u_video/inst_vga/u_vga_sig/dc_bias[3]_i_1402/O
                         net (fo=16, routed)          1.072     5.936    u_video/inst_vga/u_color/dc_bias_reg[3]_i_837_2
    SLICE_X115Y141       LUT3 (Prop_lut3_I0_O)        0.326     6.262 r  u_video/inst_vga/u_color/dc_bias[3]_i_1364/O
                         net (fo=4, routed)           0.584     6.846    u_video/inst_vga/u_color/dc_bias[3]_i_1364_n_0
    SLICE_X119Y140       LUT4 (Prop_lut4_I0_O)        0.124     6.970 r  u_video/inst_vga/u_color/dc_bias[3]_i_1524/O
                         net (fo=1, routed)           0.000     6.970    u_video/inst_vga/u_color/dc_bias[3]_i_1524_n_0
    SLICE_X119Y140       CARRY4 (Prop_carry4_S[0]_CO[3])
                                                      0.532     7.502 r  u_video/inst_vga/u_color/dc_bias_reg[3]_i_1354/CO[3]
                         net (fo=1, routed)           0.000     7.502    u_video/inst_vga/u_color/dc_bias_reg[3]_i_1354_n_0
    SLICE_X119Y141       CARRY4 (Prop_carry4_CI_CO[3])
                                                      0.114     7.616 f  u_video/inst_vga/u_color/dc_bias_reg[3]_i_1133/CO[3]
                         net (fo=71, routed)          1.490     9.106    u_video/inst_vga/u_color/current_pos_reg[row][9]_0[0]
    SLICE_X121Y143       LUT3 (Prop_lut3_I2_O)        0.152     9.258 r  u_video/inst_vga/u_color/dc_bias[3]_i_1176/O
                         net (fo=2, routed)           0.910    10.168    u_video/inst_vga/u_color/dc_bias[3]_i_1176_n_0
    SLICE_X119Y143       CARRY4 (Prop_carry4_DI[3]_CO[3])
                                                      0.587    10.755 r  u_video/inst_vga/u_color/dc_bias_reg[3]_i_837/CO[3]
                         net (fo=1, routed)           0.000    10.755    u_video/inst_vga/u_color/dc_bias_reg[3]_i_837_n_0
    SLICE_X119Y144       CARRY4 (Prop_carry4_CI_O[0])
                                                      0.222    10.977 r  u_video/inst_vga/u_color/dc_bias_reg[3]_i_826/O[0]
                         net (fo=4, routed)           0.976    11.954    u_video/inst_vga/u_vga_sig/dc_bias_reg[3]_i_239[0]
    SLICE_X120Y145       LUT3 (Prop_lut3_I0_O)        0.321    12.275 r  u_video/inst_vga/u_vga_sig/dc_bias[3]_i_839/O
                         net (fo=1, routed)           0.310    12.585    u_video/inst_vga/u_color/dc_bias_reg[3]_i_248_1
    SLICE_X118Y145       LUT6 (Prop_lut6_I5_O)        0.328    12.913 r  u_video/inst_vga/u_color/dc_bias[3]_i_506/O
                         net (fo=1, routed)           0.000    12.913    u_video/inst_vga/u_color/dc_bias[3]_i_506_n_0
    SLICE_X118Y145       CARRY4 (Prop_carry4_S[2]_CO[3])
                                                      0.398    13.311 r  u_video/inst_vga/u_color/dc_bias_reg[3]_i_248/CO[3]
                         net (fo=1, routed)           0.000    13.311    u_video/inst_vga/u_color/dc_bias_reg[3]_i_248_n_0
    SLICE_X118Y146       CARRY4 (Prop_carry4_CI_O[1])
                                                      0.334    13.645 r  u_video/inst_vga/u_color/dc_bias_reg[3]_i_239/O[1]
                         net (fo=6, routed)           0.876    14.521    u_video/inst_vga/u_color/dc_bias_reg[3]_i_239_n_6
    SLICE_X120Y151       CARRY4 (Prop_carry4_DI[0]_CO[3])
                                                      0.729    15.250 r  u_video/inst_vga/u_color/dc_bias_reg[3]_i_1639/CO[3]
                         net (fo=1, routed)           0.000    15.250    u_video/inst_vga/u_color/dc_bias_reg[3]_i_1639_n_0
    SLICE_X120Y152       CARRY4 (Prop_carry4_CI_CO[3])
                                                      0.117    15.367 r  u_video/inst_vga/u_color/dc_bias_reg[3]_i_1504/CO[3]
                         net (fo=1, routed)           0.000    15.367    u_video/inst_vga/u_color/dc_bias_reg[3]_i_1504_n_0
    SLICE_X120Y153       CARRY4 (Prop_carry4_CI_CO[3])
                                                      0.117    15.484 r  u_video/inst_vga/u_color/dc_bias_reg[3]_i_1335/CO[3]
                         net (fo=1, routed)           0.000    15.484    u_video/inst_vga/u_color/dc_bias_reg[3]_i_1335_n_0
    SLICE_X120Y154       CARRY4 (Prop_carry4_CI_CO[3])
                                                      0.117    15.601 r  u_video/inst_vga/u_color/dc_bias_reg[3]_i_1121/CO[3]
                         net (fo=1, routed)           0.000    15.601    u_video/inst_vga/u_color/dc_bias_reg[3]_i_1121_n_0
    SLICE_X120Y155       CARRY4 (Prop_carry4_CI_O[3])
                                                      0.315    15.916 r  u_video/inst_vga/u_color/dc_bias_reg[3]_i_815/O[3]
                         net (fo=3, routed)           0.750    16.666    u_video/inst_vga/u_color/dc_bias_reg[3]_i_815_n_4
    SLICE_X119Y157       LUT2 (Prop_lut2_I0_O)        0.307    16.973 r  u_video/inst_vga/u_color/dc_bias[3]_i_819/O
                         net (fo=1, routed)           0.000    16.973    u_video/inst_vga/u_color/dc_bias[3]_i_819_n_0
    SLICE_X119Y157       CARRY4 (Prop_carry4_S[0]_CO[3])
                                                      0.532    17.505 r  u_video/inst_vga/u_color/dc_bias_reg[3]_i_485/CO[3]
                         net (fo=36, routed)          1.218    18.723    u_video/inst_vga/u_color/dc_bias_reg[3]_i_485_n_0
    SLICE_X121Y147       LUT4 (Prop_lut4_I2_O)        0.124    18.847 r  u_video/inst_vga/u_color/dc_bias[3]_i_495/O
                         net (fo=1, routed)           0.465    19.312    u_video/inst_vga/u_color/dc_bias[3]_i_495_n_0
    SLICE_X123Y147       CARRY4 (Prop_carry4_CYINIT_O[0])
                                                      0.482    19.794 r  u_video/inst_vga/u_color/dc_bias_reg[3]_i_242/O[0]
                         net (fo=1, routed)           0.455    20.249    u_video/inst_vga/u_color/br1[1]
    SLICE_X121Y147       LUT6 (Prop_lut6_I5_O)        0.299    20.548 r  u_video/inst_vga/u_color/dc_bias[3]_i_237/O
                         net (fo=162, routed)         3.020    23.567    u_board_memory/dc_bias[3]_i_414_0
    SLICE_X122Y194       LUT6 (Prop_lut6_I2_O)        0.124    23.691 f  u_board_memory/dc_bias[3]_i_603/O
                         net (fo=1, routed)           0.683    24.374    u_board_memory/dc_bias[3]_i_603_n_0
    SLICE_X123Y194       LUT6 (Prop_lut6_I0_O)        0.124    24.498 f  u_board_memory/dc_bias[3]_i_301/O
                         net (fo=1, routed)           0.921    25.419    u_board_memory/dc_bias[3]_i_301_n_0
    SLICE_X123Y185       LUT6 (Prop_lut6_I5_O)        0.124    25.543 r  u_board_memory/dc_bias[3]_i_136/O
                         net (fo=2, routed)           0.967    26.510    u_board_memory/dc_bias[3]_i_136_n_0
    SLICE_X126Y184       LUT6 (Prop_lut6_I0_O)        0.124    26.634 r  u_board_memory/dc_bias[3]_i_58/O
                         net (fo=1, routed)           1.890    28.525    u_video/inst_vga/u_color/dc_bias[3]_i_7__0_1
    SLICE_X126Y152       LUT6 (Prop_lut6_I5_O)        0.124    28.649 r  u_video/inst_vga/u_color/dc_bias[3]_i_19/O
                         net (fo=4, routed)           0.807    29.456    u_video/inst_vga/u_color/dc_bias[3]_i_19_n_0
    SLICE_X130Y152       LUT3 (Prop_lut3_I1_O)        0.124    29.580 r  u_video/inst_vga/u_color/dc_bias[3]_i_17/O
                         net (fo=2, routed)           0.464    30.044    u_video/inst_vga/u_color/dc_bias[3]_i_17_n_0
    SLICE_X131Y152       LUT6 (Prop_lut6_I0_O)        0.124    30.168 f  u_video/inst_vga/u_color/dc_bias[3]_i_7__0/O
                         net (fo=1, routed)           0.729    30.897    u_piece_logic/encoded_reg[8]
    SLICE_X135Y148       LUT6 (Prop_lut6_I4_O)        0.124    31.021 f  u_piece_logic/dc_bias[3]_i_3/O
                         net (fo=7, routed)           2.087    33.108    u_piece_logic/pixel[color][2]
    SLICE_X159Y139       LUT2 (Prop_lut2_I0_O)        0.124    33.232 r  u_piece_logic/encoded[8]_i_1__0/O
                         net (fo=1, routed)           0.000    33.232    u_video/inst_dvid/TDMS_encoder_green/encoded_reg[8]_0
    SLICE_X159Y139       FDRE                                         r  u_video/inst_dvid/TDMS_encoder_green/encoded_reg[8]/D
  -------------------------------------------------------------------    -------------------

                         (clock clk_out1_clk_wiz_2 rise edge)
                                                     40.000    40.000 r  
    BUFGCTRL_X0Y1        BUFG                         0.000    40.000 r  clk_IBUF_BUFG_inst/O
                         net (fo=857, routed)         1.972    41.972    u_video/mmcm_adv_inst_display_clocks/inst/clk_in1
    MMCME2_ADV_X1Y0      MMCME2_ADV (Prop_mmcme2_adv_CLKIN1_CLKOUT0)
                                                     -4.637    37.335 r  u_video/mmcm_adv_inst_display_clocks/inst/mmcm_adv_inst/CLKOUT0
                         net (fo=1, routed)           2.574    39.909    u_video/mmcm_adv_inst_display_clocks/inst/clk_out1_clk_wiz_2
    BUFGCTRL_X0Y2        BUFG (Prop_bufg_I_O)         0.091    40.000 r  u_video/mmcm_adv_inst_display_clocks/inst/clkout1_buf/O
                         net (fo=85, routed)          1.709    41.709    u_video/inst_dvid/TDMS_encoder_green/CLK
    SLICE_X159Y139       FDRE                                         r  u_video/inst_dvid/TDMS_encoder_green/encoded_reg[8]/C
                         clock pessimism              0.075    41.784    
                         clock uncertainty           -0.095    41.690    
    SLICE_X159Y139       FDRE (Setup_fdre_C_D)        0.029    41.719    u_video/inst_dvid/TDMS_encoder_green/encoded_reg[8]
  -------------------------------------------------------------------
                         required time                         41.719    
                         arrival time                         -33.232    
  -------------------------------------------------------------------
                         slack                                  8.486    

Slack (MET) :             8.790ns  (required time - arrival time)
  Source:                 u_video/inst_vga/u_vga_sig/current_pos_reg[row][8]/C
                            (rising edge-triggered cell FDRE clocked by clk_out1_clk_wiz_2  {rise@0.000ns fall@20.000ns period=40.000ns})
  Destination:            u_video/inst_dvid/TDMS_encoder_green/encoded_reg[9]/D
                            (rising edge-triggered cell FDRE clocked by clk_out1_clk_wiz_2  {rise@0.000ns fall@20.000ns period=40.000ns})
  Path Group:             clk_out1_clk_wiz_2
  Path Type:              Setup (Max at Slow Process Corner)
  Requirement:            40.000ns  (clk_out1_clk_wiz_2 rise@40.000ns - clk_out1_clk_wiz_2 rise@0.000ns)
  Data Path Delay:        31.236ns  (logic 8.547ns (27.363%)  route 22.689ns (72.637%))
  Logic Levels:           33  (CARRY4=13 LUT2=1 LUT3=5 LUT4=2 LUT5=3 LUT6=9)
  Clock Path Skew:        0.092ns (DCD - SCD + CPR)
    Destination Clock Delay (DCD):    1.709ns = ( 41.709 - 40.000 ) 
    Source Clock Delay      (SCD):    1.692ns
    Clock Pessimism Removal (CPR):    0.075ns
  Clock Uncertainty:      0.095ns  ((TSJ^2 + DJ^2)^1/2) / 2 + PE
    Total System Jitter     (TSJ):    0.071ns
    Discrete Jitter          (DJ):    0.175ns
    Phase Error              (PE):    0.000ns

    Location             Delay type                Incr(ns)  Path(ns)    Netlist Resource(s)
  -------------------------------------------------------------------    -------------------
                         (clock clk_out1_clk_wiz_2 rise edge)
                                                      0.000     0.000 r  
    BUFGCTRL_X0Y1        BUFG                         0.000     0.000 r  clk_IBUF_BUFG_inst/O
                         net (fo=857, routed)         2.106     2.106    u_video/mmcm_adv_inst_display_clocks/inst/clk_in1
    MMCME2_ADV_X1Y0      MMCME2_ADV (Prop_mmcme2_adv_CLKIN1_CLKOUT0)
                                                     -4.900    -2.793 r  u_video/mmcm_adv_inst_display_clocks/inst/mmcm_adv_inst/CLKOUT0
                         net (fo=1, routed)           2.697    -0.096    u_video/mmcm_adv_inst_display_clocks/inst/clk_out1_clk_wiz_2
    BUFGCTRL_X0Y2        BUFG (Prop_bufg_I_O)         0.096    -0.000 r  u_video/mmcm_adv_inst_display_clocks/inst/clkout1_buf/O
                         net (fo=85, routed)          1.692     1.692    u_video/inst_vga/u_vga_sig/CLK
    SLICE_X131Y147       FDRE                                         r  u_video/inst_vga/u_vga_sig/current_pos_reg[row][8]/C
  -------------------------------------------------------------------    -------------------
    SLICE_X131Y147       FDRE (Prop_fdre_C_Q)         0.456     2.148 f  u_video/inst_vga/u_vga_sig/current_pos_reg[row][8]/Q
                         net (fo=37, routed)          0.848     2.997    u_video/inst_vga/u_vga_sig/current_pos_reg[row][9]_4[8]
    SLICE_X130Y146       LUT3 (Prop_lut3_I2_O)        0.124     3.121 r  u_video/inst_vga/u_vga_sig/dc_bias[3]_i_24__1/O
                         net (fo=4, routed)           0.618     3.739    u_video/inst_vga/u_vga_sig/dc_bias[3]_i_24__1_n_0
    SLICE_X123Y145       LUT5 (Prop_lut5_I0_O)        0.124     3.863 r  u_video/inst_vga/u_vga_sig/dc_bias[3]_i_103/O
                         net (fo=87, routed)          0.852     4.714    u_video/inst_vga/u_vga_sig/current_pos_reg[row][5]_1
    SLICE_X122Y142       LUT5 (Prop_lut5_I3_O)        0.150     4.864 f  u_video/inst_vga/u_vga_sig/dc_bias[3]_i_1402/O
                         net (fo=16, routed)          1.072     5.936    u_video/inst_vga/u_color/dc_bias_reg[3]_i_837_2
    SLICE_X115Y141       LUT3 (Prop_lut3_I0_O)        0.326     6.262 r  u_video/inst_vga/u_color/dc_bias[3]_i_1364/O
                         net (fo=4, routed)           0.584     6.846    u_video/inst_vga/u_color/dc_bias[3]_i_1364_n_0
    SLICE_X119Y140       LUT4 (Prop_lut4_I0_O)        0.124     6.970 r  u_video/inst_vga/u_color/dc_bias[3]_i_1524/O
                         net (fo=1, routed)           0.000     6.970    u_video/inst_vga/u_color/dc_bias[3]_i_1524_n_0
    SLICE_X119Y140       CARRY4 (Prop_carry4_S[0]_CO[3])
                                                      0.532     7.502 r  u_video/inst_vga/u_color/dc_bias_reg[3]_i_1354/CO[3]
                         net (fo=1, routed)           0.000     7.502    u_video/inst_vga/u_color/dc_bias_reg[3]_i_1354_n_0
    SLICE_X119Y141       CARRY4 (Prop_carry4_CI_CO[3])
                                                      0.114     7.616 f  u_video/inst_vga/u_color/dc_bias_reg[3]_i_1133/CO[3]
                         net (fo=71, routed)          1.490     9.106    u_video/inst_vga/u_color/current_pos_reg[row][9]_0[0]
    SLICE_X121Y143       LUT3 (Prop_lut3_I2_O)        0.152     9.258 r  u_video/inst_vga/u_color/dc_bias[3]_i_1176/O
                         net (fo=2, routed)           0.910    10.168    u_video/inst_vga/u_color/dc_bias[3]_i_1176_n_0
    SLICE_X119Y143       CARRY4 (Prop_carry4_DI[3]_CO[3])
                                                      0.587    10.755 r  u_video/inst_vga/u_color/dc_bias_reg[3]_i_837/CO[3]
                         net (fo=1, routed)           0.000    10.755    u_video/inst_vga/u_color/dc_bias_reg[3]_i_837_n_0
    SLICE_X119Y144       CARRY4 (Prop_carry4_CI_O[0])
                                                      0.222    10.977 r  u_video/inst_vga/u_color/dc_bias_reg[3]_i_826/O[0]
                         net (fo=4, routed)           0.976    11.954    u_video/inst_vga/u_vga_sig/dc_bias_reg[3]_i_239[0]
    SLICE_X120Y145       LUT3 (Prop_lut3_I0_O)        0.321    12.275 r  u_video/inst_vga/u_vga_sig/dc_bias[3]_i_839/O
                         net (fo=1, routed)           0.310    12.585    u_video/inst_vga/u_color/dc_bias_reg[3]_i_248_1
    SLICE_X118Y145       LUT6 (Prop_lut6_I5_O)        0.328    12.913 r  u_video/inst_vga/u_color/dc_bias[3]_i_506/O
                         net (fo=1, routed)           0.000    12.913    u_video/inst_vga/u_color/dc_bias[3]_i_506_n_0
    SLICE_X118Y145       CARRY4 (Prop_carry4_S[2]_CO[3])
                                                      0.398    13.311 r  u_video/inst_vga/u_color/dc_bias_reg[3]_i_248/CO[3]
                         net (fo=1, routed)           0.000    13.311    u_video/inst_vga/u_color/dc_bias_reg[3]_i_248_n_0
    SLICE_X118Y146       CARRY4 (Prop_carry4_CI_O[1])
                                                      0.334    13.645 r  u_video/inst_vga/u_color/dc_bias_reg[3]_i_239/O[1]
                         net (fo=6, routed)           0.876    14.521    u_video/inst_vga/u_color/dc_bias_reg[3]_i_239_n_6
    SLICE_X120Y151       CARRY4 (Prop_carry4_DI[0]_CO[3])
                                                      0.729    15.250 r  u_video/inst_vga/u_color/dc_bias_reg[3]_i_1639/CO[3]
                         net (fo=1, routed)           0.000    15.250    u_video/inst_vga/u_color/dc_bias_reg[3]_i_1639_n_0
    SLICE_X120Y152       CARRY4 (Prop_carry4_CI_CO[3])
                                                      0.117    15.367 r  u_video/inst_vga/u_color/dc_bias_reg[3]_i_1504/CO[3]
                         net (fo=1, routed)           0.000    15.367    u_video/inst_vga/u_color/dc_bias_reg[3]_i_1504_n_0
    SLICE_X120Y153       CARRY4 (Prop_carry4_CI_CO[3])
                                                      0.117    15.484 r  u_video/inst_vga/u_color/dc_bias_reg[3]_i_1335/CO[3]
                         net (fo=1, routed)           0.000    15.484    u_video/inst_vga/u_color/dc_bias_reg[3]_i_1335_n_0
    SLICE_X120Y154       CARRY4 (Prop_carry4_CI_CO[3])
                                                      0.117    15.601 r  u_video/inst_vga/u_color/dc_bias_reg[3]_i_1121/CO[3]
                         net (fo=1, routed)           0.000    15.601    u_video/inst_vga/u_color/dc_bias_reg[3]_i_1121_n_0
    SLICE_X120Y155       CARRY4 (Prop_carry4_CI_O[3])
                                                      0.315    15.916 r  u_video/inst_vga/u_color/dc_bias_reg[3]_i_815/O[3]
                         net (fo=3, routed)           0.750    16.666    u_video/inst_vga/u_color/dc_bias_reg[3]_i_815_n_4
    SLICE_X119Y157       LUT2 (Prop_lut2_I0_O)        0.307    16.973 r  u_video/inst_vga/u_color/dc_bias[3]_i_819/O
                         net (fo=1, routed)           0.000    16.973    u_video/inst_vga/u_color/dc_bias[3]_i_819_n_0
    SLICE_X119Y157       CARRY4 (Prop_carry4_S[0]_CO[3])
                                                      0.532    17.505 r  u_video/inst_vga/u_color/dc_bias_reg[3]_i_485/CO[3]
                         net (fo=36, routed)          1.218    18.723    u_video/inst_vga/u_color/dc_bias_reg[3]_i_485_n_0
    SLICE_X121Y147       LUT4 (Prop_lut4_I2_O)        0.124    18.847 r  u_video/inst_vga/u_color/dc_bias[3]_i_495/O
                         net (fo=1, routed)           0.465    19.312    u_video/inst_vga/u_color/dc_bias[3]_i_495_n_0
    SLICE_X123Y147       CARRY4 (Prop_carry4_CYINIT_O[0])
                                                      0.482    19.794 r  u_video/inst_vga/u_color/dc_bias_reg[3]_i_242/O[0]
                         net (fo=1, routed)           0.455    20.249    u_video/inst_vga/u_color/br1[1]
    SLICE_X121Y147       LUT6 (Prop_lut6_I5_O)        0.299    20.548 r  u_video/inst_vga/u_color/dc_bias[3]_i_237/O
                         net (fo=162, routed)         3.020    23.567    u_board_memory/dc_bias[3]_i_414_0
    SLICE_X122Y194       LUT6 (Prop_lut6_I2_O)        0.124    23.691 r  u_board_memory/dc_bias[3]_i_603/O
                         net (fo=1, routed)           0.683    24.374    u_board_memory/dc_bias[3]_i_603_n_0
    SLICE_X123Y194       LUT6 (Prop_lut6_I0_O)        0.124    24.498 r  u_board_memory/dc_bias[3]_i_301/O
                         net (fo=1, routed)           0.921    25.419    u_board_memory/dc_bias[3]_i_301_n_0
    SLICE_X123Y185       LUT6 (Prop_lut6_I5_O)        0.124    25.543 f  u_board_memory/dc_bias[3]_i_136/O
                         net (fo=2, routed)           0.967    26.510    u_board_memory/dc_bias[3]_i_136_n_0
    SLICE_X126Y184       LUT6 (Prop_lut6_I0_O)        0.124    26.634 f  u_board_memory/dc_bias[3]_i_58/O
                         net (fo=1, routed)           1.890    28.525    u_video/inst_vga/u_color/dc_bias[3]_i_7__0_1
    SLICE_X126Y152       LUT6 (Prop_lut6_I5_O)        0.124    28.649 f  u_video/inst_vga/u_color/dc_bias[3]_i_19/O
                         net (fo=4, routed)           0.807    29.456    u_video/inst_vga/u_color/dc_bias[3]_i_19_n_0
    SLICE_X130Y152       LUT3 (Prop_lut3_I1_O)        0.124    29.580 f  u_video/inst_vga/u_color/dc_bias[3]_i_17/O
                         net (fo=2, routed)           0.464    30.044    u_video/inst_vga/u_color/dc_bias[3]_i_17_n_0
    SLICE_X131Y152       LUT6 (Prop_lut6_I0_O)        0.124    30.168 r  u_video/inst_vga/u_color/dc_bias[3]_i_7__0/O
                         net (fo=1, routed)           0.729    30.897    u_piece_logic/encoded_reg[8]
    SLICE_X135Y148       LUT6 (Prop_lut6_I4_O)        0.124    31.021 r  u_piece_logic/dc_bias[3]_i_3/O
                         net (fo=7, routed)           1.783    32.804    u_video/inst_dvid/TDMS_encoder_green/encoded_reg[2]_0[1]
    SLICE_X157Y140       LUT5 (Prop_lut5_I1_O)        0.124    32.928 r  u_video/inst_dvid/TDMS_encoder_green/encoded[9]_i_1__0/O
                         net (fo=1, routed)           0.000    32.928    u_video/inst_dvid/TDMS_encoder_green/encoded[9]_i_1__0_n_0
    SLICE_X157Y140       FDRE                                         r  u_video/inst_dvid/TDMS_encoder_green/encoded_reg[9]/D
  -------------------------------------------------------------------    -------------------

                         (clock clk_out1_clk_wiz_2 rise edge)
                                                     40.000    40.000 r  
    BUFGCTRL_X0Y1        BUFG                         0.000    40.000 r  clk_IBUF_BUFG_inst/O
                         net (fo=857, routed)         1.972    41.972    u_video/mmcm_adv_inst_display_clocks/inst/clk_in1
    MMCME2_ADV_X1Y0      MMCME2_ADV (Prop_mmcme2_adv_CLKIN1_CLKOUT0)
                                                     -4.637    37.335 r  u_video/mmcm_adv_inst_display_clocks/inst/mmcm_adv_inst/CLKOUT0
                         net (fo=1, routed)           2.574    39.909    u_video/mmcm_adv_inst_display_clocks/inst/clk_out1_clk_wiz_2
    BUFGCTRL_X0Y2        BUFG (Prop_bufg_I_O)         0.091    40.000 r  u_video/mmcm_adv_inst_display_clocks/inst/clkout1_buf/O
                         net (fo=85, routed)          1.709    41.709    u_video/inst_dvid/TDMS_encoder_green/CLK
    SLICE_X157Y140       FDRE                                         r  u_video/inst_dvid/TDMS_encoder_green/encoded_reg[9]/C
                         clock pessimism              0.075    41.784    
                         clock uncertainty           -0.095    41.690    
    SLICE_X157Y140       FDRE (Setup_fdre_C_D)        0.029    41.719    u_video/inst_dvid/TDMS_encoder_green/encoded_reg[9]
  -------------------------------------------------------------------
                         required time                         41.719    
                         arrival time                         -32.928    
  -------------------------------------------------------------------
                         slack                                  8.790    

Slack (MET) :             8.881ns  (required time - arrival time)
  Source:                 u_video/inst_vga/u_vga_sig/current_pos_reg[row][8]/C
                            (rising edge-triggered cell FDRE clocked by clk_out1_clk_wiz_2  {rise@0.000ns fall@20.000ns period=40.000ns})
  Destination:            u_video/inst_dvid/TDMS_encoder_green/dc_bias_reg[2]/D
                            (rising edge-triggered cell FDRE clocked by clk_out1_clk_wiz_2  {rise@0.000ns fall@20.000ns period=40.000ns})
  Path Group:             clk_out1_clk_wiz_2
  Path Type:              Setup (Max at Slow Process Corner)
  Requirement:            40.000ns  (clk_out1_clk_wiz_2 rise@40.000ns - clk_out1_clk_wiz_2 rise@0.000ns)
  Data Path Delay:        31.147ns  (logic 8.547ns (27.441%)  route 22.600ns (72.559%))
  Logic Levels:           33  (CARRY4=13 LUT2=1 LUT3=5 LUT4=2 LUT5=2 LUT6=10)
  Clock Path Skew:        0.092ns (DCD - SCD + CPR)
    Destination Clock Delay (DCD):    1.709ns = ( 41.709 - 40.000 ) 
    Source Clock Delay      (SCD):    1.692ns
    Clock Pessimism Removal (CPR):    0.075ns
  Clock Uncertainty:      0.095ns  ((TSJ^2 + DJ^2)^1/2) / 2 + PE
    Total System Jitter     (TSJ):    0.071ns
    Discrete Jitter          (DJ):    0.175ns
    Phase Error              (PE):    0.000ns

    Location             Delay type                Incr(ns)  Path(ns)    Netlist Resource(s)
  -------------------------------------------------------------------    -------------------
                         (clock clk_out1_clk_wiz_2 rise edge)
                                                      0.000     0.000 r  
    BUFGCTRL_X0Y1        BUFG                         0.000     0.000 r  clk_IBUF_BUFG_inst/O
                         net (fo=857, routed)         2.106     2.106    u_video/mmcm_adv_inst_display_clocks/inst/clk_in1
    MMCME2_ADV_X1Y0      MMCME2_ADV (Prop_mmcme2_adv_CLKIN1_CLKOUT0)
                                                     -4.900    -2.793 r  u_video/mmcm_adv_inst_display_clocks/inst/mmcm_adv_inst/CLKOUT0
                         net (fo=1, routed)           2.697    -0.096    u_video/mmcm_adv_inst_display_clocks/inst/clk_out1_clk_wiz_2
    BUFGCTRL_X0Y2        BUFG (Prop_bufg_I_O)         0.096    -0.000 r  u_video/mmcm_adv_inst_display_clocks/inst/clkout1_buf/O
                         net (fo=85, routed)          1.692     1.692    u_video/inst_vga/u_vga_sig/CLK
    SLICE_X131Y147       FDRE                                         r  u_video/inst_vga/u_vga_sig/current_pos_reg[row][8]/C
  -------------------------------------------------------------------    -------------------
    SLICE_X131Y147       FDRE (Prop_fdre_C_Q)         0.456     2.148 f  u_video/inst_vga/u_vga_sig/current_pos_reg[row][8]/Q
                         net (fo=37, routed)          0.848     2.997    u_video/inst_vga/u_vga_sig/current_pos_reg[row][9]_4[8]
    SLICE_X130Y146       LUT3 (Prop_lut3_I2_O)        0.124     3.121 r  u_video/inst_vga/u_vga_sig/dc_bias[3]_i_24__1/O
                         net (fo=4, routed)           0.618     3.739    u_video/inst_vga/u_vga_sig/dc_bias[3]_i_24__1_n_0
    SLICE_X123Y145       LUT5 (Prop_lut5_I0_O)        0.124     3.863 r  u_video/inst_vga/u_vga_sig/dc_bias[3]_i_103/O
                         net (fo=87, routed)          0.852     4.714    u_video/inst_vga/u_vga_sig/current_pos_reg[row][5]_1
    SLICE_X122Y142       LUT5 (Prop_lut5_I3_O)        0.150     4.864 f  u_video/inst_vga/u_vga_sig/dc_bias[3]_i_1402/O
                         net (fo=16, routed)          1.072     5.936    u_video/inst_vga/u_color/dc_bias_reg[3]_i_837_2
    SLICE_X115Y141       LUT3 (Prop_lut3_I0_O)        0.326     6.262 r  u_video/inst_vga/u_color/dc_bias[3]_i_1364/O
                         net (fo=4, routed)           0.584     6.846    u_video/inst_vga/u_color/dc_bias[3]_i_1364_n_0
    SLICE_X119Y140       LUT4 (Prop_lut4_I0_O)        0.124     6.970 r  u_video/inst_vga/u_color/dc_bias[3]_i_1524/O
                         net (fo=1, routed)           0.000     6.970    u_video/inst_vga/u_color/dc_bias[3]_i_1524_n_0
    SLICE_X119Y140       CARRY4 (Prop_carry4_S[0]_CO[3])
                                                      0.532     7.502 r  u_video/inst_vga/u_color/dc_bias_reg[3]_i_1354/CO[3]
                         net (fo=1, routed)           0.000     7.502    u_video/inst_vga/u_color/dc_bias_reg[3]_i_1354_n_0
    SLICE_X119Y141       CARRY4 (Prop_carry4_CI_CO[3])
                                                      0.114     7.616 f  u_video/inst_vga/u_color/dc_bias_reg[3]_i_1133/CO[3]
                         net (fo=71, routed)          1.490     9.106    u_video/inst_vga/u_color/current_pos_reg[row][9]_0[0]
    SLICE_X121Y143       LUT3 (Prop_lut3_I2_O)        0.152     9.258 r  u_video/inst_vga/u_color/dc_bias[3]_i_1176/O
                         net (fo=2, routed)           0.910    10.168    u_video/inst_vga/u_color/dc_bias[3]_i_1176_n_0
    SLICE_X119Y143       CARRY4 (Prop_carry4_DI[3]_CO[3])
                                                      0.587    10.755 r  u_video/inst_vga/u_color/dc_bias_reg[3]_i_837/CO[3]
                         net (fo=1, routed)           0.000    10.755    u_video/inst_vga/u_color/dc_bias_reg[3]_i_837_n_0
    SLICE_X119Y144       CARRY4 (Prop_carry4_CI_O[0])
                                                      0.222    10.977 r  u_video/inst_vga/u_color/dc_bias_reg[3]_i_826/O[0]
                         net (fo=4, routed)           0.976    11.954    u_video/inst_vga/u_vga_sig/dc_bias_reg[3]_i_239[0]
    SLICE_X120Y145       LUT3 (Prop_lut3_I0_O)        0.321    12.275 r  u_video/inst_vga/u_vga_sig/dc_bias[3]_i_839/O
                         net (fo=1, routed)           0.310    12.585    u_video/inst_vga/u_color/dc_bias_reg[3]_i_248_1
    SLICE_X118Y145       LUT6 (Prop_lut6_I5_O)        0.328    12.913 r  u_video/inst_vga/u_color/dc_bias[3]_i_506/O
                         net (fo=1, routed)           0.000    12.913    u_video/inst_vga/u_color/dc_bias[3]_i_506_n_0
    SLICE_X118Y145       CARRY4 (Prop_carry4_S[2]_CO[3])
                                                      0.398    13.311 r  u_video/inst_vga/u_color/dc_bias_reg[3]_i_248/CO[3]
                         net (fo=1, routed)           0.000    13.311    u_video/inst_vga/u_color/dc_bias_reg[3]_i_248_n_0
    SLICE_X118Y146       CARRY4 (Prop_carry4_CI_O[1])
                                                      0.334    13.645 r  u_video/inst_vga/u_color/dc_bias_reg[3]_i_239/O[1]
                         net (fo=6, routed)           0.876    14.521    u_video/inst_vga/u_color/dc_bias_reg[3]_i_239_n_6
    SLICE_X120Y151       CARRY4 (Prop_carry4_DI[0]_CO[3])
                                                      0.729    15.250 r  u_video/inst_vga/u_color/dc_bias_reg[3]_i_1639/CO[3]
                         net (fo=1, routed)           0.000    15.250    u_video/inst_vga/u_color/dc_bias_reg[3]_i_1639_n_0
    SLICE_X120Y152       CARRY4 (Prop_carry4_CI_CO[3])
                                                      0.117    15.367 r  u_video/inst_vga/u_color/dc_bias_reg[3]_i_1504/CO[3]
                         net (fo=1, routed)           0.000    15.367    u_video/inst_vga/u_color/dc_bias_reg[3]_i_1504_n_0
    SLICE_X120Y153       CARRY4 (Prop_carry4_CI_CO[3])
                                                      0.117    15.484 r  u_video/inst_vga/u_color/dc_bias_reg[3]_i_1335/CO[3]
                         net (fo=1, routed)           0.000    15.484    u_video/inst_vga/u_color/dc_bias_reg[3]_i_1335_n_0
    SLICE_X120Y154       CARRY4 (Prop_carry4_CI_CO[3])
                                                      0.117    15.601 r  u_video/inst_vga/u_color/dc_bias_reg[3]_i_1121/CO[3]
                         net (fo=1, routed)           0.000    15.601    u_video/inst_vga/u_color/dc_bias_reg[3]_i_1121_n_0
    SLICE_X120Y155       CARRY4 (Prop_carry4_CI_O[3])
                                                      0.315    15.916 r  u_video/inst_vga/u_color/dc_bias_reg[3]_i_815/O[3]
                         net (fo=3, routed)           0.750    16.666    u_video/inst_vga/u_color/dc_bias_reg[3]_i_815_n_4
    SLICE_X119Y157       LUT2 (Prop_lut2_I0_O)        0.307    16.973 r  u_video/inst_vga/u_color/dc_bias[3]_i_819/O
                         net (fo=1, routed)           0.000    16.973    u_video/inst_vga/u_color/dc_bias[3]_i_819_n_0
    SLICE_X119Y157       CARRY4 (Prop_carry4_S[0]_CO[3])
                                                      0.532    17.505 r  u_video/inst_vga/u_color/dc_bias_reg[3]_i_485/CO[3]
                         net (fo=36, routed)          1.218    18.723    u_video/inst_vga/u_color/dc_bias_reg[3]_i_485_n_0
    SLICE_X121Y147       LUT4 (Prop_lut4_I2_O)        0.124    18.847 r  u_video/inst_vga/u_color/dc_bias[3]_i_495/O
                         net (fo=1, routed)           0.465    19.312    u_video/inst_vga/u_color/dc_bias[3]_i_495_n_0
    SLICE_X123Y147       CARRY4 (Prop_carry4_CYINIT_O[0])
                                                      0.482    19.794 r  u_video/inst_vga/u_color/dc_bias_reg[3]_i_242/O[0]
                         net (fo=1, routed)           0.455    20.249    u_video/inst_vga/u_color/br1[1]
    SLICE_X121Y147       LUT6 (Prop_lut6_I5_O)        0.299    20.548 r  u_video/inst_vga/u_color/dc_bias[3]_i_237/O
                         net (fo=162, routed)         3.020    23.567    u_board_memory/dc_bias[3]_i_414_0
    SLICE_X122Y194       LUT6 (Prop_lut6_I2_O)        0.124    23.691 r  u_board_memory/dc_bias[3]_i_603/O
                         net (fo=1, routed)           0.683    24.374    u_board_memory/dc_bias[3]_i_603_n_0
    SLICE_X123Y194       LUT6 (Prop_lut6_I0_O)        0.124    24.498 r  u_board_memory/dc_bias[3]_i_301/O
                         net (fo=1, routed)           0.921    25.419    u_board_memory/dc_bias[3]_i_301_n_0
    SLICE_X123Y185       LUT6 (Prop_lut6_I5_O)        0.124    25.543 f  u_board_memory/dc_bias[3]_i_136/O
                         net (fo=2, routed)           0.967    26.510    u_board_memory/dc_bias[3]_i_136_n_0
    SLICE_X126Y184       LUT6 (Prop_lut6_I0_O)        0.124    26.634 f  u_board_memory/dc_bias[3]_i_58/O
                         net (fo=1, routed)           1.890    28.525    u_video/inst_vga/u_color/dc_bias[3]_i_7__0_1
    SLICE_X126Y152       LUT6 (Prop_lut6_I5_O)        0.124    28.649 f  u_video/inst_vga/u_color/dc_bias[3]_i_19/O
                         net (fo=4, routed)           0.807    29.456    u_video/inst_vga/u_color/dc_bias[3]_i_19_n_0
    SLICE_X130Y152       LUT3 (Prop_lut3_I1_O)        0.124    29.580 f  u_video/inst_vga/u_color/dc_bias[3]_i_17/O
                         net (fo=2, routed)           0.464    30.044    u_video/inst_vga/u_color/dc_bias[3]_i_17_n_0
    SLICE_X131Y152       LUT6 (Prop_lut6_I0_O)        0.124    30.168 r  u_video/inst_vga/u_color/dc_bias[3]_i_7__0/O
                         net (fo=1, routed)           0.729    30.897    u_piece_logic/encoded_reg[8]
    SLICE_X135Y148       LUT6 (Prop_lut6_I4_O)        0.124    31.021 r  u_piece_logic/dc_bias[3]_i_3/O
                         net (fo=7, routed)           1.694    32.715    u_video/inst_dvid/TDMS_encoder_green/encoded_reg[2]_0[1]
    SLICE_X156Y140       LUT6 (Prop_lut6_I5_O)        0.124    32.839 r  u_video/inst_dvid/TDMS_encoder_green/dc_bias[2]_i_1__0/O
                         net (fo=1, routed)           0.000    32.839    u_video/inst_dvid/TDMS_encoder_green/dc_bias[2]_i_1__0_n_0
    SLICE_X156Y140       FDRE                                         r  u_video/inst_dvid/TDMS_encoder_green/dc_bias_reg[2]/D
  -------------------------------------------------------------------    -------------------

                         (clock clk_out1_clk_wiz_2 rise edge)
                                                     40.000    40.000 r  
    BUFGCTRL_X0Y1        BUFG                         0.000    40.000 r  clk_IBUF_BUFG_inst/O
                         net (fo=857, routed)         1.972    41.972    u_video/mmcm_adv_inst_display_clocks/inst/clk_in1
    MMCME2_ADV_X1Y0      MMCME2_ADV (Prop_mmcme2_adv_CLKIN1_CLKOUT0)
                                                     -4.637    37.335 r  u_video/mmcm_adv_inst_display_clocks/inst/mmcm_adv_inst/CLKOUT0
                         net (fo=1, routed)           2.574    39.909    u_video/mmcm_adv_inst_display_clocks/inst/clk_out1_clk_wiz_2
    BUFGCTRL_X0Y2        BUFG (Prop_bufg_I_O)         0.091    40.000 r  u_video/mmcm_adv_inst_display_clocks/inst/clkout1_buf/O
                         net (fo=85, routed)          1.709    41.709    u_video/inst_dvid/TDMS_encoder_green/CLK
    SLICE_X156Y140       FDRE                                         r  u_video/inst_dvid/TDMS_encoder_green/dc_bias_reg[2]/C
                         clock pessimism              0.075    41.784    
                         clock uncertainty           -0.095    41.690    
    SLICE_X156Y140       FDRE (Setup_fdre_C_D)        0.031    41.721    u_video/inst_dvid/TDMS_encoder_green/dc_bias_reg[2]
  -------------------------------------------------------------------
                         required time                         41.721    
                         arrival time                         -32.839    
  -------------------------------------------------------------------
                         slack                                  8.881    

Slack (MET) :             8.887ns  (required time - arrival time)
  Source:                 u_video/inst_vga/u_vga_sig/current_pos_reg[row][8]/C
                            (rising edge-triggered cell FDRE clocked by clk_out1_clk_wiz_2  {rise@0.000ns fall@20.000ns period=40.000ns})
  Destination:            u_video/inst_dvid/TDMS_encoder_green/dc_bias_reg[3]/D
                            (rising edge-triggered cell FDRE clocked by clk_out1_clk_wiz_2  {rise@0.000ns fall@20.000ns period=40.000ns})
  Path Group:             clk_out1_clk_wiz_2
  Path Type:              Setup (Max at Slow Process Corner)
  Requirement:            40.000ns  (clk_out1_clk_wiz_2 rise@40.000ns - clk_out1_clk_wiz_2 rise@0.000ns)
  Data Path Delay:        31.143ns  (logic 8.547ns (27.445%)  route 22.596ns (72.555%))
  Logic Levels:           33  (CARRY4=13 LUT2=1 LUT3=5 LUT4=2 LUT5=2 LUT6=10)
  Clock Path Skew:        0.092ns (DCD - SCD + CPR)
    Destination Clock Delay (DCD):    1.709ns = ( 41.709 - 40.000 ) 
    Source Clock Delay      (SCD):    1.692ns
    Clock Pessimism Removal (CPR):    0.075ns
  Clock Uncertainty:      0.095ns  ((TSJ^2 + DJ^2)^1/2) / 2 + PE
    Total System Jitter     (TSJ):    0.071ns
    Discrete Jitter          (DJ):    0.175ns
    Phase Error              (PE):    0.000ns

    Location             Delay type                Incr(ns)  Path(ns)    Netlist Resource(s)
  -------------------------------------------------------------------    -------------------
                         (clock clk_out1_clk_wiz_2 rise edge)
                                                      0.000     0.000 r  
    BUFGCTRL_X0Y1        BUFG                         0.000     0.000 r  clk_IBUF_BUFG_inst/O
                         net (fo=857, routed)         2.106     2.106    u_video/mmcm_adv_inst_display_clocks/inst/clk_in1
    MMCME2_ADV_X1Y0      MMCME2_ADV (Prop_mmcme2_adv_CLKIN1_CLKOUT0)
                                                     -4.900    -2.793 r  u_video/mmcm_adv_inst_display_clocks/inst/mmcm_adv_inst/CLKOUT0
                         net (fo=1, routed)           2.697    -0.096    u_video/mmcm_adv_inst_display_clocks/inst/clk_out1_clk_wiz_2
    BUFGCTRL_X0Y2        BUFG (Prop_bufg_I_O)         0.096    -0.000 r  u_video/mmcm_adv_inst_display_clocks/inst/clkout1_buf/O
                         net (fo=85, routed)          1.692     1.692    u_video/inst_vga/u_vga_sig/CLK
    SLICE_X131Y147       FDRE                                         r  u_video/inst_vga/u_vga_sig/current_pos_reg[row][8]/C
  -------------------------------------------------------------------    -------------------
    SLICE_X131Y147       FDRE (Prop_fdre_C_Q)         0.456     2.148 f  u_video/inst_vga/u_vga_sig/current_pos_reg[row][8]/Q
                         net (fo=37, routed)          0.848     2.997    u_video/inst_vga/u_vga_sig/current_pos_reg[row][9]_4[8]
    SLICE_X130Y146       LUT3 (Prop_lut3_I2_O)        0.124     3.121 r  u_video/inst_vga/u_vga_sig/dc_bias[3]_i_24__1/O
                         net (fo=4, routed)           0.618     3.739    u_video/inst_vga/u_vga_sig/dc_bias[3]_i_24__1_n_0
    SLICE_X123Y145       LUT5 (Prop_lut5_I0_O)        0.124     3.863 r  u_video/inst_vga/u_vga_sig/dc_bias[3]_i_103/O
                         net (fo=87, routed)          0.852     4.714    u_video/inst_vga/u_vga_sig/current_pos_reg[row][5]_1
    SLICE_X122Y142       LUT5 (Prop_lut5_I3_O)        0.150     4.864 f  u_video/inst_vga/u_vga_sig/dc_bias[3]_i_1402/O
                         net (fo=16, routed)          1.072     5.936    u_video/inst_vga/u_color/dc_bias_reg[3]_i_837_2
    SLICE_X115Y141       LUT3 (Prop_lut3_I0_O)        0.326     6.262 r  u_video/inst_vga/u_color/dc_bias[3]_i_1364/O
                         net (fo=4, routed)           0.584     6.846    u_video/inst_vga/u_color/dc_bias[3]_i_1364_n_0
    SLICE_X119Y140       LUT4 (Prop_lut4_I0_O)        0.124     6.970 r  u_video/inst_vga/u_color/dc_bias[3]_i_1524/O
                         net (fo=1, routed)           0.000     6.970    u_video/inst_vga/u_color/dc_bias[3]_i_1524_n_0
    SLICE_X119Y140       CARRY4 (Prop_carry4_S[0]_CO[3])
                                                      0.532     7.502 r  u_video/inst_vga/u_color/dc_bias_reg[3]_i_1354/CO[3]
                         net (fo=1, routed)           0.000     7.502    u_video/inst_vga/u_color/dc_bias_reg[3]_i_1354_n_0
    SLICE_X119Y141       CARRY4 (Prop_carry4_CI_CO[3])
                                                      0.114     7.616 f  u_video/inst_vga/u_color/dc_bias_reg[3]_i_1133/CO[3]
                         net (fo=71, routed)          1.490     9.106    u_video/inst_vga/u_color/current_pos_reg[row][9]_0[0]
    SLICE_X121Y143       LUT3 (Prop_lut3_I2_O)        0.152     9.258 r  u_video/inst_vga/u_color/dc_bias[3]_i_1176/O
                         net (fo=2, routed)           0.910    10.168    u_video/inst_vga/u_color/dc_bias[3]_i_1176_n_0
    SLICE_X119Y143       CARRY4 (Prop_carry4_DI[3]_CO[3])
                                                      0.587    10.755 r  u_video/inst_vga/u_color/dc_bias_reg[3]_i_837/CO[3]
                         net (fo=1, routed)           0.000    10.755    u_video/inst_vga/u_color/dc_bias_reg[3]_i_837_n_0
    SLICE_X119Y144       CARRY4 (Prop_carry4_CI_O[0])
                                                      0.222    10.977 r  u_video/inst_vga/u_color/dc_bias_reg[3]_i_826/O[0]
                         net (fo=4, routed)           0.976    11.954    u_video/inst_vga/u_vga_sig/dc_bias_reg[3]_i_239[0]
    SLICE_X120Y145       LUT3 (Prop_lut3_I0_O)        0.321    12.275 r  u_video/inst_vga/u_vga_sig/dc_bias[3]_i_839/O
                         net (fo=1, routed)           0.310    12.585    u_video/inst_vga/u_color/dc_bias_reg[3]_i_248_1
    SLICE_X118Y145       LUT6 (Prop_lut6_I5_O)        0.328    12.913 r  u_video/inst_vga/u_color/dc_bias[3]_i_506/O
                         net (fo=1, routed)           0.000    12.913    u_video/inst_vga/u_color/dc_bias[3]_i_506_n_0
    SLICE_X118Y145       CARRY4 (Prop_carry4_S[2]_CO[3])
                                                      0.398    13.311 r  u_video/inst_vga/u_color/dc_bias_reg[3]_i_248/CO[3]
                         net (fo=1, routed)           0.000    13.311    u_video/inst_vga/u_color/dc_bias_reg[3]_i_248_n_0
    SLICE_X118Y146       CARRY4 (Prop_carry4_CI_O[1])
                                                      0.334    13.645 r  u_video/inst_vga/u_color/dc_bias_reg[3]_i_239/O[1]
                         net (fo=6, routed)           0.876    14.521    u_video/inst_vga/u_color/dc_bias_reg[3]_i_239_n_6
    SLICE_X120Y151       CARRY4 (Prop_carry4_DI[0]_CO[3])
                                                      0.729    15.250 r  u_video/inst_vga/u_color/dc_bias_reg[3]_i_1639/CO[3]
                         net (fo=1, routed)           0.000    15.250    u_video/inst_vga/u_color/dc_bias_reg[3]_i_1639_n_0
    SLICE_X120Y152       CARRY4 (Prop_carry4_CI_CO[3])
                                                      0.117    15.367 r  u_video/inst_vga/u_color/dc_bias_reg[3]_i_1504/CO[3]
                         net (fo=1, routed)           0.000    15.367    u_video/inst_vga/u_color/dc_bias_reg[3]_i_1504_n_0
    SLICE_X120Y153       CARRY4 (Prop_carry4_CI_CO[3])
                                                      0.117    15.484 r  u_video/inst_vga/u_color/dc_bias_reg[3]_i_1335/CO[3]
                         net (fo=1, routed)           0.000    15.484    u_video/inst_vga/u_color/dc_bias_reg[3]_i_1335_n_0
    SLICE_X120Y154       CARRY4 (Prop_carry4_CI_CO[3])
                                                      0.117    15.601 r  u_video/inst_vga/u_color/dc_bias_reg[3]_i_1121/CO[3]
                         net (fo=1, routed)           0.000    15.601    u_video/inst_vga/u_color/dc_bias_reg[3]_i_1121_n_0
    SLICE_X120Y155       CARRY4 (Prop_carry4_CI_O[3])
                                                      0.315    15.916 r  u_video/inst_vga/u_color/dc_bias_reg[3]_i_815/O[3]
                         net (fo=3, routed)           0.750    16.666    u_video/inst_vga/u_color/dc_bias_reg[3]_i_815_n_4
    SLICE_X119Y157       LUT2 (Prop_lut2_I0_O)        0.307    16.973 r  u_video/inst_vga/u_color/dc_bias[3]_i_819/O
                         net (fo=1, routed)           0.000    16.973    u_video/inst_vga/u_color/dc_bias[3]_i_819_n_0
    SLICE_X119Y157       CARRY4 (Prop_carry4_S[0]_CO[3])
                                                      0.532    17.505 r  u_video/inst_vga/u_color/dc_bias_reg[3]_i_485/CO[3]
                         net (fo=36, routed)          1.218    18.723    u_video/inst_vga/u_color/dc_bias_reg[3]_i_485_n_0
    SLICE_X121Y147       LUT4 (Prop_lut4_I2_O)        0.124    18.847 r  u_video/inst_vga/u_color/dc_bias[3]_i_495/O
                         net (fo=1, routed)           0.465    19.312    u_video/inst_vga/u_color/dc_bias[3]_i_495_n_0
    SLICE_X123Y147       CARRY4 (Prop_carry4_CYINIT_O[0])
                                                      0.482    19.794 r  u_video/inst_vga/u_color/dc_bias_reg[3]_i_242/O[0]
                         net (fo=1, routed)           0.455    20.249    u_video/inst_vga/u_color/br1[1]
    SLICE_X121Y147       LUT6 (Prop_lut6_I5_O)        0.299    20.548 r  u_video/inst_vga/u_color/dc_bias[3]_i_237/O
                         net (fo=162, routed)         3.020    23.567    u_board_memory/dc_bias[3]_i_414_0
    SLICE_X122Y194       LUT6 (Prop_lut6_I2_O)        0.124    23.691 r  u_board_memory/dc_bias[3]_i_603/O
                         net (fo=1, routed)           0.683    24.374    u_board_memory/dc_bias[3]_i_603_n_0
    SLICE_X123Y194       LUT6 (Prop_lut6_I0_O)        0.124    24.498 r  u_board_memory/dc_bias[3]_i_301/O
                         net (fo=1, routed)           0.921    25.419    u_board_memory/dc_bias[3]_i_301_n_0
    SLICE_X123Y185       LUT6 (Prop_lut6_I5_O)        0.124    25.543 f  u_board_memory/dc_bias[3]_i_136/O
                         net (fo=2, routed)           0.967    26.510    u_board_memory/dc_bias[3]_i_136_n_0
    SLICE_X126Y184       LUT6 (Prop_lut6_I0_O)        0.124    26.634 f  u_board_memory/dc_bias[3]_i_58/O
                         net (fo=1, routed)           1.890    28.525    u_video/inst_vga/u_color/dc_bias[3]_i_7__0_1
    SLICE_X126Y152       LUT6 (Prop_lut6_I5_O)        0.124    28.649 f  u_video/inst_vga/u_color/dc_bias[3]_i_19/O
                         net (fo=4, routed)           0.807    29.456    u_video/inst_vga/u_color/dc_bias[3]_i_19_n_0
    SLICE_X130Y152       LUT3 (Prop_lut3_I1_O)        0.124    29.580 f  u_video/inst_vga/u_color/dc_bias[3]_i_17/O
                         net (fo=2, routed)           0.464    30.044    u_video/inst_vga/u_color/dc_bias[3]_i_17_n_0
    SLICE_X131Y152       LUT6 (Prop_lut6_I0_O)        0.124    30.168 r  u_video/inst_vga/u_color/dc_bias[3]_i_7__0/O
                         net (fo=1, routed)           0.729    30.897    u_piece_logic/encoded_reg[8]
    SLICE_X135Y148       LUT6 (Prop_lut6_I4_O)        0.124    31.021 r  u_piece_logic/dc_bias[3]_i_3/O
                         net (fo=7, routed)           1.690    32.711    u_video/inst_dvid/TDMS_encoder_green/encoded_reg[2]_0[1]
    SLICE_X156Y140       LUT6 (Prop_lut6_I5_O)        0.124    32.835 r  u_video/inst_dvid/TDMS_encoder_green/dc_bias[3]_i_1__0/O
                         net (fo=1, routed)           0.000    32.835    u_video/inst_dvid/TDMS_encoder_green/dc_bias[3]_i_1__0_n_0
    SLICE_X156Y140       FDRE                                         r  u_video/inst_dvid/TDMS_encoder_green/dc_bias_reg[3]/D
  -------------------------------------------------------------------    -------------------

                         (clock clk_out1_clk_wiz_2 rise edge)
                                                     40.000    40.000 r  
    BUFGCTRL_X0Y1        BUFG                         0.000    40.000 r  clk_IBUF_BUFG_inst/O
                         net (fo=857, routed)         1.972    41.972    u_video/mmcm_adv_inst_display_clocks/inst/clk_in1
    MMCME2_ADV_X1Y0      MMCME2_ADV (Prop_mmcme2_adv_CLKIN1_CLKOUT0)
                                                     -4.637    37.335 r  u_video/mmcm_adv_inst_display_clocks/inst/mmcm_adv_inst/CLKOUT0
                         net (fo=1, routed)           2.574    39.909    u_video/mmcm_adv_inst_display_clocks/inst/clk_out1_clk_wiz_2
    BUFGCTRL_X0Y2        BUFG (Prop_bufg_I_O)         0.091    40.000 r  u_video/mmcm_adv_inst_display_clocks/inst/clkout1_buf/O
                         net (fo=85, routed)          1.709    41.709    u_video/inst_dvid/TDMS_encoder_green/CLK
    SLICE_X156Y140       FDRE                                         r  u_video/inst_dvid/TDMS_encoder_green/dc_bias_reg[3]/C
                         clock pessimism              0.075    41.784    
                         clock uncertainty           -0.095    41.690    
    SLICE_X156Y140       FDRE (Setup_fdre_C_D)        0.032    41.722    u_video/inst_dvid/TDMS_encoder_green/dc_bias_reg[3]
  -------------------------------------------------------------------
                         required time                         41.722    
                         arrival time                         -32.835    
  -------------------------------------------------------------------
                         slack                                  8.887    

Slack (MET) :             9.006ns  (required time - arrival time)
  Source:                 u_video/inst_vga/u_vga_sig/current_pos_reg[row][8]/C
                            (rising edge-triggered cell FDRE clocked by clk_out1_clk_wiz_2  {rise@0.000ns fall@20.000ns period=40.000ns})
  Destination:            u_video/inst_dvid/TDMS_encoder_green/dc_bias_reg[1]/D
                            (rising edge-triggered cell FDRE clocked by clk_out1_clk_wiz_2  {rise@0.000ns fall@20.000ns period=40.000ns})
  Path Group:             clk_out1_clk_wiz_2
  Path Type:              Setup (Max at Slow Process Corner)
  Requirement:            40.000ns  (clk_out1_clk_wiz_2 rise@40.000ns - clk_out1_clk_wiz_2 rise@0.000ns)
  Data Path Delay:        31.023ns  (logic 8.547ns (27.551%)  route 22.476ns (72.449%))
  Logic Levels:           33  (CARRY4=13 LUT2=1 LUT3=5 LUT4=2 LUT5=2 LUT6=10)
  Clock Path Skew:        0.092ns (DCD - SCD + CPR)
    Destination Clock Delay (DCD):    1.709ns = ( 41.709 - 40.000 ) 
    Source Clock Delay      (SCD):    1.692ns
    Clock Pessimism Removal (CPR):    0.075ns
  Clock Uncertainty:      0.095ns  ((TSJ^2 + DJ^2)^1/2) / 2 + PE
    Total System Jitter     (TSJ):    0.071ns
    Discrete Jitter          (DJ):    0.175ns
    Phase Error              (PE):    0.000ns

    Location             Delay type                Incr(ns)  Path(ns)    Netlist Resource(s)
  -------------------------------------------------------------------    -------------------
                         (clock clk_out1_clk_wiz_2 rise edge)
                                                      0.000     0.000 r  
    BUFGCTRL_X0Y1        BUFG                         0.000     0.000 r  clk_IBUF_BUFG_inst/O
                         net (fo=857, routed)         2.106     2.106    u_video/mmcm_adv_inst_display_clocks/inst/clk_in1
    MMCME2_ADV_X1Y0      MMCME2_ADV (Prop_mmcme2_adv_CLKIN1_CLKOUT0)
                                                     -4.900    -2.793 r  u_video/mmcm_adv_inst_display_clocks/inst/mmcm_adv_inst/CLKOUT0
                         net (fo=1, routed)           2.697    -0.096    u_video/mmcm_adv_inst_display_clocks/inst/clk_out1_clk_wiz_2
    BUFGCTRL_X0Y2        BUFG (Prop_bufg_I_O)         0.096    -0.000 r  u_video/mmcm_adv_inst_display_clocks/inst/clkout1_buf/O
                         net (fo=85, routed)          1.692     1.692    u_video/inst_vga/u_vga_sig/CLK
    SLICE_X131Y147       FDRE                                         r  u_video/inst_vga/u_vga_sig/current_pos_reg[row][8]/C
  -------------------------------------------------------------------    -------------------
    SLICE_X131Y147       FDRE (Prop_fdre_C_Q)         0.456     2.148 f  u_video/inst_vga/u_vga_sig/current_pos_reg[row][8]/Q
                         net (fo=37, routed)          0.848     2.997    u_video/inst_vga/u_vga_sig/current_pos_reg[row][9]_4[8]
    SLICE_X130Y146       LUT3 (Prop_lut3_I2_O)        0.124     3.121 r  u_video/inst_vga/u_vga_sig/dc_bias[3]_i_24__1/O
                         net (fo=4, routed)           0.618     3.739    u_video/inst_vga/u_vga_sig/dc_bias[3]_i_24__1_n_0
    SLICE_X123Y145       LUT5 (Prop_lut5_I0_O)        0.124     3.863 r  u_video/inst_vga/u_vga_sig/dc_bias[3]_i_103/O
                         net (fo=87, routed)          0.852     4.714    u_video/inst_vga/u_vga_sig/current_pos_reg[row][5]_1
    SLICE_X122Y142       LUT5 (Prop_lut5_I3_O)        0.150     4.864 f  u_video/inst_vga/u_vga_sig/dc_bias[3]_i_1402/O
                         net (fo=16, routed)          1.072     5.936    u_video/inst_vga/u_color/dc_bias_reg[3]_i_837_2
    SLICE_X115Y141       LUT3 (Prop_lut3_I0_O)        0.326     6.262 r  u_video/inst_vga/u_color/dc_bias[3]_i_1364/O
                         net (fo=4, routed)           0.584     6.846    u_video/inst_vga/u_color/dc_bias[3]_i_1364_n_0
    SLICE_X119Y140       LUT4 (Prop_lut4_I0_O)        0.124     6.970 r  u_video/inst_vga/u_color/dc_bias[3]_i_1524/O
                         net (fo=1, routed)           0.000     6.970    u_video/inst_vga/u_color/dc_bias[3]_i_1524_n_0
    SLICE_X119Y140       CARRY4 (Prop_carry4_S[0]_CO[3])
                                                      0.532     7.502 r  u_video/inst_vga/u_color/dc_bias_reg[3]_i_1354/CO[3]
                         net (fo=1, routed)           0.000     7.502    u_video/inst_vga/u_color/dc_bias_reg[3]_i_1354_n_0
    SLICE_X119Y141       CARRY4 (Prop_carry4_CI_CO[3])
                                                      0.114     7.616 f  u_video/inst_vga/u_color/dc_bias_reg[3]_i_1133/CO[3]
                         net (fo=71, routed)          1.490     9.106    u_video/inst_vga/u_color/current_pos_reg[row][9]_0[0]
    SLICE_X121Y143       LUT3 (Prop_lut3_I2_O)        0.152     9.258 r  u_video/inst_vga/u_color/dc_bias[3]_i_1176/O
                         net (fo=2, routed)           0.910    10.168    u_video/inst_vga/u_color/dc_bias[3]_i_1176_n_0
    SLICE_X119Y143       CARRY4 (Prop_carry4_DI[3]_CO[3])
                                                      0.587    10.755 r  u_video/inst_vga/u_color/dc_bias_reg[3]_i_837/CO[3]
                         net (fo=1, routed)           0.000    10.755    u_video/inst_vga/u_color/dc_bias_reg[3]_i_837_n_0
    SLICE_X119Y144       CARRY4 (Prop_carry4_CI_O[0])
                                                      0.222    10.977 r  u_video/inst_vga/u_color/dc_bias_reg[3]_i_826/O[0]
                         net (fo=4, routed)           0.976    11.954    u_video/inst_vga/u_vga_sig/dc_bias_reg[3]_i_239[0]
    SLICE_X120Y145       LUT3 (Prop_lut3_I0_O)        0.321    12.275 r  u_video/inst_vga/u_vga_sig/dc_bias[3]_i_839/O
                         net (fo=1, routed)           0.310    12.585    u_video/inst_vga/u_color/dc_bias_reg[3]_i_248_1
    SLICE_X118Y145       LUT6 (Prop_lut6_I5_O)        0.328    12.913 r  u_video/inst_vga/u_color/dc_bias[3]_i_506/O
                         net (fo=1, routed)           0.000    12.913    u_video/inst_vga/u_color/dc_bias[3]_i_506_n_0
    SLICE_X118Y145       CARRY4 (Prop_carry4_S[2]_CO[3])
                                                      0.398    13.311 r  u_video/inst_vga/u_color/dc_bias_reg[3]_i_248/CO[3]
                         net (fo=1, routed)           0.000    13.311    u_video/inst_vga/u_color/dc_bias_reg[3]_i_248_n_0
    SLICE_X118Y146       CARRY4 (Prop_carry4_CI_O[1])
                                                      0.334    13.645 r  u_video/inst_vga/u_color/dc_bias_reg[3]_i_239/O[1]
                         net (fo=6, routed)           0.876    14.521    u_video/inst_vga/u_color/dc_bias_reg[3]_i_239_n_6
    SLICE_X120Y151       CARRY4 (Prop_carry4_DI[0]_CO[3])
                                                      0.729    15.250 r  u_video/inst_vga/u_color/dc_bias_reg[3]_i_1639/CO[3]
                         net (fo=1, routed)           0.000    15.250    u_video/inst_vga/u_color/dc_bias_reg[3]_i_1639_n_0
    SLICE_X120Y152       CARRY4 (Prop_carry4_CI_CO[3])
                                                      0.117    15.367 r  u_video/inst_vga/u_color/dc_bias_reg[3]_i_1504/CO[3]
                         net (fo=1, routed)           0.000    15.367    u_video/inst_vga/u_color/dc_bias_reg[3]_i_1504_n_0
    SLICE_X120Y153       CARRY4 (Prop_carry4_CI_CO[3])
                                                      0.117    15.484 r  u_video/inst_vga/u_color/dc_bias_reg[3]_i_1335/CO[3]
                         net (fo=1, routed)           0.000    15.484    u_video/inst_vga/u_color/dc_bias_reg[3]_i_1335_n_0
    SLICE_X120Y154       CARRY4 (Prop_carry4_CI_CO[3])
                                                      0.117    15.601 r  u_video/inst_vga/u_color/dc_bias_reg[3]_i_1121/CO[3]
                         net (fo=1, routed)           0.000    15.601    u_video/inst_vga/u_color/dc_bias_reg[3]_i_1121_n_0
    SLICE_X120Y155       CARRY4 (Prop_carry4_CI_O[3])
                                                      0.315    15.916 r  u_video/inst_vga/u_color/dc_bias_reg[3]_i_815/O[3]
                         net (fo=3, routed)           0.750    16.666    u_video/inst_vga/u_color/dc_bias_reg[3]_i_815_n_4
    SLICE_X119Y157       LUT2 (Prop_lut2_I0_O)        0.307    16.973 r  u_video/inst_vga/u_color/dc_bias[3]_i_819/O
                         net (fo=1, routed)           0.000    16.973    u_video/inst_vga/u_color/dc_bias[3]_i_819_n_0
    SLICE_X119Y157       CARRY4 (Prop_carry4_S[0]_CO[3])
                                                      0.532    17.505 r  u_video/inst_vga/u_color/dc_bias_reg[3]_i_485/CO[3]
                         net (fo=36, routed)          1.218    18.723    u_video/inst_vga/u_color/dc_bias_reg[3]_i_485_n_0
    SLICE_X121Y147       LUT4 (Prop_lut4_I2_O)        0.124    18.847 r  u_video/inst_vga/u_color/dc_bias[3]_i_495/O
                         net (fo=1, routed)           0.465    19.312    u_video/inst_vga/u_color/dc_bias[3]_i_495_n_0
    SLICE_X123Y147       CARRY4 (Prop_carry4_CYINIT_O[0])
                                                      0.482    19.794 r  u_video/inst_vga/u_color/dc_bias_reg[3]_i_242/O[0]
                         net (fo=1, routed)           0.455    20.249    u_video/inst_vga/u_color/br1[1]
    SLICE_X121Y147       LUT6 (Prop_lut6_I5_O)        0.299    20.548 r  u_video/inst_vga/u_color/dc_bias[3]_i_237/O
                         net (fo=162, routed)         3.020    23.567    u_board_memory/dc_bias[3]_i_414_0
    SLICE_X122Y194       LUT6 (Prop_lut6_I2_O)        0.124    23.691 r  u_board_memory/dc_bias[3]_i_603/O
                         net (fo=1, routed)           0.683    24.374    u_board_memory/dc_bias[3]_i_603_n_0
    SLICE_X123Y194       LUT6 (Prop_lut6_I0_O)        0.124    24.498 r  u_board_memory/dc_bias[3]_i_301/O
                         net (fo=1, routed)           0.921    25.419    u_board_memory/dc_bias[3]_i_301_n_0
    SLICE_X123Y185       LUT6 (Prop_lut6_I5_O)        0.124    25.543 f  u_board_memory/dc_bias[3]_i_136/O
                         net (fo=2, routed)           0.967    26.510    u_board_memory/dc_bias[3]_i_136_n_0
    SLICE_X126Y184       LUT6 (Prop_lut6_I0_O)        0.124    26.634 f  u_board_memory/dc_bias[3]_i_58/O
                         net (fo=1, routed)           1.890    28.525    u_video/inst_vga/u_color/dc_bias[3]_i_7__0_1
    SLICE_X126Y152       LUT6 (Prop_lut6_I5_O)        0.124    28.649 f  u_video/inst_vga/u_color/dc_bias[3]_i_19/O
                         net (fo=4, routed)           0.807    29.456    u_video/inst_vga/u_color/dc_bias[3]_i_19_n_0
    SLICE_X130Y152       LUT3 (Prop_lut3_I1_O)        0.124    29.580 f  u_video/inst_vga/u_color/dc_bias[3]_i_17/O
                         net (fo=2, routed)           0.464    30.044    u_video/inst_vga/u_color/dc_bias[3]_i_17_n_0
    SLICE_X131Y152       LUT6 (Prop_lut6_I0_O)        0.124    30.168 r  u_video/inst_vga/u_color/dc_bias[3]_i_7__0/O
                         net (fo=1, routed)           0.729    30.897    u_piece_logic/encoded_reg[8]
    SLICE_X135Y148       LUT6 (Prop_lut6_I4_O)        0.124    31.021 r  u_piece_logic/dc_bias[3]_i_3/O
                         net (fo=7, routed)           1.570    32.591    u_video/inst_dvid/TDMS_encoder_green/encoded_reg[2]_0[1]
    SLICE_X156Y140       LUT6 (Prop_lut6_I5_O)        0.124    32.715 r  u_video/inst_dvid/TDMS_encoder_green/dc_bias[1]_i_1__0/O
                         net (fo=1, routed)           0.000    32.715    u_video/inst_dvid/TDMS_encoder_green/dc_bias[1]_i_1__0_n_0
    SLICE_X156Y140       FDRE                                         r  u_video/inst_dvid/TDMS_encoder_green/dc_bias_reg[1]/D
  -------------------------------------------------------------------    -------------------

                         (clock clk_out1_clk_wiz_2 rise edge)
                                                     40.000    40.000 r  
    BUFGCTRL_X0Y1        BUFG                         0.000    40.000 r  clk_IBUF_BUFG_inst/O
                         net (fo=857, routed)         1.972    41.972    u_video/mmcm_adv_inst_display_clocks/inst/clk_in1
    MMCME2_ADV_X1Y0      MMCME2_ADV (Prop_mmcme2_adv_CLKIN1_CLKOUT0)
                                                     -4.637    37.335 r  u_video/mmcm_adv_inst_display_clocks/inst/mmcm_adv_inst/CLKOUT0
                         net (fo=1, routed)           2.574    39.909    u_video/mmcm_adv_inst_display_clocks/inst/clk_out1_clk_wiz_2
    BUFGCTRL_X0Y2        BUFG (Prop_bufg_I_O)         0.091    40.000 r  u_video/mmcm_adv_inst_display_clocks/inst/clkout1_buf/O
                         net (fo=85, routed)          1.709    41.709    u_video/inst_dvid/TDMS_encoder_green/CLK
    SLICE_X156Y140       FDRE                                         r  u_video/inst_dvid/TDMS_encoder_green/dc_bias_reg[1]/C
                         clock pessimism              0.075    41.784    
                         clock uncertainty           -0.095    41.690    
    SLICE_X156Y140       FDRE (Setup_fdre_C_D)        0.031    41.721    u_video/inst_dvid/TDMS_encoder_green/dc_bias_reg[1]
  -------------------------------------------------------------------
                         required time                         41.721    
                         arrival time                         -32.715    
  -------------------------------------------------------------------
                         slack                                  9.006    





Min Delay Paths
--------------------------------------------------------------------------------------
Slack (MET) :             0.121ns  (arrival time - required time)
  Source:                 u_video/inst_dvid/TDMS_encoder_blue/encoded_reg[4]/C
                            (rising edge-triggered cell FDRE clocked by clk_out1_clk_wiz_2  {rise@0.000ns fall@20.000ns period=40.000ns})
  Destination:            u_video/inst_dvid/latched_blue_reg[4]/D
                            (rising edge-triggered cell FDRE clocked by clk_out1_clk_wiz_2  {rise@0.000ns fall@20.000ns period=40.000ns})
  Path Group:             clk_out1_clk_wiz_2
  Path Type:              Hold (Min at Fast Process Corner)
  Requirement:            0.000ns  (clk_out1_clk_wiz_2 rise@0.000ns - clk_out1_clk_wiz_2 rise@0.000ns)
  Data Path Delay:        0.197ns  (logic 0.141ns (71.611%)  route 0.056ns (28.389%))
  Logic Levels:           0  
  Clock Path Skew:        0.000ns (DCD - SCD - CPR)
    Destination Clock Delay (DCD):    0.892ns
    Source Clock Delay      (SCD):    0.620ns
    Clock Pessimism Removal (CPR):    0.272ns

    Location             Delay type                Incr(ns)  Path(ns)    Netlist Resource(s)
  -------------------------------------------------------------------    -------------------
                         (clock clk_out1_clk_wiz_2 rise edge)
                                                      0.000     0.000 r  
    BUFGCTRL_X0Y1        BUFG                         0.000     0.000 r  clk_IBUF_BUFG_inst/O
                         net (fo=857, routed)         0.745     0.745    u_video/mmcm_adv_inst_display_clocks/inst/clk_in1
    MMCME2_ADV_X1Y0      MMCME2_ADV (Prop_mmcme2_adv_CLKIN1_CLKOUT0)
                                                     -1.683    -0.938 r  u_video/mmcm_adv_inst_display_clocks/inst/mmcm_adv_inst/CLKOUT0
                         net (fo=1, routed)           0.912    -0.026    u_video/mmcm_adv_inst_display_clocks/inst/clk_out1_clk_wiz_2
    BUFGCTRL_X0Y2        BUFG (Prop_bufg_I_O)         0.026    -0.000 r  u_video/mmcm_adv_inst_display_clocks/inst/clkout1_buf/O
                         net (fo=85, routed)          0.620     0.620    u_video/inst_dvid/TDMS_encoder_blue/CLK
    SLICE_X147Y145       FDRE                                         r  u_video/inst_dvid/TDMS_encoder_blue/encoded_reg[4]/C
  -------------------------------------------------------------------    -------------------
    SLICE_X147Y145       FDRE (Prop_fdre_C_Q)         0.141     0.761 r  u_video/inst_dvid/TDMS_encoder_blue/encoded_reg[4]/Q
                         net (fo=1, routed)           0.056     0.816    u_video/inst_dvid/TDMS_encoder_blue_n_4
    SLICE_X147Y145       FDRE                                         r  u_video/inst_dvid/latched_blue_reg[4]/D
  -------------------------------------------------------------------    -------------------

                         (clock clk_out1_clk_wiz_2 rise edge)
                                                      0.000     0.000 r  
    BUFGCTRL_X0Y1        BUFG                         0.000     0.000 r  clk_IBUF_BUFG_inst/O
                         net (fo=857, routed)         1.022     1.022    u_video/mmcm_adv_inst_display_clocks/inst/clk_in1
    MMCME2_ADV_X1Y0      MMCME2_ADV (Prop_mmcme2_adv_CLKIN1_CLKOUT0)
                                                     -2.040    -1.018 r  u_video/mmcm_adv_inst_display_clocks/inst/mmcm_adv_inst/CLKOUT0
                         net (fo=1, routed)           0.989    -0.029    u_video/mmcm_adv_inst_display_clocks/inst/clk_out1_clk_wiz_2
    BUFGCTRL_X0Y2        BUFG (Prop_bufg_I_O)         0.029    -0.000 r  u_video/mmcm_adv_inst_display_clocks/inst/clkout1_buf/O
                         net (fo=85, routed)          0.892     0.892    u_video/inst_dvid/CLK
    SLICE_X147Y145       FDRE                                         r  u_video/inst_dvid/latched_blue_reg[4]/C
                         clock pessimism             -0.272     0.620    
    SLICE_X147Y145       FDRE (Hold_fdre_C_D)         0.076     0.696    u_video/inst_dvid/latched_blue_reg[4]
  -------------------------------------------------------------------
                         required time                         -0.696    
                         arrival time                           0.816    
  -------------------------------------------------------------------
                         slack                                  0.121    

Slack (MET) :             0.122ns  (arrival time - required time)
  Source:                 u_video/inst_dvid/TDMS_encoder_blue/encoded_reg[2]/C
                            (rising edge-triggered cell FDRE clocked by clk_out1_clk_wiz_2  {rise@0.000ns fall@20.000ns period=40.000ns})
  Destination:            u_video/inst_dvid/latched_blue_reg[2]/D
                            (rising edge-triggered cell FDRE clocked by clk_out1_clk_wiz_2  {rise@0.000ns fall@20.000ns period=40.000ns})
  Path Group:             clk_out1_clk_wiz_2
  Path Type:              Hold (Min at Fast Process Corner)
  Requirement:            0.000ns  (clk_out1_clk_wiz_2 rise@0.000ns - clk_out1_clk_wiz_2 rise@0.000ns)
  Data Path Delay:        0.197ns  (logic 0.141ns (71.611%)  route 0.056ns (28.389%))
  Logic Levels:           0  
  Clock Path Skew:        0.000ns (DCD - SCD - CPR)
    Destination Clock Delay (DCD):    0.892ns
    Source Clock Delay      (SCD):    0.620ns
    Clock Pessimism Removal (CPR):    0.272ns

    Location             Delay type                Incr(ns)  Path(ns)    Netlist Resource(s)
  -------------------------------------------------------------------    -------------------
                         (clock clk_out1_clk_wiz_2 rise edge)
                                                      0.000     0.000 r  
    BUFGCTRL_X0Y1        BUFG                         0.000     0.000 r  clk_IBUF_BUFG_inst/O
                         net (fo=857, routed)         0.745     0.745    u_video/mmcm_adv_inst_display_clocks/inst/clk_in1
    MMCME2_ADV_X1Y0      MMCME2_ADV (Prop_mmcme2_adv_CLKIN1_CLKOUT0)
                                                     -1.683    -0.938 r  u_video/mmcm_adv_inst_display_clocks/inst/mmcm_adv_inst/CLKOUT0
                         net (fo=1, routed)           0.912    -0.026    u_video/mmcm_adv_inst_display_clocks/inst/clk_out1_clk_wiz_2
    BUFGCTRL_X0Y2        BUFG (Prop_bufg_I_O)         0.026    -0.000 r  u_video/mmcm_adv_inst_display_clocks/inst/clkout1_buf/O
                         net (fo=85, routed)          0.620     0.620    u_video/inst_dvid/TDMS_encoder_blue/CLK
    SLICE_X147Y145       FDRE                                         r  u_video/inst_dvid/TDMS_encoder_blue/encoded_reg[2]/C
  -------------------------------------------------------------------    -------------------
    SLICE_X147Y145       FDRE (Prop_fdre_C_Q)         0.141     0.761 r  u_video/inst_dvid/TDMS_encoder_blue/encoded_reg[2]/Q
                         net (fo=1, routed)           0.056     0.816    u_video/inst_dvid/TDMS_encoder_blue_n_6
    SLICE_X147Y145       FDRE                                         r  u_video/inst_dvid/latched_blue_reg[2]/D
  -------------------------------------------------------------------    -------------------

                         (clock clk_out1_clk_wiz_2 rise edge)
                                                      0.000     0.000 r  
    BUFGCTRL_X0Y1        BUFG                         0.000     0.000 r  clk_IBUF_BUFG_inst/O
                         net (fo=857, routed)         1.022     1.022    u_video/mmcm_adv_inst_display_clocks/inst/clk_in1
    MMCME2_ADV_X1Y0      MMCME2_ADV (Prop_mmcme2_adv_CLKIN1_CLKOUT0)
                                                     -2.040    -1.018 r  u_video/mmcm_adv_inst_display_clocks/inst/mmcm_adv_inst/CLKOUT0
                         net (fo=1, routed)           0.989    -0.029    u_video/mmcm_adv_inst_display_clocks/inst/clk_out1_clk_wiz_2
    BUFGCTRL_X0Y2        BUFG (Prop_bufg_I_O)         0.029    -0.000 r  u_video/mmcm_adv_inst_display_clocks/inst/clkout1_buf/O
                         net (fo=85, routed)          0.892     0.892    u_video/inst_dvid/CLK
    SLICE_X147Y145       FDRE                                         r  u_video/inst_dvid/latched_blue_reg[2]/C
                         clock pessimism             -0.272     0.620    
    SLICE_X147Y145       FDRE (Hold_fdre_C_D)         0.075     0.695    u_video/inst_dvid/latched_blue_reg[2]
  -------------------------------------------------------------------
                         required time                         -0.695    
                         arrival time                           0.816    
  -------------------------------------------------------------------
                         slack                                  0.122    

Slack (MET) :             0.126ns  (arrival time - required time)
  Source:                 u_video/inst_dvid/TDMS_encoder_blue/encoded_reg[3]/C
                            (rising edge-triggered cell FDRE clocked by clk_out1_clk_wiz_2  {rise@0.000ns fall@20.000ns period=40.000ns})
  Destination:            u_video/inst_dvid/latched_blue_reg[3]/D
                            (rising edge-triggered cell FDRE clocked by clk_out1_clk_wiz_2  {rise@0.000ns fall@20.000ns period=40.000ns})
  Path Group:             clk_out1_clk_wiz_2
  Path Type:              Hold (Min at Fast Process Corner)
  Requirement:            0.000ns  (clk_out1_clk_wiz_2 rise@0.000ns - clk_out1_clk_wiz_2 rise@0.000ns)
  Data Path Delay:        0.197ns  (logic 0.141ns (71.611%)  route 0.056ns (28.389%))
  Logic Levels:           0  
  Clock Path Skew:        0.000ns (DCD - SCD - CPR)
    Destination Clock Delay (DCD):    0.892ns
    Source Clock Delay      (SCD):    0.620ns
    Clock Pessimism Removal (CPR):    0.272ns

    Location             Delay type                Incr(ns)  Path(ns)    Netlist Resource(s)
  -------------------------------------------------------------------    -------------------
                         (clock clk_out1_clk_wiz_2 rise edge)
                                                      0.000     0.000 r  
    BUFGCTRL_X0Y1        BUFG                         0.000     0.000 r  clk_IBUF_BUFG_inst/O
                         net (fo=857, routed)         0.745     0.745    u_video/mmcm_adv_inst_display_clocks/inst/clk_in1
    MMCME2_ADV_X1Y0      MMCME2_ADV (Prop_mmcme2_adv_CLKIN1_CLKOUT0)
                                                     -1.683    -0.938 r  u_video/mmcm_adv_inst_display_clocks/inst/mmcm_adv_inst/CLKOUT0
                         net (fo=1, routed)           0.912    -0.026    u_video/mmcm_adv_inst_display_clocks/inst/clk_out1_clk_wiz_2
    BUFGCTRL_X0Y2        BUFG (Prop_bufg_I_O)         0.026    -0.000 r  u_video/mmcm_adv_inst_display_clocks/inst/clkout1_buf/O
                         net (fo=85, routed)          0.620     0.620    u_video/inst_dvid/TDMS_encoder_blue/CLK
    SLICE_X147Y145       FDRE                                         r  u_video/inst_dvid/TDMS_encoder_blue/encoded_reg[3]/C
  -------------------------------------------------------------------    -------------------
    SLICE_X147Y145       FDRE (Prop_fdre_C_Q)         0.141     0.761 r  u_video/inst_dvid/TDMS_encoder_blue/encoded_reg[3]/Q
                         net (fo=1, routed)           0.056     0.816    u_video/inst_dvid/TDMS_encoder_blue_n_5
    SLICE_X147Y145       FDRE                                         r  u_video/inst_dvid/latched_blue_reg[3]/D
  -------------------------------------------------------------------    -------------------

                         (clock clk_out1_clk_wiz_2 rise edge)
                                                      0.000     0.000 r  
    BUFGCTRL_X0Y1        BUFG                         0.000     0.000 r  clk_IBUF_BUFG_inst/O
                         net (fo=857, routed)         1.022     1.022    u_video/mmcm_adv_inst_display_clocks/inst/clk_in1
    MMCME2_ADV_X1Y0      MMCME2_ADV (Prop_mmcme2_adv_CLKIN1_CLKOUT0)
                                                     -2.040    -1.018 r  u_video/mmcm_adv_inst_display_clocks/inst/mmcm_adv_inst/CLKOUT0
                         net (fo=1, routed)           0.989    -0.029    u_video/mmcm_adv_inst_display_clocks/inst/clk_out1_clk_wiz_2
    BUFGCTRL_X0Y2        BUFG (Prop_bufg_I_O)         0.029    -0.000 r  u_video/mmcm_adv_inst_display_clocks/inst/clkout1_buf/O
                         net (fo=85, routed)          0.892     0.892    u_video/inst_dvid/CLK
    SLICE_X147Y145       FDRE                                         r  u_video/inst_dvid/latched_blue_reg[3]/C
                         clock pessimism             -0.272     0.620    
    SLICE_X147Y145       FDRE (Hold_fdre_C_D)         0.071     0.691    u_video/inst_dvid/latched_blue_reg[3]
  -------------------------------------------------------------------
                         required time                         -0.691    
                         arrival time                           0.816    
  -------------------------------------------------------------------
                         slack                                  0.126    

Slack (MET) :             0.186ns  (arrival time - required time)
  Source:                 u_video/inst_dvid/TDMS_encoder_green/encoded_reg[8]/C
                            (rising edge-triggered cell FDRE clocked by clk_out1_clk_wiz_2  {rise@0.000ns fall@20.000ns period=40.000ns})
  Destination:            u_video/inst_dvid/latched_green_reg[8]/D
                            (rising edge-triggered cell FDRE clocked by clk_out1_clk_wiz_2  {rise@0.000ns fall@20.000ns period=40.000ns})
  Path Group:             clk_out1_clk_wiz_2
  Path Type:              Hold (Min at Fast Process Corner)
  Requirement:            0.000ns  (clk_out1_clk_wiz_2 rise@0.000ns - clk_out1_clk_wiz_2 rise@0.000ns)
  Data Path Delay:        0.257ns  (logic 0.141ns (54.828%)  route 0.116ns (45.172%))
  Logic Levels:           0  
  Clock Path Skew:        0.000ns (DCD - SCD - CPR)
    Destination Clock Delay (DCD):    0.918ns
    Source Clock Delay      (SCD):    0.645ns
    Clock Pessimism Removal (CPR):    0.273ns

    Location             Delay type                Incr(ns)  Path(ns)    Netlist Resource(s)
  -------------------------------------------------------------------    -------------------
                         (clock clk_out1_clk_wiz_2 rise edge)
                                                      0.000     0.000 r  
    BUFGCTRL_X0Y1        BUFG                         0.000     0.000 r  clk_IBUF_BUFG_inst/O
                         net (fo=857, routed)         0.745     0.745    u_video/mmcm_adv_inst_display_clocks/inst/clk_in1
    MMCME2_ADV_X1Y0      MMCME2_ADV (Prop_mmcme2_adv_CLKIN1_CLKOUT0)
                                                     -1.683    -0.938 r  u_video/mmcm_adv_inst_display_clocks/inst/mmcm_adv_inst/CLKOUT0
                         net (fo=1, routed)           0.912    -0.026    u_video/mmcm_adv_inst_display_clocks/inst/clk_out1_clk_wiz_2
    BUFGCTRL_X0Y2        BUFG (Prop_bufg_I_O)         0.026    -0.000 r  u_video/mmcm_adv_inst_display_clocks/inst/clkout1_buf/O
                         net (fo=85, routed)          0.645     0.645    u_video/inst_dvid/TDMS_encoder_green/CLK
    SLICE_X159Y139       FDRE                                         r  u_video/inst_dvid/TDMS_encoder_green/encoded_reg[8]/C
  -------------------------------------------------------------------    -------------------
    SLICE_X159Y139       FDRE (Prop_fdre_C_Q)         0.141     0.786 r  u_video/inst_dvid/TDMS_encoder_green/encoded_reg[8]/Q
                         net (fo=1, routed)           0.116     0.902    u_video/inst_dvid/TDMS_encoder_green_n_1
    SLICE_X159Y139       FDRE                                         r  u_video/inst_dvid/latched_green_reg[8]/D
  -------------------------------------------------------------------    -------------------

                         (clock clk_out1_clk_wiz_2 rise edge)
                                                      0.000     0.000 r  
    BUFGCTRL_X0Y1        BUFG                         0.000     0.000 r  clk_IBUF_BUFG_inst/O
                         net (fo=857, routed)         1.022     1.022    u_video/mmcm_adv_inst_display_clocks/inst/clk_in1
    MMCME2_ADV_X1Y0      MMCME2_ADV (Prop_mmcme2_adv_CLKIN1_CLKOUT0)
                                                     -2.040    -1.018 r  u_video/mmcm_adv_inst_display_clocks/inst/mmcm_adv_inst/CLKOUT0
                         net (fo=1, routed)           0.989    -0.029    u_video/mmcm_adv_inst_display_clocks/inst/clk_out1_clk_wiz_2
    BUFGCTRL_X0Y2        BUFG (Prop_bufg_I_O)         0.029    -0.000 r  u_video/mmcm_adv_inst_display_clocks/inst/clkout1_buf/O
                         net (fo=85, routed)          0.918     0.918    u_video/inst_dvid/CLK
    SLICE_X159Y139       FDRE                                         r  u_video/inst_dvid/latched_green_reg[8]/C
                         clock pessimism             -0.273     0.645    
    SLICE_X159Y139       FDRE (Hold_fdre_C_D)         0.071     0.716    u_video/inst_dvid/latched_green_reg[8]
  -------------------------------------------------------------------
                         required time                         -0.716    
                         arrival time                           0.902    
  -------------------------------------------------------------------
                         slack                                  0.186    

Slack (MET) :             0.208ns  (arrival time - required time)
  Source:                 u_video/inst_vga/u_vga_sig/v_counter/roll_tide_reg[0]/C
                            (rising edge-triggered cell FDRE clocked by clk_out1_clk_wiz_2  {rise@0.000ns fall@20.000ns period=40.000ns})
  Destination:            u_video/inst_vga/u_vga_sig/current_pos_reg[row][0]/D
                            (rising edge-triggered cell FDRE clocked by clk_out1_clk_wiz_2  {rise@0.000ns fall@20.000ns period=40.000ns})
  Path Group:             clk_out1_clk_wiz_2
  Path Type:              Hold (Min at Fast Process Corner)
  Requirement:            0.000ns  (clk_out1_clk_wiz_2 rise@0.000ns - clk_out1_clk_wiz_2 rise@0.000ns)
  Data Path Delay:        0.314ns  (logic 0.141ns (44.887%)  route 0.173ns (55.113%))
  Logic Levels:           0  
  Clock Path Skew:        0.036ns (DCD - SCD - CPR)
    Destination Clock Delay (DCD):    0.866ns
    Source Clock Delay      (SCD):    0.596ns
    Clock Pessimism Removal (CPR):    0.234ns

    Location             Delay type                Incr(ns)  Path(ns)    Netlist Resource(s)
  -------------------------------------------------------------------    -------------------
                         (clock clk_out1_clk_wiz_2 rise edge)
                                                      0.000     0.000 r  
    BUFGCTRL_X0Y1        BUFG                         0.000     0.000 r  clk_IBUF_BUFG_inst/O
                         net (fo=857, routed)         0.745     0.745    u_video/mmcm_adv_inst_display_clocks/inst/clk_in1
    MMCME2_ADV_X1Y0      MMCME2_ADV (Prop_mmcme2_adv_CLKIN1_CLKOUT0)
                                                     -1.683    -0.938 r  u_video/mmcm_adv_inst_display_clocks/inst/mmcm_adv_inst/CLKOUT0
                         net (fo=1, routed)           0.912    -0.026    u_video/mmcm_adv_inst_display_clocks/inst/clk_out1_clk_wiz_2
    BUFGCTRL_X0Y2        BUFG (Prop_bufg_I_O)         0.026    -0.000 r  u_video/mmcm_adv_inst_display_clocks/inst/clkout1_buf/O
                         net (fo=85, routed)          0.596     0.596    u_video/inst_vga/u_vga_sig/v_counter/CLK
    SLICE_X134Y148       FDRE                                         r  u_video/inst_vga/u_vga_sig/v_counter/roll_tide_reg[0]/C
  -------------------------------------------------------------------    -------------------
    SLICE_X134Y148       FDRE (Prop_fdre_C_Q)         0.141     0.737 r  u_video/inst_vga/u_vga_sig/v_counter/roll_tide_reg[0]/Q
                         net (fo=9, routed)           0.173     0.910    u_video/inst_vga/u_vga_sig/v_count[0]
    SLICE_X130Y148       FDRE                                         r  u_video/inst_vga/u_vga_sig/current_pos_reg[row][0]/D
  -------------------------------------------------------------------    -------------------

                         (clock clk_out1_clk_wiz_2 rise edge)
                                                      0.000     0.000 r  
    BUFGCTRL_X0Y1        BUFG                         0.000     0.000 r  clk_IBUF_BUFG_inst/O
                         net (fo=857, routed)         1.022     1.022    u_video/mmcm_adv_inst_display_clocks/inst/clk_in1
    MMCME2_ADV_X1Y0      MMCME2_ADV (Prop_mmcme2_adv_CLKIN1_CLKOUT0)
                                                     -2.040    -1.018 r  u_video/mmcm_adv_inst_display_clocks/inst/mmcm_adv_inst/CLKOUT0
                         net (fo=1, routed)           0.989    -0.029    u_video/mmcm_adv_inst_display_clocks/inst/clk_out1_clk_wiz_2
    BUFGCTRL_X0Y2        BUFG (Prop_bufg_I_O)         0.029    -0.000 r  u_video/mmcm_adv_inst_display_clocks/inst/clkout1_buf/O
                         net (fo=85, routed)          0.866     0.866    u_video/inst_vga/u_vga_sig/CLK
    SLICE_X130Y148       FDRE                                         r  u_video/inst_vga/u_vga_sig/current_pos_reg[row][0]/C
                         clock pessimism             -0.234     0.632    
    SLICE_X130Y148       FDRE (Hold_fdre_C_D)         0.070     0.702    u_video/inst_vga/u_vga_sig/current_pos_reg[row][0]
  -------------------------------------------------------------------
                         required time                         -0.702    
                         arrival time                           0.910    
  -------------------------------------------------------------------
                         slack                                  0.208    

Slack (MET) :             0.208ns  (arrival time - required time)
  Source:                 u_video/inst_vga/u_vga_sig/h_counter/roll_tide_reg[6]/C
                            (rising edge-triggered cell FDRE clocked by clk_out1_clk_wiz_2  {rise@0.000ns fall@20.000ns period=40.000ns})
  Destination:            u_video/inst_vga/u_vga_sig/current_pos_reg[col][6]/D
                            (rising edge-triggered cell FDRE clocked by clk_out1_clk_wiz_2  {rise@0.000ns fall@20.000ns period=40.000ns})
  Path Group:             clk_out1_clk_wiz_2
  Path Type:              Hold (Min at Fast Process Corner)
  Requirement:            0.000ns  (clk_out1_clk_wiz_2 rise@0.000ns - clk_out1_clk_wiz_2 rise@0.000ns)
  Data Path Delay:        0.294ns  (logic 0.141ns (47.886%)  route 0.153ns (52.114%))
  Logic Levels:           0  
  Clock Path Skew:        0.016ns (DCD - SCD - CPR)
    Destination Clock Delay (DCD):    0.867ns
    Source Clock Delay      (SCD):    0.596ns
    Clock Pessimism Removal (CPR):    0.255ns

    Location             Delay type                Incr(ns)  Path(ns)    Netlist Resource(s)
  -------------------------------------------------------------------    -------------------
                         (clock clk_out1_clk_wiz_2 rise edge)
                                                      0.000     0.000 r  
    BUFGCTRL_X0Y1        BUFG                         0.000     0.000 r  clk_IBUF_BUFG_inst/O
                         net (fo=857, routed)         0.745     0.745    u_video/mmcm_adv_inst_display_clocks/inst/clk_in1
    MMCME2_ADV_X1Y0      MMCME2_ADV (Prop_mmcme2_adv_CLKIN1_CLKOUT0)
                                                     -1.683    -0.938 r  u_video/mmcm_adv_inst_display_clocks/inst/mmcm_adv_inst/CLKOUT0
                         net (fo=1, routed)           0.912    -0.026    u_video/mmcm_adv_inst_display_clocks/inst/clk_out1_clk_wiz_2
    BUFGCTRL_X0Y2        BUFG (Prop_bufg_I_O)         0.026    -0.000 r  u_video/mmcm_adv_inst_display_clocks/inst/clkout1_buf/O
                         net (fo=85, routed)          0.596     0.596    u_video/inst_vga/u_vga_sig/h_counter/CLK
    SLICE_X137Y148       FDRE                                         r  u_video/inst_vga/u_vga_sig/h_counter/roll_tide_reg[6]/C
  -------------------------------------------------------------------    -------------------
    SLICE_X137Y148       FDRE (Prop_fdre_C_Q)         0.141     0.737 r  u_video/inst_vga/u_vga_sig/h_counter/roll_tide_reg[6]/Q
                         net (fo=7, routed)           0.153     0.890    u_video/inst_vga/u_vga_sig/roll_tide_reg[6]
    SLICE_X137Y147       FDRE                                         r  u_video/inst_vga/u_vga_sig/current_pos_reg[col][6]/D
  -------------------------------------------------------------------    -------------------

                         (clock clk_out1_clk_wiz_2 rise edge)
                                                      0.000     0.000 r  
    BUFGCTRL_X0Y1        BUFG                         0.000     0.000 r  clk_IBUF_BUFG_inst/O
                         net (fo=857, routed)         1.022     1.022    u_video/mmcm_adv_inst_display_clocks/inst/clk_in1
    MMCME2_ADV_X1Y0      MMCME2_ADV (Prop_mmcme2_adv_CLKIN1_CLKOUT0)
                                                     -2.040    -1.018 r  u_video/mmcm_adv_inst_display_clocks/inst/mmcm_adv_inst/CLKOUT0
                         net (fo=1, routed)           0.989    -0.029    u_video/mmcm_adv_inst_display_clocks/inst/clk_out1_clk_wiz_2
    BUFGCTRL_X0Y2        BUFG (Prop_bufg_I_O)         0.029    -0.000 r  u_video/mmcm_adv_inst_display_clocks/inst/clkout1_buf/O
                         net (fo=85, routed)          0.867     0.867    u_video/inst_vga/u_vga_sig/CLK
    SLICE_X137Y147       FDRE                                         r  u_video/inst_vga/u_vga_sig/current_pos_reg[col][6]/C
                         clock pessimism             -0.255     0.612    
    SLICE_X137Y147       FDRE (Hold_fdre_C_D)         0.070     0.682    u_video/inst_vga/u_vga_sig/current_pos_reg[col][6]
  -------------------------------------------------------------------
                         required time                         -0.682    
                         arrival time                           0.890    
  -------------------------------------------------------------------
                         slack                                  0.208    

Slack (MET) :             0.210ns  (arrival time - required time)
  Source:                 u_video/inst_dvid/TDMS_encoder_blue/encoded_reg[1]/C
                            (rising edge-triggered cell FDRE clocked by clk_out1_clk_wiz_2  {rise@0.000ns fall@20.000ns period=40.000ns})
  Destination:            u_video/inst_dvid/latched_blue_reg[1]/D
                            (rising edge-triggered cell FDRE clocked by clk_out1_clk_wiz_2  {rise@0.000ns fall@20.000ns period=40.000ns})
  Path Group:             clk_out1_clk_wiz_2
  Path Type:              Hold (Min at Fast Process Corner)
  Requirement:            0.000ns  (clk_out1_clk_wiz_2 rise@0.000ns - clk_out1_clk_wiz_2 rise@0.000ns)
  Data Path Delay:        0.274ns  (logic 0.164ns (59.853%)  route 0.110ns (40.147%))
  Logic Levels:           0  
  Clock Path Skew:        0.000ns (DCD - SCD - CPR)
    Destination Clock Delay (DCD):    0.892ns
    Source Clock Delay      (SCD):    0.620ns
    Clock Pessimism Removal (CPR):    0.272ns

    Location             Delay type                Incr(ns)  Path(ns)    Netlist Resource(s)
  -------------------------------------------------------------------    -------------------
                         (clock clk_out1_clk_wiz_2 rise edge)
                                                      0.000     0.000 r  
    BUFGCTRL_X0Y1        BUFG                         0.000     0.000 r  clk_IBUF_BUFG_inst/O
                         net (fo=857, routed)         0.745     0.745    u_video/mmcm_adv_inst_display_clocks/inst/clk_in1
    MMCME2_ADV_X1Y0      MMCME2_ADV (Prop_mmcme2_adv_CLKIN1_CLKOUT0)
                                                     -1.683    -0.938 r  u_video/mmcm_adv_inst_display_clocks/inst/mmcm_adv_inst/CLKOUT0
                         net (fo=1, routed)           0.912    -0.026    u_video/mmcm_adv_inst_display_clocks/inst/clk_out1_clk_wiz_2
    BUFGCTRL_X0Y2        BUFG (Prop_bufg_I_O)         0.026    -0.000 r  u_video/mmcm_adv_inst_display_clocks/inst/clkout1_buf/O
                         net (fo=85, routed)          0.620     0.620    u_video/inst_dvid/TDMS_encoder_blue/CLK
    SLICE_X146Y145       FDRE                                         r  u_video/inst_dvid/TDMS_encoder_blue/encoded_reg[1]/C
  -------------------------------------------------------------------    -------------------
    SLICE_X146Y145       FDRE (Prop_fdre_C_Q)         0.164     0.784 r  u_video/inst_dvid/TDMS_encoder_blue/encoded_reg[1]/Q
                         net (fo=1, routed)           0.110     0.894    u_video/inst_dvid/TDMS_encoder_blue_n_7
    SLICE_X146Y145       FDRE                                         r  u_video/inst_dvid/latched_blue_reg[1]/D
  -------------------------------------------------------------------    -------------------

                         (clock clk_out1_clk_wiz_2 rise edge)
                                                      0.000     0.000 r  
    BUFGCTRL_X0Y1        BUFG                         0.000     0.000 r  clk_IBUF_BUFG_inst/O
                         net (fo=857, routed)         1.022     1.022    u_video/mmcm_adv_inst_display_clocks/inst/clk_in1
    MMCME2_ADV_X1Y0      MMCME2_ADV (Prop_mmcme2_adv_CLKIN1_CLKOUT0)
                                                     -2.040    -1.018 r  u_video/mmcm_adv_inst_display_clocks/inst/mmcm_adv_inst/CLKOUT0
                         net (fo=1, routed)           0.989    -0.029    u_video/mmcm_adv_inst_display_clocks/inst/clk_out1_clk_wiz_2
    BUFGCTRL_X0Y2        BUFG (Prop_bufg_I_O)         0.029    -0.000 r  u_video/mmcm_adv_inst_display_clocks/inst/clkout1_buf/O
                         net (fo=85, routed)          0.892     0.892    u_video/inst_dvid/CLK
    SLICE_X146Y145       FDRE                                         r  u_video/inst_dvid/latched_blue_reg[1]/C
                         clock pessimism             -0.272     0.620    
    SLICE_X146Y145       FDRE (Hold_fdre_C_D)         0.064     0.684    u_video/inst_dvid/latched_blue_reg[1]
  -------------------------------------------------------------------
                         required time                         -0.684    
                         arrival time                           0.894    
  -------------------------------------------------------------------
                         slack                                  0.210    

Slack (MET) :             0.211ns  (arrival time - required time)
  Source:                 u_video/inst_vga/u_vga_sig/v_counter/roll_tide_reg[3]/C
                            (rising edge-triggered cell FDRE clocked by clk_out1_clk_wiz_2  {rise@0.000ns fall@20.000ns period=40.000ns})
  Destination:            u_video/inst_vga/u_vga_sig/v_counter/roll_tide_reg[2]/D
                            (rising edge-triggered cell FDRE clocked by clk_out1_clk_wiz_2  {rise@0.000ns fall@20.000ns period=40.000ns})
  Path Group:             clk_out1_clk_wiz_2
  Path Type:              Hold (Min at Fast Process Corner)
  Requirement:            0.000ns  (clk_out1_clk_wiz_2 rise@0.000ns - clk_out1_clk_wiz_2 rise@0.000ns)
  Data Path Delay:        0.331ns  (logic 0.189ns (57.046%)  route 0.142ns (42.954%))
  Logic Levels:           1  (LUT5=1)
  Clock Path Skew:        0.013ns (DCD - SCD - CPR)
    Destination Clock Delay (DCD):    0.867ns
    Source Clock Delay      (SCD):    0.596ns
    Clock Pessimism Removal (CPR):    0.258ns

    Location             Delay type                Incr(ns)  Path(ns)    Netlist Resource(s)
  -------------------------------------------------------------------    -------------------
                         (clock clk_out1_clk_wiz_2 rise edge)
                                                      0.000     0.000 r  
    BUFGCTRL_X0Y1        BUFG                         0.000     0.000 r  clk_IBUF_BUFG_inst/O
                         net (fo=857, routed)         0.745     0.745    u_video/mmcm_adv_inst_display_clocks/inst/clk_in1
    MMCME2_ADV_X1Y0      MMCME2_ADV (Prop_mmcme2_adv_CLKIN1_CLKOUT0)
                                                     -1.683    -0.938 r  u_video/mmcm_adv_inst_display_clocks/inst/mmcm_adv_inst/CLKOUT0
                         net (fo=1, routed)           0.912    -0.026    u_video/mmcm_adv_inst_display_clocks/inst/clk_out1_clk_wiz_2
    BUFGCTRL_X0Y2        BUFG (Prop_bufg_I_O)         0.026    -0.000 r  u_video/mmcm_adv_inst_display_clocks/inst/clkout1_buf/O
                         net (fo=85, routed)          0.596     0.596    u_video/inst_vga/u_vga_sig/v_counter/CLK
    SLICE_X135Y148       FDRE                                         r  u_video/inst_vga/u_vga_sig/v_counter/roll_tide_reg[3]/C
  -------------------------------------------------------------------    -------------------
    SLICE_X135Y148       FDRE (Prop_fdre_C_Q)         0.141     0.737 f  u_video/inst_vga/u_vga_sig/v_counter/roll_tide_reg[3]/Q
                         net (fo=9, routed)           0.142     0.879    u_video/inst_vga/u_vga_sig/v_counter/Q[3]
    SLICE_X134Y148       LUT5 (Prop_lut5_I0_O)        0.048     0.927 r  u_video/inst_vga/u_vga_sig/v_counter/roll_tide[2]_i_1__0/O
                         net (fo=1, routed)           0.000     0.927    u_video/inst_vga/u_vga_sig/v_counter/roll_tide[2]
    SLICE_X134Y148       FDRE                                         r  u_video/inst_vga/u_vga_sig/v_counter/roll_tide_reg[2]/D
  -------------------------------------------------------------------    -------------------

                         (clock clk_out1_clk_wiz_2 rise edge)
                                                      0.000     0.000 r  
    BUFGCTRL_X0Y1        BUFG                         0.000     0.000 r  clk_IBUF_BUFG_inst/O
                         net (fo=857, routed)         1.022     1.022    u_video/mmcm_adv_inst_display_clocks/inst/clk_in1
    MMCME2_ADV_X1Y0      MMCME2_ADV (Prop_mmcme2_adv_CLKIN1_CLKOUT0)
                                                     -2.040    -1.018 r  u_video/mmcm_adv_inst_display_clocks/inst/mmcm_adv_inst/CLKOUT0
                         net (fo=1, routed)           0.989    -0.029    u_video/mmcm_adv_inst_display_clocks/inst/clk_out1_clk_wiz_2
    BUFGCTRL_X0Y2        BUFG (Prop_bufg_I_O)         0.029    -0.000 r  u_video/mmcm_adv_inst_display_clocks/inst/clkout1_buf/O
                         net (fo=85, routed)          0.867     0.867    u_video/inst_vga/u_vga_sig/v_counter/CLK
    SLICE_X134Y148       FDRE                                         r  u_video/inst_vga/u_vga_sig/v_counter/roll_tide_reg[2]/C
                         clock pessimism             -0.258     0.609    
    SLICE_X134Y148       FDRE (Hold_fdre_C_D)         0.107     0.716    u_video/inst_vga/u_vga_sig/v_counter/roll_tide_reg[2]
  -------------------------------------------------------------------
                         required time                         -0.716    
                         arrival time                           0.927    
  -------------------------------------------------------------------
                         slack                                  0.211    

Slack (MET) :             0.217ns  (arrival time - required time)
  Source:                 u_video/inst_vga/u_vga_sig/h_counter/roll_tide_reg[4]/C
                            (rising edge-triggered cell FDRE clocked by clk_out1_clk_wiz_2  {rise@0.000ns fall@20.000ns period=40.000ns})
  Destination:            u_video/inst_vga/u_vga_sig/h_counter/roll_tide_reg[5]/D
                            (rising edge-triggered cell FDRE clocked by clk_out1_clk_wiz_2  {rise@0.000ns fall@20.000ns period=40.000ns})
  Path Group:             clk_out1_clk_wiz_2
  Path Type:              Hold (Min at Fast Process Corner)
  Requirement:            0.000ns  (clk_out1_clk_wiz_2 rise@0.000ns - clk_out1_clk_wiz_2 rise@0.000ns)
  Data Path Delay:        0.354ns  (logic 0.226ns (63.876%)  route 0.128ns (36.124%))
  Logic Levels:           1  (LUT6=1)
  Clock Path Skew:        0.016ns (DCD - SCD - CPR)
    Destination Clock Delay (DCD):    0.867ns
    Source Clock Delay      (SCD):    0.596ns
    Clock Pessimism Removal (CPR):    0.255ns

    Location             Delay type                Incr(ns)  Path(ns)    Netlist Resource(s)
  -------------------------------------------------------------------    -------------------
                         (clock clk_out1_clk_wiz_2 rise edge)
                                                      0.000     0.000 r  
    BUFGCTRL_X0Y1        BUFG                         0.000     0.000 r  clk_IBUF_BUFG_inst/O
                         net (fo=857, routed)         0.745     0.745    u_video/mmcm_adv_inst_display_clocks/inst/clk_in1
    MMCME2_ADV_X1Y0      MMCME2_ADV (Prop_mmcme2_adv_CLKIN1_CLKOUT0)
                                                     -1.683    -0.938 r  u_video/mmcm_adv_inst_display_clocks/inst/mmcm_adv_inst/CLKOUT0
                         net (fo=1, routed)           0.912    -0.026    u_video/mmcm_adv_inst_display_clocks/inst/clk_out1_clk_wiz_2
    BUFGCTRL_X0Y2        BUFG (Prop_bufg_I_O)         0.026    -0.000 r  u_video/mmcm_adv_inst_display_clocks/inst/clkout1_buf/O
                         net (fo=85, routed)          0.596     0.596    u_video/inst_vga/u_vga_sig/h_counter/CLK
    SLICE_X137Y148       FDRE                                         r  u_video/inst_vga/u_vga_sig/h_counter/roll_tide_reg[4]/C
  -------------------------------------------------------------------    -------------------
    SLICE_X137Y148       FDRE (Prop_fdre_C_Q)         0.128     0.724 r  u_video/inst_vga/u_vga_sig/h_counter/roll_tide_reg[4]/Q
                         net (fo=5, routed)           0.128     0.851    u_video/inst_vga/u_vga_sig/h_counter/Q[4]
    SLICE_X136Y149       LUT6 (Prop_lut6_I0_O)        0.098     0.949 r  u_video/inst_vga/u_vga_sig/h_counter/roll_tide[5]_i_1/O
                         net (fo=1, routed)           0.000     0.949    u_video/inst_vga/u_vga_sig/h_counter/data0[5]
    SLICE_X136Y149       FDRE                                         r  u_video/inst_vga/u_vga_sig/h_counter/roll_tide_reg[5]/D
  -------------------------------------------------------------------    -------------------

                         (clock clk_out1_clk_wiz_2 rise edge)
                                                      0.000     0.000 r  
    BUFGCTRL_X0Y1        BUFG                         0.000     0.000 r  clk_IBUF_BUFG_inst/O
                         net (fo=857, routed)         1.022     1.022    u_video/mmcm_adv_inst_display_clocks/inst/clk_in1
    MMCME2_ADV_X1Y0      MMCME2_ADV (Prop_mmcme2_adv_CLKIN1_CLKOUT0)
                                                     -2.040    -1.018 r  u_video/mmcm_adv_inst_display_clocks/inst/mmcm_adv_inst/CLKOUT0
                         net (fo=1, routed)           0.989    -0.029    u_video/mmcm_adv_inst_display_clocks/inst/clk_out1_clk_wiz_2
    BUFGCTRL_X0Y2        BUFG (Prop_bufg_I_O)         0.029    -0.000 r  u_video/mmcm_adv_inst_display_clocks/inst/clkout1_buf/O
                         net (fo=85, routed)          0.867     0.867    u_video/inst_vga/u_vga_sig/h_counter/CLK
    SLICE_X136Y149       FDRE                                         r  u_video/inst_vga/u_vga_sig/h_counter/roll_tide_reg[5]/C
                         clock pessimism             -0.255     0.612    
    SLICE_X136Y149       FDRE (Hold_fdre_C_D)         0.121     0.733    u_video/inst_vga/u_vga_sig/h_counter/roll_tide_reg[5]
  -------------------------------------------------------------------
                         required time                         -0.733    
                         arrival time                           0.949    
  -------------------------------------------------------------------
                         slack                                  0.217    

Slack (MET) :             0.219ns  (arrival time - required time)
  Source:                 u_video/inst_dvid/TDMS_encoder_red/encoded_reg[2]/C
                            (rising edge-triggered cell FDSE clocked by clk_out1_clk_wiz_2  {rise@0.000ns fall@20.000ns period=40.000ns})
  Destination:            u_video/inst_dvid/latched_red_reg[2]/D
                            (rising edge-triggered cell FDRE clocked by clk_out1_clk_wiz_2  {rise@0.000ns fall@20.000ns period=40.000ns})
  Path Group:             clk_out1_clk_wiz_2
  Path Type:              Hold (Min at Fast Process Corner)
  Requirement:            0.000ns  (clk_out1_clk_wiz_2 rise@0.000ns - clk_out1_clk_wiz_2 rise@0.000ns)
  Data Path Delay:        0.325ns  (logic 0.164ns (50.440%)  route 0.161ns (49.560%))
  Logic Levels:           0  
  Clock Path Skew:        0.040ns (DCD - SCD - CPR)
    Destination Clock Delay (DCD):    0.919ns
    Source Clock Delay      (SCD):    0.645ns
    Clock Pessimism Removal (CPR):    0.234ns

    Location             Delay type                Incr(ns)  Path(ns)    Netlist Resource(s)
  -------------------------------------------------------------------    -------------------
                         (clock clk_out1_clk_wiz_2 rise edge)
                                                      0.000     0.000 r  
    BUFGCTRL_X0Y1        BUFG                         0.000     0.000 r  clk_IBUF_BUFG_inst/O
                         net (fo=857, routed)         0.745     0.745    u_video/mmcm_adv_inst_display_clocks/inst/clk_in1
    MMCME2_ADV_X1Y0      MMCME2_ADV (Prop_mmcme2_adv_CLKIN1_CLKOUT0)
                                                     -1.683    -0.938 r  u_video/mmcm_adv_inst_display_clocks/inst/mmcm_adv_inst/CLKOUT0
                         net (fo=1, routed)           0.912    -0.026    u_video/mmcm_adv_inst_display_clocks/inst/clk_out1_clk_wiz_2
    BUFGCTRL_X0Y2        BUFG (Prop_bufg_I_O)         0.026    -0.000 r  u_video/mmcm_adv_inst_display_clocks/inst/clkout1_buf/O
                         net (fo=85, routed)          0.645     0.645    u_video/inst_dvid/TDMS_encoder_red/CLK
    SLICE_X158Y138       FDSE                                         r  u_video/inst_dvid/TDMS_encoder_red/encoded_reg[2]/C
  -------------------------------------------------------------------    -------------------
    SLICE_X158Y138       FDSE (Prop_fdse_C_Q)         0.164     0.809 r  u_video/inst_dvid/TDMS_encoder_red/encoded_reg[2]/Q
                         net (fo=1, routed)           0.161     0.970    u_video/inst_dvid/TDMS_encoder_red_n_2
    SLICE_X161Y138       FDRE                                         r  u_video/inst_dvid/latched_red_reg[2]/D
  -------------------------------------------------------------------    -------------------

                         (clock clk_out1_clk_wiz_2 rise edge)
                                                      0.000     0.000 r  
    BUFGCTRL_X0Y1        BUFG                         0.000     0.000 r  clk_IBUF_BUFG_inst/O
                         net (fo=857, routed)         1.022     1.022    u_video/mmcm_adv_inst_display_clocks/inst/clk_in1
    MMCME2_ADV_X1Y0      MMCME2_ADV (Prop_mmcme2_adv_CLKIN1_CLKOUT0)
                                                     -2.040    -1.018 r  u_video/mmcm_adv_inst_display_clocks/inst/mmcm_adv_inst/CLKOUT0
                         net (fo=1, routed)           0.989    -0.029    u_video/mmcm_adv_inst_display_clocks/inst/clk_out1_clk_wiz_2
    BUFGCTRL_X0Y2        BUFG (Prop_bufg_I_O)         0.029    -0.000 r  u_video/mmcm_adv_inst_display_clocks/inst/clkout1_buf/O
                         net (fo=85, routed)          0.919     0.919    u_video/inst_dvid/CLK
    SLICE_X161Y138       FDRE                                         r  u_video/inst_dvid/latched_red_reg[2]/C
                         clock pessimism             -0.234     0.685    
    SLICE_X161Y138       FDRE (Hold_fdre_C_D)         0.066     0.751    u_video/inst_dvid/latched_red_reg[2]
  -------------------------------------------------------------------
                         required time                         -0.751    
                         arrival time                           0.970    
  -------------------------------------------------------------------
                         slack                                  0.219    





Pulse Width Checks
--------------------------------------------------------------------------------------
Clock Name:         clk_out1_clk_wiz_2
Waveform(ns):       { 0.000 20.000 }
Period(ns):         40.000
Sources:            { u_video/mmcm_adv_inst_display_clocks/inst/mmcm_adv_inst/CLKOUT0 }

Check Type        Corner  Lib Pin             Reference Pin  Required(ns)  Actual(ns)  Slack(ns)  Location         Pin
Min Period        n/a     BUFG/I              n/a            2.155         40.000      37.845     BUFGCTRL_X0Y2    u_video/mmcm_adv_inst_display_clocks/inst/clkout1_buf/I
Min Period        n/a     MMCME2_ADV/CLKOUT0  n/a            1.249         40.000      38.751     MMCME2_ADV_X1Y0  u_video/mmcm_adv_inst_display_clocks/inst/mmcm_adv_inst/CLKOUT0
Min Period        n/a     FDRE/C              n/a            1.000         40.000      39.000     SLICE_X146Y145   u_video/inst_dvid/latched_blue_reg[0]/C
Min Period        n/a     FDRE/C              n/a            1.000         40.000      39.000     SLICE_X146Y145   u_video/inst_dvid/latched_blue_reg[1]/C
Min Period        n/a     FDRE/C              n/a            1.000         40.000      39.000     SLICE_X147Y145   u_video/inst_dvid/latched_blue_reg[2]/C
Min Period        n/a     FDRE/C              n/a            1.000         40.000      39.000     SLICE_X147Y145   u_video/inst_dvid/latched_blue_reg[3]/C
Min Period        n/a     FDRE/C              n/a            1.000         40.000      39.000     SLICE_X147Y145   u_video/inst_dvid/latched_blue_reg[4]/C
Min Period        n/a     FDRE/C              n/a            1.000         40.000      39.000     SLICE_X146Y145   u_video/inst_dvid/latched_blue_reg[8]/C
Min Period        n/a     FDRE/C              n/a            1.000         40.000      39.000     SLICE_X146Y145   u_video/inst_dvid/latched_blue_reg[9]/C
Min Period        n/a     FDRE/C              n/a            1.000         40.000      39.000     SLICE_X159Y138   u_video/inst_dvid/latched_green_reg[1]/C
Max Period        n/a     MMCME2_ADV/CLKOUT0  n/a            213.360       40.000      173.360    MMCME2_ADV_X1Y0  u_video/mmcm_adv_inst_display_clocks/inst/mmcm_adv_inst/CLKOUT0
Low Pulse Width   Slow    FDRE/C              n/a            0.500         20.000      19.500     SLICE_X146Y145   u_video/inst_dvid/latched_blue_reg[0]/C
Low Pulse Width   Fast    FDRE/C              n/a            0.500         20.000      19.500     SLICE_X146Y145   u_video/inst_dvid/latched_blue_reg[0]/C
Low Pulse Width   Slow    FDRE/C              n/a            0.500         20.000      19.500     SLICE_X146Y145   u_video/inst_dvid/latched_blue_reg[1]/C
Low Pulse Width   Fast    FDRE/C              n/a            0.500         20.000      19.500     SLICE_X146Y145   u_video/inst_dvid/latched_blue_reg[1]/C
Low Pulse Width   Slow    FDRE/C              n/a            0.500         20.000      19.500     SLICE_X147Y145   u_video/inst_dvid/latched_blue_reg[2]/C
Low Pulse Width   Fast    FDRE/C              n/a            0.500         20.000      19.500     SLICE_X147Y145   u_video/inst_dvid/latched_blue_reg[2]/C
Low Pulse Width   Slow    FDRE/C              n/a            0.500         20.000      19.500     SLICE_X147Y145   u_video/inst_dvid/latched_blue_reg[3]/C
Low Pulse Width   Fast    FDRE/C              n/a            0.500         20.000      19.500     SLICE_X147Y145   u_video/inst_dvid/latched_blue_reg[3]/C
Low Pulse Width   Slow    FDRE/C              n/a            0.500         20.000      19.500     SLICE_X147Y145   u_video/inst_dvid/latched_blue_reg[4]/C
Low Pulse Width   Fast    FDRE/C              n/a            0.500         20.000      19.500     SLICE_X147Y145   u_video/inst_dvid/latched_blue_reg[4]/C
High Pulse Width  Slow    FDRE/C              n/a            0.500         20.000      19.500     SLICE_X146Y145   u_video/inst_dvid/latched_blue_reg[0]/C
High Pulse Width  Fast    FDRE/C              n/a            0.500         20.000      19.500     SLICE_X146Y145   u_video/inst_dvid/latched_blue_reg[0]/C
High Pulse Width  Slow    FDRE/C              n/a            0.500         20.000      19.500     SLICE_X146Y145   u_video/inst_dvid/latched_blue_reg[1]/C
High Pulse Width  Fast    FDRE/C              n/a            0.500         20.000      19.500     SLICE_X146Y145   u_video/inst_dvid/latched_blue_reg[1]/C
High Pulse Width  Slow    FDRE/C              n/a            0.500         20.000      19.500     SLICE_X147Y145   u_video/inst_dvid/latched_blue_reg[2]/C
High Pulse Width  Fast    FDRE/C              n/a            0.500         20.000      19.500     SLICE_X147Y145   u_video/inst_dvid/latched_blue_reg[2]/C
High Pulse Width  Slow    FDRE/C              n/a            0.500         20.000      19.500     SLICE_X147Y145   u_video/inst_dvid/latched_blue_reg[3]/C
High Pulse Width  Fast    FDRE/C              n/a            0.500         20.000      19.500     SLICE_X147Y145   u_video/inst_dvid/latched_blue_reg[3]/C
High Pulse Width  Slow    FDRE/C              n/a            0.500         20.000      19.500     SLICE_X147Y145   u_video/inst_dvid/latched_blue_reg[4]/C
High Pulse Width  Fast    FDRE/C              n/a            0.500         20.000      19.500     SLICE_X147Y145   u_video/inst_dvid/latched_blue_reg[4]/C



---------------------------------------------------------------------------------------------------
From Clock:  clk_out2_clk_wiz_2
  To Clock:  clk_out2_clk_wiz_2

Setup :            0  Failing Endpoints,  Worst Slack        2.702ns,  Total Violation        0.000ns
Hold  :            0  Failing Endpoints,  Worst Slack        0.194ns,  Total Violation        0.000ns
PW    :            0  Failing Endpoints,  Worst Slack        3.500ns,  Total Violation        0.000ns
---------------------------------------------------------------------------------------------------


Max Delay Paths
--------------------------------------------------------------------------------------
Slack (MET) :             2.702ns  (required time - arrival time)
  Source:                 u_video/inst_dvid/shift_clock_reg[1]/C
                            (rising edge-triggered cell FDRE clocked by clk_out2_clk_wiz_2  {rise@0.000ns fall@4.000ns period=8.000ns})
  Destination:            u_video/inst_dvid/shift_red_reg[0]/S
                            (rising edge-triggered cell FDSE clocked by clk_out2_clk_wiz_2  {rise@0.000ns fall@4.000ns period=8.000ns})
  Path Group:             clk_out2_clk_wiz_2
  Path Type:              Setup (Max at Slow Process Corner)
  Requirement:            8.000ns  (clk_out2_clk_wiz_2 rise@8.000ns - clk_out2_clk_wiz_2 rise@0.000ns)
  Data Path Delay:        4.667ns  (logic 0.828ns (17.742%)  route 3.839ns (82.258%))
  Logic Levels:           3  (LUT2=1 LUT5=1 LUT6=1)
  Clock Path Skew:        -0.035ns (DCD - SCD + CPR)
    Destination Clock Delay (DCD):    1.709ns = ( 9.709 - 8.000 ) 
    Source Clock Delay      (SCD):    1.833ns
    Clock Pessimism Removal (CPR):    0.089ns
  Clock Uncertainty:      0.072ns  ((TSJ^2 + DJ^2)^1/2) / 2 + PE
    Total System Jitter     (TSJ):    0.071ns
    Discrete Jitter          (DJ):    0.125ns
    Phase Error              (PE):    0.000ns

    Location             Delay type                Incr(ns)  Path(ns)    Netlist Resource(s)
  -------------------------------------------------------------------    -------------------
                         (clock clk_out2_clk_wiz_2 rise edge)
                                                      0.000     0.000 r  
    BUFGCTRL_X0Y1        BUFG                         0.000     0.000 r  clk_IBUF_BUFG_inst/O
                         net (fo=857, routed)         2.106     2.106    u_video/mmcm_adv_inst_display_clocks/inst/clk_in1
    MMCME2_ADV_X1Y0      MMCME2_ADV (Prop_mmcme2_adv_CLKIN1_CLKOUT1)
                                                     -4.900    -2.793 r  u_video/mmcm_adv_inst_display_clocks/inst/mmcm_adv_inst/CLKOUT1
                         net (fo=1, routed)           2.697    -0.096    u_video/mmcm_adv_inst_display_clocks/inst/clk_out2_clk_wiz_2
    BUFGCTRL_X0Y0        BUFG (Prop_bufg_I_O)         0.096    -0.000 r  u_video/mmcm_adv_inst_display_clocks/inst/clkout2_buf/O
                         net (fo=44, routed)          1.833     1.833    u_video/inst_dvid/clk_out2
    SLICE_X163Y148       FDRE                                         r  u_video/inst_dvid/shift_clock_reg[1]/C
  -------------------------------------------------------------------    -------------------
    SLICE_X163Y148       FDRE (Prop_fdre_C_Q)         0.456     2.289 r  u_video/inst_dvid/shift_clock_reg[1]/Q
                         net (fo=3, routed)           1.133     3.422    u_video/inst_dvid/shift_clock[1]
    SLICE_X162Y148       LUT6 (Prop_lut6_I4_O)        0.124     3.546 f  u_video/inst_dvid/shift_red[9]_i_2/O
                         net (fo=1, routed)           0.416     3.963    u_video/inst_dvid/shift_red[9]_i_2_n_0
    SLICE_X162Y147       LUT5 (Prop_lut5_I0_O)        0.124     4.087 f  u_video/inst_dvid/shift_red[9]_i_1/O
                         net (fo=31, routed)          1.225     5.312    u_video/inst_dvid/shift_red[9]_i_1_n_0
    SLICE_X162Y138       LUT2 (Prop_lut2_I1_O)        0.124     5.436 r  u_video/inst_dvid/shift_red[7]_i_1/O
                         net (fo=5, routed)           1.064     6.500    u_video/inst_dvid/shift_red[7]_i_1_n_0
    SLICE_X162Y137       FDSE                                         r  u_video/inst_dvid/shift_red_reg[0]/S
  -------------------------------------------------------------------    -------------------

                         (clock clk_out2_clk_wiz_2 rise edge)
                                                      8.000     8.000 r  
    BUFGCTRL_X0Y1        BUFG                         0.000     8.000 r  clk_IBUF_BUFG_inst/O
                         net (fo=857, routed)         1.972     9.972    u_video/mmcm_adv_inst_display_clocks/inst/clk_in1
    MMCME2_ADV_X1Y0      MMCME2_ADV (Prop_mmcme2_adv_CLKIN1_CLKOUT1)
                                                     -4.637     5.335 r  u_video/mmcm_adv_inst_display_clocks/inst/mmcm_adv_inst/CLKOUT1
                         net (fo=1, routed)           2.574     7.909    u_video/mmcm_adv_inst_display_clocks/inst/clk_out2_clk_wiz_2
    BUFGCTRL_X0Y0        BUFG (Prop_bufg_I_O)         0.091     8.000 r  u_video/mmcm_adv_inst_display_clocks/inst/clkout2_buf/O
                         net (fo=44, routed)          1.709     9.709    u_video/inst_dvid/clk_out2
    SLICE_X162Y137       FDSE                                         r  u_video/inst_dvid/shift_red_reg[0]/C
                         clock pessimism              0.089     9.798    
                         clock uncertainty           -0.072     9.726    
    SLICE_X162Y137       FDSE (Setup_fdse_C_S)       -0.524     9.202    u_video/inst_dvid/shift_red_reg[0]
  -------------------------------------------------------------------
                         required time                          9.202    
                         arrival time                          -6.500    
  -------------------------------------------------------------------
                         slack                                  2.702    

Slack (MET) :             2.702ns  (required time - arrival time)
  Source:                 u_video/inst_dvid/shift_clock_reg[1]/C
                            (rising edge-triggered cell FDRE clocked by clk_out2_clk_wiz_2  {rise@0.000ns fall@4.000ns period=8.000ns})
  Destination:            u_video/inst_dvid/shift_red_reg[1]/S
                            (rising edge-triggered cell FDSE clocked by clk_out2_clk_wiz_2  {rise@0.000ns fall@4.000ns period=8.000ns})
  Path Group:             clk_out2_clk_wiz_2
  Path Type:              Setup (Max at Slow Process Corner)
  Requirement:            8.000ns  (clk_out2_clk_wiz_2 rise@8.000ns - clk_out2_clk_wiz_2 rise@0.000ns)
  Data Path Delay:        4.667ns  (logic 0.828ns (17.742%)  route 3.839ns (82.258%))
  Logic Levels:           3  (LUT2=1 LUT5=1 LUT6=1)
  Clock Path Skew:        -0.035ns (DCD - SCD + CPR)
    Destination Clock Delay (DCD):    1.709ns = ( 9.709 - 8.000 ) 
    Source Clock Delay      (SCD):    1.833ns
    Clock Pessimism Removal (CPR):    0.089ns
  Clock Uncertainty:      0.072ns  ((TSJ^2 + DJ^2)^1/2) / 2 + PE
    Total System Jitter     (TSJ):    0.071ns
    Discrete Jitter          (DJ):    0.125ns
    Phase Error              (PE):    0.000ns

    Location             Delay type                Incr(ns)  Path(ns)    Netlist Resource(s)
  -------------------------------------------------------------------    -------------------
                         (clock clk_out2_clk_wiz_2 rise edge)
                                                      0.000     0.000 r  
    BUFGCTRL_X0Y1        BUFG                         0.000     0.000 r  clk_IBUF_BUFG_inst/O
                         net (fo=857, routed)         2.106     2.106    u_video/mmcm_adv_inst_display_clocks/inst/clk_in1
    MMCME2_ADV_X1Y0      MMCME2_ADV (Prop_mmcme2_adv_CLKIN1_CLKOUT1)
                                                     -4.900    -2.793 r  u_video/mmcm_adv_inst_display_clocks/inst/mmcm_adv_inst/CLKOUT1
                         net (fo=1, routed)           2.697    -0.096    u_video/mmcm_adv_inst_display_clocks/inst/clk_out2_clk_wiz_2
    BUFGCTRL_X0Y0        BUFG (Prop_bufg_I_O)         0.096    -0.000 r  u_video/mmcm_adv_inst_display_clocks/inst/clkout2_buf/O
                         net (fo=44, routed)          1.833     1.833    u_video/inst_dvid/clk_out2
    SLICE_X163Y148       FDRE                                         r  u_video/inst_dvid/shift_clock_reg[1]/C
  -------------------------------------------------------------------    -------------------
    SLICE_X163Y148       FDRE (Prop_fdre_C_Q)         0.456     2.289 r  u_video/inst_dvid/shift_clock_reg[1]/Q
                         net (fo=3, routed)           1.133     3.422    u_video/inst_dvid/shift_clock[1]
    SLICE_X162Y148       LUT6 (Prop_lut6_I4_O)        0.124     3.546 f  u_video/inst_dvid/shift_red[9]_i_2/O
                         net (fo=1, routed)           0.416     3.963    u_video/inst_dvid/shift_red[9]_i_2_n_0
    SLICE_X162Y147       LUT5 (Prop_lut5_I0_O)        0.124     4.087 f  u_video/inst_dvid/shift_red[9]_i_1/O
                         net (fo=31, routed)          1.225     5.312    u_video/inst_dvid/shift_red[9]_i_1_n_0
    SLICE_X162Y138       LUT2 (Prop_lut2_I1_O)        0.124     5.436 r  u_video/inst_dvid/shift_red[7]_i_1/O
                         net (fo=5, routed)           1.064     6.500    u_video/inst_dvid/shift_red[7]_i_1_n_0
    SLICE_X162Y137       FDSE                                         r  u_video/inst_dvid/shift_red_reg[1]/S
  -------------------------------------------------------------------    -------------------

                         (clock clk_out2_clk_wiz_2 rise edge)
                                                      8.000     8.000 r  
    BUFGCTRL_X0Y1        BUFG                         0.000     8.000 r  clk_IBUF_BUFG_inst/O
                         net (fo=857, routed)         1.972     9.972    u_video/mmcm_adv_inst_display_clocks/inst/clk_in1
    MMCME2_ADV_X1Y0      MMCME2_ADV (Prop_mmcme2_adv_CLKIN1_CLKOUT1)
                                                     -4.637     5.335 r  u_video/mmcm_adv_inst_display_clocks/inst/mmcm_adv_inst/CLKOUT1
                         net (fo=1, routed)           2.574     7.909    u_video/mmcm_adv_inst_display_clocks/inst/clk_out2_clk_wiz_2
    BUFGCTRL_X0Y0        BUFG (Prop_bufg_I_O)         0.091     8.000 r  u_video/mmcm_adv_inst_display_clocks/inst/clkout2_buf/O
                         net (fo=44, routed)          1.709     9.709    u_video/inst_dvid/clk_out2
    SLICE_X162Y137       FDSE                                         r  u_video/inst_dvid/shift_red_reg[1]/C
                         clock pessimism              0.089     9.798    
                         clock uncertainty           -0.072     9.726    
    SLICE_X162Y137       FDSE (Setup_fdse_C_S)       -0.524     9.202    u_video/inst_dvid/shift_red_reg[1]
  -------------------------------------------------------------------
                         required time                          9.202    
                         arrival time                          -6.500    
  -------------------------------------------------------------------
                         slack                                  2.702    

Slack (MET) :             2.702ns  (required time - arrival time)
  Source:                 u_video/inst_dvid/shift_clock_reg[1]/C
                            (rising edge-triggered cell FDRE clocked by clk_out2_clk_wiz_2  {rise@0.000ns fall@4.000ns period=8.000ns})
  Destination:            u_video/inst_dvid/shift_red_reg[3]/S
                            (rising edge-triggered cell FDSE clocked by clk_out2_clk_wiz_2  {rise@0.000ns fall@4.000ns period=8.000ns})
  Path Group:             clk_out2_clk_wiz_2
  Path Type:              Setup (Max at Slow Process Corner)
  Requirement:            8.000ns  (clk_out2_clk_wiz_2 rise@8.000ns - clk_out2_clk_wiz_2 rise@0.000ns)
  Data Path Delay:        4.667ns  (logic 0.828ns (17.742%)  route 3.839ns (82.258%))
  Logic Levels:           3  (LUT2=1 LUT5=1 LUT6=1)
  Clock Path Skew:        -0.035ns (DCD - SCD + CPR)
    Destination Clock Delay (DCD):    1.709ns = ( 9.709 - 8.000 ) 
    Source Clock Delay      (SCD):    1.833ns
    Clock Pessimism Removal (CPR):    0.089ns
  Clock Uncertainty:      0.072ns  ((TSJ^2 + DJ^2)^1/2) / 2 + PE
    Total System Jitter     (TSJ):    0.071ns
    Discrete Jitter          (DJ):    0.125ns
    Phase Error              (PE):    0.000ns

    Location             Delay type                Incr(ns)  Path(ns)    Netlist Resource(s)
  -------------------------------------------------------------------    -------------------
                         (clock clk_out2_clk_wiz_2 rise edge)
                                                      0.000     0.000 r  
    BUFGCTRL_X0Y1        BUFG                         0.000     0.000 r  clk_IBUF_BUFG_inst/O
                         net (fo=857, routed)         2.106     2.106    u_video/mmcm_adv_inst_display_clocks/inst/clk_in1
    MMCME2_ADV_X1Y0      MMCME2_ADV (Prop_mmcme2_adv_CLKIN1_CLKOUT1)
                                                     -4.900    -2.793 r  u_video/mmcm_adv_inst_display_clocks/inst/mmcm_adv_inst/CLKOUT1
                         net (fo=1, routed)           2.697    -0.096    u_video/mmcm_adv_inst_display_clocks/inst/clk_out2_clk_wiz_2
    BUFGCTRL_X0Y0        BUFG (Prop_bufg_I_O)         0.096    -0.000 r  u_video/mmcm_adv_inst_display_clocks/inst/clkout2_buf/O
                         net (fo=44, routed)          1.833     1.833    u_video/inst_dvid/clk_out2
    SLICE_X163Y148       FDRE                                         r  u_video/inst_dvid/shift_clock_reg[1]/C
  -------------------------------------------------------------------    -------------------
    SLICE_X163Y148       FDRE (Prop_fdre_C_Q)         0.456     2.289 r  u_video/inst_dvid/shift_clock_reg[1]/Q
                         net (fo=3, routed)           1.133     3.422    u_video/inst_dvid/shift_clock[1]
    SLICE_X162Y148       LUT6 (Prop_lut6_I4_O)        0.124     3.546 f  u_video/inst_dvid/shift_red[9]_i_2/O
                         net (fo=1, routed)           0.416     3.963    u_video/inst_dvid/shift_red[9]_i_2_n_0
    SLICE_X162Y147       LUT5 (Prop_lut5_I0_O)        0.124     4.087 f  u_video/inst_dvid/shift_red[9]_i_1/O
                         net (fo=31, routed)          1.225     5.312    u_video/inst_dvid/shift_red[9]_i_1_n_0
    SLICE_X162Y138       LUT2 (Prop_lut2_I1_O)        0.124     5.436 r  u_video/inst_dvid/shift_red[7]_i_1/O
                         net (fo=5, routed)           1.064     6.500    u_video/inst_dvid/shift_red[7]_i_1_n_0
    SLICE_X162Y137       FDSE                                         r  u_video/inst_dvid/shift_red_reg[3]/S
  -------------------------------------------------------------------    -------------------

                         (clock clk_out2_clk_wiz_2 rise edge)
                                                      8.000     8.000 r  
    BUFGCTRL_X0Y1        BUFG                         0.000     8.000 r  clk_IBUF_BUFG_inst/O
                         net (fo=857, routed)         1.972     9.972    u_video/mmcm_adv_inst_display_clocks/inst/clk_in1
    MMCME2_ADV_X1Y0      MMCME2_ADV (Prop_mmcme2_adv_CLKIN1_CLKOUT1)
                                                     -4.637     5.335 r  u_video/mmcm_adv_inst_display_clocks/inst/mmcm_adv_inst/CLKOUT1
                         net (fo=1, routed)           2.574     7.909    u_video/mmcm_adv_inst_display_clocks/inst/clk_out2_clk_wiz_2
    BUFGCTRL_X0Y0        BUFG (Prop_bufg_I_O)         0.091     8.000 r  u_video/mmcm_adv_inst_display_clocks/inst/clkout2_buf/O
                         net (fo=44, routed)          1.709     9.709    u_video/inst_dvid/clk_out2
    SLICE_X162Y137       FDSE                                         r  u_video/inst_dvid/shift_red_reg[3]/C
                         clock pessimism              0.089     9.798    
                         clock uncertainty           -0.072     9.726    
    SLICE_X162Y137       FDSE (Setup_fdse_C_S)       -0.524     9.202    u_video/inst_dvid/shift_red_reg[3]
  -------------------------------------------------------------------
                         required time                          9.202    
                         arrival time                          -6.500    
  -------------------------------------------------------------------
                         slack                                  2.702    

Slack (MET) :             2.702ns  (required time - arrival time)
  Source:                 u_video/inst_dvid/shift_clock_reg[1]/C
                            (rising edge-triggered cell FDRE clocked by clk_out2_clk_wiz_2  {rise@0.000ns fall@4.000ns period=8.000ns})
  Destination:            u_video/inst_dvid/shift_red_reg[5]/S
                            (rising edge-triggered cell FDSE clocked by clk_out2_clk_wiz_2  {rise@0.000ns fall@4.000ns period=8.000ns})
  Path Group:             clk_out2_clk_wiz_2
  Path Type:              Setup (Max at Slow Process Corner)
  Requirement:            8.000ns  (clk_out2_clk_wiz_2 rise@8.000ns - clk_out2_clk_wiz_2 rise@0.000ns)
  Data Path Delay:        4.667ns  (logic 0.828ns (17.742%)  route 3.839ns (82.258%))
  Logic Levels:           3  (LUT2=1 LUT5=1 LUT6=1)
  Clock Path Skew:        -0.035ns (DCD - SCD + CPR)
    Destination Clock Delay (DCD):    1.709ns = ( 9.709 - 8.000 ) 
    Source Clock Delay      (SCD):    1.833ns
    Clock Pessimism Removal (CPR):    0.089ns
  Clock Uncertainty:      0.072ns  ((TSJ^2 + DJ^2)^1/2) / 2 + PE
    Total System Jitter     (TSJ):    0.071ns
    Discrete Jitter          (DJ):    0.125ns
    Phase Error              (PE):    0.000ns

    Location             Delay type                Incr(ns)  Path(ns)    Netlist Resource(s)
  -------------------------------------------------------------------    -------------------
                         (clock clk_out2_clk_wiz_2 rise edge)
                                                      0.000     0.000 r  
    BUFGCTRL_X0Y1        BUFG                         0.000     0.000 r  clk_IBUF_BUFG_inst/O
                         net (fo=857, routed)         2.106     2.106    u_video/mmcm_adv_inst_display_clocks/inst/clk_in1
    MMCME2_ADV_X1Y0      MMCME2_ADV (Prop_mmcme2_adv_CLKIN1_CLKOUT1)
                                                     -4.900    -2.793 r  u_video/mmcm_adv_inst_display_clocks/inst/mmcm_adv_inst/CLKOUT1
                         net (fo=1, routed)           2.697    -0.096    u_video/mmcm_adv_inst_display_clocks/inst/clk_out2_clk_wiz_2
    BUFGCTRL_X0Y0        BUFG (Prop_bufg_I_O)         0.096    -0.000 r  u_video/mmcm_adv_inst_display_clocks/inst/clkout2_buf/O
                         net (fo=44, routed)          1.833     1.833    u_video/inst_dvid/clk_out2
    SLICE_X163Y148       FDRE                                         r  u_video/inst_dvid/shift_clock_reg[1]/C
  -------------------------------------------------------------------    -------------------
    SLICE_X163Y148       FDRE (Prop_fdre_C_Q)         0.456     2.289 r  u_video/inst_dvid/shift_clock_reg[1]/Q
                         net (fo=3, routed)           1.133     3.422    u_video/inst_dvid/shift_clock[1]
    SLICE_X162Y148       LUT6 (Prop_lut6_I4_O)        0.124     3.546 f  u_video/inst_dvid/shift_red[9]_i_2/O
                         net (fo=1, routed)           0.416     3.963    u_video/inst_dvid/shift_red[9]_i_2_n_0
    SLICE_X162Y147       LUT5 (Prop_lut5_I0_O)        0.124     4.087 f  u_video/inst_dvid/shift_red[9]_i_1/O
                         net (fo=31, routed)          1.225     5.312    u_video/inst_dvid/shift_red[9]_i_1_n_0
    SLICE_X162Y138       LUT2 (Prop_lut2_I1_O)        0.124     5.436 r  u_video/inst_dvid/shift_red[7]_i_1/O
                         net (fo=5, routed)           1.064     6.500    u_video/inst_dvid/shift_red[7]_i_1_n_0
    SLICE_X162Y137       FDSE                                         r  u_video/inst_dvid/shift_red_reg[5]/S
  -------------------------------------------------------------------    -------------------

                         (clock clk_out2_clk_wiz_2 rise edge)
                                                      8.000     8.000 r  
    BUFGCTRL_X0Y1        BUFG                         0.000     8.000 r  clk_IBUF_BUFG_inst/O
                         net (fo=857, routed)         1.972     9.972    u_video/mmcm_adv_inst_display_clocks/inst/clk_in1
    MMCME2_ADV_X1Y0      MMCME2_ADV (Prop_mmcme2_adv_CLKIN1_CLKOUT1)
                                                     -4.637     5.335 r  u_video/mmcm_adv_inst_display_clocks/inst/mmcm_adv_inst/CLKOUT1
                         net (fo=1, routed)           2.574     7.909    u_video/mmcm_adv_inst_display_clocks/inst/clk_out2_clk_wiz_2
    BUFGCTRL_X0Y0        BUFG (Prop_bufg_I_O)         0.091     8.000 r  u_video/mmcm_adv_inst_display_clocks/inst/clkout2_buf/O
                         net (fo=44, routed)          1.709     9.709    u_video/inst_dvid/clk_out2
    SLICE_X162Y137       FDSE                                         r  u_video/inst_dvid/shift_red_reg[5]/C
                         clock pessimism              0.089     9.798    
                         clock uncertainty           -0.072     9.726    
    SLICE_X162Y137       FDSE (Setup_fdse_C_S)       -0.524     9.202    u_video/inst_dvid/shift_red_reg[5]
  -------------------------------------------------------------------
                         required time                          9.202    
                         arrival time                          -6.500    
  -------------------------------------------------------------------
                         slack                                  2.702    

Slack (MET) :             2.702ns  (required time - arrival time)
  Source:                 u_video/inst_dvid/shift_clock_reg[1]/C
                            (rising edge-triggered cell FDRE clocked by clk_out2_clk_wiz_2  {rise@0.000ns fall@4.000ns period=8.000ns})
  Destination:            u_video/inst_dvid/shift_red_reg[7]/S
                            (rising edge-triggered cell FDSE clocked by clk_out2_clk_wiz_2  {rise@0.000ns fall@4.000ns period=8.000ns})
  Path Group:             clk_out2_clk_wiz_2
  Path Type:              Setup (Max at Slow Process Corner)
  Requirement:            8.000ns  (clk_out2_clk_wiz_2 rise@8.000ns - clk_out2_clk_wiz_2 rise@0.000ns)
  Data Path Delay:        4.667ns  (logic 0.828ns (17.742%)  route 3.839ns (82.258%))
  Logic Levels:           3  (LUT2=1 LUT5=1 LUT6=1)
  Clock Path Skew:        -0.035ns (DCD - SCD + CPR)
    Destination Clock Delay (DCD):    1.709ns = ( 9.709 - 8.000 ) 
    Source Clock Delay      (SCD):    1.833ns
    Clock Pessimism Removal (CPR):    0.089ns
  Clock Uncertainty:      0.072ns  ((TSJ^2 + DJ^2)^1/2) / 2 + PE
    Total System Jitter     (TSJ):    0.071ns
    Discrete Jitter          (DJ):    0.125ns
    Phase Error              (PE):    0.000ns

    Location             Delay type                Incr(ns)  Path(ns)    Netlist Resource(s)
  -------------------------------------------------------------------    -------------------
                         (clock clk_out2_clk_wiz_2 rise edge)
                                                      0.000     0.000 r  
    BUFGCTRL_X0Y1        BUFG                         0.000     0.000 r  clk_IBUF_BUFG_inst/O
                         net (fo=857, routed)         2.106     2.106    u_video/mmcm_adv_inst_display_clocks/inst/clk_in1
    MMCME2_ADV_X1Y0      MMCME2_ADV (Prop_mmcme2_adv_CLKIN1_CLKOUT1)
                                                     -4.900    -2.793 r  u_video/mmcm_adv_inst_display_clocks/inst/mmcm_adv_inst/CLKOUT1
                         net (fo=1, routed)           2.697    -0.096    u_video/mmcm_adv_inst_display_clocks/inst/clk_out2_clk_wiz_2
    BUFGCTRL_X0Y0        BUFG (Prop_bufg_I_O)         0.096    -0.000 r  u_video/mmcm_adv_inst_display_clocks/inst/clkout2_buf/O
                         net (fo=44, routed)          1.833     1.833    u_video/inst_dvid/clk_out2
    SLICE_X163Y148       FDRE                                         r  u_video/inst_dvid/shift_clock_reg[1]/C
  -------------------------------------------------------------------    -------------------
    SLICE_X163Y148       FDRE (Prop_fdre_C_Q)         0.456     2.289 r  u_video/inst_dvid/shift_clock_reg[1]/Q
                         net (fo=3, routed)           1.133     3.422    u_video/inst_dvid/shift_clock[1]
    SLICE_X162Y148       LUT6 (Prop_lut6_I4_O)        0.124     3.546 f  u_video/inst_dvid/shift_red[9]_i_2/O
                         net (fo=1, routed)           0.416     3.963    u_video/inst_dvid/shift_red[9]_i_2_n_0
    SLICE_X162Y147       LUT5 (Prop_lut5_I0_O)        0.124     4.087 f  u_video/inst_dvid/shift_red[9]_i_1/O
                         net (fo=31, routed)          1.225     5.312    u_video/inst_dvid/shift_red[9]_i_1_n_0
    SLICE_X162Y138       LUT2 (Prop_lut2_I1_O)        0.124     5.436 r  u_video/inst_dvid/shift_red[7]_i_1/O
                         net (fo=5, routed)           1.064     6.500    u_video/inst_dvid/shift_red[7]_i_1_n_0
    SLICE_X162Y137       FDSE                                         r  u_video/inst_dvid/shift_red_reg[7]/S
  -------------------------------------------------------------------    -------------------

                         (clock clk_out2_clk_wiz_2 rise edge)
                                                      8.000     8.000 r  
    BUFGCTRL_X0Y1        BUFG                         0.000     8.000 r  clk_IBUF_BUFG_inst/O
                         net (fo=857, routed)         1.972     9.972    u_video/mmcm_adv_inst_display_clocks/inst/clk_in1
    MMCME2_ADV_X1Y0      MMCME2_ADV (Prop_mmcme2_adv_CLKIN1_CLKOUT1)
                                                     -4.637     5.335 r  u_video/mmcm_adv_inst_display_clocks/inst/mmcm_adv_inst/CLKOUT1
                         net (fo=1, routed)           2.574     7.909    u_video/mmcm_adv_inst_display_clocks/inst/clk_out2_clk_wiz_2
    BUFGCTRL_X0Y0        BUFG (Prop_bufg_I_O)         0.091     8.000 r  u_video/mmcm_adv_inst_display_clocks/inst/clkout2_buf/O
                         net (fo=44, routed)          1.709     9.709    u_video/inst_dvid/clk_out2
    SLICE_X162Y137       FDSE                                         r  u_video/inst_dvid/shift_red_reg[7]/C
                         clock pessimism              0.089     9.798    
                         clock uncertainty           -0.072     9.726    
    SLICE_X162Y137       FDSE (Setup_fdse_C_S)       -0.524     9.202    u_video/inst_dvid/shift_red_reg[7]
  -------------------------------------------------------------------
                         required time                          9.202    
                         arrival time                          -6.500    
  -------------------------------------------------------------------
                         slack                                  2.702    

Slack (MET) :             3.918ns  (required time - arrival time)
  Source:                 u_video/inst_dvid/shift_clock_reg[1]/C
                            (rising edge-triggered cell FDRE clocked by clk_out2_clk_wiz_2  {rise@0.000ns fall@4.000ns period=8.000ns})
  Destination:            u_video/inst_dvid/shift_blue_reg[8]/R
                            (rising edge-triggered cell FDRE clocked by clk_out2_clk_wiz_2  {rise@0.000ns fall@4.000ns period=8.000ns})
  Path Group:             clk_out2_clk_wiz_2
  Path Type:              Setup (Max at Slow Process Corner)
  Requirement:            8.000ns  (clk_out2_clk_wiz_2 rise@8.000ns - clk_out2_clk_wiz_2 rise@0.000ns)
  Data Path Delay:        3.459ns  (logic 0.704ns (20.350%)  route 2.755ns (79.650%))
  Logic Levels:           2  (LUT5=1 LUT6=1)
  Clock Path Skew:        -0.122ns (DCD - SCD + CPR)
    Destination Clock Delay (DCD):    1.636ns = ( 9.636 - 8.000 ) 
    Source Clock Delay      (SCD):    1.833ns
    Clock Pessimism Removal (CPR):    0.075ns
  Clock Uncertainty:      0.072ns  ((TSJ^2 + DJ^2)^1/2) / 2 + PE
    Total System Jitter     (TSJ):    0.071ns
    Discrete Jitter          (DJ):    0.125ns
    Phase Error              (PE):    0.000ns

    Location             Delay type                Incr(ns)  Path(ns)    Netlist Resource(s)
  -------------------------------------------------------------------    -------------------
                         (clock clk_out2_clk_wiz_2 rise edge)
                                                      0.000     0.000 r  
    BUFGCTRL_X0Y1        BUFG                         0.000     0.000 r  clk_IBUF_BUFG_inst/O
                         net (fo=857, routed)         2.106     2.106    u_video/mmcm_adv_inst_display_clocks/inst/clk_in1
    MMCME2_ADV_X1Y0      MMCME2_ADV (Prop_mmcme2_adv_CLKIN1_CLKOUT1)
                                                     -4.900    -2.793 r  u_video/mmcm_adv_inst_display_clocks/inst/mmcm_adv_inst/CLKOUT1
                         net (fo=1, routed)           2.697    -0.096    u_video/mmcm_adv_inst_display_clocks/inst/clk_out2_clk_wiz_2
    BUFGCTRL_X0Y0        BUFG (Prop_bufg_I_O)         0.096    -0.000 r  u_video/mmcm_adv_inst_display_clocks/inst/clkout2_buf/O
                         net (fo=44, routed)          1.833     1.833    u_video/inst_dvid/clk_out2
    SLICE_X163Y148       FDRE                                         r  u_video/inst_dvid/shift_clock_reg[1]/C
  -------------------------------------------------------------------    -------------------
    SLICE_X163Y148       FDRE (Prop_fdre_C_Q)         0.456     2.289 f  u_video/inst_dvid/shift_clock_reg[1]/Q
                         net (fo=3, routed)           1.133     3.422    u_video/inst_dvid/shift_clock[1]
    SLICE_X162Y148       LUT6 (Prop_lut6_I4_O)        0.124     3.546 r  u_video/inst_dvid/shift_red[9]_i_2/O
                         net (fo=1, routed)           0.416     3.963    u_video/inst_dvid/shift_red[9]_i_2_n_0
    SLICE_X162Y147       LUT5 (Prop_lut5_I0_O)        0.124     4.087 r  u_video/inst_dvid/shift_red[9]_i_1/O
                         net (fo=31, routed)          1.206     5.293    u_video/inst_dvid/shift_red[9]_i_1_n_0
    SLICE_X149Y145       FDRE                                         r  u_video/inst_dvid/shift_blue_reg[8]/R
  -------------------------------------------------------------------    -------------------

                         (clock clk_out2_clk_wiz_2 rise edge)
                                                      8.000     8.000 r  
    BUFGCTRL_X0Y1        BUFG                         0.000     8.000 r  clk_IBUF_BUFG_inst/O
                         net (fo=857, routed)         1.972     9.972    u_video/mmcm_adv_inst_display_clocks/inst/clk_in1
    MMCME2_ADV_X1Y0      MMCME2_ADV (Prop_mmcme2_adv_CLKIN1_CLKOUT1)
                                                     -4.637     5.335 r  u_video/mmcm_adv_inst_display_clocks/inst/mmcm_adv_inst/CLKOUT1
                         net (fo=1, routed)           2.574     7.909    u_video/mmcm_adv_inst_display_clocks/inst/clk_out2_clk_wiz_2
    BUFGCTRL_X0Y0        BUFG (Prop_bufg_I_O)         0.091     8.000 r  u_video/mmcm_adv_inst_display_clocks/inst/clkout2_buf/O
                         net (fo=44, routed)          1.636     9.636    u_video/inst_dvid/clk_out2
    SLICE_X149Y145       FDRE                                         r  u_video/inst_dvid/shift_blue_reg[8]/C
                         clock pessimism              0.075     9.711    
                         clock uncertainty           -0.072     9.639    
    SLICE_X149Y145       FDRE (Setup_fdre_C_R)       -0.429     9.210    u_video/inst_dvid/shift_blue_reg[8]
  -------------------------------------------------------------------
                         required time                          9.210    
                         arrival time                          -5.293    
  -------------------------------------------------------------------
                         slack                                  3.918    

Slack (MET) :             3.918ns  (required time - arrival time)
  Source:                 u_video/inst_dvid/shift_clock_reg[1]/C
                            (rising edge-triggered cell FDRE clocked by clk_out2_clk_wiz_2  {rise@0.000ns fall@4.000ns period=8.000ns})
  Destination:            u_video/inst_dvid/shift_blue_reg[9]/R
                            (rising edge-triggered cell FDRE clocked by clk_out2_clk_wiz_2  {rise@0.000ns fall@4.000ns period=8.000ns})
  Path Group:             clk_out2_clk_wiz_2
  Path Type:              Setup (Max at Slow Process Corner)
  Requirement:            8.000ns  (clk_out2_clk_wiz_2 rise@8.000ns - clk_out2_clk_wiz_2 rise@0.000ns)
  Data Path Delay:        3.459ns  (logic 0.704ns (20.350%)  route 2.755ns (79.650%))
  Logic Levels:           2  (LUT5=1 LUT6=1)
  Clock Path Skew:        -0.122ns (DCD - SCD + CPR)
    Destination Clock Delay (DCD):    1.636ns = ( 9.636 - 8.000 ) 
    Source Clock Delay      (SCD):    1.833ns
    Clock Pessimism Removal (CPR):    0.075ns
  Clock Uncertainty:      0.072ns  ((TSJ^2 + DJ^2)^1/2) / 2 + PE
    Total System Jitter     (TSJ):    0.071ns
    Discrete Jitter          (DJ):    0.125ns
    Phase Error              (PE):    0.000ns

    Location             Delay type                Incr(ns)  Path(ns)    Netlist Resource(s)
  -------------------------------------------------------------------    -------------------
                         (clock clk_out2_clk_wiz_2 rise edge)
                                                      0.000     0.000 r  
    BUFGCTRL_X0Y1        BUFG                         0.000     0.000 r  clk_IBUF_BUFG_inst/O
                         net (fo=857, routed)         2.106     2.106    u_video/mmcm_adv_inst_display_clocks/inst/clk_in1
    MMCME2_ADV_X1Y0      MMCME2_ADV (Prop_mmcme2_adv_CLKIN1_CLKOUT1)
                                                     -4.900    -2.793 r  u_video/mmcm_adv_inst_display_clocks/inst/mmcm_adv_inst/CLKOUT1
                         net (fo=1, routed)           2.697    -0.096    u_video/mmcm_adv_inst_display_clocks/inst/clk_out2_clk_wiz_2
    BUFGCTRL_X0Y0        BUFG (Prop_bufg_I_O)         0.096    -0.000 r  u_video/mmcm_adv_inst_display_clocks/inst/clkout2_buf/O
                         net (fo=44, routed)          1.833     1.833    u_video/inst_dvid/clk_out2
    SLICE_X163Y148       FDRE                                         r  u_video/inst_dvid/shift_clock_reg[1]/C
  -------------------------------------------------------------------    -------------------
    SLICE_X163Y148       FDRE (Prop_fdre_C_Q)         0.456     2.289 f  u_video/inst_dvid/shift_clock_reg[1]/Q
                         net (fo=3, routed)           1.133     3.422    u_video/inst_dvid/shift_clock[1]
    SLICE_X162Y148       LUT6 (Prop_lut6_I4_O)        0.124     3.546 r  u_video/inst_dvid/shift_red[9]_i_2/O
                         net (fo=1, routed)           0.416     3.963    u_video/inst_dvid/shift_red[9]_i_2_n_0
    SLICE_X162Y147       LUT5 (Prop_lut5_I0_O)        0.124     4.087 r  u_video/inst_dvid/shift_red[9]_i_1/O
                         net (fo=31, routed)          1.206     5.293    u_video/inst_dvid/shift_red[9]_i_1_n_0
    SLICE_X149Y145       FDRE                                         r  u_video/inst_dvid/shift_blue_reg[9]/R
  -------------------------------------------------------------------    -------------------

                         (clock clk_out2_clk_wiz_2 rise edge)
                                                      8.000     8.000 r  
    BUFGCTRL_X0Y1        BUFG                         0.000     8.000 r  clk_IBUF_BUFG_inst/O
                         net (fo=857, routed)         1.972     9.972    u_video/mmcm_adv_inst_display_clocks/inst/clk_in1
    MMCME2_ADV_X1Y0      MMCME2_ADV (Prop_mmcme2_adv_CLKIN1_CLKOUT1)
                                                     -4.637     5.335 r  u_video/mmcm_adv_inst_display_clocks/inst/mmcm_adv_inst/CLKOUT1
                         net (fo=1, routed)           2.574     7.909    u_video/mmcm_adv_inst_display_clocks/inst/clk_out2_clk_wiz_2
    BUFGCTRL_X0Y0        BUFG (Prop_bufg_I_O)         0.091     8.000 r  u_video/mmcm_adv_inst_display_clocks/inst/clkout2_buf/O
                         net (fo=44, routed)          1.636     9.636    u_video/inst_dvid/clk_out2
    SLICE_X149Y145       FDRE                                         r  u_video/inst_dvid/shift_blue_reg[9]/C
                         clock pessimism              0.075     9.711    
                         clock uncertainty           -0.072     9.639    
    SLICE_X149Y145       FDRE (Setup_fdre_C_R)       -0.429     9.210    u_video/inst_dvid/shift_blue_reg[9]
  -------------------------------------------------------------------
                         required time                          9.210    
                         arrival time                          -5.293    
  -------------------------------------------------------------------
                         slack                                  3.918    

Slack (MET) :             3.964ns  (required time - arrival time)
  Source:                 u_video/inst_dvid/shift_clock_reg[1]/C
                            (rising edge-triggered cell FDRE clocked by clk_out2_clk_wiz_2  {rise@0.000ns fall@4.000ns period=8.000ns})
  Destination:            u_video/inst_dvid/shift_green_reg[8]/R
                            (rising edge-triggered cell FDRE clocked by clk_out2_clk_wiz_2  {rise@0.000ns fall@4.000ns period=8.000ns})
  Path Group:             clk_out2_clk_wiz_2
  Path Type:              Setup (Max at Slow Process Corner)
  Requirement:            8.000ns  (clk_out2_clk_wiz_2 rise@8.000ns - clk_out2_clk_wiz_2 rise@0.000ns)
  Data Path Delay:        3.501ns  (logic 0.704ns (20.108%)  route 2.797ns (79.892%))
  Logic Levels:           2  (LUT5=1 LUT6=1)
  Clock Path Skew:        -0.034ns (DCD - SCD + CPR)
    Destination Clock Delay (DCD):    1.710ns = ( 9.710 - 8.000 ) 
    Source Clock Delay      (SCD):    1.833ns
    Clock Pessimism Removal (CPR):    0.089ns
  Clock Uncertainty:      0.072ns  ((TSJ^2 + DJ^2)^1/2) / 2 + PE
    Total System Jitter     (TSJ):    0.071ns
    Discrete Jitter          (DJ):    0.125ns
    Phase Error              (PE):    0.000ns

    Location             Delay type                Incr(ns)  Path(ns)    Netlist Resource(s)
  -------------------------------------------------------------------    -------------------
                         (clock clk_out2_clk_wiz_2 rise edge)
                                                      0.000     0.000 r  
    BUFGCTRL_X0Y1        BUFG                         0.000     0.000 r  clk_IBUF_BUFG_inst/O
                         net (fo=857, routed)         2.106     2.106    u_video/mmcm_adv_inst_display_clocks/inst/clk_in1
    MMCME2_ADV_X1Y0      MMCME2_ADV (Prop_mmcme2_adv_CLKIN1_CLKOUT1)
                                                     -4.900    -2.793 r  u_video/mmcm_adv_inst_display_clocks/inst/mmcm_adv_inst/CLKOUT1
                         net (fo=1, routed)           2.697    -0.096    u_video/mmcm_adv_inst_display_clocks/inst/clk_out2_clk_wiz_2
    BUFGCTRL_X0Y0        BUFG (Prop_bufg_I_O)         0.096    -0.000 r  u_video/mmcm_adv_inst_display_clocks/inst/clkout2_buf/O
                         net (fo=44, routed)          1.833     1.833    u_video/inst_dvid/clk_out2
    SLICE_X163Y148       FDRE                                         r  u_video/inst_dvid/shift_clock_reg[1]/C
  -------------------------------------------------------------------    -------------------
    SLICE_X163Y148       FDRE (Prop_fdre_C_Q)         0.456     2.289 f  u_video/inst_dvid/shift_clock_reg[1]/Q
                         net (fo=3, routed)           1.133     3.422    u_video/inst_dvid/shift_clock[1]
    SLICE_X162Y148       LUT6 (Prop_lut6_I4_O)        0.124     3.546 r  u_video/inst_dvid/shift_red[9]_i_2/O
                         net (fo=1, routed)           0.416     3.963    u_video/inst_dvid/shift_red[9]_i_2_n_0
    SLICE_X162Y147       LUT5 (Prop_lut5_I0_O)        0.124     4.087 r  u_video/inst_dvid/shift_red[9]_i_1/O
                         net (fo=31, routed)          1.248     5.335    u_video/inst_dvid/shift_red[9]_i_1_n_0
    SLICE_X160Y138       FDRE                                         r  u_video/inst_dvid/shift_green_reg[8]/R
  -------------------------------------------------------------------    -------------------

                         (clock clk_out2_clk_wiz_2 rise edge)
                                                      8.000     8.000 r  
    BUFGCTRL_X0Y1        BUFG                         0.000     8.000 r  clk_IBUF_BUFG_inst/O
                         net (fo=857, routed)         1.972     9.972    u_video/mmcm_adv_inst_display_clocks/inst/clk_in1
    MMCME2_ADV_X1Y0      MMCME2_ADV (Prop_mmcme2_adv_CLKIN1_CLKOUT1)
                                                     -4.637     5.335 r  u_video/mmcm_adv_inst_display_clocks/inst/mmcm_adv_inst/CLKOUT1
                         net (fo=1, routed)           2.574     7.909    u_video/mmcm_adv_inst_display_clocks/inst/clk_out2_clk_wiz_2
    BUFGCTRL_X0Y0        BUFG (Prop_bufg_I_O)         0.091     8.000 r  u_video/mmcm_adv_inst_display_clocks/inst/clkout2_buf/O
                         net (fo=44, routed)          1.710     9.710    u_video/inst_dvid/clk_out2
    SLICE_X160Y138       FDRE                                         r  u_video/inst_dvid/shift_green_reg[8]/C
                         clock pessimism              0.089     9.799    
                         clock uncertainty           -0.072     9.727    
    SLICE_X160Y138       FDRE (Setup_fdre_C_R)       -0.429     9.298    u_video/inst_dvid/shift_green_reg[8]
  -------------------------------------------------------------------
                         required time                          9.298    
                         arrival time                          -5.335    
  -------------------------------------------------------------------
                         slack                                  3.964    

Slack (MET) :             3.964ns  (required time - arrival time)
  Source:                 u_video/inst_dvid/shift_clock_reg[1]/C
                            (rising edge-triggered cell FDRE clocked by clk_out2_clk_wiz_2  {rise@0.000ns fall@4.000ns period=8.000ns})
  Destination:            u_video/inst_dvid/shift_green_reg[9]/R
                            (rising edge-triggered cell FDRE clocked by clk_out2_clk_wiz_2  {rise@0.000ns fall@4.000ns period=8.000ns})
  Path Group:             clk_out2_clk_wiz_2
  Path Type:              Setup (Max at Slow Process Corner)
  Requirement:            8.000ns  (clk_out2_clk_wiz_2 rise@8.000ns - clk_out2_clk_wiz_2 rise@0.000ns)
  Data Path Delay:        3.501ns  (logic 0.704ns (20.108%)  route 2.797ns (79.892%))
  Logic Levels:           2  (LUT5=1 LUT6=1)
  Clock Path Skew:        -0.034ns (DCD - SCD + CPR)
    Destination Clock Delay (DCD):    1.710ns = ( 9.710 - 8.000 ) 
    Source Clock Delay      (SCD):    1.833ns
    Clock Pessimism Removal (CPR):    0.089ns
  Clock Uncertainty:      0.072ns  ((TSJ^2 + DJ^2)^1/2) / 2 + PE
    Total System Jitter     (TSJ):    0.071ns
    Discrete Jitter          (DJ):    0.125ns
    Phase Error              (PE):    0.000ns

    Location             Delay type                Incr(ns)  Path(ns)    Netlist Resource(s)
  -------------------------------------------------------------------    -------------------
                         (clock clk_out2_clk_wiz_2 rise edge)
                                                      0.000     0.000 r  
    BUFGCTRL_X0Y1        BUFG                         0.000     0.000 r  clk_IBUF_BUFG_inst/O
                         net (fo=857, routed)         2.106     2.106    u_video/mmcm_adv_inst_display_clocks/inst/clk_in1
    MMCME2_ADV_X1Y0      MMCME2_ADV (Prop_mmcme2_adv_CLKIN1_CLKOUT1)
                                                     -4.900    -2.793 r  u_video/mmcm_adv_inst_display_clocks/inst/mmcm_adv_inst/CLKOUT1
                         net (fo=1, routed)           2.697    -0.096    u_video/mmcm_adv_inst_display_clocks/inst/clk_out2_clk_wiz_2
    BUFGCTRL_X0Y0        BUFG (Prop_bufg_I_O)         0.096    -0.000 r  u_video/mmcm_adv_inst_display_clocks/inst/clkout2_buf/O
                         net (fo=44, routed)          1.833     1.833    u_video/inst_dvid/clk_out2
    SLICE_X163Y148       FDRE                                         r  u_video/inst_dvid/shift_clock_reg[1]/C
  -------------------------------------------------------------------    -------------------
    SLICE_X163Y148       FDRE (Prop_fdre_C_Q)         0.456     2.289 f  u_video/inst_dvid/shift_clock_reg[1]/Q
                         net (fo=3, routed)           1.133     3.422    u_video/inst_dvid/shift_clock[1]
    SLICE_X162Y148       LUT6 (Prop_lut6_I4_O)        0.124     3.546 r  u_video/inst_dvid/shift_red[9]_i_2/O
                         net (fo=1, routed)           0.416     3.963    u_video/inst_dvid/shift_red[9]_i_2_n_0
    SLICE_X162Y147       LUT5 (Prop_lut5_I0_O)        0.124     4.087 r  u_video/inst_dvid/shift_red[9]_i_1/O
                         net (fo=31, routed)          1.248     5.335    u_video/inst_dvid/shift_red[9]_i_1_n_0
    SLICE_X160Y138       FDRE                                         r  u_video/inst_dvid/shift_green_reg[9]/R
  -------------------------------------------------------------------    -------------------

                         (clock clk_out2_clk_wiz_2 rise edge)
                                                      8.000     8.000 r  
    BUFGCTRL_X0Y1        BUFG                         0.000     8.000 r  clk_IBUF_BUFG_inst/O
                         net (fo=857, routed)         1.972     9.972    u_video/mmcm_adv_inst_display_clocks/inst/clk_in1
    MMCME2_ADV_X1Y0      MMCME2_ADV (Prop_mmcme2_adv_CLKIN1_CLKOUT1)
                                                     -4.637     5.335 r  u_video/mmcm_adv_inst_display_clocks/inst/mmcm_adv_inst/CLKOUT1
                         net (fo=1, routed)           2.574     7.909    u_video/mmcm_adv_inst_display_clocks/inst/clk_out2_clk_wiz_2
    BUFGCTRL_X0Y0        BUFG (Prop_bufg_I_O)         0.091     8.000 r  u_video/mmcm_adv_inst_display_clocks/inst/clkout2_buf/O
                         net (fo=44, routed)          1.710     9.710    u_video/inst_dvid/clk_out2
    SLICE_X160Y138       FDRE                                         r  u_video/inst_dvid/shift_green_reg[9]/C
                         clock pessimism              0.089     9.799    
                         clock uncertainty           -0.072     9.727    
    SLICE_X160Y138       FDRE (Setup_fdre_C_R)       -0.429     9.298    u_video/inst_dvid/shift_green_reg[9]
  -------------------------------------------------------------------
                         required time                          9.298    
                         arrival time                          -5.335    
  -------------------------------------------------------------------
                         slack                                  3.964    

Slack (MET) :             3.964ns  (required time - arrival time)
  Source:                 u_video/inst_dvid/shift_clock_reg[1]/C
                            (rising edge-triggered cell FDRE clocked by clk_out2_clk_wiz_2  {rise@0.000ns fall@4.000ns period=8.000ns})
  Destination:            u_video/inst_dvid/shift_red_reg[8]/R
                            (rising edge-triggered cell FDRE clocked by clk_out2_clk_wiz_2  {rise@0.000ns fall@4.000ns period=8.000ns})
  Path Group:             clk_out2_clk_wiz_2
  Path Type:              Setup (Max at Slow Process Corner)
  Requirement:            8.000ns  (clk_out2_clk_wiz_2 rise@8.000ns - clk_out2_clk_wiz_2 rise@0.000ns)
  Data Path Delay:        3.501ns  (logic 0.704ns (20.108%)  route 2.797ns (79.892%))
  Logic Levels:           2  (LUT5=1 LUT6=1)
  Clock Path Skew:        -0.034ns (DCD - SCD + CPR)
    Destination Clock Delay (DCD):    1.710ns = ( 9.710 - 8.000 ) 
    Source Clock Delay      (SCD):    1.833ns
    Clock Pessimism Removal (CPR):    0.089ns
  Clock Uncertainty:      0.072ns  ((TSJ^2 + DJ^2)^1/2) / 2 + PE
    Total System Jitter     (TSJ):    0.071ns
    Discrete Jitter          (DJ):    0.125ns
    Phase Error              (PE):    0.000ns

    Location             Delay type                Incr(ns)  Path(ns)    Netlist Resource(s)
  -------------------------------------------------------------------    -------------------
                         (clock clk_out2_clk_wiz_2 rise edge)
                                                      0.000     0.000 r  
    BUFGCTRL_X0Y1        BUFG                         0.000     0.000 r  clk_IBUF_BUFG_inst/O
                         net (fo=857, routed)         2.106     2.106    u_video/mmcm_adv_inst_display_clocks/inst/clk_in1
    MMCME2_ADV_X1Y0      MMCME2_ADV (Prop_mmcme2_adv_CLKIN1_CLKOUT1)
                                                     -4.900    -2.793 r  u_video/mmcm_adv_inst_display_clocks/inst/mmcm_adv_inst/CLKOUT1
                         net (fo=1, routed)           2.697    -0.096    u_video/mmcm_adv_inst_display_clocks/inst/clk_out2_clk_wiz_2
    BUFGCTRL_X0Y0        BUFG (Prop_bufg_I_O)         0.096    -0.000 r  u_video/mmcm_adv_inst_display_clocks/inst/clkout2_buf/O
                         net (fo=44, routed)          1.833     1.833    u_video/inst_dvid/clk_out2
    SLICE_X163Y148       FDRE                                         r  u_video/inst_dvid/shift_clock_reg[1]/C
  -------------------------------------------------------------------    -------------------
    SLICE_X163Y148       FDRE (Prop_fdre_C_Q)         0.456     2.289 f  u_video/inst_dvid/shift_clock_reg[1]/Q
                         net (fo=3, routed)           1.133     3.422    u_video/inst_dvid/shift_clock[1]
    SLICE_X162Y148       LUT6 (Prop_lut6_I4_O)        0.124     3.546 r  u_video/inst_dvid/shift_red[9]_i_2/O
                         net (fo=1, routed)           0.416     3.963    u_video/inst_dvid/shift_red[9]_i_2_n_0
    SLICE_X162Y147       LUT5 (Prop_lut5_I0_O)        0.124     4.087 r  u_video/inst_dvid/shift_red[9]_i_1/O
                         net (fo=31, routed)          1.248     5.335    u_video/inst_dvid/shift_red[9]_i_1_n_0
    SLICE_X160Y138       FDRE                                         r  u_video/inst_dvid/shift_red_reg[8]/R
  -------------------------------------------------------------------    -------------------

                         (clock clk_out2_clk_wiz_2 rise edge)
                                                      8.000     8.000 r  
    BUFGCTRL_X0Y1        BUFG                         0.000     8.000 r  clk_IBUF_BUFG_inst/O
                         net (fo=857, routed)         1.972     9.972    u_video/mmcm_adv_inst_display_clocks/inst/clk_in1
    MMCME2_ADV_X1Y0      MMCME2_ADV (Prop_mmcme2_adv_CLKIN1_CLKOUT1)
                                                     -4.637     5.335 r  u_video/mmcm_adv_inst_display_clocks/inst/mmcm_adv_inst/CLKOUT1
                         net (fo=1, routed)           2.574     7.909    u_video/mmcm_adv_inst_display_clocks/inst/clk_out2_clk_wiz_2
    BUFGCTRL_X0Y0        BUFG (Prop_bufg_I_O)         0.091     8.000 r  u_video/mmcm_adv_inst_display_clocks/inst/clkout2_buf/O
                         net (fo=44, routed)          1.710     9.710    u_video/inst_dvid/clk_out2
    SLICE_X160Y138       FDRE                                         r  u_video/inst_dvid/shift_red_reg[8]/C
                         clock pessimism              0.089     9.799    
                         clock uncertainty           -0.072     9.727    
    SLICE_X160Y138       FDRE (Setup_fdre_C_R)       -0.429     9.298    u_video/inst_dvid/shift_red_reg[8]
  -------------------------------------------------------------------
                         required time                          9.298    
                         arrival time                          -5.335    
  -------------------------------------------------------------------
                         slack                                  3.964    





Min Delay Paths
--------------------------------------------------------------------------------------
Slack (MET) :             0.194ns  (arrival time - required time)
  Source:                 u_video/inst_dvid/shift_clock_reg[0]/C
                            (rising edge-triggered cell FDRE clocked by clk_out2_clk_wiz_2  {rise@0.000ns fall@4.000ns period=8.000ns})
  Destination:            u_video/inst_dvid/shift_clock_reg[8]/D
                            (rising edge-triggered cell FDRE clocked by clk_out2_clk_wiz_2  {rise@0.000ns fall@4.000ns period=8.000ns})
  Path Group:             clk_out2_clk_wiz_2
  Path Type:              Hold (Min at Fast Process Corner)
  Requirement:            0.000ns  (clk_out2_clk_wiz_2 rise@0.000ns - clk_out2_clk_wiz_2 rise@0.000ns)
  Data Path Delay:        0.270ns  (logic 0.141ns (52.270%)  route 0.129ns (47.730%))
  Logic Levels:           0  
  Clock Path Skew:        0.013ns (DCD - SCD - CPR)
    Destination Clock Delay (DCD):    0.922ns
    Source Clock Delay      (SCD):    0.649ns
    Clock Pessimism Removal (CPR):    0.260ns

    Location             Delay type                Incr(ns)  Path(ns)    Netlist Resource(s)
  -------------------------------------------------------------------    -------------------
                         (clock clk_out2_clk_wiz_2 rise edge)
                                                      0.000     0.000 r  
    BUFGCTRL_X0Y1        BUFG                         0.000     0.000 r  clk_IBUF_BUFG_inst/O
                         net (fo=857, routed)         0.745     0.745    u_video/mmcm_adv_inst_display_clocks/inst/clk_in1
    MMCME2_ADV_X1Y0      MMCME2_ADV (Prop_mmcme2_adv_CLKIN1_CLKOUT1)
                                                     -1.683    -0.938 r  u_video/mmcm_adv_inst_display_clocks/inst/mmcm_adv_inst/CLKOUT1
                         net (fo=1, routed)           0.912    -0.026    u_video/mmcm_adv_inst_display_clocks/inst/clk_out2_clk_wiz_2
    BUFGCTRL_X0Y0        BUFG (Prop_bufg_I_O)         0.026    -0.000 r  u_video/mmcm_adv_inst_display_clocks/inst/clkout2_buf/O
                         net (fo=44, routed)          0.649     0.649    u_video/inst_dvid/clk_out2
    SLICE_X163Y148       FDRE                                         r  u_video/inst_dvid/shift_clock_reg[0]/C
  -------------------------------------------------------------------    -------------------
    SLICE_X163Y148       FDRE (Prop_fdre_C_Q)         0.141     0.790 r  u_video/inst_dvid/shift_clock_reg[0]/Q
                         net (fo=3, routed)           0.129     0.918    u_video/inst_dvid/shift_clock[0]
    SLICE_X162Y148       FDRE                                         r  u_video/inst_dvid/shift_clock_reg[8]/D
  -------------------------------------------------------------------    -------------------

                         (clock clk_out2_clk_wiz_2 rise edge)
                                                      0.000     0.000 r  
    BUFGCTRL_X0Y1        BUFG                         0.000     0.000 r  clk_IBUF_BUFG_inst/O
                         net (fo=857, routed)         1.022     1.022    u_video/mmcm_adv_inst_display_clocks/inst/clk_in1
    MMCME2_ADV_X1Y0      MMCME2_ADV (Prop_mmcme2_adv_CLKIN1_CLKOUT1)
                                                     -2.040    -1.018 r  u_video/mmcm_adv_inst_display_clocks/inst/mmcm_adv_inst/CLKOUT1
                         net (fo=1, routed)           0.989    -0.029    u_video/mmcm_adv_inst_display_clocks/inst/clk_out2_clk_wiz_2
    BUFGCTRL_X0Y0        BUFG (Prop_bufg_I_O)         0.029    -0.000 r  u_video/mmcm_adv_inst_display_clocks/inst/clkout2_buf/O
                         net (fo=44, routed)          0.922     0.922    u_video/inst_dvid/clk_out2
    SLICE_X162Y148       FDRE                                         r  u_video/inst_dvid/shift_clock_reg[8]/C
                         clock pessimism             -0.260     0.662    
    SLICE_X162Y148       FDRE (Hold_fdre_C_D)         0.063     0.725    u_video/inst_dvid/shift_clock_reg[8]
  -------------------------------------------------------------------
                         required time                         -0.725    
                         arrival time                           0.918    
  -------------------------------------------------------------------
                         slack                                  0.194    

Slack (MET) :             0.201ns  (arrival time - required time)
  Source:                 u_video/inst_dvid/shift_clock_reg[2]/C
                            (rising edge-triggered cell FDRE clocked by clk_out2_clk_wiz_2  {rise@0.000ns fall@4.000ns period=8.000ns})
  Destination:            u_video/inst_dvid/shift_clock_reg[0]/D
                            (rising edge-triggered cell FDRE clocked by clk_out2_clk_wiz_2  {rise@0.000ns fall@4.000ns period=8.000ns})
  Path Group:             clk_out2_clk_wiz_2
  Path Type:              Hold (Min at Fast Process Corner)
  Requirement:            0.000ns  (clk_out2_clk_wiz_2 rise@0.000ns - clk_out2_clk_wiz_2 rise@0.000ns)
  Data Path Delay:        0.287ns  (logic 0.164ns (57.121%)  route 0.123ns (42.879%))
  Logic Levels:           0  
  Clock Path Skew:        0.016ns (DCD - SCD - CPR)
    Destination Clock Delay (DCD):    0.922ns
    Source Clock Delay      (SCD):    0.649ns
    Clock Pessimism Removal (CPR):    0.257ns

    Location             Delay type                Incr(ns)  Path(ns)    Netlist Resource(s)
  -------------------------------------------------------------------    -------------------
                         (clock clk_out2_clk_wiz_2 rise edge)
                                                      0.000     0.000 r  
    BUFGCTRL_X0Y1        BUFG                         0.000     0.000 r  clk_IBUF_BUFG_inst/O
                         net (fo=857, routed)         0.745     0.745    u_video/mmcm_adv_inst_display_clocks/inst/clk_in1
    MMCME2_ADV_X1Y0      MMCME2_ADV (Prop_mmcme2_adv_CLKIN1_CLKOUT1)
                                                     -1.683    -0.938 r  u_video/mmcm_adv_inst_display_clocks/inst/mmcm_adv_inst/CLKOUT1
                         net (fo=1, routed)           0.912    -0.026    u_video/mmcm_adv_inst_display_clocks/inst/clk_out2_clk_wiz_2
    BUFGCTRL_X0Y0        BUFG (Prop_bufg_I_O)         0.026    -0.000 r  u_video/mmcm_adv_inst_display_clocks/inst/clkout2_buf/O
                         net (fo=44, routed)          0.649     0.649    u_video/inst_dvid/clk_out2
    SLICE_X162Y147       FDRE                                         r  u_video/inst_dvid/shift_clock_reg[2]/C
  -------------------------------------------------------------------    -------------------
    SLICE_X162Y147       FDRE (Prop_fdre_C_Q)         0.164     0.813 r  u_video/inst_dvid/shift_clock_reg[2]/Q
                         net (fo=2, routed)           0.123     0.936    u_video/inst_dvid/shift_clock_reg_n_0_[2]
    SLICE_X163Y148       FDRE                                         r  u_video/inst_dvid/shift_clock_reg[0]/D
  -------------------------------------------------------------------    -------------------

                         (clock clk_out2_clk_wiz_2 rise edge)
                                                      0.000     0.000 r  
    BUFGCTRL_X0Y1        BUFG                         0.000     0.000 r  clk_IBUF_BUFG_inst/O
                         net (fo=857, routed)         1.022     1.022    u_video/mmcm_adv_inst_display_clocks/inst/clk_in1
    MMCME2_ADV_X1Y0      MMCME2_ADV (Prop_mmcme2_adv_CLKIN1_CLKOUT1)
                                                     -2.040    -1.018 r  u_video/mmcm_adv_inst_display_clocks/inst/mmcm_adv_inst/CLKOUT1
                         net (fo=1, routed)           0.989    -0.029    u_video/mmcm_adv_inst_display_clocks/inst/clk_out2_clk_wiz_2
    BUFGCTRL_X0Y0        BUFG (Prop_bufg_I_O)         0.029    -0.000 r  u_video/mmcm_adv_inst_display_clocks/inst/clkout2_buf/O
                         net (fo=44, routed)          0.922     0.922    u_video/inst_dvid/clk_out2
    SLICE_X163Y148       FDRE                                         r  u_video/inst_dvid/shift_clock_reg[0]/C
                         clock pessimism             -0.257     0.665    
    SLICE_X163Y148       FDRE (Hold_fdre_C_D)         0.070     0.735    u_video/inst_dvid/shift_clock_reg[0]
  -------------------------------------------------------------------
                         required time                         -0.735    
                         arrival time                           0.936    
  -------------------------------------------------------------------
                         slack                                  0.201    

Slack (MET) :             0.205ns  (arrival time - required time)
  Source:                 u_video/inst_dvid/shift_clock_reg[3]/C
                            (rising edge-triggered cell FDRE clocked by clk_out2_clk_wiz_2  {rise@0.000ns fall@4.000ns period=8.000ns})
  Destination:            u_video/inst_dvid/shift_clock_reg[1]/D
                            (rising edge-triggered cell FDRE clocked by clk_out2_clk_wiz_2  {rise@0.000ns fall@4.000ns period=8.000ns})
  Path Group:             clk_out2_clk_wiz_2
  Path Type:              Hold (Min at Fast Process Corner)
  Requirement:            0.000ns  (clk_out2_clk_wiz_2 rise@0.000ns - clk_out2_clk_wiz_2 rise@0.000ns)
  Data Path Delay:        0.287ns  (logic 0.164ns (57.121%)  route 0.123ns (42.879%))
  Logic Levels:           0  
  Clock Path Skew:        0.016ns (DCD - SCD - CPR)
    Destination Clock Delay (DCD):    0.922ns
    Source Clock Delay      (SCD):    0.649ns
    Clock Pessimism Removal (CPR):    0.257ns

    Location             Delay type                Incr(ns)  Path(ns)    Netlist Resource(s)
  -------------------------------------------------------------------    -------------------
                         (clock clk_out2_clk_wiz_2 rise edge)
                                                      0.000     0.000 r  
    BUFGCTRL_X0Y1        BUFG                         0.000     0.000 r  clk_IBUF_BUFG_inst/O
                         net (fo=857, routed)         0.745     0.745    u_video/mmcm_adv_inst_display_clocks/inst/clk_in1
    MMCME2_ADV_X1Y0      MMCME2_ADV (Prop_mmcme2_adv_CLKIN1_CLKOUT1)
                                                     -1.683    -0.938 r  u_video/mmcm_adv_inst_display_clocks/inst/mmcm_adv_inst/CLKOUT1
                         net (fo=1, routed)           0.912    -0.026    u_video/mmcm_adv_inst_display_clocks/inst/clk_out2_clk_wiz_2
    BUFGCTRL_X0Y0        BUFG (Prop_bufg_I_O)         0.026    -0.000 r  u_video/mmcm_adv_inst_display_clocks/inst/clkout2_buf/O
                         net (fo=44, routed)          0.649     0.649    u_video/inst_dvid/clk_out2
    SLICE_X162Y147       FDRE                                         r  u_video/inst_dvid/shift_clock_reg[3]/C
  -------------------------------------------------------------------    -------------------
    SLICE_X162Y147       FDRE (Prop_fdre_C_Q)         0.164     0.813 r  u_video/inst_dvid/shift_clock_reg[3]/Q
                         net (fo=2, routed)           0.123     0.936    u_video/inst_dvid/shift_clock_reg_n_0_[3]
    SLICE_X163Y148       FDRE                                         r  u_video/inst_dvid/shift_clock_reg[1]/D
  -------------------------------------------------------------------    -------------------

                         (clock clk_out2_clk_wiz_2 rise edge)
                                                      0.000     0.000 r  
    BUFGCTRL_X0Y1        BUFG                         0.000     0.000 r  clk_IBUF_BUFG_inst/O
                         net (fo=857, routed)         1.022     1.022    u_video/mmcm_adv_inst_display_clocks/inst/clk_in1
    MMCME2_ADV_X1Y0      MMCME2_ADV (Prop_mmcme2_adv_CLKIN1_CLKOUT1)
                                                     -2.040    -1.018 r  u_video/mmcm_adv_inst_display_clocks/inst/mmcm_adv_inst/CLKOUT1
                         net (fo=1, routed)           0.989    -0.029    u_video/mmcm_adv_inst_display_clocks/inst/clk_out2_clk_wiz_2
    BUFGCTRL_X0Y0        BUFG (Prop_bufg_I_O)         0.029    -0.000 r  u_video/mmcm_adv_inst_display_clocks/inst/clkout2_buf/O
                         net (fo=44, routed)          0.922     0.922    u_video/inst_dvid/clk_out2
    SLICE_X163Y148       FDRE                                         r  u_video/inst_dvid/shift_clock_reg[1]/C
                         clock pessimism             -0.257     0.665    
    SLICE_X163Y148       FDRE (Hold_fdre_C_D)         0.066     0.731    u_video/inst_dvid/shift_clock_reg[1]
  -------------------------------------------------------------------
                         required time                         -0.731    
                         arrival time                           0.936    
  -------------------------------------------------------------------
                         slack                                  0.205    

Slack (MET) :             0.209ns  (arrival time - required time)
  Source:                 u_video/inst_dvid/shift_clock_reg[7]/C
                            (rising edge-triggered cell FDRE clocked by clk_out2_clk_wiz_2  {rise@0.000ns fall@4.000ns period=8.000ns})
  Destination:            u_video/inst_dvid/shift_clock_reg[5]/D
                            (rising edge-triggered cell FDRE clocked by clk_out2_clk_wiz_2  {rise@0.000ns fall@4.000ns period=8.000ns})
  Path Group:             clk_out2_clk_wiz_2
  Path Type:              Hold (Min at Fast Process Corner)
  Requirement:            0.000ns  (clk_out2_clk_wiz_2 rise@0.000ns - clk_out2_clk_wiz_2 rise@0.000ns)
  Data Path Delay:        0.288ns  (logic 0.164ns (56.923%)  route 0.124ns (43.077%))
  Logic Levels:           0  
  Clock Path Skew:        0.016ns (DCD - SCD - CPR)
    Destination Clock Delay (DCD):    0.922ns
    Source Clock Delay      (SCD):    0.649ns
    Clock Pessimism Removal (CPR):    0.257ns

    Location             Delay type                Incr(ns)  Path(ns)    Netlist Resource(s)
  -------------------------------------------------------------------    -------------------
                         (clock clk_out2_clk_wiz_2 rise edge)
                                                      0.000     0.000 r  
    BUFGCTRL_X0Y1        BUFG                         0.000     0.000 r  clk_IBUF_BUFG_inst/O
                         net (fo=857, routed)         0.745     0.745    u_video/mmcm_adv_inst_display_clocks/inst/clk_in1
    MMCME2_ADV_X1Y0      MMCME2_ADV (Prop_mmcme2_adv_CLKIN1_CLKOUT1)
                                                     -1.683    -0.938 r  u_video/mmcm_adv_inst_display_clocks/inst/mmcm_adv_inst/CLKOUT1
                         net (fo=1, routed)           0.912    -0.026    u_video/mmcm_adv_inst_display_clocks/inst/clk_out2_clk_wiz_2
    BUFGCTRL_X0Y0        BUFG (Prop_bufg_I_O)         0.026    -0.000 r  u_video/mmcm_adv_inst_display_clocks/inst/clkout2_buf/O
                         net (fo=44, routed)          0.649     0.649    u_video/inst_dvid/clk_out2
    SLICE_X162Y148       FDRE                                         r  u_video/inst_dvid/shift_clock_reg[7]/C
  -------------------------------------------------------------------    -------------------
    SLICE_X162Y148       FDRE (Prop_fdre_C_Q)         0.164     0.813 r  u_video/inst_dvid/shift_clock_reg[7]/Q
                         net (fo=2, routed)           0.124     0.937    u_video/inst_dvid/shift_clock_reg_n_0_[7]
    SLICE_X162Y147       FDRE                                         r  u_video/inst_dvid/shift_clock_reg[5]/D
  -------------------------------------------------------------------    -------------------

                         (clock clk_out2_clk_wiz_2 rise edge)
                                                      0.000     0.000 r  
    BUFGCTRL_X0Y1        BUFG                         0.000     0.000 r  clk_IBUF_BUFG_inst/O
                         net (fo=857, routed)         1.022     1.022    u_video/mmcm_adv_inst_display_clocks/inst/clk_in1
    MMCME2_ADV_X1Y0      MMCME2_ADV (Prop_mmcme2_adv_CLKIN1_CLKOUT1)
                                                     -2.040    -1.018 r  u_video/mmcm_adv_inst_display_clocks/inst/mmcm_adv_inst/CLKOUT1
                         net (fo=1, routed)           0.989    -0.029    u_video/mmcm_adv_inst_display_clocks/inst/clk_out2_clk_wiz_2
    BUFGCTRL_X0Y0        BUFG (Prop_bufg_I_O)         0.029    -0.000 r  u_video/mmcm_adv_inst_display_clocks/inst/clkout2_buf/O
                         net (fo=44, routed)          0.922     0.922    u_video/inst_dvid/clk_out2
    SLICE_X162Y147       FDRE                                         r  u_video/inst_dvid/shift_clock_reg[5]/C
                         clock pessimism             -0.257     0.665    
    SLICE_X162Y147       FDRE (Hold_fdre_C_D)         0.063     0.728    u_video/inst_dvid/shift_clock_reg[5]
  -------------------------------------------------------------------
                         required time                         -0.728    
                         arrival time                           0.937    
  -------------------------------------------------------------------
                         slack                                  0.209    

Slack (MET) :             0.224ns  (arrival time - required time)
  Source:                 u_video/inst_dvid/shift_clock_reg[5]/C
                            (rising edge-triggered cell FDRE clocked by clk_out2_clk_wiz_2  {rise@0.000ns fall@4.000ns period=8.000ns})
  Destination:            u_video/inst_dvid/shift_clock_reg[3]/D
                            (rising edge-triggered cell FDRE clocked by clk_out2_clk_wiz_2  {rise@0.000ns fall@4.000ns period=8.000ns})
  Path Group:             clk_out2_clk_wiz_2
  Path Type:              Hold (Min at Fast Process Corner)
  Requirement:            0.000ns  (clk_out2_clk_wiz_2 rise@0.000ns - clk_out2_clk_wiz_2 rise@0.000ns)
  Data Path Delay:        0.276ns  (logic 0.164ns (59.419%)  route 0.112ns (40.581%))
  Logic Levels:           0  
  Clock Path Skew:        0.000ns (DCD - SCD - CPR)
    Destination Clock Delay (DCD):    0.922ns
    Source Clock Delay      (SCD):    0.649ns
    Clock Pessimism Removal (CPR):    0.273ns

    Location             Delay type                Incr(ns)  Path(ns)    Netlist Resource(s)
  -------------------------------------------------------------------    -------------------
                         (clock clk_out2_clk_wiz_2 rise edge)
                                                      0.000     0.000 r  
    BUFGCTRL_X0Y1        BUFG                         0.000     0.000 r  clk_IBUF_BUFG_inst/O
                         net (fo=857, routed)         0.745     0.745    u_video/mmcm_adv_inst_display_clocks/inst/clk_in1
    MMCME2_ADV_X1Y0      MMCME2_ADV (Prop_mmcme2_adv_CLKIN1_CLKOUT1)
                                                     -1.683    -0.938 r  u_video/mmcm_adv_inst_display_clocks/inst/mmcm_adv_inst/CLKOUT1
                         net (fo=1, routed)           0.912    -0.026    u_video/mmcm_adv_inst_display_clocks/inst/clk_out2_clk_wiz_2
    BUFGCTRL_X0Y0        BUFG (Prop_bufg_I_O)         0.026    -0.000 r  u_video/mmcm_adv_inst_display_clocks/inst/clkout2_buf/O
                         net (fo=44, routed)          0.649     0.649    u_video/inst_dvid/clk_out2
    SLICE_X162Y147       FDRE                                         r  u_video/inst_dvid/shift_clock_reg[5]/C
  -------------------------------------------------------------------    -------------------
    SLICE_X162Y147       FDRE (Prop_fdre_C_Q)         0.164     0.813 r  u_video/inst_dvid/shift_clock_reg[5]/Q
                         net (fo=2, routed)           0.112     0.925    u_video/inst_dvid/shift_clock_reg_n_0_[5]
    SLICE_X162Y147       FDRE                                         r  u_video/inst_dvid/shift_clock_reg[3]/D
  -------------------------------------------------------------------    -------------------

                         (clock clk_out2_clk_wiz_2 rise edge)
                                                      0.000     0.000 r  
    BUFGCTRL_X0Y1        BUFG                         0.000     0.000 r  clk_IBUF_BUFG_inst/O
                         net (fo=857, routed)         1.022     1.022    u_video/mmcm_adv_inst_display_clocks/inst/clk_in1
    MMCME2_ADV_X1Y0      MMCME2_ADV (Prop_mmcme2_adv_CLKIN1_CLKOUT1)
                                                     -2.040    -1.018 r  u_video/mmcm_adv_inst_display_clocks/inst/mmcm_adv_inst/CLKOUT1
                         net (fo=1, routed)           0.989    -0.029    u_video/mmcm_adv_inst_display_clocks/inst/clk_out2_clk_wiz_2
    BUFGCTRL_X0Y0        BUFG (Prop_bufg_I_O)         0.029    -0.000 r  u_video/mmcm_adv_inst_display_clocks/inst/clkout2_buf/O
                         net (fo=44, routed)          0.922     0.922    u_video/inst_dvid/clk_out2
    SLICE_X162Y147       FDRE                                         r  u_video/inst_dvid/shift_clock_reg[3]/C
                         clock pessimism             -0.273     0.649    
    SLICE_X162Y147       FDRE (Hold_fdre_C_D)         0.052     0.701    u_video/inst_dvid/shift_clock_reg[3]
  -------------------------------------------------------------------
                         required time                         -0.701    
                         arrival time                           0.925    
  -------------------------------------------------------------------
                         slack                                  0.224    

Slack (MET) :             0.233ns  (arrival time - required time)
  Source:                 u_video/inst_dvid/shift_clock_reg[4]/C
                            (rising edge-triggered cell FDRE clocked by clk_out2_clk_wiz_2  {rise@0.000ns fall@4.000ns period=8.000ns})
  Destination:            u_video/inst_dvid/shift_clock_reg[2]/D
                            (rising edge-triggered cell FDRE clocked by clk_out2_clk_wiz_2  {rise@0.000ns fall@4.000ns period=8.000ns})
  Path Group:             clk_out2_clk_wiz_2
  Path Type:              Hold (Min at Fast Process Corner)
  Requirement:            0.000ns  (clk_out2_clk_wiz_2 rise@0.000ns - clk_out2_clk_wiz_2 rise@0.000ns)
  Data Path Delay:        0.292ns  (logic 0.164ns (56.232%)  route 0.128ns (43.768%))
  Logic Levels:           0  
  Clock Path Skew:        0.000ns (DCD - SCD - CPR)
    Destination Clock Delay (DCD):    0.922ns
    Source Clock Delay      (SCD):    0.649ns
    Clock Pessimism Removal (CPR):    0.273ns

    Location             Delay type                Incr(ns)  Path(ns)    Netlist Resource(s)
  -------------------------------------------------------------------    -------------------
                         (clock clk_out2_clk_wiz_2 rise edge)
                                                      0.000     0.000 r  
    BUFGCTRL_X0Y1        BUFG                         0.000     0.000 r  clk_IBUF_BUFG_inst/O
                         net (fo=857, routed)         0.745     0.745    u_video/mmcm_adv_inst_display_clocks/inst/clk_in1
    MMCME2_ADV_X1Y0      MMCME2_ADV (Prop_mmcme2_adv_CLKIN1_CLKOUT1)
                                                     -1.683    -0.938 r  u_video/mmcm_adv_inst_display_clocks/inst/mmcm_adv_inst/CLKOUT1
                         net (fo=1, routed)           0.912    -0.026    u_video/mmcm_adv_inst_display_clocks/inst/clk_out2_clk_wiz_2
    BUFGCTRL_X0Y0        BUFG (Prop_bufg_I_O)         0.026    -0.000 r  u_video/mmcm_adv_inst_display_clocks/inst/clkout2_buf/O
                         net (fo=44, routed)          0.649     0.649    u_video/inst_dvid/clk_out2
    SLICE_X162Y147       FDRE                                         r  u_video/inst_dvid/shift_clock_reg[4]/C
  -------------------------------------------------------------------    -------------------
    SLICE_X162Y147       FDRE (Prop_fdre_C_Q)         0.164     0.813 r  u_video/inst_dvid/shift_clock_reg[4]/Q
                         net (fo=2, routed)           0.128     0.940    u_video/inst_dvid/shift_clock_reg_n_0_[4]
    SLICE_X162Y147       FDRE                                         r  u_video/inst_dvid/shift_clock_reg[2]/D
  -------------------------------------------------------------------    -------------------

                         (clock clk_out2_clk_wiz_2 rise edge)
                                                      0.000     0.000 r  
    BUFGCTRL_X0Y1        BUFG                         0.000     0.000 r  clk_IBUF_BUFG_inst/O
                         net (fo=857, routed)         1.022     1.022    u_video/mmcm_adv_inst_display_clocks/inst/clk_in1
    MMCME2_ADV_X1Y0      MMCME2_ADV (Prop_mmcme2_adv_CLKIN1_CLKOUT1)
                                                     -2.040    -1.018 r  u_video/mmcm_adv_inst_display_clocks/inst/mmcm_adv_inst/CLKOUT1
                         net (fo=1, routed)           0.989    -0.029    u_video/mmcm_adv_inst_display_clocks/inst/clk_out2_clk_wiz_2
    BUFGCTRL_X0Y0        BUFG (Prop_bufg_I_O)         0.029    -0.000 r  u_video/mmcm_adv_inst_display_clocks/inst/clkout2_buf/O
                         net (fo=44, routed)          0.922     0.922    u_video/inst_dvid/clk_out2
    SLICE_X162Y147       FDRE                                         r  u_video/inst_dvid/shift_clock_reg[2]/C
                         clock pessimism             -0.273     0.649    
    SLICE_X162Y147       FDRE (Hold_fdre_C_D)         0.059     0.708    u_video/inst_dvid/shift_clock_reg[2]
  -------------------------------------------------------------------
                         required time                         -0.708    
                         arrival time                           0.940    
  -------------------------------------------------------------------
                         slack                                  0.233    

Slack (MET) :             0.233ns  (arrival time - required time)
  Source:                 u_video/inst_dvid/shift_clock_reg[8]/C
                            (rising edge-triggered cell FDRE clocked by clk_out2_clk_wiz_2  {rise@0.000ns fall@4.000ns period=8.000ns})
  Destination:            u_video/inst_dvid/shift_clock_reg[6]/D
                            (rising edge-triggered cell FDRE clocked by clk_out2_clk_wiz_2  {rise@0.000ns fall@4.000ns period=8.000ns})
  Path Group:             clk_out2_clk_wiz_2
  Path Type:              Hold (Min at Fast Process Corner)
  Requirement:            0.000ns  (clk_out2_clk_wiz_2 rise@0.000ns - clk_out2_clk_wiz_2 rise@0.000ns)
  Data Path Delay:        0.292ns  (logic 0.164ns (56.232%)  route 0.128ns (43.768%))
  Logic Levels:           0  
  Clock Path Skew:        0.000ns (DCD - SCD - CPR)
    Destination Clock Delay (DCD):    0.922ns
    Source Clock Delay      (SCD):    0.649ns
    Clock Pessimism Removal (CPR):    0.273ns

    Location             Delay type                Incr(ns)  Path(ns)    Netlist Resource(s)
  -------------------------------------------------------------------    -------------------
                         (clock clk_out2_clk_wiz_2 rise edge)
                                                      0.000     0.000 r  
    BUFGCTRL_X0Y1        BUFG                         0.000     0.000 r  clk_IBUF_BUFG_inst/O
                         net (fo=857, routed)         0.745     0.745    u_video/mmcm_adv_inst_display_clocks/inst/clk_in1
    MMCME2_ADV_X1Y0      MMCME2_ADV (Prop_mmcme2_adv_CLKIN1_CLKOUT1)
                                                     -1.683    -0.938 r  u_video/mmcm_adv_inst_display_clocks/inst/mmcm_adv_inst/CLKOUT1
                         net (fo=1, routed)           0.912    -0.026    u_video/mmcm_adv_inst_display_clocks/inst/clk_out2_clk_wiz_2
    BUFGCTRL_X0Y0        BUFG (Prop_bufg_I_O)         0.026    -0.000 r  u_video/mmcm_adv_inst_display_clocks/inst/clkout2_buf/O
                         net (fo=44, routed)          0.649     0.649    u_video/inst_dvid/clk_out2
    SLICE_X162Y148       FDRE                                         r  u_video/inst_dvid/shift_clock_reg[8]/C
  -------------------------------------------------------------------    -------------------
    SLICE_X162Y148       FDRE (Prop_fdre_C_Q)         0.164     0.813 r  u_video/inst_dvid/shift_clock_reg[8]/Q
                         net (fo=2, routed)           0.128     0.940    u_video/inst_dvid/shift_clock_reg_n_0_[8]
    SLICE_X162Y148       FDRE                                         r  u_video/inst_dvid/shift_clock_reg[6]/D
  -------------------------------------------------------------------    -------------------

                         (clock clk_out2_clk_wiz_2 rise edge)
                                                      0.000     0.000 r  
    BUFGCTRL_X0Y1        BUFG                         0.000     0.000 r  clk_IBUF_BUFG_inst/O
                         net (fo=857, routed)         1.022     1.022    u_video/mmcm_adv_inst_display_clocks/inst/clk_in1
    MMCME2_ADV_X1Y0      MMCME2_ADV (Prop_mmcme2_adv_CLKIN1_CLKOUT1)
                                                     -2.040    -1.018 r  u_video/mmcm_adv_inst_display_clocks/inst/mmcm_adv_inst/CLKOUT1
                         net (fo=1, routed)           0.989    -0.029    u_video/mmcm_adv_inst_display_clocks/inst/clk_out2_clk_wiz_2
    BUFGCTRL_X0Y0        BUFG (Prop_bufg_I_O)         0.029    -0.000 r  u_video/mmcm_adv_inst_display_clocks/inst/clkout2_buf/O
                         net (fo=44, routed)          0.922     0.922    u_video/inst_dvid/clk_out2
    SLICE_X162Y148       FDRE                                         r  u_video/inst_dvid/shift_clock_reg[6]/C
                         clock pessimism             -0.273     0.649    
    SLICE_X162Y148       FDRE (Hold_fdre_C_D)         0.059     0.708    u_video/inst_dvid/shift_clock_reg[6]
  -------------------------------------------------------------------
                         required time                         -0.708    
                         arrival time                           0.940    
  -------------------------------------------------------------------
                         slack                                  0.233    

Slack (MET) :             0.233ns  (arrival time - required time)
  Source:                 u_video/inst_dvid/shift_clock_reg[9]/C
                            (rising edge-triggered cell FDRE clocked by clk_out2_clk_wiz_2  {rise@0.000ns fall@4.000ns period=8.000ns})
  Destination:            u_video/inst_dvid/shift_clock_reg[7]/D
                            (rising edge-triggered cell FDRE clocked by clk_out2_clk_wiz_2  {rise@0.000ns fall@4.000ns period=8.000ns})
  Path Group:             clk_out2_clk_wiz_2
  Path Type:              Hold (Min at Fast Process Corner)
  Requirement:            0.000ns  (clk_out2_clk_wiz_2 rise@0.000ns - clk_out2_clk_wiz_2 rise@0.000ns)
  Data Path Delay:        0.285ns  (logic 0.164ns (57.535%)  route 0.121ns (42.465%))
  Logic Levels:           0  
  Clock Path Skew:        0.000ns (DCD - SCD - CPR)
    Destination Clock Delay (DCD):    0.922ns
    Source Clock Delay      (SCD):    0.649ns
    Clock Pessimism Removal (CPR):    0.273ns

    Location             Delay type                Incr(ns)  Path(ns)    Netlist Resource(s)
  -------------------------------------------------------------------    -------------------
                         (clock clk_out2_clk_wiz_2 rise edge)
                                                      0.000     0.000 r  
    BUFGCTRL_X0Y1        BUFG                         0.000     0.000 r  clk_IBUF_BUFG_inst/O
                         net (fo=857, routed)         0.745     0.745    u_video/mmcm_adv_inst_display_clocks/inst/clk_in1
    MMCME2_ADV_X1Y0      MMCME2_ADV (Prop_mmcme2_adv_CLKIN1_CLKOUT1)
                                                     -1.683    -0.938 r  u_video/mmcm_adv_inst_display_clocks/inst/mmcm_adv_inst/CLKOUT1
                         net (fo=1, routed)           0.912    -0.026    u_video/mmcm_adv_inst_display_clocks/inst/clk_out2_clk_wiz_2
    BUFGCTRL_X0Y0        BUFG (Prop_bufg_I_O)         0.026    -0.000 r  u_video/mmcm_adv_inst_display_clocks/inst/clkout2_buf/O
                         net (fo=44, routed)          0.649     0.649    u_video/inst_dvid/clk_out2
    SLICE_X162Y148       FDRE                                         r  u_video/inst_dvid/shift_clock_reg[9]/C
  -------------------------------------------------------------------    -------------------
    SLICE_X162Y148       FDRE (Prop_fdre_C_Q)         0.164     0.813 r  u_video/inst_dvid/shift_clock_reg[9]/Q
                         net (fo=2, routed)           0.121     0.934    u_video/inst_dvid/shift_clock_reg_n_0_[9]
    SLICE_X162Y148       FDRE                                         r  u_video/inst_dvid/shift_clock_reg[7]/D
  -------------------------------------------------------------------    -------------------

                         (clock clk_out2_clk_wiz_2 rise edge)
                                                      0.000     0.000 r  
    BUFGCTRL_X0Y1        BUFG                         0.000     0.000 r  clk_IBUF_BUFG_inst/O
                         net (fo=857, routed)         1.022     1.022    u_video/mmcm_adv_inst_display_clocks/inst/clk_in1
    MMCME2_ADV_X1Y0      MMCME2_ADV (Prop_mmcme2_adv_CLKIN1_CLKOUT1)
                                                     -2.040    -1.018 r  u_video/mmcm_adv_inst_display_clocks/inst/mmcm_adv_inst/CLKOUT1
                         net (fo=1, routed)           0.989    -0.029    u_video/mmcm_adv_inst_display_clocks/inst/clk_out2_clk_wiz_2
    BUFGCTRL_X0Y0        BUFG (Prop_bufg_I_O)         0.029    -0.000 r  u_video/mmcm_adv_inst_display_clocks/inst/clkout2_buf/O
                         net (fo=44, routed)          0.922     0.922    u_video/inst_dvid/clk_out2
    SLICE_X162Y148       FDRE                                         r  u_video/inst_dvid/shift_clock_reg[7]/C
                         clock pessimism             -0.273     0.649    
    SLICE_X162Y148       FDRE (Hold_fdre_C_D)         0.052     0.701    u_video/inst_dvid/shift_clock_reg[7]
  -------------------------------------------------------------------
                         required time                         -0.701    
                         arrival time                           0.934    
  -------------------------------------------------------------------
                         slack                                  0.233    

Slack (MET) :             0.260ns  (arrival time - required time)
  Source:                 u_video/inst_dvid/shift_red_reg[9]/C
                            (rising edge-triggered cell FDRE clocked by clk_out2_clk_wiz_2  {rise@0.000ns fall@4.000ns period=8.000ns})
  Destination:            u_video/inst_dvid/shift_red_reg[7]/D
                            (rising edge-triggered cell FDSE clocked by clk_out2_clk_wiz_2  {rise@0.000ns fall@4.000ns period=8.000ns})
  Path Group:             clk_out2_clk_wiz_2
  Path Type:              Hold (Min at Fast Process Corner)
  Requirement:            0.000ns  (clk_out2_clk_wiz_2 rise@0.000ns - clk_out2_clk_wiz_2 rise@0.000ns)
  Data Path Delay:        0.395ns  (logic 0.186ns (47.060%)  route 0.209ns (52.940%))
  Logic Levels:           1  (LUT2=1)
  Clock Path Skew:        0.014ns (DCD - SCD - CPR)
    Destination Clock Delay (DCD):    0.917ns
    Source Clock Delay      (SCD):    0.646ns
    Clock Pessimism Removal (CPR):    0.257ns

    Location             Delay type                Incr(ns)  Path(ns)    Netlist Resource(s)
  -------------------------------------------------------------------    -------------------
                         (clock clk_out2_clk_wiz_2 rise edge)
                                                      0.000     0.000 r  
    BUFGCTRL_X0Y1        BUFG                         0.000     0.000 r  clk_IBUF_BUFG_inst/O
                         net (fo=857, routed)         0.745     0.745    u_video/mmcm_adv_inst_display_clocks/inst/clk_in1
    MMCME2_ADV_X1Y0      MMCME2_ADV (Prop_mmcme2_adv_CLKIN1_CLKOUT1)
                                                     -1.683    -0.938 r  u_video/mmcm_adv_inst_display_clocks/inst/mmcm_adv_inst/CLKOUT1
                         net (fo=1, routed)           0.912    -0.026    u_video/mmcm_adv_inst_display_clocks/inst/clk_out2_clk_wiz_2
    BUFGCTRL_X0Y0        BUFG (Prop_bufg_I_O)         0.026    -0.000 r  u_video/mmcm_adv_inst_display_clocks/inst/clkout2_buf/O
                         net (fo=44, routed)          0.646     0.646    u_video/inst_dvid/clk_out2
    SLICE_X160Y138       FDRE                                         r  u_video/inst_dvid/shift_red_reg[9]/C
  -------------------------------------------------------------------    -------------------
    SLICE_X160Y138       FDRE (Prop_fdre_C_Q)         0.141     0.787 r  u_video/inst_dvid/shift_red_reg[9]/Q
                         net (fo=1, routed)           0.209     0.996    u_video/inst_dvid/data1[7]
    SLICE_X162Y137       LUT2 (Prop_lut2_I1_O)        0.045     1.041 r  u_video/inst_dvid/shift_red[7]_i_2/O
                         net (fo=1, routed)           0.000     1.041    u_video/inst_dvid/shift_red[7]_i_2_n_0
    SLICE_X162Y137       FDSE                                         r  u_video/inst_dvid/shift_red_reg[7]/D
  -------------------------------------------------------------------    -------------------

                         (clock clk_out2_clk_wiz_2 rise edge)
                                                      0.000     0.000 r  
    BUFGCTRL_X0Y1        BUFG                         0.000     0.000 r  clk_IBUF_BUFG_inst/O
                         net (fo=857, routed)         1.022     1.022    u_video/mmcm_adv_inst_display_clocks/inst/clk_in1
    MMCME2_ADV_X1Y0      MMCME2_ADV (Prop_mmcme2_adv_CLKIN1_CLKOUT1)
                                                     -2.040    -1.018 r  u_video/mmcm_adv_inst_display_clocks/inst/mmcm_adv_inst/CLKOUT1
                         net (fo=1, routed)           0.989    -0.029    u_video/mmcm_adv_inst_display_clocks/inst/clk_out2_clk_wiz_2
    BUFGCTRL_X0Y0        BUFG (Prop_bufg_I_O)         0.029    -0.000 r  u_video/mmcm_adv_inst_display_clocks/inst/clkout2_buf/O
                         net (fo=44, routed)          0.917     0.917    u_video/inst_dvid/clk_out2
    SLICE_X162Y137       FDSE                                         r  u_video/inst_dvid/shift_red_reg[7]/C
                         clock pessimism             -0.257     0.660    
    SLICE_X162Y137       FDSE (Hold_fdse_C_D)         0.121     0.781    u_video/inst_dvid/shift_red_reg[7]
  -------------------------------------------------------------------
                         required time                         -0.781    
                         arrival time                           1.041    
  -------------------------------------------------------------------
                         slack                                  0.260    

Slack (MET) :             0.263ns  (arrival time - required time)
  Source:                 u_video/inst_dvid/shift_blue_reg[7]/C
                            (rising edge-triggered cell FDRE clocked by clk_out2_clk_wiz_2  {rise@0.000ns fall@4.000ns period=8.000ns})
  Destination:            u_video/inst_dvid/shift_blue_reg[5]/D
                            (rising edge-triggered cell FDRE clocked by clk_out2_clk_wiz_2  {rise@0.000ns fall@4.000ns period=8.000ns})
  Path Group:             clk_out2_clk_wiz_2
  Path Type:              Hold (Min at Fast Process Corner)
  Requirement:            0.000ns  (clk_out2_clk_wiz_2 rise@0.000ns - clk_out2_clk_wiz_2 rise@0.000ns)
  Data Path Delay:        0.384ns  (logic 0.246ns (64.089%)  route 0.138ns (35.911%))
  Logic Levels:           1  (LUT3=1)
  Clock Path Skew:        0.000ns (DCD - SCD - CPR)
    Destination Clock Delay (DCD):    0.892ns
    Source Clock Delay      (SCD):    0.620ns
    Clock Pessimism Removal (CPR):    0.272ns

    Location             Delay type                Incr(ns)  Path(ns)    Netlist Resource(s)
  -------------------------------------------------------------------    -------------------
                         (clock clk_out2_clk_wiz_2 rise edge)
                                                      0.000     0.000 r  
    BUFGCTRL_X0Y1        BUFG                         0.000     0.000 r  clk_IBUF_BUFG_inst/O
                         net (fo=857, routed)         0.745     0.745    u_video/mmcm_adv_inst_display_clocks/inst/clk_in1
    MMCME2_ADV_X1Y0      MMCME2_ADV (Prop_mmcme2_adv_CLKIN1_CLKOUT1)
                                                     -1.683    -0.938 r  u_video/mmcm_adv_inst_display_clocks/inst/mmcm_adv_inst/CLKOUT1
                         net (fo=1, routed)           0.912    -0.026    u_video/mmcm_adv_inst_display_clocks/inst/clk_out2_clk_wiz_2
    BUFGCTRL_X0Y0        BUFG (Prop_bufg_I_O)         0.026    -0.000 r  u_video/mmcm_adv_inst_display_clocks/inst/clkout2_buf/O
                         net (fo=44, routed)          0.620     0.620    u_video/inst_dvid/clk_out2
    SLICE_X148Y145       FDRE                                         r  u_video/inst_dvid/shift_blue_reg[7]/C
  -------------------------------------------------------------------    -------------------
    SLICE_X148Y145       FDRE (Prop_fdre_C_Q)         0.148     0.768 r  u_video/inst_dvid/shift_blue_reg[7]/Q
                         net (fo=1, routed)           0.138     0.905    u_video/inst_dvid/shift_blue[7]
    SLICE_X148Y145       LUT3 (Prop_lut3_I0_O)        0.098     1.003 r  u_video/inst_dvid/shift_blue[5]_i_1/O
                         net (fo=1, routed)           0.000     1.003    u_video/inst_dvid/shift_blue_0[5]
    SLICE_X148Y145       FDRE                                         r  u_video/inst_dvid/shift_blue_reg[5]/D
  -------------------------------------------------------------------    -------------------

                         (clock clk_out2_clk_wiz_2 rise edge)
                                                      0.000     0.000 r  
    BUFGCTRL_X0Y1        BUFG                         0.000     0.000 r  clk_IBUF_BUFG_inst/O
                         net (fo=857, routed)         1.022     1.022    u_video/mmcm_adv_inst_display_clocks/inst/clk_in1
    MMCME2_ADV_X1Y0      MMCME2_ADV (Prop_mmcme2_adv_CLKIN1_CLKOUT1)
                                                     -2.040    -1.018 r  u_video/mmcm_adv_inst_display_clocks/inst/mmcm_adv_inst/CLKOUT1
                         net (fo=1, routed)           0.989    -0.029    u_video/mmcm_adv_inst_display_clocks/inst/clk_out2_clk_wiz_2
    BUFGCTRL_X0Y0        BUFG (Prop_bufg_I_O)         0.029    -0.000 r  u_video/mmcm_adv_inst_display_clocks/inst/clkout2_buf/O
                         net (fo=44, routed)          0.892     0.892    u_video/inst_dvid/clk_out2
    SLICE_X148Y145       FDRE                                         r  u_video/inst_dvid/shift_blue_reg[5]/C
                         clock pessimism             -0.272     0.620    
    SLICE_X148Y145       FDRE (Hold_fdre_C_D)         0.121     0.741    u_video/inst_dvid/shift_blue_reg[5]
  -------------------------------------------------------------------
                         required time                         -0.741    
                         arrival time                           1.003    
  -------------------------------------------------------------------
                         slack                                  0.263    





Pulse Width Checks
--------------------------------------------------------------------------------------
Clock Name:         clk_out2_clk_wiz_2
Waveform(ns):       { 0.000 4.000 }
Period(ns):         8.000
Sources:            { u_video/mmcm_adv_inst_display_clocks/inst/mmcm_adv_inst/CLKOUT1 }

Check Type        Corner  Lib Pin             Reference Pin  Required(ns)  Actual(ns)  Slack(ns)  Location         Pin
Min Period        n/a     BUFG/I              n/a            2.155         8.000       5.845      BUFGCTRL_X0Y0    u_video/mmcm_adv_inst_display_clocks/inst/clkout2_buf/I
Min Period        n/a     ODDR/C              n/a            1.474         8.000       6.526      OLOGIC_X1Y140    u_video/inst_dvid/ODDR2_blue/C
Min Period        n/a     ODDR/C              n/a            1.474         8.000       6.526      OLOGIC_X1Y148    u_video/inst_dvid/ODDR2_clock/C
Min Period        n/a     ODDR/C              n/a            1.474         8.000       6.526      OLOGIC_X1Y136    u_video/inst_dvid/ODDR2_green/C
Min Period        n/a     ODDR/C              n/a            1.474         8.000       6.526      OLOGIC_X1Y134    u_video/inst_dvid/ODDR2_red/C
Min Period        n/a     MMCME2_ADV/CLKOUT1  n/a            1.249         8.000       6.751      MMCME2_ADV_X1Y0  u_video/mmcm_adv_inst_display_clocks/inst/mmcm_adv_inst/CLKOUT1
Min Period        n/a     FDRE/C              n/a            1.000         8.000       7.000      SLICE_X148Y145   u_video/inst_dvid/shift_blue_reg[0]/C
Min Period        n/a     FDRE/C              n/a            1.000         8.000       7.000      SLICE_X148Y145   u_video/inst_dvid/shift_blue_reg[1]/C
Min Period        n/a     FDRE/C              n/a            1.000         8.000       7.000      SLICE_X148Y145   u_video/inst_dvid/shift_blue_reg[2]/C
Min Period        n/a     FDRE/C              n/a            1.000         8.000       7.000      SLICE_X148Y145   u_video/inst_dvid/shift_blue_reg[3]/C
Max Period        n/a     MMCME2_ADV/CLKOUT1  n/a            213.360       8.000       205.360    MMCME2_ADV_X1Y0  u_video/mmcm_adv_inst_display_clocks/inst/mmcm_adv_inst/CLKOUT1
Low Pulse Width   Slow    FDRE/C              n/a            0.500         4.000       3.500      SLICE_X148Y145   u_video/inst_dvid/shift_blue_reg[0]/C
Low Pulse Width   Fast    FDRE/C              n/a            0.500         4.000       3.500      SLICE_X148Y145   u_video/inst_dvid/shift_blue_reg[0]/C
Low Pulse Width   Slow    FDRE/C              n/a            0.500         4.000       3.500      SLICE_X148Y145   u_video/inst_dvid/shift_blue_reg[1]/C
Low Pulse Width   Fast    FDRE/C              n/a            0.500         4.000       3.500      SLICE_X148Y145   u_video/inst_dvid/shift_blue_reg[1]/C
Low Pulse Width   Slow    FDRE/C              n/a            0.500         4.000       3.500      SLICE_X148Y145   u_video/inst_dvid/shift_blue_reg[2]/C
Low Pulse Width   Fast    FDRE/C              n/a            0.500         4.000       3.500      SLICE_X148Y145   u_video/inst_dvid/shift_blue_reg[2]/C
Low Pulse Width   Slow    FDRE/C              n/a            0.500         4.000       3.500      SLICE_X148Y145   u_video/inst_dvid/shift_blue_reg[3]/C
Low Pulse Width   Fast    FDRE/C              n/a            0.500         4.000       3.500      SLICE_X148Y145   u_video/inst_dvid/shift_blue_reg[3]/C
Low Pulse Width   Slow    FDRE/C              n/a            0.500         4.000       3.500      SLICE_X148Y145   u_video/inst_dvid/shift_blue_reg[4]/C
Low Pulse Width   Fast    FDRE/C              n/a            0.500         4.000       3.500      SLICE_X148Y145   u_video/inst_dvid/shift_blue_reg[4]/C
High Pulse Width  Slow    FDRE/C              n/a            0.500         4.000       3.500      SLICE_X148Y145   u_video/inst_dvid/shift_blue_reg[0]/C
High Pulse Width  Fast    FDRE/C              n/a            0.500         4.000       3.500      SLICE_X148Y145   u_video/inst_dvid/shift_blue_reg[0]/C
High Pulse Width  Slow    FDRE/C              n/a            0.500         4.000       3.500      SLICE_X148Y145   u_video/inst_dvid/shift_blue_reg[1]/C
High Pulse Width  Fast    FDRE/C              n/a            0.500         4.000       3.500      SLICE_X148Y145   u_video/inst_dvid/shift_blue_reg[1]/C
High Pulse Width  Slow    FDRE/C              n/a            0.500         4.000       3.500      SLICE_X148Y145   u_video/inst_dvid/shift_blue_reg[2]/C
High Pulse Width  Fast    FDRE/C              n/a            0.500         4.000       3.500      SLICE_X148Y145   u_video/inst_dvid/shift_blue_reg[2]/C
High Pulse Width  Slow    FDRE/C              n/a            0.500         4.000       3.500      SLICE_X148Y145   u_video/inst_dvid/shift_blue_reg[3]/C
High Pulse Width  Fast    FDRE/C              n/a            0.500         4.000       3.500      SLICE_X148Y145   u_video/inst_dvid/shift_blue_reg[3]/C
High Pulse Width  Slow    FDRE/C              n/a            0.500         4.000       3.500      SLICE_X148Y145   u_video/inst_dvid/shift_blue_reg[4]/C
High Pulse Width  Fast    FDRE/C              n/a            0.500         4.000       3.500      SLICE_X148Y145   u_video/inst_dvid/shift_blue_reg[4]/C



---------------------------------------------------------------------------------------------------
From Clock:  clkfbout_clk_wiz_2
  To Clock:  clkfbout_clk_wiz_2

Setup :           NA  Failing Endpoints,  Worst Slack           NA  ,  Total Violation           NA
Hold  :           NA  Failing Endpoints,  Worst Slack           NA  ,  Total Violation           NA
PW    :            0  Failing Endpoints,  Worst Slack        7.845ns,  Total Violation        0.000ns
---------------------------------------------------------------------------------------------------


Pulse Width Checks
--------------------------------------------------------------------------------------
Clock Name:         clkfbout_clk_wiz_2
Waveform(ns):       { 0.000 5.000 }
Period(ns):         10.000
Sources:            { u_video/mmcm_adv_inst_display_clocks/inst/mmcm_adv_inst/CLKFBOUT }

Check Type  Corner  Lib Pin              Reference Pin  Required(ns)  Actual(ns)  Slack(ns)  Location         Pin
Min Period  n/a     BUFG/I               n/a            2.155         10.000      7.845      BUFGCTRL_X0Y3    u_video/mmcm_adv_inst_display_clocks/inst/clkf_buf/I
Min Period  n/a     MMCME2_ADV/CLKFBOUT  n/a            1.249         10.000      8.751      MMCME2_ADV_X1Y0  u_video/mmcm_adv_inst_display_clocks/inst/mmcm_adv_inst/CLKFBOUT
Min Period  n/a     MMCME2_ADV/CLKFBIN   n/a            1.249         10.000      8.751      MMCME2_ADV_X1Y0  u_video/mmcm_adv_inst_display_clocks/inst/mmcm_adv_inst/CLKFBIN
Max Period  n/a     MMCME2_ADV/CLKFBIN   n/a            100.000       10.000      90.000     MMCME2_ADV_X1Y0  u_video/mmcm_adv_inst_display_clocks/inst/mmcm_adv_inst/CLKFBIN
Max Period  n/a     MMCME2_ADV/CLKFBOUT  n/a            213.360       10.000      203.360    MMCME2_ADV_X1Y0  u_video/mmcm_adv_inst_display_clocks/inst/mmcm_adv_inst/CLKFBOUT



---------------------------------------------------------------------------------------------------
From Clock:  clk_out1_clk_wiz_2
  To Clock:  clk_out2_clk_wiz_2

Setup :            0  Failing Endpoints,  Worst Slack        4.319ns,  Total Violation        0.000ns
Hold  :            0  Failing Endpoints,  Worst Slack        0.168ns,  Total Violation        0.000ns
---------------------------------------------------------------------------------------------------


Max Delay Paths
--------------------------------------------------------------------------------------
Slack (MET) :             4.319ns  (required time - arrival time)
  Source:                 u_video/inst_dvid/latched_red_reg[0]/C
                            (rising edge-triggered cell FDRE clocked by clk_out1_clk_wiz_2  {rise@0.000ns fall@20.000ns period=40.000ns})
  Destination:            u_video/inst_dvid/shift_red_reg[0]/S
                            (rising edge-triggered cell FDSE clocked by clk_out2_clk_wiz_2  {rise@0.000ns fall@4.000ns period=8.000ns})
  Path Group:             clk_out2_clk_wiz_2
  Path Type:              Setup (Max at Slow Process Corner)
  Requirement:            8.000ns  (clk_out2_clk_wiz_2 rise@8.000ns - clk_out1_clk_wiz_2 rise@0.000ns)
  Data Path Delay:        2.694ns  (logic 0.580ns (21.527%)  route 2.114ns (78.473%))
  Logic Levels:           1  (LUT2=1)
  Clock Path Skew:        -0.248ns (DCD - SCD + CPR)
    Destination Clock Delay (DCD):    1.709ns = ( 9.709 - 8.000 ) 
    Source Clock Delay      (SCD):    1.829ns
    Clock Pessimism Removal (CPR):    -0.128ns
  Clock Uncertainty:      0.215ns  ((TSJ^2 + DJ^2)^1/2) / 2 + PE
    Total System Jitter     (TSJ):    0.071ns
    Discrete Jitter          (DJ):    0.175ns
    Phase Error              (PE):    0.120ns

    Location             Delay type                Incr(ns)  Path(ns)    Netlist Resource(s)
  -------------------------------------------------------------------    -------------------
                         (clock clk_out1_clk_wiz_2 rise edge)
                                                      0.000     0.000 r  
    BUFGCTRL_X0Y1        BUFG                         0.000     0.000 r  clk_IBUF_BUFG_inst/O
                         net (fo=857, routed)         2.106     2.106    u_video/mmcm_adv_inst_display_clocks/inst/clk_in1
    MMCME2_ADV_X1Y0      MMCME2_ADV (Prop_mmcme2_adv_CLKIN1_CLKOUT0)
                                                     -4.900    -2.793 r  u_video/mmcm_adv_inst_display_clocks/inst/mmcm_adv_inst/CLKOUT0
                         net (fo=1, routed)           2.697    -0.096    u_video/mmcm_adv_inst_display_clocks/inst/clk_out1_clk_wiz_2
    BUFGCTRL_X0Y2        BUFG (Prop_bufg_I_O)         0.096    -0.000 r  u_video/mmcm_adv_inst_display_clocks/inst/clkout1_buf/O
                         net (fo=85, routed)          1.829     1.829    u_video/inst_dvid/CLK
    SLICE_X161Y138       FDRE                                         r  u_video/inst_dvid/latched_red_reg[0]/C
  -------------------------------------------------------------------    -------------------
    SLICE_X161Y138       FDRE (Prop_fdre_C_Q)         0.456     2.285 r  u_video/inst_dvid/latched_red_reg[0]/Q
                         net (fo=1, routed)           1.050     3.335    u_video/inst_dvid/latched_red[0]
    SLICE_X162Y138       LUT2 (Prop_lut2_I0_O)        0.124     3.459 r  u_video/inst_dvid/shift_red[7]_i_1/O
                         net (fo=5, routed)           1.064     4.524    u_video/inst_dvid/shift_red[7]_i_1_n_0
    SLICE_X162Y137       FDSE                                         r  u_video/inst_dvid/shift_red_reg[0]/S
  -------------------------------------------------------------------    -------------------

                         (clock clk_out2_clk_wiz_2 rise edge)
                                                      8.000     8.000 r  
    BUFGCTRL_X0Y1        BUFG                         0.000     8.000 r  clk_IBUF_BUFG_inst/O
                         net (fo=857, routed)         1.972     9.972    u_video/mmcm_adv_inst_display_clocks/inst/clk_in1
    MMCME2_ADV_X1Y0      MMCME2_ADV (Prop_mmcme2_adv_CLKIN1_CLKOUT1)
                                                     -4.637     5.335 r  u_video/mmcm_adv_inst_display_clocks/inst/mmcm_adv_inst/CLKOUT1
                         net (fo=1, routed)           2.574     7.909    u_video/mmcm_adv_inst_display_clocks/inst/clk_out2_clk_wiz_2
    BUFGCTRL_X0Y0        BUFG (Prop_bufg_I_O)         0.091     8.000 r  u_video/mmcm_adv_inst_display_clocks/inst/clkout2_buf/O
                         net (fo=44, routed)          1.709     9.709    u_video/inst_dvid/clk_out2
    SLICE_X162Y137       FDSE                                         r  u_video/inst_dvid/shift_red_reg[0]/C
                         clock pessimism             -0.128     9.581    
                         clock uncertainty           -0.215     9.367    
    SLICE_X162Y137       FDSE (Setup_fdse_C_S)       -0.524     8.843    u_video/inst_dvid/shift_red_reg[0]
  -------------------------------------------------------------------
                         required time                          8.843    
                         arrival time                          -4.524    
  -------------------------------------------------------------------
                         slack                                  4.319    

Slack (MET) :             4.319ns  (required time - arrival time)
  Source:                 u_video/inst_dvid/latched_red_reg[0]/C
                            (rising edge-triggered cell FDRE clocked by clk_out1_clk_wiz_2  {rise@0.000ns fall@20.000ns period=40.000ns})
  Destination:            u_video/inst_dvid/shift_red_reg[1]/S
                            (rising edge-triggered cell FDSE clocked by clk_out2_clk_wiz_2  {rise@0.000ns fall@4.000ns period=8.000ns})
  Path Group:             clk_out2_clk_wiz_2
  Path Type:              Setup (Max at Slow Process Corner)
  Requirement:            8.000ns  (clk_out2_clk_wiz_2 rise@8.000ns - clk_out1_clk_wiz_2 rise@0.000ns)
  Data Path Delay:        2.694ns  (logic 0.580ns (21.527%)  route 2.114ns (78.473%))
  Logic Levels:           1  (LUT2=1)
  Clock Path Skew:        -0.248ns (DCD - SCD + CPR)
    Destination Clock Delay (DCD):    1.709ns = ( 9.709 - 8.000 ) 
    Source Clock Delay      (SCD):    1.829ns
    Clock Pessimism Removal (CPR):    -0.128ns
  Clock Uncertainty:      0.215ns  ((TSJ^2 + DJ^2)^1/2) / 2 + PE
    Total System Jitter     (TSJ):    0.071ns
    Discrete Jitter          (DJ):    0.175ns
    Phase Error              (PE):    0.120ns

    Location             Delay type                Incr(ns)  Path(ns)    Netlist Resource(s)
  -------------------------------------------------------------------    -------------------
                         (clock clk_out1_clk_wiz_2 rise edge)
                                                      0.000     0.000 r  
    BUFGCTRL_X0Y1        BUFG                         0.000     0.000 r  clk_IBUF_BUFG_inst/O
                         net (fo=857, routed)         2.106     2.106    u_video/mmcm_adv_inst_display_clocks/inst/clk_in1
    MMCME2_ADV_X1Y0      MMCME2_ADV (Prop_mmcme2_adv_CLKIN1_CLKOUT0)
                                                     -4.900    -2.793 r  u_video/mmcm_adv_inst_display_clocks/inst/mmcm_adv_inst/CLKOUT0
                         net (fo=1, routed)           2.697    -0.096    u_video/mmcm_adv_inst_display_clocks/inst/clk_out1_clk_wiz_2
    BUFGCTRL_X0Y2        BUFG (Prop_bufg_I_O)         0.096    -0.000 r  u_video/mmcm_adv_inst_display_clocks/inst/clkout1_buf/O
                         net (fo=85, routed)          1.829     1.829    u_video/inst_dvid/CLK
    SLICE_X161Y138       FDRE                                         r  u_video/inst_dvid/latched_red_reg[0]/C
  -------------------------------------------------------------------    -------------------
    SLICE_X161Y138       FDRE (Prop_fdre_C_Q)         0.456     2.285 r  u_video/inst_dvid/latched_red_reg[0]/Q
                         net (fo=1, routed)           1.050     3.335    u_video/inst_dvid/latched_red[0]
    SLICE_X162Y138       LUT2 (Prop_lut2_I0_O)        0.124     3.459 r  u_video/inst_dvid/shift_red[7]_i_1/O
                         net (fo=5, routed)           1.064     4.524    u_video/inst_dvid/shift_red[7]_i_1_n_0
    SLICE_X162Y137       FDSE                                         r  u_video/inst_dvid/shift_red_reg[1]/S
  -------------------------------------------------------------------    -------------------

                         (clock clk_out2_clk_wiz_2 rise edge)
                                                      8.000     8.000 r  
    BUFGCTRL_X0Y1        BUFG                         0.000     8.000 r  clk_IBUF_BUFG_inst/O
                         net (fo=857, routed)         1.972     9.972    u_video/mmcm_adv_inst_display_clocks/inst/clk_in1
    MMCME2_ADV_X1Y0      MMCME2_ADV (Prop_mmcme2_adv_CLKIN1_CLKOUT1)
                                                     -4.637     5.335 r  u_video/mmcm_adv_inst_display_clocks/inst/mmcm_adv_inst/CLKOUT1
                         net (fo=1, routed)           2.574     7.909    u_video/mmcm_adv_inst_display_clocks/inst/clk_out2_clk_wiz_2
    BUFGCTRL_X0Y0        BUFG (Prop_bufg_I_O)         0.091     8.000 r  u_video/mmcm_adv_inst_display_clocks/inst/clkout2_buf/O
                         net (fo=44, routed)          1.709     9.709    u_video/inst_dvid/clk_out2
    SLICE_X162Y137       FDSE                                         r  u_video/inst_dvid/shift_red_reg[1]/C
                         clock pessimism             -0.128     9.581    
                         clock uncertainty           -0.215     9.367    
    SLICE_X162Y137       FDSE (Setup_fdse_C_S)       -0.524     8.843    u_video/inst_dvid/shift_red_reg[1]
  -------------------------------------------------------------------
                         required time                          8.843    
                         arrival time                          -4.524    
  -------------------------------------------------------------------
                         slack                                  4.319    

Slack (MET) :             4.319ns  (required time - arrival time)
  Source:                 u_video/inst_dvid/latched_red_reg[0]/C
                            (rising edge-triggered cell FDRE clocked by clk_out1_clk_wiz_2  {rise@0.000ns fall@20.000ns period=40.000ns})
  Destination:            u_video/inst_dvid/shift_red_reg[3]/S
                            (rising edge-triggered cell FDSE clocked by clk_out2_clk_wiz_2  {rise@0.000ns fall@4.000ns period=8.000ns})
  Path Group:             clk_out2_clk_wiz_2
  Path Type:              Setup (Max at Slow Process Corner)
  Requirement:            8.000ns  (clk_out2_clk_wiz_2 rise@8.000ns - clk_out1_clk_wiz_2 rise@0.000ns)
  Data Path Delay:        2.694ns  (logic 0.580ns (21.527%)  route 2.114ns (78.473%))
  Logic Levels:           1  (LUT2=1)
  Clock Path Skew:        -0.248ns (DCD - SCD + CPR)
    Destination Clock Delay (DCD):    1.709ns = ( 9.709 - 8.000 ) 
    Source Clock Delay      (SCD):    1.829ns
    Clock Pessimism Removal (CPR):    -0.128ns
  Clock Uncertainty:      0.215ns  ((TSJ^2 + DJ^2)^1/2) / 2 + PE
    Total System Jitter     (TSJ):    0.071ns
    Discrete Jitter          (DJ):    0.175ns
    Phase Error              (PE):    0.120ns

    Location             Delay type                Incr(ns)  Path(ns)    Netlist Resource(s)
  -------------------------------------------------------------------    -------------------
                         (clock clk_out1_clk_wiz_2 rise edge)
                                                      0.000     0.000 r  
    BUFGCTRL_X0Y1        BUFG                         0.000     0.000 r  clk_IBUF_BUFG_inst/O
                         net (fo=857, routed)         2.106     2.106    u_video/mmcm_adv_inst_display_clocks/inst/clk_in1
    MMCME2_ADV_X1Y0      MMCME2_ADV (Prop_mmcme2_adv_CLKIN1_CLKOUT0)
                                                     -4.900    -2.793 r  u_video/mmcm_adv_inst_display_clocks/inst/mmcm_adv_inst/CLKOUT0
                         net (fo=1, routed)           2.697    -0.096    u_video/mmcm_adv_inst_display_clocks/inst/clk_out1_clk_wiz_2
    BUFGCTRL_X0Y2        BUFG (Prop_bufg_I_O)         0.096    -0.000 r  u_video/mmcm_adv_inst_display_clocks/inst/clkout1_buf/O
                         net (fo=85, routed)          1.829     1.829    u_video/inst_dvid/CLK
    SLICE_X161Y138       FDRE                                         r  u_video/inst_dvid/latched_red_reg[0]/C
  -------------------------------------------------------------------    -------------------
    SLICE_X161Y138       FDRE (Prop_fdre_C_Q)         0.456     2.285 r  u_video/inst_dvid/latched_red_reg[0]/Q
                         net (fo=1, routed)           1.050     3.335    u_video/inst_dvid/latched_red[0]
    SLICE_X162Y138       LUT2 (Prop_lut2_I0_O)        0.124     3.459 r  u_video/inst_dvid/shift_red[7]_i_1/O
                         net (fo=5, routed)           1.064     4.524    u_video/inst_dvid/shift_red[7]_i_1_n_0
    SLICE_X162Y137       FDSE                                         r  u_video/inst_dvid/shift_red_reg[3]/S
  -------------------------------------------------------------------    -------------------

                         (clock clk_out2_clk_wiz_2 rise edge)
                                                      8.000     8.000 r  
    BUFGCTRL_X0Y1        BUFG                         0.000     8.000 r  clk_IBUF_BUFG_inst/O
                         net (fo=857, routed)         1.972     9.972    u_video/mmcm_adv_inst_display_clocks/inst/clk_in1
    MMCME2_ADV_X1Y0      MMCME2_ADV (Prop_mmcme2_adv_CLKIN1_CLKOUT1)
                                                     -4.637     5.335 r  u_video/mmcm_adv_inst_display_clocks/inst/mmcm_adv_inst/CLKOUT1
                         net (fo=1, routed)           2.574     7.909    u_video/mmcm_adv_inst_display_clocks/inst/clk_out2_clk_wiz_2
    BUFGCTRL_X0Y0        BUFG (Prop_bufg_I_O)         0.091     8.000 r  u_video/mmcm_adv_inst_display_clocks/inst/clkout2_buf/O
                         net (fo=44, routed)          1.709     9.709    u_video/inst_dvid/clk_out2
    SLICE_X162Y137       FDSE                                         r  u_video/inst_dvid/shift_red_reg[3]/C
                         clock pessimism             -0.128     9.581    
                         clock uncertainty           -0.215     9.367    
    SLICE_X162Y137       FDSE (Setup_fdse_C_S)       -0.524     8.843    u_video/inst_dvid/shift_red_reg[3]
  -------------------------------------------------------------------
                         required time                          8.843    
                         arrival time                          -4.524    
  -------------------------------------------------------------------
                         slack                                  4.319    

Slack (MET) :             4.319ns  (required time - arrival time)
  Source:                 u_video/inst_dvid/latched_red_reg[0]/C
                            (rising edge-triggered cell FDRE clocked by clk_out1_clk_wiz_2  {rise@0.000ns fall@20.000ns period=40.000ns})
  Destination:            u_video/inst_dvid/shift_red_reg[5]/S
                            (rising edge-triggered cell FDSE clocked by clk_out2_clk_wiz_2  {rise@0.000ns fall@4.000ns period=8.000ns})
  Path Group:             clk_out2_clk_wiz_2
  Path Type:              Setup (Max at Slow Process Corner)
  Requirement:            8.000ns  (clk_out2_clk_wiz_2 rise@8.000ns - clk_out1_clk_wiz_2 rise@0.000ns)
  Data Path Delay:        2.694ns  (logic 0.580ns (21.527%)  route 2.114ns (78.473%))
  Logic Levels:           1  (LUT2=1)
  Clock Path Skew:        -0.248ns (DCD - SCD + CPR)
    Destination Clock Delay (DCD):    1.709ns = ( 9.709 - 8.000 ) 
    Source Clock Delay      (SCD):    1.829ns
    Clock Pessimism Removal (CPR):    -0.128ns
  Clock Uncertainty:      0.215ns  ((TSJ^2 + DJ^2)^1/2) / 2 + PE
    Total System Jitter     (TSJ):    0.071ns
    Discrete Jitter          (DJ):    0.175ns
    Phase Error              (PE):    0.120ns

    Location             Delay type                Incr(ns)  Path(ns)    Netlist Resource(s)
  -------------------------------------------------------------------    -------------------
                         (clock clk_out1_clk_wiz_2 rise edge)
                                                      0.000     0.000 r  
    BUFGCTRL_X0Y1        BUFG                         0.000     0.000 r  clk_IBUF_BUFG_inst/O
                         net (fo=857, routed)         2.106     2.106    u_video/mmcm_adv_inst_display_clocks/inst/clk_in1
    MMCME2_ADV_X1Y0      MMCME2_ADV (Prop_mmcme2_adv_CLKIN1_CLKOUT0)
                                                     -4.900    -2.793 r  u_video/mmcm_adv_inst_display_clocks/inst/mmcm_adv_inst/CLKOUT0
                         net (fo=1, routed)           2.697    -0.096    u_video/mmcm_adv_inst_display_clocks/inst/clk_out1_clk_wiz_2
    BUFGCTRL_X0Y2        BUFG (Prop_bufg_I_O)         0.096    -0.000 r  u_video/mmcm_adv_inst_display_clocks/inst/clkout1_buf/O
                         net (fo=85, routed)          1.829     1.829    u_video/inst_dvid/CLK
    SLICE_X161Y138       FDRE                                         r  u_video/inst_dvid/latched_red_reg[0]/C
  -------------------------------------------------------------------    -------------------
    SLICE_X161Y138       FDRE (Prop_fdre_C_Q)         0.456     2.285 r  u_video/inst_dvid/latched_red_reg[0]/Q
                         net (fo=1, routed)           1.050     3.335    u_video/inst_dvid/latched_red[0]
    SLICE_X162Y138       LUT2 (Prop_lut2_I0_O)        0.124     3.459 r  u_video/inst_dvid/shift_red[7]_i_1/O
                         net (fo=5, routed)           1.064     4.524    u_video/inst_dvid/shift_red[7]_i_1_n_0
    SLICE_X162Y137       FDSE                                         r  u_video/inst_dvid/shift_red_reg[5]/S
  -------------------------------------------------------------------    -------------------

                         (clock clk_out2_clk_wiz_2 rise edge)
                                                      8.000     8.000 r  
    BUFGCTRL_X0Y1        BUFG                         0.000     8.000 r  clk_IBUF_BUFG_inst/O
                         net (fo=857, routed)         1.972     9.972    u_video/mmcm_adv_inst_display_clocks/inst/clk_in1
    MMCME2_ADV_X1Y0      MMCME2_ADV (Prop_mmcme2_adv_CLKIN1_CLKOUT1)
                                                     -4.637     5.335 r  u_video/mmcm_adv_inst_display_clocks/inst/mmcm_adv_inst/CLKOUT1
                         net (fo=1, routed)           2.574     7.909    u_video/mmcm_adv_inst_display_clocks/inst/clk_out2_clk_wiz_2
    BUFGCTRL_X0Y0        BUFG (Prop_bufg_I_O)         0.091     8.000 r  u_video/mmcm_adv_inst_display_clocks/inst/clkout2_buf/O
                         net (fo=44, routed)          1.709     9.709    u_video/inst_dvid/clk_out2
    SLICE_X162Y137       FDSE                                         r  u_video/inst_dvid/shift_red_reg[5]/C
                         clock pessimism             -0.128     9.581    
                         clock uncertainty           -0.215     9.367    
    SLICE_X162Y137       FDSE (Setup_fdse_C_S)       -0.524     8.843    u_video/inst_dvid/shift_red_reg[5]
  -------------------------------------------------------------------
                         required time                          8.843    
                         arrival time                          -4.524    
  -------------------------------------------------------------------
                         slack                                  4.319    

Slack (MET) :             4.319ns  (required time - arrival time)
  Source:                 u_video/inst_dvid/latched_red_reg[0]/C
                            (rising edge-triggered cell FDRE clocked by clk_out1_clk_wiz_2  {rise@0.000ns fall@20.000ns period=40.000ns})
  Destination:            u_video/inst_dvid/shift_red_reg[7]/S
                            (rising edge-triggered cell FDSE clocked by clk_out2_clk_wiz_2  {rise@0.000ns fall@4.000ns period=8.000ns})
  Path Group:             clk_out2_clk_wiz_2
  Path Type:              Setup (Max at Slow Process Corner)
  Requirement:            8.000ns  (clk_out2_clk_wiz_2 rise@8.000ns - clk_out1_clk_wiz_2 rise@0.000ns)
  Data Path Delay:        2.694ns  (logic 0.580ns (21.527%)  route 2.114ns (78.473%))
  Logic Levels:           1  (LUT2=1)
  Clock Path Skew:        -0.248ns (DCD - SCD + CPR)
    Destination Clock Delay (DCD):    1.709ns = ( 9.709 - 8.000 ) 
    Source Clock Delay      (SCD):    1.829ns
    Clock Pessimism Removal (CPR):    -0.128ns
  Clock Uncertainty:      0.215ns  ((TSJ^2 + DJ^2)^1/2) / 2 + PE
    Total System Jitter     (TSJ):    0.071ns
    Discrete Jitter          (DJ):    0.175ns
    Phase Error              (PE):    0.120ns

    Location             Delay type                Incr(ns)  Path(ns)    Netlist Resource(s)
  -------------------------------------------------------------------    -------------------
                         (clock clk_out1_clk_wiz_2 rise edge)
                                                      0.000     0.000 r  
    BUFGCTRL_X0Y1        BUFG                         0.000     0.000 r  clk_IBUF_BUFG_inst/O
                         net (fo=857, routed)         2.106     2.106    u_video/mmcm_adv_inst_display_clocks/inst/clk_in1
    MMCME2_ADV_X1Y0      MMCME2_ADV (Prop_mmcme2_adv_CLKIN1_CLKOUT0)
                                                     -4.900    -2.793 r  u_video/mmcm_adv_inst_display_clocks/inst/mmcm_adv_inst/CLKOUT0
                         net (fo=1, routed)           2.697    -0.096    u_video/mmcm_adv_inst_display_clocks/inst/clk_out1_clk_wiz_2
    BUFGCTRL_X0Y2        BUFG (Prop_bufg_I_O)         0.096    -0.000 r  u_video/mmcm_adv_inst_display_clocks/inst/clkout1_buf/O
                         net (fo=85, routed)          1.829     1.829    u_video/inst_dvid/CLK
    SLICE_X161Y138       FDRE                                         r  u_video/inst_dvid/latched_red_reg[0]/C
  -------------------------------------------------------------------    -------------------
    SLICE_X161Y138       FDRE (Prop_fdre_C_Q)         0.456     2.285 r  u_video/inst_dvid/latched_red_reg[0]/Q
                         net (fo=1, routed)           1.050     3.335    u_video/inst_dvid/latched_red[0]
    SLICE_X162Y138       LUT2 (Prop_lut2_I0_O)        0.124     3.459 r  u_video/inst_dvid/shift_red[7]_i_1/O
                         net (fo=5, routed)           1.064     4.524    u_video/inst_dvid/shift_red[7]_i_1_n_0
    SLICE_X162Y137       FDSE                                         r  u_video/inst_dvid/shift_red_reg[7]/S
  -------------------------------------------------------------------    -------------------

                         (clock clk_out2_clk_wiz_2 rise edge)
                                                      8.000     8.000 r  
    BUFGCTRL_X0Y1        BUFG                         0.000     8.000 r  clk_IBUF_BUFG_inst/O
                         net (fo=857, routed)         1.972     9.972    u_video/mmcm_adv_inst_display_clocks/inst/clk_in1
    MMCME2_ADV_X1Y0      MMCME2_ADV (Prop_mmcme2_adv_CLKIN1_CLKOUT1)
                                                     -4.637     5.335 r  u_video/mmcm_adv_inst_display_clocks/inst/mmcm_adv_inst/CLKOUT1
                         net (fo=1, routed)           2.574     7.909    u_video/mmcm_adv_inst_display_clocks/inst/clk_out2_clk_wiz_2
    BUFGCTRL_X0Y0        BUFG (Prop_bufg_I_O)         0.091     8.000 r  u_video/mmcm_adv_inst_display_clocks/inst/clkout2_buf/O
                         net (fo=44, routed)          1.709     9.709    u_video/inst_dvid/clk_out2
    SLICE_X162Y137       FDSE                                         r  u_video/inst_dvid/shift_red_reg[7]/C
                         clock pessimism             -0.128     9.581    
                         clock uncertainty           -0.215     9.367    
    SLICE_X162Y137       FDSE (Setup_fdse_C_S)       -0.524     8.843    u_video/inst_dvid/shift_red_reg[7]
  -------------------------------------------------------------------
                         required time                          8.843    
                         arrival time                          -4.524    
  -------------------------------------------------------------------
                         slack                                  4.319    

Slack (MET) :             4.945ns  (required time - arrival time)
  Source:                 u_video/inst_dvid/latched_blue_reg[3]/C
                            (rising edge-triggered cell FDRE clocked by clk_out1_clk_wiz_2  {rise@0.000ns fall@20.000ns period=40.000ns})
  Destination:            u_video/inst_dvid/shift_blue_reg[5]/D
                            (rising edge-triggered cell FDRE clocked by clk_out2_clk_wiz_2  {rise@0.000ns fall@4.000ns period=8.000ns})
  Path Group:             clk_out2_clk_wiz_2
  Path Type:              Setup (Max at Slow Process Corner)
  Requirement:            8.000ns  (clk_out2_clk_wiz_2 rise@8.000ns - clk_out1_clk_wiz_2 rise@0.000ns)
  Data Path Delay:        2.672ns  (logic 0.715ns (26.760%)  route 1.957ns (73.240%))
  Logic Levels:           1  (LUT3=1)
  Clock Path Skew:        -0.247ns (DCD - SCD + CPR)
    Destination Clock Delay (DCD):    1.636ns = ( 9.636 - 8.000 ) 
    Source Clock Delay      (SCD):    1.755ns
    Clock Pessimism Removal (CPR):    -0.128ns
  Clock Uncertainty:      0.215ns  ((TSJ^2 + DJ^2)^1/2) / 2 + PE
    Total System Jitter     (TSJ):    0.071ns
    Discrete Jitter          (DJ):    0.175ns
    Phase Error              (PE):    0.120ns

    Location             Delay type                Incr(ns)  Path(ns)    Netlist Resource(s)
  -------------------------------------------------------------------    -------------------
                         (clock clk_out1_clk_wiz_2 rise edge)
                                                      0.000     0.000 r  
    BUFGCTRL_X0Y1        BUFG                         0.000     0.000 r  clk_IBUF_BUFG_inst/O
                         net (fo=857, routed)         2.106     2.106    u_video/mmcm_adv_inst_display_clocks/inst/clk_in1
    MMCME2_ADV_X1Y0      MMCME2_ADV (Prop_mmcme2_adv_CLKIN1_CLKOUT0)
                                                     -4.900    -2.793 r  u_video/mmcm_adv_inst_display_clocks/inst/mmcm_adv_inst/CLKOUT0
                         net (fo=1, routed)           2.697    -0.096    u_video/mmcm_adv_inst_display_clocks/inst/clk_out1_clk_wiz_2
    BUFGCTRL_X0Y2        BUFG (Prop_bufg_I_O)         0.096    -0.000 r  u_video/mmcm_adv_inst_display_clocks/inst/clkout1_buf/O
                         net (fo=85, routed)          1.755     1.755    u_video/inst_dvid/CLK
    SLICE_X147Y145       FDRE                                         r  u_video/inst_dvid/latched_blue_reg[3]/C
  -------------------------------------------------------------------    -------------------
    SLICE_X147Y145       FDRE (Prop_fdre_C_Q)         0.419     2.174 r  u_video/inst_dvid/latched_blue_reg[3]/Q
                         net (fo=3, routed)           1.957     4.131    u_video/inst_dvid/latched_blue[3]
    SLICE_X148Y145       LUT3 (Prop_lut3_I2_O)        0.296     4.427 r  u_video/inst_dvid/shift_blue[5]_i_1/O
                         net (fo=1, routed)           0.000     4.427    u_video/inst_dvid/shift_blue_0[5]
    SLICE_X148Y145       FDRE                                         r  u_video/inst_dvid/shift_blue_reg[5]/D
  -------------------------------------------------------------------    -------------------

                         (clock clk_out2_clk_wiz_2 rise edge)
                                                      8.000     8.000 r  
    BUFGCTRL_X0Y1        BUFG                         0.000     8.000 r  clk_IBUF_BUFG_inst/O
                         net (fo=857, routed)         1.972     9.972    u_video/mmcm_adv_inst_display_clocks/inst/clk_in1
    MMCME2_ADV_X1Y0      MMCME2_ADV (Prop_mmcme2_adv_CLKIN1_CLKOUT1)
                                                     -4.637     5.335 r  u_video/mmcm_adv_inst_display_clocks/inst/mmcm_adv_inst/CLKOUT1
                         net (fo=1, routed)           2.574     7.909    u_video/mmcm_adv_inst_display_clocks/inst/clk_out2_clk_wiz_2
    BUFGCTRL_X0Y0        BUFG (Prop_bufg_I_O)         0.091     8.000 r  u_video/mmcm_adv_inst_display_clocks/inst/clkout2_buf/O
                         net (fo=44, routed)          1.636     9.636    u_video/inst_dvid/clk_out2
    SLICE_X148Y145       FDRE                                         r  u_video/inst_dvid/shift_blue_reg[5]/C
                         clock pessimism             -0.128     9.508    
                         clock uncertainty           -0.215     9.294    
    SLICE_X148Y145       FDRE (Setup_fdre_C_D)        0.079     9.373    u_video/inst_dvid/shift_blue_reg[5]
  -------------------------------------------------------------------
                         required time                          9.373    
                         arrival time                          -4.427    
  -------------------------------------------------------------------
                         slack                                  4.945    

Slack (MET) :             4.948ns  (required time - arrival time)
  Source:                 u_video/inst_dvid/latched_blue_reg[8]/C
                            (rising edge-triggered cell FDRE clocked by clk_out1_clk_wiz_2  {rise@0.000ns fall@20.000ns period=40.000ns})
  Destination:            u_video/inst_dvid/shift_blue_reg[8]/D
                            (rising edge-triggered cell FDRE clocked by clk_out2_clk_wiz_2  {rise@0.000ns fall@4.000ns period=8.000ns})
  Path Group:             clk_out2_clk_wiz_2
  Path Type:              Setup (Max at Slow Process Corner)
  Requirement:            8.000ns  (clk_out2_clk_wiz_2 rise@8.000ns - clk_out1_clk_wiz_2 rise@0.000ns)
  Data Path Delay:        2.523ns  (logic 0.518ns (20.533%)  route 2.005ns (79.467%))
  Logic Levels:           0  
  Clock Path Skew:        -0.247ns (DCD - SCD + CPR)
    Destination Clock Delay (DCD):    1.636ns = ( 9.636 - 8.000 ) 
    Source Clock Delay      (SCD):    1.755ns
    Clock Pessimism Removal (CPR):    -0.128ns
  Clock Uncertainty:      0.215ns  ((TSJ^2 + DJ^2)^1/2) / 2 + PE
    Total System Jitter     (TSJ):    0.071ns
    Discrete Jitter          (DJ):    0.175ns
    Phase Error              (PE):    0.120ns

    Location             Delay type                Incr(ns)  Path(ns)    Netlist Resource(s)
  -------------------------------------------------------------------    -------------------
                         (clock clk_out1_clk_wiz_2 rise edge)
                                                      0.000     0.000 r  
    BUFGCTRL_X0Y1        BUFG                         0.000     0.000 r  clk_IBUF_BUFG_inst/O
                         net (fo=857, routed)         2.106     2.106    u_video/mmcm_adv_inst_display_clocks/inst/clk_in1
    MMCME2_ADV_X1Y0      MMCME2_ADV (Prop_mmcme2_adv_CLKIN1_CLKOUT0)
                                                     -4.900    -2.793 r  u_video/mmcm_adv_inst_display_clocks/inst/mmcm_adv_inst/CLKOUT0
                         net (fo=1, routed)           2.697    -0.096    u_video/mmcm_adv_inst_display_clocks/inst/clk_out1_clk_wiz_2
    BUFGCTRL_X0Y2        BUFG (Prop_bufg_I_O)         0.096    -0.000 r  u_video/mmcm_adv_inst_display_clocks/inst/clkout1_buf/O
                         net (fo=85, routed)          1.755     1.755    u_video/inst_dvid/CLK
    SLICE_X146Y145       FDRE                                         r  u_video/inst_dvid/latched_blue_reg[8]/C
  -------------------------------------------------------------------    -------------------
    SLICE_X146Y145       FDRE (Prop_fdre_C_Q)         0.518     2.273 r  u_video/inst_dvid/latched_blue_reg[8]/Q
                         net (fo=1, routed)           2.005     4.278    u_video/inst_dvid/latched_blue[8]
    SLICE_X149Y145       FDRE                                         r  u_video/inst_dvid/shift_blue_reg[8]/D
  -------------------------------------------------------------------    -------------------

                         (clock clk_out2_clk_wiz_2 rise edge)
                                                      8.000     8.000 r  
    BUFGCTRL_X0Y1        BUFG                         0.000     8.000 r  clk_IBUF_BUFG_inst/O
                         net (fo=857, routed)         1.972     9.972    u_video/mmcm_adv_inst_display_clocks/inst/clk_in1
    MMCME2_ADV_X1Y0      MMCME2_ADV (Prop_mmcme2_adv_CLKIN1_CLKOUT1)
                                                     -4.637     5.335 r  u_video/mmcm_adv_inst_display_clocks/inst/mmcm_adv_inst/CLKOUT1
                         net (fo=1, routed)           2.574     7.909    u_video/mmcm_adv_inst_display_clocks/inst/clk_out2_clk_wiz_2
    BUFGCTRL_X0Y0        BUFG (Prop_bufg_I_O)         0.091     8.000 r  u_video/mmcm_adv_inst_display_clocks/inst/clkout2_buf/O
                         net (fo=44, routed)          1.636     9.636    u_video/inst_dvid/clk_out2
    SLICE_X149Y145       FDRE                                         r  u_video/inst_dvid/shift_blue_reg[8]/C
                         clock pessimism             -0.128     9.508    
                         clock uncertainty           -0.215     9.294    
    SLICE_X149Y145       FDRE (Setup_fdre_C_D)       -0.067     9.227    u_video/inst_dvid/shift_blue_reg[8]
  -------------------------------------------------------------------
                         required time                          9.227    
                         arrival time                          -4.278    
  -------------------------------------------------------------------
                         slack                                  4.948    

Slack (MET) :             4.951ns  (required time - arrival time)
  Source:                 u_video/inst_dvid/latched_blue_reg[3]/C
                            (rising edge-triggered cell FDRE clocked by clk_out1_clk_wiz_2  {rise@0.000ns fall@20.000ns period=40.000ns})
  Destination:            u_video/inst_dvid/shift_blue_reg[7]/D
                            (rising edge-triggered cell FDRE clocked by clk_out2_clk_wiz_2  {rise@0.000ns fall@4.000ns period=8.000ns})
  Path Group:             clk_out2_clk_wiz_2
  Path Type:              Setup (Max at Slow Process Corner)
  Requirement:            8.000ns  (clk_out2_clk_wiz_2 rise@8.000ns - clk_out1_clk_wiz_2 rise@0.000ns)
  Data Path Delay:        2.705ns  (logic 0.748ns (27.653%)  route 1.957ns (72.347%))
  Logic Levels:           1  (LUT3=1)
  Clock Path Skew:        -0.247ns (DCD - SCD + CPR)
    Destination Clock Delay (DCD):    1.636ns = ( 9.636 - 8.000 ) 
    Source Clock Delay      (SCD):    1.755ns
    Clock Pessimism Removal (CPR):    -0.128ns
  Clock Uncertainty:      0.215ns  ((TSJ^2 + DJ^2)^1/2) / 2 + PE
    Total System Jitter     (TSJ):    0.071ns
    Discrete Jitter          (DJ):    0.175ns
    Phase Error              (PE):    0.120ns

    Location             Delay type                Incr(ns)  Path(ns)    Netlist Resource(s)
  -------------------------------------------------------------------    -------------------
                         (clock clk_out1_clk_wiz_2 rise edge)
                                                      0.000     0.000 r  
    BUFGCTRL_X0Y1        BUFG                         0.000     0.000 r  clk_IBUF_BUFG_inst/O
                         net (fo=857, routed)         2.106     2.106    u_video/mmcm_adv_inst_display_clocks/inst/clk_in1
    MMCME2_ADV_X1Y0      MMCME2_ADV (Prop_mmcme2_adv_CLKIN1_CLKOUT0)
                                                     -4.900    -2.793 r  u_video/mmcm_adv_inst_display_clocks/inst/mmcm_adv_inst/CLKOUT0
                         net (fo=1, routed)           2.697    -0.096    u_video/mmcm_adv_inst_display_clocks/inst/clk_out1_clk_wiz_2
    BUFGCTRL_X0Y2        BUFG (Prop_bufg_I_O)         0.096    -0.000 r  u_video/mmcm_adv_inst_display_clocks/inst/clkout1_buf/O
                         net (fo=85, routed)          1.755     1.755    u_video/inst_dvid/CLK
    SLICE_X147Y145       FDRE                                         r  u_video/inst_dvid/latched_blue_reg[3]/C
  -------------------------------------------------------------------    -------------------
    SLICE_X147Y145       FDRE (Prop_fdre_C_Q)         0.419     2.174 r  u_video/inst_dvid/latched_blue_reg[3]/Q
                         net (fo=3, routed)           1.957     4.131    u_video/inst_dvid/latched_blue[3]
    SLICE_X148Y145       LUT3 (Prop_lut3_I2_O)        0.329     4.460 r  u_video/inst_dvid/shift_blue[7]_i_1/O
                         net (fo=1, routed)           0.000     4.460    u_video/inst_dvid/shift_blue_0[7]
    SLICE_X148Y145       FDRE                                         r  u_video/inst_dvid/shift_blue_reg[7]/D
  -------------------------------------------------------------------    -------------------

                         (clock clk_out2_clk_wiz_2 rise edge)
                                                      8.000     8.000 r  
    BUFGCTRL_X0Y1        BUFG                         0.000     8.000 r  clk_IBUF_BUFG_inst/O
                         net (fo=857, routed)         1.972     9.972    u_video/mmcm_adv_inst_display_clocks/inst/clk_in1
    MMCME2_ADV_X1Y0      MMCME2_ADV (Prop_mmcme2_adv_CLKIN1_CLKOUT1)
                                                     -4.637     5.335 r  u_video/mmcm_adv_inst_display_clocks/inst/mmcm_adv_inst/CLKOUT1
                         net (fo=1, routed)           2.574     7.909    u_video/mmcm_adv_inst_display_clocks/inst/clk_out2_clk_wiz_2
    BUFGCTRL_X0Y0        BUFG (Prop_bufg_I_O)         0.091     8.000 r  u_video/mmcm_adv_inst_display_clocks/inst/clkout2_buf/O
                         net (fo=44, routed)          1.636     9.636    u_video/inst_dvid/clk_out2
    SLICE_X148Y145       FDRE                                         r  u_video/inst_dvid/shift_blue_reg[7]/C
                         clock pessimism             -0.128     9.508    
                         clock uncertainty           -0.215     9.294    
    SLICE_X148Y145       FDRE (Setup_fdre_C_D)        0.118     9.412    u_video/inst_dvid/shift_blue_reg[7]
  -------------------------------------------------------------------
                         required time                          9.412    
                         arrival time                          -4.460    
  -------------------------------------------------------------------
                         slack                                  4.951    

Slack (MET) :             4.966ns  (required time - arrival time)
  Source:                 u_video/inst_dvid/latched_blue_reg[1]/C
                            (rising edge-triggered cell FDRE clocked by clk_out1_clk_wiz_2  {rise@0.000ns fall@20.000ns period=40.000ns})
  Destination:            u_video/inst_dvid/shift_blue_reg[1]/D
                            (rising edge-triggered cell FDRE clocked by clk_out2_clk_wiz_2  {rise@0.000ns fall@4.000ns period=8.000ns})
  Path Group:             clk_out2_clk_wiz_2
  Path Type:              Setup (Max at Slow Process Corner)
  Requirement:            8.000ns  (clk_out2_clk_wiz_2 rise@8.000ns - clk_out1_clk_wiz_2 rise@0.000ns)
  Data Path Delay:        2.690ns  (logic 0.798ns (29.667%)  route 1.892ns (70.333%))
  Logic Levels:           1  (LUT3=1)
  Clock Path Skew:        -0.247ns (DCD - SCD + CPR)
    Destination Clock Delay (DCD):    1.636ns = ( 9.636 - 8.000 ) 
    Source Clock Delay      (SCD):    1.755ns
    Clock Pessimism Removal (CPR):    -0.128ns
  Clock Uncertainty:      0.215ns  ((TSJ^2 + DJ^2)^1/2) / 2 + PE
    Total System Jitter     (TSJ):    0.071ns
    Discrete Jitter          (DJ):    0.175ns
    Phase Error              (PE):    0.120ns

    Location             Delay type                Incr(ns)  Path(ns)    Netlist Resource(s)
  -------------------------------------------------------------------    -------------------
                         (clock clk_out1_clk_wiz_2 rise edge)
                                                      0.000     0.000 r  
    BUFGCTRL_X0Y1        BUFG                         0.000     0.000 r  clk_IBUF_BUFG_inst/O
                         net (fo=857, routed)         2.106     2.106    u_video/mmcm_adv_inst_display_clocks/inst/clk_in1
    MMCME2_ADV_X1Y0      MMCME2_ADV (Prop_mmcme2_adv_CLKIN1_CLKOUT0)
                                                     -4.900    -2.793 r  u_video/mmcm_adv_inst_display_clocks/inst/mmcm_adv_inst/CLKOUT0
                         net (fo=1, routed)           2.697    -0.096    u_video/mmcm_adv_inst_display_clocks/inst/clk_out1_clk_wiz_2
    BUFGCTRL_X0Y2        BUFG (Prop_bufg_I_O)         0.096    -0.000 r  u_video/mmcm_adv_inst_display_clocks/inst/clkout1_buf/O
                         net (fo=85, routed)          1.755     1.755    u_video/inst_dvid/CLK
    SLICE_X146Y145       FDRE                                         r  u_video/inst_dvid/latched_blue_reg[1]/C
  -------------------------------------------------------------------    -------------------
    SLICE_X146Y145       FDRE (Prop_fdre_C_Q)         0.478     2.233 r  u_video/inst_dvid/latched_blue_reg[1]/Q
                         net (fo=1, routed)           1.892     4.125    u_video/inst_dvid/latched_blue[1]
    SLICE_X148Y145       LUT3 (Prop_lut3_I2_O)        0.320     4.445 r  u_video/inst_dvid/shift_blue[1]_i_1/O
                         net (fo=1, routed)           0.000     4.445    u_video/inst_dvid/shift_blue_0[1]
    SLICE_X148Y145       FDRE                                         r  u_video/inst_dvid/shift_blue_reg[1]/D
  -------------------------------------------------------------------    -------------------

                         (clock clk_out2_clk_wiz_2 rise edge)
                                                      8.000     8.000 r  
    BUFGCTRL_X0Y1        BUFG                         0.000     8.000 r  clk_IBUF_BUFG_inst/O
                         net (fo=857, routed)         1.972     9.972    u_video/mmcm_adv_inst_display_clocks/inst/clk_in1
    MMCME2_ADV_X1Y0      MMCME2_ADV (Prop_mmcme2_adv_CLKIN1_CLKOUT1)
                                                     -4.637     5.335 r  u_video/mmcm_adv_inst_display_clocks/inst/mmcm_adv_inst/CLKOUT1
                         net (fo=1, routed)           2.574     7.909    u_video/mmcm_adv_inst_display_clocks/inst/clk_out2_clk_wiz_2
    BUFGCTRL_X0Y0        BUFG (Prop_bufg_I_O)         0.091     8.000 r  u_video/mmcm_adv_inst_display_clocks/inst/clkout2_buf/O
                         net (fo=44, routed)          1.636     9.636    u_video/inst_dvid/clk_out2
    SLICE_X148Y145       FDRE                                         r  u_video/inst_dvid/shift_blue_reg[1]/C
                         clock pessimism             -0.128     9.508    
                         clock uncertainty           -0.215     9.294    
    SLICE_X148Y145       FDRE (Setup_fdre_C_D)        0.118     9.412    u_video/inst_dvid/shift_blue_reg[1]
  -------------------------------------------------------------------
                         required time                          9.412    
                         arrival time                          -4.445    
  -------------------------------------------------------------------
                         slack                                  4.966    

Slack (MET) :             4.990ns  (required time - arrival time)
  Source:                 u_video/inst_dvid/latched_blue_reg[4]/C
                            (rising edge-triggered cell FDRE clocked by clk_out1_clk_wiz_2  {rise@0.000ns fall@20.000ns period=40.000ns})
  Destination:            u_video/inst_dvid/shift_blue_reg[4]/D
                            (rising edge-triggered cell FDRE clocked by clk_out2_clk_wiz_2  {rise@0.000ns fall@4.000ns period=8.000ns})
  Path Group:             clk_out2_clk_wiz_2
  Path Type:              Setup (Max at Slow Process Corner)
  Requirement:            8.000ns  (clk_out2_clk_wiz_2 rise@8.000ns - clk_out1_clk_wiz_2 rise@0.000ns)
  Data Path Delay:        2.627ns  (logic 0.716ns (27.252%)  route 1.911ns (72.748%))
  Logic Levels:           1  (LUT3=1)
  Clock Path Skew:        -0.247ns (DCD - SCD + CPR)
    Destination Clock Delay (DCD):    1.636ns = ( 9.636 - 8.000 ) 
    Source Clock Delay      (SCD):    1.755ns
    Clock Pessimism Removal (CPR):    -0.128ns
  Clock Uncertainty:      0.215ns  ((TSJ^2 + DJ^2)^1/2) / 2 + PE
    Total System Jitter     (TSJ):    0.071ns
    Discrete Jitter          (DJ):    0.175ns
    Phase Error              (PE):    0.120ns

    Location             Delay type                Incr(ns)  Path(ns)    Netlist Resource(s)
  -------------------------------------------------------------------    -------------------
                         (clock clk_out1_clk_wiz_2 rise edge)
                                                      0.000     0.000 r  
    BUFGCTRL_X0Y1        BUFG                         0.000     0.000 r  clk_IBUF_BUFG_inst/O
                         net (fo=857, routed)         2.106     2.106    u_video/mmcm_adv_inst_display_clocks/inst/clk_in1
    MMCME2_ADV_X1Y0      MMCME2_ADV (Prop_mmcme2_adv_CLKIN1_CLKOUT0)
                                                     -4.900    -2.793 r  u_video/mmcm_adv_inst_display_clocks/inst/mmcm_adv_inst/CLKOUT0
                         net (fo=1, routed)           2.697    -0.096    u_video/mmcm_adv_inst_display_clocks/inst/clk_out1_clk_wiz_2
    BUFGCTRL_X0Y2        BUFG (Prop_bufg_I_O)         0.096    -0.000 r  u_video/mmcm_adv_inst_display_clocks/inst/clkout1_buf/O
                         net (fo=85, routed)          1.755     1.755    u_video/inst_dvid/CLK
    SLICE_X147Y145       FDRE                                         r  u_video/inst_dvid/latched_blue_reg[4]/C
  -------------------------------------------------------------------    -------------------
    SLICE_X147Y145       FDRE (Prop_fdre_C_Q)         0.419     2.174 r  u_video/inst_dvid/latched_blue_reg[4]/Q
                         net (fo=2, routed)           1.911     4.086    u_video/inst_dvid/latched_blue[4]
    SLICE_X148Y145       LUT3 (Prop_lut3_I2_O)        0.297     4.383 r  u_video/inst_dvid/shift_blue[4]_i_1/O
                         net (fo=1, routed)           0.000     4.383    u_video/inst_dvid/shift_blue_0[4]
    SLICE_X148Y145       FDRE                                         r  u_video/inst_dvid/shift_blue_reg[4]/D
  -------------------------------------------------------------------    -------------------

                         (clock clk_out2_clk_wiz_2 rise edge)
                                                      8.000     8.000 r  
    BUFGCTRL_X0Y1        BUFG                         0.000     8.000 r  clk_IBUF_BUFG_inst/O
                         net (fo=857, routed)         1.972     9.972    u_video/mmcm_adv_inst_display_clocks/inst/clk_in1
    MMCME2_ADV_X1Y0      MMCME2_ADV (Prop_mmcme2_adv_CLKIN1_CLKOUT1)
                                                     -4.637     5.335 r  u_video/mmcm_adv_inst_display_clocks/inst/mmcm_adv_inst/CLKOUT1
                         net (fo=1, routed)           2.574     7.909    u_video/mmcm_adv_inst_display_clocks/inst/clk_out2_clk_wiz_2
    BUFGCTRL_X0Y0        BUFG (Prop_bufg_I_O)         0.091     8.000 r  u_video/mmcm_adv_inst_display_clocks/inst/clkout2_buf/O
                         net (fo=44, routed)          1.636     9.636    u_video/inst_dvid/clk_out2
    SLICE_X148Y145       FDRE                                         r  u_video/inst_dvid/shift_blue_reg[4]/C
                         clock pessimism             -0.128     9.508    
                         clock uncertainty           -0.215     9.294    
    SLICE_X148Y145       FDRE (Setup_fdre_C_D)        0.079     9.373    u_video/inst_dvid/shift_blue_reg[4]
  -------------------------------------------------------------------
                         required time                          9.373    
                         arrival time                          -4.383    
  -------------------------------------------------------------------
                         slack                                  4.990    





Min Delay Paths
--------------------------------------------------------------------------------------
Slack (MET) :             0.168ns  (arrival time - required time)
  Source:                 u_video/inst_dvid/latched_blue_reg[9]/C
                            (rising edge-triggered cell FDRE clocked by clk_out1_clk_wiz_2  {rise@0.000ns fall@20.000ns period=40.000ns})
  Destination:            u_video/inst_dvid/shift_blue_reg[9]/D
                            (rising edge-triggered cell FDRE clocked by clk_out2_clk_wiz_2  {rise@0.000ns fall@4.000ns period=8.000ns})
  Path Group:             clk_out2_clk_wiz_2
  Path Type:              Hold (Min at Fast Process Corner)
  Requirement:            0.000ns  (clk_out2_clk_wiz_2 rise@0.000ns - clk_out1_clk_wiz_2 rise@0.000ns)
  Data Path Delay:        0.748ns  (logic 0.148ns (19.799%)  route 0.600ns (80.201%))
  Logic Levels:           0  
  Clock Path Skew:        0.352ns (DCD - SCD - CPR)
    Destination Clock Delay (DCD):    0.892ns
    Source Clock Delay      (SCD):    0.620ns
    Clock Pessimism Removal (CPR):    -0.080ns
  Clock Uncertainty:      0.215ns  ((TSJ^2 + DJ^2)^1/2) / 2 + PE
    Total System Jitter     (TSJ):    0.071ns
    Discrete Jitter          (DJ):    0.175ns
    Phase Error              (PE):    0.120ns

    Location             Delay type                Incr(ns)  Path(ns)    Netlist Resource(s)
  -------------------------------------------------------------------    -------------------
                         (clock clk_out1_clk_wiz_2 rise edge)
                                                      0.000     0.000 r  
    BUFGCTRL_X0Y1        BUFG                         0.000     0.000 r  clk_IBUF_BUFG_inst/O
                         net (fo=857, routed)         0.745     0.745    u_video/mmcm_adv_inst_display_clocks/inst/clk_in1
    MMCME2_ADV_X1Y0      MMCME2_ADV (Prop_mmcme2_adv_CLKIN1_CLKOUT0)
                                                     -1.683    -0.938 r  u_video/mmcm_adv_inst_display_clocks/inst/mmcm_adv_inst/CLKOUT0
                         net (fo=1, routed)           0.912    -0.026    u_video/mmcm_adv_inst_display_clocks/inst/clk_out1_clk_wiz_2
    BUFGCTRL_X0Y2        BUFG (Prop_bufg_I_O)         0.026    -0.000 r  u_video/mmcm_adv_inst_display_clocks/inst/clkout1_buf/O
                         net (fo=85, routed)          0.620     0.620    u_video/inst_dvid/CLK
    SLICE_X146Y145       FDRE                                         r  u_video/inst_dvid/latched_blue_reg[9]/C
  -------------------------------------------------------------------    -------------------
    SLICE_X146Y145       FDRE (Prop_fdre_C_Q)         0.148     0.768 r  u_video/inst_dvid/latched_blue_reg[9]/Q
                         net (fo=1, routed)           0.600     1.367    u_video/inst_dvid/latched_blue[9]
    SLICE_X149Y145       FDRE                                         r  u_video/inst_dvid/shift_blue_reg[9]/D
  -------------------------------------------------------------------    -------------------

                         (clock clk_out2_clk_wiz_2 rise edge)
                                                      0.000     0.000 r  
    BUFGCTRL_X0Y1        BUFG                         0.000     0.000 r  clk_IBUF_BUFG_inst/O
                         net (fo=857, routed)         1.022     1.022    u_video/mmcm_adv_inst_display_clocks/inst/clk_in1
    MMCME2_ADV_X1Y0      MMCME2_ADV (Prop_mmcme2_adv_CLKIN1_CLKOUT1)
                                                     -2.040    -1.018 r  u_video/mmcm_adv_inst_display_clocks/inst/mmcm_adv_inst/CLKOUT1
                         net (fo=1, routed)           0.989    -0.029    u_video/mmcm_adv_inst_display_clocks/inst/clk_out2_clk_wiz_2
    BUFGCTRL_X0Y0        BUFG (Prop_bufg_I_O)         0.029    -0.000 r  u_video/mmcm_adv_inst_display_clocks/inst/clkout2_buf/O
                         net (fo=44, routed)          0.892     0.892    u_video/inst_dvid/clk_out2
    SLICE_X149Y145       FDRE                                         r  u_video/inst_dvid/shift_blue_reg[9]/C
                         clock pessimism              0.080     0.972    
                         clock uncertainty            0.215     1.186    
    SLICE_X149Y145       FDRE (Hold_fdre_C_D)         0.013     1.199    u_video/inst_dvid/shift_blue_reg[9]
  -------------------------------------------------------------------
                         required time                         -1.199    
                         arrival time                           1.367    
  -------------------------------------------------------------------
                         slack                                  0.168    

Slack (MET) :             0.180ns  (arrival time - required time)
  Source:                 u_video/inst_dvid/latched_red_reg[9]/C
                            (rising edge-triggered cell FDRE clocked by clk_out1_clk_wiz_2  {rise@0.000ns fall@20.000ns period=40.000ns})
  Destination:            u_video/inst_dvid/shift_red_reg[9]/D
                            (rising edge-triggered cell FDRE clocked by clk_out2_clk_wiz_2  {rise@0.000ns fall@4.000ns period=8.000ns})
  Path Group:             clk_out2_clk_wiz_2
  Path Type:              Hold (Min at Fast Process Corner)
  Requirement:            0.000ns  (clk_out2_clk_wiz_2 rise@0.000ns - clk_out1_clk_wiz_2 rise@0.000ns)
  Data Path Delay:        0.768ns  (logic 0.128ns (16.677%)  route 0.640ns (83.323%))
  Logic Levels:           0  
  Clock Path Skew:        0.354ns (DCD - SCD - CPR)
    Destination Clock Delay (DCD):    0.919ns
    Source Clock Delay      (SCD):    0.645ns
    Clock Pessimism Removal (CPR):    -0.080ns
  Clock Uncertainty:      0.215ns  ((TSJ^2 + DJ^2)^1/2) / 2 + PE
    Total System Jitter     (TSJ):    0.071ns
    Discrete Jitter          (DJ):    0.175ns
    Phase Error              (PE):    0.120ns

    Location             Delay type                Incr(ns)  Path(ns)    Netlist Resource(s)
  -------------------------------------------------------------------    -------------------
                         (clock clk_out1_clk_wiz_2 rise edge)
                                                      0.000     0.000 r  
    BUFGCTRL_X0Y1        BUFG                         0.000     0.000 r  clk_IBUF_BUFG_inst/O
                         net (fo=857, routed)         0.745     0.745    u_video/mmcm_adv_inst_display_clocks/inst/clk_in1
    MMCME2_ADV_X1Y0      MMCME2_ADV (Prop_mmcme2_adv_CLKIN1_CLKOUT0)
                                                     -1.683    -0.938 r  u_video/mmcm_adv_inst_display_clocks/inst/mmcm_adv_inst/CLKOUT0
                         net (fo=1, routed)           0.912    -0.026    u_video/mmcm_adv_inst_display_clocks/inst/clk_out1_clk_wiz_2
    BUFGCTRL_X0Y2        BUFG (Prop_bufg_I_O)         0.026    -0.000 r  u_video/mmcm_adv_inst_display_clocks/inst/clkout1_buf/O
                         net (fo=85, routed)          0.645     0.645    u_video/inst_dvid/CLK
    SLICE_X159Y139       FDRE                                         r  u_video/inst_dvid/latched_red_reg[9]/C
  -------------------------------------------------------------------    -------------------
    SLICE_X159Y139       FDRE (Prop_fdre_C_Q)         0.128     0.773 r  u_video/inst_dvid/latched_red_reg[9]/Q
                         net (fo=1, routed)           0.640     1.412    u_video/inst_dvid/latched_red[9]
    SLICE_X160Y138       FDRE                                         r  u_video/inst_dvid/shift_red_reg[9]/D
  -------------------------------------------------------------------    -------------------

                         (clock clk_out2_clk_wiz_2 rise edge)
                                                      0.000     0.000 r  
    BUFGCTRL_X0Y1        BUFG                         0.000     0.000 r  clk_IBUF_BUFG_inst/O
                         net (fo=857, routed)         1.022     1.022    u_video/mmcm_adv_inst_display_clocks/inst/clk_in1
    MMCME2_ADV_X1Y0      MMCME2_ADV (Prop_mmcme2_adv_CLKIN1_CLKOUT1)
                                                     -2.040    -1.018 r  u_video/mmcm_adv_inst_display_clocks/inst/mmcm_adv_inst/CLKOUT1
                         net (fo=1, routed)           0.989    -0.029    u_video/mmcm_adv_inst_display_clocks/inst/clk_out2_clk_wiz_2
    BUFGCTRL_X0Y0        BUFG (Prop_bufg_I_O)         0.029    -0.000 r  u_video/mmcm_adv_inst_display_clocks/inst/clkout2_buf/O
                         net (fo=44, routed)          0.919     0.919    u_video/inst_dvid/clk_out2
    SLICE_X160Y138       FDRE                                         r  u_video/inst_dvid/shift_red_reg[9]/C
                         clock pessimism              0.080     0.999    
                         clock uncertainty            0.215     1.213    
    SLICE_X160Y138       FDRE (Hold_fdre_C_D)         0.019     1.232    u_video/inst_dvid/shift_red_reg[9]
  -------------------------------------------------------------------
                         required time                         -1.232    
                         arrival time                           1.412    
  -------------------------------------------------------------------
                         slack                                  0.180    

Slack (MET) :             0.201ns  (arrival time - required time)
  Source:                 u_video/inst_dvid/latched_red_reg[2]/C
                            (rising edge-triggered cell FDRE clocked by clk_out1_clk_wiz_2  {rise@0.000ns fall@20.000ns period=40.000ns})
  Destination:            u_video/inst_dvid/shift_red_reg[6]/D
                            (rising edge-triggered cell FDRE clocked by clk_out2_clk_wiz_2  {rise@0.000ns fall@4.000ns period=8.000ns})
  Path Group:             clk_out2_clk_wiz_2
  Path Type:              Hold (Min at Fast Process Corner)
  Requirement:            0.000ns  (clk_out2_clk_wiz_2 rise@0.000ns - clk_out1_clk_wiz_2 rise@0.000ns)
  Data Path Delay:        0.890ns  (logic 0.186ns (20.901%)  route 0.704ns (79.099%))
  Logic Levels:           1  (LUT3=1)
  Clock Path Skew:        0.353ns (DCD - SCD - CPR)
    Destination Clock Delay (DCD):    0.919ns
    Source Clock Delay      (SCD):    0.646ns
    Clock Pessimism Removal (CPR):    -0.080ns
  Clock Uncertainty:      0.215ns  ((TSJ^2 + DJ^2)^1/2) / 2 + PE
    Total System Jitter     (TSJ):    0.071ns
    Discrete Jitter          (DJ):    0.175ns
    Phase Error              (PE):    0.120ns

    Location             Delay type                Incr(ns)  Path(ns)    Netlist Resource(s)
  -------------------------------------------------------------------    -------------------
                         (clock clk_out1_clk_wiz_2 rise edge)
                                                      0.000     0.000 r  
    BUFGCTRL_X0Y1        BUFG                         0.000     0.000 r  clk_IBUF_BUFG_inst/O
                         net (fo=857, routed)         0.745     0.745    u_video/mmcm_adv_inst_display_clocks/inst/clk_in1
    MMCME2_ADV_X1Y0      MMCME2_ADV (Prop_mmcme2_adv_CLKIN1_CLKOUT0)
                                                     -1.683    -0.938 r  u_video/mmcm_adv_inst_display_clocks/inst/mmcm_adv_inst/CLKOUT0
                         net (fo=1, routed)           0.912    -0.026    u_video/mmcm_adv_inst_display_clocks/inst/clk_out1_clk_wiz_2
    BUFGCTRL_X0Y2        BUFG (Prop_bufg_I_O)         0.026    -0.000 r  u_video/mmcm_adv_inst_display_clocks/inst/clkout1_buf/O
                         net (fo=85, routed)          0.646     0.646    u_video/inst_dvid/CLK
    SLICE_X161Y138       FDRE                                         r  u_video/inst_dvid/latched_red_reg[2]/C
  -------------------------------------------------------------------    -------------------
    SLICE_X161Y138       FDRE (Prop_fdre_C_Q)         0.141     0.787 r  u_video/inst_dvid/latched_red_reg[2]/Q
                         net (fo=3, routed)           0.704     1.491    u_video/inst_dvid/latched_red[2]
    SLICE_X162Y138       LUT3 (Prop_lut3_I2_O)        0.045     1.536 r  u_video/inst_dvid/shift_red[6]_i_1/O
                         net (fo=1, routed)           0.000     1.536    u_video/inst_dvid/shift_red[6]
    SLICE_X162Y138       FDRE                                         r  u_video/inst_dvid/shift_red_reg[6]/D
  -------------------------------------------------------------------    -------------------

                         (clock clk_out2_clk_wiz_2 rise edge)
                                                      0.000     0.000 r  
    BUFGCTRL_X0Y1        BUFG                         0.000     0.000 r  clk_IBUF_BUFG_inst/O
                         net (fo=857, routed)         1.022     1.022    u_video/mmcm_adv_inst_display_clocks/inst/clk_in1
    MMCME2_ADV_X1Y0      MMCME2_ADV (Prop_mmcme2_adv_CLKIN1_CLKOUT1)
                                                     -2.040    -1.018 r  u_video/mmcm_adv_inst_display_clocks/inst/mmcm_adv_inst/CLKOUT1
                         net (fo=1, routed)           0.989    -0.029    u_video/mmcm_adv_inst_display_clocks/inst/clk_out2_clk_wiz_2
    BUFGCTRL_X0Y0        BUFG (Prop_bufg_I_O)         0.029    -0.000 r  u_video/mmcm_adv_inst_display_clocks/inst/clkout2_buf/O
                         net (fo=44, routed)          0.919     0.919    u_video/inst_dvid/clk_out2
    SLICE_X162Y138       FDRE                                         r  u_video/inst_dvid/shift_red_reg[6]/C
                         clock pessimism              0.080     0.999    
                         clock uncertainty            0.215     1.213    
    SLICE_X162Y138       FDRE (Hold_fdre_C_D)         0.121     1.334    u_video/inst_dvid/shift_red_reg[6]
  -------------------------------------------------------------------
                         required time                         -1.334    
                         arrival time                           1.536    
  -------------------------------------------------------------------
                         slack                                  0.201    

Slack (MET) :             0.223ns  (arrival time - required time)
  Source:                 u_video/inst_dvid/latched_green_reg[1]/C
                            (rising edge-triggered cell FDRE clocked by clk_out1_clk_wiz_2  {rise@0.000ns fall@20.000ns period=40.000ns})
  Destination:            u_video/inst_dvid/shift_green_reg[7]/D
                            (rising edge-triggered cell FDRE clocked by clk_out2_clk_wiz_2  {rise@0.000ns fall@4.000ns period=8.000ns})
  Path Group:             clk_out2_clk_wiz_2
  Path Type:              Hold (Min at Fast Process Corner)
  Requirement:            0.000ns  (clk_out2_clk_wiz_2 rise@0.000ns - clk_out1_clk_wiz_2 rise@0.000ns)
  Data Path Delay:        0.896ns  (logic 0.183ns (20.415%)  route 0.713ns (79.585%))
  Logic Levels:           1  (LUT3=1)
  Clock Path Skew:        0.352ns (DCD - SCD - CPR)
    Destination Clock Delay (DCD):    0.917ns
    Source Clock Delay      (SCD):    0.645ns
    Clock Pessimism Removal (CPR):    -0.080ns
  Clock Uncertainty:      0.215ns  ((TSJ^2 + DJ^2)^1/2) / 2 + PE
    Total System Jitter     (TSJ):    0.071ns
    Discrete Jitter          (DJ):    0.175ns
    Phase Error              (PE):    0.120ns

    Location             Delay type                Incr(ns)  Path(ns)    Netlist Resource(s)
  -------------------------------------------------------------------    -------------------
                         (clock clk_out1_clk_wiz_2 rise edge)
                                                      0.000     0.000 r  
    BUFGCTRL_X0Y1        BUFG                         0.000     0.000 r  clk_IBUF_BUFG_inst/O
                         net (fo=857, routed)         0.745     0.745    u_video/mmcm_adv_inst_display_clocks/inst/clk_in1
    MMCME2_ADV_X1Y0      MMCME2_ADV (Prop_mmcme2_adv_CLKIN1_CLKOUT0)
                                                     -1.683    -0.938 r  u_video/mmcm_adv_inst_display_clocks/inst/mmcm_adv_inst/CLKOUT0
                         net (fo=1, routed)           0.912    -0.026    u_video/mmcm_adv_inst_display_clocks/inst/clk_out1_clk_wiz_2
    BUFGCTRL_X0Y2        BUFG (Prop_bufg_I_O)         0.026    -0.000 r  u_video/mmcm_adv_inst_display_clocks/inst/clkout1_buf/O
                         net (fo=85, routed)          0.645     0.645    u_video/inst_dvid/CLK
    SLICE_X159Y138       FDRE                                         r  u_video/inst_dvid/latched_green_reg[1]/C
  -------------------------------------------------------------------    -------------------
    SLICE_X159Y138       FDRE (Prop_fdre_C_Q)         0.141     0.786 r  u_video/inst_dvid/latched_green_reg[1]/Q
                         net (fo=5, routed)           0.713     1.499    u_video/inst_dvid/latched_green[1]
    SLICE_X160Y137       LUT3 (Prop_lut3_I2_O)        0.042     1.541 r  u_video/inst_dvid/shift_green[7]_i_1/O
                         net (fo=1, routed)           0.000     1.541    u_video/inst_dvid/shift_green_1[7]
    SLICE_X160Y137       FDRE                                         r  u_video/inst_dvid/shift_green_reg[7]/D
  -------------------------------------------------------------------    -------------------

                         (clock clk_out2_clk_wiz_2 rise edge)
                                                      0.000     0.000 r  
    BUFGCTRL_X0Y1        BUFG                         0.000     0.000 r  clk_IBUF_BUFG_inst/O
                         net (fo=857, routed)         1.022     1.022    u_video/mmcm_adv_inst_display_clocks/inst/clk_in1
    MMCME2_ADV_X1Y0      MMCME2_ADV (Prop_mmcme2_adv_CLKIN1_CLKOUT1)
                                                     -2.040    -1.018 r  u_video/mmcm_adv_inst_display_clocks/inst/mmcm_adv_inst/CLKOUT1
                         net (fo=1, routed)           0.989    -0.029    u_video/mmcm_adv_inst_display_clocks/inst/clk_out2_clk_wiz_2
    BUFGCTRL_X0Y0        BUFG (Prop_bufg_I_O)         0.029    -0.000 r  u_video/mmcm_adv_inst_display_clocks/inst/clkout2_buf/O
                         net (fo=44, routed)          0.917     0.917    u_video/inst_dvid/clk_out2
    SLICE_X160Y137       FDRE                                         r  u_video/inst_dvid/shift_green_reg[7]/C
                         clock pessimism              0.080     0.997    
                         clock uncertainty            0.215     1.211    
    SLICE_X160Y137       FDRE (Hold_fdre_C_D)         0.107     1.318    u_video/inst_dvid/shift_green_reg[7]
  -------------------------------------------------------------------
                         required time                         -1.318    
                         arrival time                           1.541    
  -------------------------------------------------------------------
                         slack                                  0.223    

Slack (MET) :             0.224ns  (arrival time - required time)
  Source:                 u_video/inst_dvid/latched_green_reg[9]/C
                            (rising edge-triggered cell FDRE clocked by clk_out1_clk_wiz_2  {rise@0.000ns fall@20.000ns period=40.000ns})
  Destination:            u_video/inst_dvid/shift_green_reg[9]/D
                            (rising edge-triggered cell FDRE clocked by clk_out2_clk_wiz_2  {rise@0.000ns fall@4.000ns period=8.000ns})
  Path Group:             clk_out2_clk_wiz_2
  Path Type:              Hold (Min at Fast Process Corner)
  Requirement:            0.000ns  (clk_out2_clk_wiz_2 rise@0.000ns - clk_out1_clk_wiz_2 rise@0.000ns)
  Data Path Delay:        0.859ns  (logic 0.141ns (16.419%)  route 0.718ns (83.581%))
  Logic Levels:           0  
  Clock Path Skew:        0.354ns (DCD - SCD - CPR)
    Destination Clock Delay (DCD):    0.919ns
    Source Clock Delay      (SCD):    0.645ns
    Clock Pessimism Removal (CPR):    -0.080ns
  Clock Uncertainty:      0.215ns  ((TSJ^2 + DJ^2)^1/2) / 2 + PE
    Total System Jitter     (TSJ):    0.071ns
    Discrete Jitter          (DJ):    0.175ns
    Phase Error              (PE):    0.120ns

    Location             Delay type                Incr(ns)  Path(ns)    Netlist Resource(s)
  -------------------------------------------------------------------    -------------------
                         (clock clk_out1_clk_wiz_2 rise edge)
                                                      0.000     0.000 r  
    BUFGCTRL_X0Y1        BUFG                         0.000     0.000 r  clk_IBUF_BUFG_inst/O
                         net (fo=857, routed)         0.745     0.745    u_video/mmcm_adv_inst_display_clocks/inst/clk_in1
    MMCME2_ADV_X1Y0      MMCME2_ADV (Prop_mmcme2_adv_CLKIN1_CLKOUT0)
                                                     -1.683    -0.938 r  u_video/mmcm_adv_inst_display_clocks/inst/mmcm_adv_inst/CLKOUT0
                         net (fo=1, routed)           0.912    -0.026    u_video/mmcm_adv_inst_display_clocks/inst/clk_out1_clk_wiz_2
    BUFGCTRL_X0Y2        BUFG (Prop_bufg_I_O)         0.026    -0.000 r  u_video/mmcm_adv_inst_display_clocks/inst/clkout1_buf/O
                         net (fo=85, routed)          0.645     0.645    u_video/inst_dvid/CLK
    SLICE_X159Y139       FDRE                                         r  u_video/inst_dvid/latched_green_reg[9]/C
  -------------------------------------------------------------------    -------------------
    SLICE_X159Y139       FDRE (Prop_fdre_C_Q)         0.141     0.786 r  u_video/inst_dvid/latched_green_reg[9]/Q
                         net (fo=1, routed)           0.718     1.503    u_video/inst_dvid/latched_green[9]
    SLICE_X160Y138       FDRE                                         r  u_video/inst_dvid/shift_green_reg[9]/D
  -------------------------------------------------------------------    -------------------

                         (clock clk_out2_clk_wiz_2 rise edge)
                                                      0.000     0.000 r  
    BUFGCTRL_X0Y1        BUFG                         0.000     0.000 r  clk_IBUF_BUFG_inst/O
                         net (fo=857, routed)         1.022     1.022    u_video/mmcm_adv_inst_display_clocks/inst/clk_in1
    MMCME2_ADV_X1Y0      MMCME2_ADV (Prop_mmcme2_adv_CLKIN1_CLKOUT1)
                                                     -2.040    -1.018 r  u_video/mmcm_adv_inst_display_clocks/inst/mmcm_adv_inst/CLKOUT1
                         net (fo=1, routed)           0.989    -0.029    u_video/mmcm_adv_inst_display_clocks/inst/clk_out2_clk_wiz_2
    BUFGCTRL_X0Y0        BUFG (Prop_bufg_I_O)         0.029    -0.000 r  u_video/mmcm_adv_inst_display_clocks/inst/clkout2_buf/O
                         net (fo=44, routed)          0.919     0.919    u_video/inst_dvid/clk_out2
    SLICE_X160Y138       FDRE                                         r  u_video/inst_dvid/shift_green_reg[9]/C
                         clock pessimism              0.080     0.999    
                         clock uncertainty            0.215     1.213    
    SLICE_X160Y138       FDRE (Hold_fdre_C_D)         0.066     1.279    u_video/inst_dvid/shift_green_reg[9]
  -------------------------------------------------------------------
                         required time                         -1.279    
                         arrival time                           1.503    
  -------------------------------------------------------------------
                         slack                                  0.224    

Slack (MET) :             0.225ns  (arrival time - required time)
  Source:                 u_video/inst_dvid/latched_green_reg[1]/C
                            (rising edge-triggered cell FDRE clocked by clk_out1_clk_wiz_2  {rise@0.000ns fall@20.000ns period=40.000ns})
  Destination:            u_video/inst_dvid/shift_green_reg[5]/D
                            (rising edge-triggered cell FDRE clocked by clk_out2_clk_wiz_2  {rise@0.000ns fall@4.000ns period=8.000ns})
  Path Group:             clk_out2_clk_wiz_2
  Path Type:              Hold (Min at Fast Process Corner)
  Requirement:            0.000ns  (clk_out2_clk_wiz_2 rise@0.000ns - clk_out1_clk_wiz_2 rise@0.000ns)
  Data Path Delay:        0.899ns  (logic 0.183ns (20.350%)  route 0.716ns (79.650%))
  Logic Levels:           1  (LUT3=1)
  Clock Path Skew:        0.352ns (DCD - SCD - CPR)
    Destination Clock Delay (DCD):    0.917ns
    Source Clock Delay      (SCD):    0.645ns
    Clock Pessimism Removal (CPR):    -0.080ns
  Clock Uncertainty:      0.215ns  ((TSJ^2 + DJ^2)^1/2) / 2 + PE
    Total System Jitter     (TSJ):    0.071ns
    Discrete Jitter          (DJ):    0.175ns
    Phase Error              (PE):    0.120ns

    Location             Delay type                Incr(ns)  Path(ns)    Netlist Resource(s)
  -------------------------------------------------------------------    -------------------
                         (clock clk_out1_clk_wiz_2 rise edge)
                                                      0.000     0.000 r  
    BUFGCTRL_X0Y1        BUFG                         0.000     0.000 r  clk_IBUF_BUFG_inst/O
                         net (fo=857, routed)         0.745     0.745    u_video/mmcm_adv_inst_display_clocks/inst/clk_in1
    MMCME2_ADV_X1Y0      MMCME2_ADV (Prop_mmcme2_adv_CLKIN1_CLKOUT0)
                                                     -1.683    -0.938 r  u_video/mmcm_adv_inst_display_clocks/inst/mmcm_adv_inst/CLKOUT0
                         net (fo=1, routed)           0.912    -0.026    u_video/mmcm_adv_inst_display_clocks/inst/clk_out1_clk_wiz_2
    BUFGCTRL_X0Y2        BUFG (Prop_bufg_I_O)         0.026    -0.000 r  u_video/mmcm_adv_inst_display_clocks/inst/clkout1_buf/O
                         net (fo=85, routed)          0.645     0.645    u_video/inst_dvid/CLK
    SLICE_X159Y138       FDRE                                         r  u_video/inst_dvid/latched_green_reg[1]/C
  -------------------------------------------------------------------    -------------------
    SLICE_X159Y138       FDRE (Prop_fdre_C_Q)         0.141     0.786 r  u_video/inst_dvid/latched_green_reg[1]/Q
                         net (fo=5, routed)           0.716     1.502    u_video/inst_dvid/latched_green[1]
    SLICE_X160Y137       LUT3 (Prop_lut3_I2_O)        0.042     1.544 r  u_video/inst_dvid/shift_green[5]_i_1/O
                         net (fo=1, routed)           0.000     1.544    u_video/inst_dvid/shift_green_1[5]
    SLICE_X160Y137       FDRE                                         r  u_video/inst_dvid/shift_green_reg[5]/D
  -------------------------------------------------------------------    -------------------

                         (clock clk_out2_clk_wiz_2 rise edge)
                                                      0.000     0.000 r  
    BUFGCTRL_X0Y1        BUFG                         0.000     0.000 r  clk_IBUF_BUFG_inst/O
                         net (fo=857, routed)         1.022     1.022    u_video/mmcm_adv_inst_display_clocks/inst/clk_in1
    MMCME2_ADV_X1Y0      MMCME2_ADV (Prop_mmcme2_adv_CLKIN1_CLKOUT1)
                                                     -2.040    -1.018 r  u_video/mmcm_adv_inst_display_clocks/inst/mmcm_adv_inst/CLKOUT1
                         net (fo=1, routed)           0.989    -0.029    u_video/mmcm_adv_inst_display_clocks/inst/clk_out2_clk_wiz_2
    BUFGCTRL_X0Y0        BUFG (Prop_bufg_I_O)         0.029    -0.000 r  u_video/mmcm_adv_inst_display_clocks/inst/clkout2_buf/O
                         net (fo=44, routed)          0.917     0.917    u_video/inst_dvid/clk_out2
    SLICE_X160Y137       FDRE                                         r  u_video/inst_dvid/shift_green_reg[5]/C
                         clock pessimism              0.080     0.997    
                         clock uncertainty            0.215     1.211    
    SLICE_X160Y137       FDRE (Hold_fdre_C_D)         0.107     1.318    u_video/inst_dvid/shift_green_reg[5]
  -------------------------------------------------------------------
                         required time                         -1.318    
                         arrival time                           1.544    
  -------------------------------------------------------------------
                         slack                                  0.225    

Slack (MET) :             0.230ns  (arrival time - required time)
  Source:                 u_video/inst_dvid/latched_blue_reg[0]/C
                            (rising edge-triggered cell FDRE clocked by clk_out1_clk_wiz_2  {rise@0.000ns fall@20.000ns period=40.000ns})
  Destination:            u_video/inst_dvid/shift_blue_reg[0]/D
                            (rising edge-triggered cell FDRE clocked by clk_out2_clk_wiz_2  {rise@0.000ns fall@4.000ns period=8.000ns})
  Path Group:             clk_out2_clk_wiz_2
  Path Type:              Hold (Min at Fast Process Corner)
  Requirement:            0.000ns  (clk_out2_clk_wiz_2 rise@0.000ns - clk_out1_clk_wiz_2 rise@0.000ns)
  Data Path Delay:        0.917ns  (logic 0.246ns (26.833%)  route 0.671ns (73.167%))
  Logic Levels:           1  (LUT3=1)
  Clock Path Skew:        0.352ns (DCD - SCD - CPR)
    Destination Clock Delay (DCD):    0.892ns
    Source Clock Delay      (SCD):    0.620ns
    Clock Pessimism Removal (CPR):    -0.080ns
  Clock Uncertainty:      0.215ns  ((TSJ^2 + DJ^2)^1/2) / 2 + PE
    Total System Jitter     (TSJ):    0.071ns
    Discrete Jitter          (DJ):    0.175ns
    Phase Error              (PE):    0.120ns

    Location             Delay type                Incr(ns)  Path(ns)    Netlist Resource(s)
  -------------------------------------------------------------------    -------------------
                         (clock clk_out1_clk_wiz_2 rise edge)
                                                      0.000     0.000 r  
    BUFGCTRL_X0Y1        BUFG                         0.000     0.000 r  clk_IBUF_BUFG_inst/O
                         net (fo=857, routed)         0.745     0.745    u_video/mmcm_adv_inst_display_clocks/inst/clk_in1
    MMCME2_ADV_X1Y0      MMCME2_ADV (Prop_mmcme2_adv_CLKIN1_CLKOUT0)
                                                     -1.683    -0.938 r  u_video/mmcm_adv_inst_display_clocks/inst/mmcm_adv_inst/CLKOUT0
                         net (fo=1, routed)           0.912    -0.026    u_video/mmcm_adv_inst_display_clocks/inst/clk_out1_clk_wiz_2
    BUFGCTRL_X0Y2        BUFG (Prop_bufg_I_O)         0.026    -0.000 r  u_video/mmcm_adv_inst_display_clocks/inst/clkout1_buf/O
                         net (fo=85, routed)          0.620     0.620    u_video/inst_dvid/CLK
    SLICE_X146Y145       FDRE                                         r  u_video/inst_dvid/latched_blue_reg[0]/C
  -------------------------------------------------------------------    -------------------
    SLICE_X146Y145       FDRE (Prop_fdre_C_Q)         0.148     0.768 r  u_video/inst_dvid/latched_blue_reg[0]/Q
                         net (fo=1, routed)           0.671     1.438    u_video/inst_dvid/latched_blue[0]
    SLICE_X148Y145       LUT3 (Prop_lut3_I2_O)        0.098     1.536 r  u_video/inst_dvid/shift_blue[0]_i_1/O
                         net (fo=1, routed)           0.000     1.536    u_video/inst_dvid/shift_blue_0[0]
    SLICE_X148Y145       FDRE                                         r  u_video/inst_dvid/shift_blue_reg[0]/D
  -------------------------------------------------------------------    -------------------

                         (clock clk_out2_clk_wiz_2 rise edge)
                                                      0.000     0.000 r  
    BUFGCTRL_X0Y1        BUFG                         0.000     0.000 r  clk_IBUF_BUFG_inst/O
                         net (fo=857, routed)         1.022     1.022    u_video/mmcm_adv_inst_display_clocks/inst/clk_in1
    MMCME2_ADV_X1Y0      MMCME2_ADV (Prop_mmcme2_adv_CLKIN1_CLKOUT1)
                                                     -2.040    -1.018 r  u_video/mmcm_adv_inst_display_clocks/inst/mmcm_adv_inst/CLKOUT1
                         net (fo=1, routed)           0.989    -0.029    u_video/mmcm_adv_inst_display_clocks/inst/clk_out2_clk_wiz_2
    BUFGCTRL_X0Y0        BUFG (Prop_bufg_I_O)         0.029    -0.000 r  u_video/mmcm_adv_inst_display_clocks/inst/clkout2_buf/O
                         net (fo=44, routed)          0.892     0.892    u_video/inst_dvid/clk_out2
    SLICE_X148Y145       FDRE                                         r  u_video/inst_dvid/shift_blue_reg[0]/C
                         clock pessimism              0.080     0.972    
                         clock uncertainty            0.215     1.186    
    SLICE_X148Y145       FDRE (Hold_fdre_C_D)         0.120     1.306    u_video/inst_dvid/shift_blue_reg[0]
  -------------------------------------------------------------------
                         required time                         -1.306    
                         arrival time                           1.536    
  -------------------------------------------------------------------
                         slack                                  0.230    

Slack (MET) :             0.241ns  (arrival time - required time)
  Source:                 u_video/inst_dvid/latched_blue_reg[1]/C
                            (rising edge-triggered cell FDRE clocked by clk_out1_clk_wiz_2  {rise@0.000ns fall@20.000ns period=40.000ns})
  Destination:            u_video/inst_dvid/shift_blue_reg[1]/D
                            (rising edge-triggered cell FDRE clocked by clk_out2_clk_wiz_2  {rise@0.000ns fall@4.000ns period=8.000ns})
  Path Group:             clk_out2_clk_wiz_2
  Path Type:              Hold (Min at Fast Process Corner)
  Requirement:            0.000ns  (clk_out2_clk_wiz_2 rise@0.000ns - clk_out1_clk_wiz_2 rise@0.000ns)
  Data Path Delay:        0.939ns  (logic 0.244ns (25.989%)  route 0.695ns (74.011%))
  Logic Levels:           1  (LUT3=1)
  Clock Path Skew:        0.352ns (DCD - SCD - CPR)
    Destination Clock Delay (DCD):    0.892ns
    Source Clock Delay      (SCD):    0.620ns
    Clock Pessimism Removal (CPR):    -0.080ns
  Clock Uncertainty:      0.215ns  ((TSJ^2 + DJ^2)^1/2) / 2 + PE
    Total System Jitter     (TSJ):    0.071ns
    Discrete Jitter          (DJ):    0.175ns
    Phase Error              (PE):    0.120ns

    Location             Delay type                Incr(ns)  Path(ns)    Netlist Resource(s)
  -------------------------------------------------------------------    -------------------
                         (clock clk_out1_clk_wiz_2 rise edge)
                                                      0.000     0.000 r  
    BUFGCTRL_X0Y1        BUFG                         0.000     0.000 r  clk_IBUF_BUFG_inst/O
                         net (fo=857, routed)         0.745     0.745    u_video/mmcm_adv_inst_display_clocks/inst/clk_in1
    MMCME2_ADV_X1Y0      MMCME2_ADV (Prop_mmcme2_adv_CLKIN1_CLKOUT0)
                                                     -1.683    -0.938 r  u_video/mmcm_adv_inst_display_clocks/inst/mmcm_adv_inst/CLKOUT0
                         net (fo=1, routed)           0.912    -0.026    u_video/mmcm_adv_inst_display_clocks/inst/clk_out1_clk_wiz_2
    BUFGCTRL_X0Y2        BUFG (Prop_bufg_I_O)         0.026    -0.000 r  u_video/mmcm_adv_inst_display_clocks/inst/clkout1_buf/O
                         net (fo=85, routed)          0.620     0.620    u_video/inst_dvid/CLK
    SLICE_X146Y145       FDRE                                         r  u_video/inst_dvid/latched_blue_reg[1]/C
  -------------------------------------------------------------------    -------------------
    SLICE_X146Y145       FDRE (Prop_fdre_C_Q)         0.148     0.768 r  u_video/inst_dvid/latched_blue_reg[1]/Q
                         net (fo=1, routed)           0.695     1.462    u_video/inst_dvid/latched_blue[1]
    SLICE_X148Y145       LUT3 (Prop_lut3_I2_O)        0.096     1.558 r  u_video/inst_dvid/shift_blue[1]_i_1/O
                         net (fo=1, routed)           0.000     1.558    u_video/inst_dvid/shift_blue_0[1]
    SLICE_X148Y145       FDRE                                         r  u_video/inst_dvid/shift_blue_reg[1]/D
  -------------------------------------------------------------------    -------------------

                         (clock clk_out2_clk_wiz_2 rise edge)
                                                      0.000     0.000 r  
    BUFGCTRL_X0Y1        BUFG                         0.000     0.000 r  clk_IBUF_BUFG_inst/O
                         net (fo=857, routed)         1.022     1.022    u_video/mmcm_adv_inst_display_clocks/inst/clk_in1
    MMCME2_ADV_X1Y0      MMCME2_ADV (Prop_mmcme2_adv_CLKIN1_CLKOUT1)
                                                     -2.040    -1.018 r  u_video/mmcm_adv_inst_display_clocks/inst/mmcm_adv_inst/CLKOUT1
                         net (fo=1, routed)           0.989    -0.029    u_video/mmcm_adv_inst_display_clocks/inst/clk_out2_clk_wiz_2
    BUFGCTRL_X0Y0        BUFG (Prop_bufg_I_O)         0.029    -0.000 r  u_video/mmcm_adv_inst_display_clocks/inst/clkout2_buf/O
                         net (fo=44, routed)          0.892     0.892    u_video/inst_dvid/clk_out2
    SLICE_X148Y145       FDRE                                         r  u_video/inst_dvid/shift_blue_reg[1]/C
                         clock pessimism              0.080     0.972    
                         clock uncertainty            0.215     1.186    
    SLICE_X148Y145       FDRE (Hold_fdre_C_D)         0.131     1.317    u_video/inst_dvid/shift_blue_reg[1]
  -------------------------------------------------------------------
                         required time                         -1.317    
                         arrival time                           1.558    
  -------------------------------------------------------------------
                         slack                                  0.241    

Slack (MET) :             0.243ns  (arrival time - required time)
  Source:                 u_video/inst_dvid/latched_green_reg[1]/C
                            (rising edge-triggered cell FDRE clocked by clk_out1_clk_wiz_2  {rise@0.000ns fall@20.000ns period=40.000ns})
  Destination:            u_video/inst_dvid/shift_green_reg[3]/D
                            (rising edge-triggered cell FDRE clocked by clk_out2_clk_wiz_2  {rise@0.000ns fall@4.000ns period=8.000ns})
  Path Group:             clk_out2_clk_wiz_2
  Path Type:              Hold (Min at Fast Process Corner)
  Requirement:            0.000ns  (clk_out2_clk_wiz_2 rise@0.000ns - clk_out1_clk_wiz_2 rise@0.000ns)
  Data Path Delay:        0.902ns  (logic 0.186ns (20.615%)  route 0.716ns (79.385%))
  Logic Levels:           1  (LUT3=1)
  Clock Path Skew:        0.352ns (DCD - SCD - CPR)
    Destination Clock Delay (DCD):    0.917ns
    Source Clock Delay      (SCD):    0.645ns
    Clock Pessimism Removal (CPR):    -0.080ns
  Clock Uncertainty:      0.215ns  ((TSJ^2 + DJ^2)^1/2) / 2 + PE
    Total System Jitter     (TSJ):    0.071ns
    Discrete Jitter          (DJ):    0.175ns
    Phase Error              (PE):    0.120ns

    Location             Delay type                Incr(ns)  Path(ns)    Netlist Resource(s)
  -------------------------------------------------------------------    -------------------
                         (clock clk_out1_clk_wiz_2 rise edge)
                                                      0.000     0.000 r  
    BUFGCTRL_X0Y1        BUFG                         0.000     0.000 r  clk_IBUF_BUFG_inst/O
                         net (fo=857, routed)         0.745     0.745    u_video/mmcm_adv_inst_display_clocks/inst/clk_in1
    MMCME2_ADV_X1Y0      MMCME2_ADV (Prop_mmcme2_adv_CLKIN1_CLKOUT0)
                                                     -1.683    -0.938 r  u_video/mmcm_adv_inst_display_clocks/inst/mmcm_adv_inst/CLKOUT0
                         net (fo=1, routed)           0.912    -0.026    u_video/mmcm_adv_inst_display_clocks/inst/clk_out1_clk_wiz_2
    BUFGCTRL_X0Y2        BUFG (Prop_bufg_I_O)         0.026    -0.000 r  u_video/mmcm_adv_inst_display_clocks/inst/clkout1_buf/O
                         net (fo=85, routed)          0.645     0.645    u_video/inst_dvid/CLK
    SLICE_X159Y138       FDRE                                         r  u_video/inst_dvid/latched_green_reg[1]/C
  -------------------------------------------------------------------    -------------------
    SLICE_X159Y138       FDRE (Prop_fdre_C_Q)         0.141     0.786 r  u_video/inst_dvid/latched_green_reg[1]/Q
                         net (fo=5, routed)           0.716     1.502    u_video/inst_dvid/latched_green[1]
    SLICE_X160Y137       LUT3 (Prop_lut3_I2_O)        0.045     1.547 r  u_video/inst_dvid/shift_green[3]_i_1/O
                         net (fo=1, routed)           0.000     1.547    u_video/inst_dvid/shift_green_1[3]
    SLICE_X160Y137       FDRE                                         r  u_video/inst_dvid/shift_green_reg[3]/D
  -------------------------------------------------------------------    -------------------

                         (clock clk_out2_clk_wiz_2 rise edge)
                                                      0.000     0.000 r  
    BUFGCTRL_X0Y1        BUFG                         0.000     0.000 r  clk_IBUF_BUFG_inst/O
                         net (fo=857, routed)         1.022     1.022    u_video/mmcm_adv_inst_display_clocks/inst/clk_in1
    MMCME2_ADV_X1Y0      MMCME2_ADV (Prop_mmcme2_adv_CLKIN1_CLKOUT1)
                                                     -2.040    -1.018 r  u_video/mmcm_adv_inst_display_clocks/inst/mmcm_adv_inst/CLKOUT1
                         net (fo=1, routed)           0.989    -0.029    u_video/mmcm_adv_inst_display_clocks/inst/clk_out2_clk_wiz_2
    BUFGCTRL_X0Y0        BUFG (Prop_bufg_I_O)         0.029    -0.000 r  u_video/mmcm_adv_inst_display_clocks/inst/clkout2_buf/O
                         net (fo=44, routed)          0.917     0.917    u_video/inst_dvid/clk_out2
    SLICE_X160Y137       FDRE                                         r  u_video/inst_dvid/shift_green_reg[3]/C
                         clock pessimism              0.080     0.997    
                         clock uncertainty            0.215     1.211    
    SLICE_X160Y137       FDRE (Hold_fdre_C_D)         0.092     1.303    u_video/inst_dvid/shift_green_reg[3]
  -------------------------------------------------------------------
                         required time                         -1.303    
                         arrival time                           1.547    
  -------------------------------------------------------------------
                         slack                                  0.243    

Slack (MET) :             0.252ns  (arrival time - required time)
  Source:                 u_video/inst_dvid/latched_blue_reg[3]/C
                            (rising edge-triggered cell FDRE clocked by clk_out1_clk_wiz_2  {rise@0.000ns fall@20.000ns period=40.000ns})
  Destination:            u_video/inst_dvid/shift_blue_reg[3]/D
                            (rising edge-triggered cell FDRE clocked by clk_out2_clk_wiz_2  {rise@0.000ns fall@4.000ns period=8.000ns})
  Path Group:             clk_out2_clk_wiz_2
  Path Type:              Hold (Min at Fast Process Corner)
  Requirement:            0.000ns  (clk_out2_clk_wiz_2 rise@0.000ns - clk_out1_clk_wiz_2 rise@0.000ns)
  Data Path Delay:        0.950ns  (logic 0.225ns (23.689%)  route 0.725ns (76.311%))
  Logic Levels:           1  (LUT3=1)
  Clock Path Skew:        0.352ns (DCD - SCD - CPR)
    Destination Clock Delay (DCD):    0.892ns
    Source Clock Delay      (SCD):    0.620ns
    Clock Pessimism Removal (CPR):    -0.080ns
  Clock Uncertainty:      0.215ns  ((TSJ^2 + DJ^2)^1/2) / 2 + PE
    Total System Jitter     (TSJ):    0.071ns
    Discrete Jitter          (DJ):    0.175ns
    Phase Error              (PE):    0.120ns

    Location             Delay type                Incr(ns)  Path(ns)    Netlist Resource(s)
  -------------------------------------------------------------------    -------------------
                         (clock clk_out1_clk_wiz_2 rise edge)
                                                      0.000     0.000 r  
    BUFGCTRL_X0Y1        BUFG                         0.000     0.000 r  clk_IBUF_BUFG_inst/O
                         net (fo=857, routed)         0.745     0.745    u_video/mmcm_adv_inst_display_clocks/inst/clk_in1
    MMCME2_ADV_X1Y0      MMCME2_ADV (Prop_mmcme2_adv_CLKIN1_CLKOUT0)
                                                     -1.683    -0.938 r  u_video/mmcm_adv_inst_display_clocks/inst/mmcm_adv_inst/CLKOUT0
                         net (fo=1, routed)           0.912    -0.026    u_video/mmcm_adv_inst_display_clocks/inst/clk_out1_clk_wiz_2
    BUFGCTRL_X0Y2        BUFG (Prop_bufg_I_O)         0.026    -0.000 r  u_video/mmcm_adv_inst_display_clocks/inst/clkout1_buf/O
                         net (fo=85, routed)          0.620     0.620    u_video/inst_dvid/CLK
    SLICE_X147Y145       FDRE                                         r  u_video/inst_dvid/latched_blue_reg[3]/C
  -------------------------------------------------------------------    -------------------
    SLICE_X147Y145       FDRE (Prop_fdre_C_Q)         0.128     0.748 r  u_video/inst_dvid/latched_blue_reg[3]/Q
                         net (fo=3, routed)           0.725     1.472    u_video/inst_dvid/latched_blue[3]
    SLICE_X148Y145       LUT3 (Prop_lut3_I2_O)        0.097     1.569 r  u_video/inst_dvid/shift_blue[3]_i_1/O
                         net (fo=1, routed)           0.000     1.569    u_video/inst_dvid/shift_blue_0[3]
    SLICE_X148Y145       FDRE                                         r  u_video/inst_dvid/shift_blue_reg[3]/D
  -------------------------------------------------------------------    -------------------

                         (clock clk_out2_clk_wiz_2 rise edge)
                                                      0.000     0.000 r  
    BUFGCTRL_X0Y1        BUFG                         0.000     0.000 r  clk_IBUF_BUFG_inst/O
                         net (fo=857, routed)         1.022     1.022    u_video/mmcm_adv_inst_display_clocks/inst/clk_in1
    MMCME2_ADV_X1Y0      MMCME2_ADV (Prop_mmcme2_adv_CLKIN1_CLKOUT1)
                                                     -2.040    -1.018 r  u_video/mmcm_adv_inst_display_clocks/inst/mmcm_adv_inst/CLKOUT1
                         net (fo=1, routed)           0.989    -0.029    u_video/mmcm_adv_inst_display_clocks/inst/clk_out2_clk_wiz_2
    BUFGCTRL_X0Y0        BUFG (Prop_bufg_I_O)         0.029    -0.000 r  u_video/mmcm_adv_inst_display_clocks/inst/clkout2_buf/O
                         net (fo=44, routed)          0.892     0.892    u_video/inst_dvid/clk_out2
    SLICE_X148Y145       FDRE                                         r  u_video/inst_dvid/shift_blue_reg[3]/C
                         clock pessimism              0.080     0.972    
                         clock uncertainty            0.215     1.186    
    SLICE_X148Y145       FDRE (Hold_fdre_C_D)         0.131     1.317    u_video/inst_dvid/shift_blue_reg[3]
  -------------------------------------------------------------------
                         required time                         -1.317    
                         arrival time                           1.569    
  -------------------------------------------------------------------
                         slack                                  0.252    





--------------------------------------------------------------------------------------
Path Group:  (none)
From Clock:  
  To Clock:  

Max Delay          1821 Endpoints
Min Delay          1821 Endpoints
--------------------------------------------------------------------------------------


Max Delay Paths
--------------------------------------------------------------------------------------
Slack:                    inf
  Source:                 u_game_fsm/s_lock_y_reg[1]/C
                            (rising edge-triggered cell FDRE)
  Destination:            u_board_memory/s_board_reg[17][0][2]/D
  Path Group:             (none)
  Path Type:              Max at Slow Process Corner
  Data Path Delay:        37.574ns  (logic 2.990ns (7.958%)  route 34.584ns (92.042%))
  Logic Levels:           16  (FDRE=1 LUT3=3 LUT4=2 LUT5=2 LUT6=8)

    Location             Delay type                Incr(ns)  Path(ns)    Netlist Resource(s)
  -------------------------------------------------------------------    -------------------
    SLICE_X156Y187       FDRE                         0.000     0.000 r  u_game_fsm/s_lock_y_reg[1]/C
    SLICE_X156Y187       FDRE (Prop_fdre_C_Q)         0.456     0.456 r  u_game_fsm/s_lock_y_reg[1]/Q
                         net (fo=93, routed)          4.459     4.915    u_game_fsm/lock_y[1]
    SLICE_X105Y187       LUT6 (Prop_lut6_I4_O)        0.124     5.039 r  u_game_fsm/s_board[18][8][2]_i_25/O
                         net (fo=2, routed)           0.611     5.651    u_game_fsm/s_board[18][8][2]_i_25_n_0
    SLICE_X106Y187       LUT6 (Prop_lut6_I0_O)        0.124     5.775 r  u_game_fsm/s_board[18][8][2]_i_16/O
                         net (fo=56, routed)          1.886     7.661    u_game_fsm/s_board[18][8][2]_i_16_n_0
    SLICE_X106Y180       LUT3 (Prop_lut3_I0_O)        0.118     7.779 r  u_game_fsm/s_board[18][2][1]_i_6/O
                         net (fo=24, routed)          2.920    10.699    u_game_fsm/s_board[18][2][1]_i_6_n_0
    SLICE_X108Y175       LUT6 (Prop_lut6_I3_O)        0.326    11.025 r  u_game_fsm/s_board[16][2][2]_i_2/O
                         net (fo=5, routed)           1.173    12.198    u_game_fsm/s_board[16][2][2]_i_2_n_0
    SLICE_X106Y173       LUT6 (Prop_lut6_I1_O)        0.124    12.322 r  u_game_fsm/s_board[0][4][2]_i_71/O
                         net (fo=2, routed)           0.846    13.168    u_game_fsm/s_board[0][4][2]_i_71_n_0
    SLICE_X117Y174       LUT6 (Prop_lut6_I3_O)        0.124    13.292 r  u_game_fsm/s_board[0][4][2]_i_50/O
                         net (fo=47, routed)          3.746    17.038    u_game_fsm/s_board[0][4][2]_i_50_n_0
    SLICE_X107Y158       LUT6 (Prop_lut6_I1_O)        0.124    17.162 r  u_game_fsm/s_board[0][4][2]_i_34/O
                         net (fo=18, routed)          1.363    18.525    u_game_fsm/s_board[0][4][2]_i_34_n_0
    SLICE_X118Y158       LUT5 (Prop_lut5_I2_O)        0.124    18.649 r  u_game_fsm/s_board[11][5][2]_i_20/O
                         net (fo=34, routed)          1.578    20.227    u_game_fsm/s_board[11][5][2]_i_20_n_0
    SLICE_X126Y161       LUT4 (Prop_lut4_I2_O)        0.124    20.351 r  u_game_fsm/s_board[11][2][1]_i_11/O
                         net (fo=23, routed)          1.781    22.132    u_game_fsm/s_board[11][2][1]_i_11_n_0
    SLICE_X126Y163       LUT6 (Prop_lut6_I2_O)        0.124    22.256 r  u_game_fsm/s_board[0][4][2]_i_9/O
                         net (fo=38, routed)          2.625    24.880    u_game_fsm/s_board[0][4][2]_i_9_n_0
    SLICE_X148Y176       LUT4 (Prop_lut4_I3_O)        0.148    25.028 f  u_game_fsm/s_board[0][4][2]_i_2/O
                         net (fo=91, routed)          3.091    28.119    u_game_fsm/s_board[0][4][2]_i_2_n_0
    SLICE_X147Y174       LUT3 (Prop_lut3_I1_O)        0.328    28.447 f  u_game_fsm/s_board[1][1][2]_i_3/O
                         net (fo=47, routed)          5.267    33.714    u_game_fsm/s_board[1][1][2]_i_3_n_0
    SLICE_X115Y176       LUT5 (Prop_lut5_I4_O)        0.124    33.838 f  u_game_fsm/s_board[17][0][1]_i_3/O
                         net (fo=22, routed)          2.088    35.926    u_game_fsm/s_board[17][0][1]_i_3_n_0
    SLICE_X132Y175       LUT3 (Prop_lut3_I2_O)        0.150    36.076 f  u_game_fsm/s_board[17][0][2]_i_5/O
                         net (fo=1, routed)           1.150    37.226    u_game_fsm/s_board[17][0][2]_i_5_n_0
    SLICE_X131Y175       LUT6 (Prop_lut6_I5_O)        0.348    37.574 r  u_game_fsm/s_board[17][0][2]_i_1/O
                         net (fo=1, routed)           0.000    37.574    u_board_memory/s_board_reg[17][0][2]_1[2]
    SLICE_X131Y175       FDRE                                         r  u_board_memory/s_board_reg[17][0][2]/D
  -------------------------------------------------------------------    -------------------

Slack:                    inf
  Source:                 u_game_fsm/s_lock_y_reg[1]/C
                            (rising edge-triggered cell FDRE)
  Destination:            u_board_memory/s_board_reg[15][7][2]/D
  Path Group:             (none)
  Path Type:              Max at Slow Process Corner
  Data Path Delay:        37.549ns  (logic 2.636ns (7.020%)  route 34.913ns (92.980%))
  Logic Levels:           17  (FDRE=1 LUT3=1 LUT4=1 LUT5=1 LUT6=13)

    Location             Delay type                Incr(ns)  Path(ns)    Netlist Resource(s)
  -------------------------------------------------------------------    -------------------
    SLICE_X156Y187       FDRE                         0.000     0.000 r  u_game_fsm/s_lock_y_reg[1]/C
    SLICE_X156Y187       FDRE (Prop_fdre_C_Q)         0.456     0.456 r  u_game_fsm/s_lock_y_reg[1]/Q
                         net (fo=93, routed)          4.459     4.915    u_game_fsm/lock_y[1]
    SLICE_X105Y187       LUT6 (Prop_lut6_I4_O)        0.124     5.039 r  u_game_fsm/s_board[18][8][2]_i_25/O
                         net (fo=2, routed)           0.611     5.651    u_game_fsm/s_board[18][8][2]_i_25_n_0
    SLICE_X106Y187       LUT6 (Prop_lut6_I0_O)        0.124     5.775 r  u_game_fsm/s_board[18][8][2]_i_16/O
                         net (fo=56, routed)          1.886     7.661    u_game_fsm/s_board[18][8][2]_i_16_n_0
    SLICE_X106Y180       LUT3 (Prop_lut3_I0_O)        0.118     7.779 r  u_game_fsm/s_board[18][2][1]_i_6/O
                         net (fo=24, routed)          2.920    10.699    u_game_fsm/s_board[18][2][1]_i_6_n_0
    SLICE_X108Y175       LUT6 (Prop_lut6_I3_O)        0.326    11.025 r  u_game_fsm/s_board[16][2][2]_i_2/O
                         net (fo=5, routed)           1.173    12.198    u_game_fsm/s_board[16][2][2]_i_2_n_0
    SLICE_X106Y173       LUT6 (Prop_lut6_I1_O)        0.124    12.322 r  u_game_fsm/s_board[0][4][2]_i_71/O
                         net (fo=2, routed)           0.846    13.168    u_game_fsm/s_board[0][4][2]_i_71_n_0
    SLICE_X117Y174       LUT6 (Prop_lut6_I3_O)        0.124    13.292 r  u_game_fsm/s_board[0][4][2]_i_50/O
                         net (fo=47, routed)          3.746    17.038    u_game_fsm/s_board[0][4][2]_i_50_n_0
    SLICE_X107Y158       LUT6 (Prop_lut6_I1_O)        0.124    17.162 r  u_game_fsm/s_board[0][4][2]_i_34/O
                         net (fo=18, routed)          1.363    18.525    u_game_fsm/s_board[0][4][2]_i_34_n_0
    SLICE_X118Y158       LUT5 (Prop_lut5_I2_O)        0.124    18.649 r  u_game_fsm/s_board[11][5][2]_i_20/O
                         net (fo=34, routed)          1.810    20.459    u_game_fsm/s_board[11][5][2]_i_20_n_0
    SLICE_X126Y161       LUT6 (Prop_lut6_I4_O)        0.124    20.583 r  u_game_fsm/s_board[7][4][2]_i_8/O
                         net (fo=11, routed)          1.349    21.932    u_game_fsm/s_board[7][4][2]_i_8_n_0
    SLICE_X123Y158       LUT6 (Prop_lut6_I3_O)        0.124    22.056 r  u_game_fsm/s_board[6][9][2]_i_6/O
                         net (fo=22, routed)          1.728    23.784    u_game_fsm/s_board[6][9][2]_i_6_n_0
    SLICE_X127Y163       LUT6 (Prop_lut6_I1_O)        0.124    23.908 r  u_game_fsm/s_board[16][4][0]_i_8/O
                         net (fo=78, routed)          4.104    28.011    u_game_fsm/s_board[16][4][0]_i_8_n_0
    SLICE_X145Y168       LUT6 (Prop_lut6_I0_O)        0.124    28.135 f  u_game_fsm/s_board[11][6][2]_i_10/O
                         net (fo=3, routed)           1.093    29.228    u_game_fsm/s_board[11][6][2]_i_10_n_0
    SLICE_X140Y171       LUT6 (Prop_lut6_I4_O)        0.124    29.352 f  u_game_fsm/s_board[11][6][2]_i_5/O
                         net (fo=63, routed)          2.456    31.808    u_game_fsm/s_board[11][6][2]_i_5_n_0
    SLICE_X145Y175       LUT6 (Prop_lut6_I4_O)        0.124    31.932 f  u_game_fsm/s_board[14][8][2]_i_3/O
                         net (fo=30, routed)          3.743    35.675    u_game_fsm/s_board[14][8][2]_i_3_n_0
    SLICE_X124Y176       LUT4 (Prop_lut4_I3_O)        0.124    35.799 f  u_game_fsm/s_board[15][3][0]_i_3/O
                         net (fo=9, routed)           1.626    37.425    u_game_fsm/s_board[15][3][0]_i_3_n_0
    SLICE_X114Y174       LUT6 (Prop_lut6_I3_O)        0.124    37.549 r  u_game_fsm/s_board[15][7][2]_i_1/O
                         net (fo=1, routed)           0.000    37.549    u_board_memory/s_board_reg[15][7][2]_3[2]
    SLICE_X114Y174       FDRE                                         r  u_board_memory/s_board_reg[15][7][2]/D
  -------------------------------------------------------------------    -------------------

Slack:                    inf
  Source:                 u_game_fsm/s_lock_y_reg[1]/C
                            (rising edge-triggered cell FDRE)
  Destination:            u_board_memory/s_board_reg[6][1][1]/D
  Path Group:             (none)
  Path Type:              Max at Slow Process Corner
  Data Path Delay:        37.499ns  (logic 2.839ns (7.571%)  route 34.660ns (92.429%))
  Logic Levels:           17  (FDRE=1 LUT3=1 LUT4=1 LUT5=1 LUT6=13)

    Location             Delay type                Incr(ns)  Path(ns)    Netlist Resource(s)
  -------------------------------------------------------------------    -------------------
    SLICE_X156Y187       FDRE                         0.000     0.000 r  u_game_fsm/s_lock_y_reg[1]/C
    SLICE_X156Y187       FDRE (Prop_fdre_C_Q)         0.456     0.456 r  u_game_fsm/s_lock_y_reg[1]/Q
                         net (fo=93, routed)          4.459     4.915    u_game_fsm/lock_y[1]
    SLICE_X105Y187       LUT6 (Prop_lut6_I4_O)        0.124     5.039 r  u_game_fsm/s_board[18][8][2]_i_25/O
                         net (fo=2, routed)           0.611     5.651    u_game_fsm/s_board[18][8][2]_i_25_n_0
    SLICE_X106Y187       LUT6 (Prop_lut6_I0_O)        0.124     5.775 r  u_game_fsm/s_board[18][8][2]_i_16/O
                         net (fo=56, routed)          1.886     7.661    u_game_fsm/s_board[18][8][2]_i_16_n_0
    SLICE_X106Y180       LUT3 (Prop_lut3_I0_O)        0.118     7.779 r  u_game_fsm/s_board[18][2][1]_i_6/O
                         net (fo=24, routed)          2.920    10.699    u_game_fsm/s_board[18][2][1]_i_6_n_0
    SLICE_X108Y175       LUT6 (Prop_lut6_I3_O)        0.326    11.025 r  u_game_fsm/s_board[16][2][2]_i_2/O
                         net (fo=5, routed)           1.173    12.198    u_game_fsm/s_board[16][2][2]_i_2_n_0
    SLICE_X106Y173       LUT6 (Prop_lut6_I1_O)        0.124    12.322 r  u_game_fsm/s_board[0][4][2]_i_71/O
                         net (fo=2, routed)           0.846    13.168    u_game_fsm/s_board[0][4][2]_i_71_n_0
    SLICE_X117Y174       LUT6 (Prop_lut6_I3_O)        0.124    13.292 r  u_game_fsm/s_board[0][4][2]_i_50/O
                         net (fo=47, routed)          3.746    17.038    u_game_fsm/s_board[0][4][2]_i_50_n_0
    SLICE_X107Y158       LUT6 (Prop_lut6_I1_O)        0.124    17.162 r  u_game_fsm/s_board[0][4][2]_i_34/O
                         net (fo=18, routed)          1.363    18.525    u_game_fsm/s_board[0][4][2]_i_34_n_0
    SLICE_X118Y158       LUT5 (Prop_lut5_I2_O)        0.124    18.649 r  u_game_fsm/s_board[11][5][2]_i_20/O
                         net (fo=34, routed)          1.810    20.459    u_game_fsm/s_board[11][5][2]_i_20_n_0
    SLICE_X126Y161       LUT6 (Prop_lut6_I4_O)        0.124    20.583 r  u_game_fsm/s_board[7][4][2]_i_8/O
                         net (fo=11, routed)          1.349    21.932    u_game_fsm/s_board[7][4][2]_i_8_n_0
    SLICE_X123Y158       LUT6 (Prop_lut6_I3_O)        0.124    22.056 r  u_game_fsm/s_board[6][9][2]_i_6/O
                         net (fo=22, routed)          1.728    23.784    u_game_fsm/s_board[6][9][2]_i_6_n_0
    SLICE_X127Y163       LUT6 (Prop_lut6_I1_O)        0.124    23.908 r  u_game_fsm/s_board[16][4][0]_i_8/O
                         net (fo=78, routed)          4.147    28.054    u_game_fsm/s_board[16][4][0]_i_8_n_0
    SLICE_X145Y168       LUT6 (Prop_lut6_I5_O)        0.124    28.178 r  u_game_fsm/s_board[0][4][2]_i_15/O
                         net (fo=4, routed)           1.325    29.503    u_game_fsm/s_board[0][4][2]_i_15_n_0
    SLICE_X145Y176       LUT6 (Prop_lut6_I1_O)        0.124    29.627 f  u_game_fsm/s_board[0][4][2]_i_5/O
                         net (fo=86, routed)          3.020    32.648    u_game_fsm/s_board[0][4][2]_i_5_n_0
    SLICE_X117Y191       LUT4 (Prop_lut4_I2_O)        0.119    32.767 f  u_game_fsm/s_board[6][3][2]_i_4/O
                         net (fo=80, routed)          3.621    36.387    u_game_fsm/s_board[6][3][2]_i_4_n_0
    SLICE_X146Y177       LUT6 (Prop_lut6_I0_O)        0.332    36.719 r  u_game_fsm/s_board[6][1][1]_i_5/O
                         net (fo=1, routed)           0.656    37.375    u_game_fsm/s_board[6][1][1]_i_5_n_0
    SLICE_X147Y177       LUT6 (Prop_lut6_I4_O)        0.124    37.499 r  u_game_fsm/s_board[6][1][1]_i_1/O
                         net (fo=1, routed)           0.000    37.499    u_board_memory/s_board_reg[6][1][2]_2[1]
    SLICE_X147Y177       FDRE                                         r  u_board_memory/s_board_reg[6][1][1]/D
  -------------------------------------------------------------------    -------------------

Slack:                    inf
  Source:                 u_game_fsm/s_lock_y_reg[1]/C
                            (rising edge-triggered cell FDRE)
  Destination:            u_board_memory/s_board_reg[13][5][0]/D
  Path Group:             (none)
  Path Type:              Max at Slow Process Corner
  Data Path Delay:        37.483ns  (logic 2.636ns (7.032%)  route 34.847ns (92.968%))
  Logic Levels:           17  (FDRE=1 LUT3=1 LUT4=1 LUT5=2 LUT6=12)

    Location             Delay type                Incr(ns)  Path(ns)    Netlist Resource(s)
  -------------------------------------------------------------------    -------------------
    SLICE_X156Y187       FDRE                         0.000     0.000 r  u_game_fsm/s_lock_y_reg[1]/C
    SLICE_X156Y187       FDRE (Prop_fdre_C_Q)         0.456     0.456 r  u_game_fsm/s_lock_y_reg[1]/Q
                         net (fo=93, routed)          4.459     4.915    u_game_fsm/lock_y[1]
    SLICE_X105Y187       LUT6 (Prop_lut6_I4_O)        0.124     5.039 r  u_game_fsm/s_board[18][8][2]_i_25/O
                         net (fo=2, routed)           0.611     5.651    u_game_fsm/s_board[18][8][2]_i_25_n_0
    SLICE_X106Y187       LUT6 (Prop_lut6_I0_O)        0.124     5.775 r  u_game_fsm/s_board[18][8][2]_i_16/O
                         net (fo=56, routed)          1.886     7.661    u_game_fsm/s_board[18][8][2]_i_16_n_0
    SLICE_X106Y180       LUT3 (Prop_lut3_I0_O)        0.118     7.779 r  u_game_fsm/s_board[18][2][1]_i_6/O
                         net (fo=24, routed)          2.920    10.699    u_game_fsm/s_board[18][2][1]_i_6_n_0
    SLICE_X108Y175       LUT6 (Prop_lut6_I3_O)        0.326    11.025 r  u_game_fsm/s_board[16][2][2]_i_2/O
                         net (fo=5, routed)           1.173    12.198    u_game_fsm/s_board[16][2][2]_i_2_n_0
    SLICE_X106Y173       LUT6 (Prop_lut6_I1_O)        0.124    12.322 r  u_game_fsm/s_board[0][4][2]_i_71/O
                         net (fo=2, routed)           0.846    13.168    u_game_fsm/s_board[0][4][2]_i_71_n_0
    SLICE_X117Y174       LUT6 (Prop_lut6_I3_O)        0.124    13.292 r  u_game_fsm/s_board[0][4][2]_i_50/O
                         net (fo=47, routed)          3.746    17.038    u_game_fsm/s_board[0][4][2]_i_50_n_0
    SLICE_X107Y158       LUT6 (Prop_lut6_I1_O)        0.124    17.162 r  u_game_fsm/s_board[0][4][2]_i_34/O
                         net (fo=18, routed)          1.363    18.525    u_game_fsm/s_board[0][4][2]_i_34_n_0
    SLICE_X118Y158       LUT5 (Prop_lut5_I2_O)        0.124    18.649 r  u_game_fsm/s_board[11][5][2]_i_20/O
                         net (fo=34, routed)          1.810    20.459    u_game_fsm/s_board[11][5][2]_i_20_n_0
    SLICE_X126Y161       LUT6 (Prop_lut6_I4_O)        0.124    20.583 r  u_game_fsm/s_board[7][4][2]_i_8/O
                         net (fo=11, routed)          1.349    21.932    u_game_fsm/s_board[7][4][2]_i_8_n_0
    SLICE_X123Y158       LUT6 (Prop_lut6_I3_O)        0.124    22.056 r  u_game_fsm/s_board[6][9][2]_i_6/O
                         net (fo=22, routed)          1.728    23.784    u_game_fsm/s_board[6][9][2]_i_6_n_0
    SLICE_X127Y163       LUT6 (Prop_lut6_I1_O)        0.124    23.908 r  u_game_fsm/s_board[16][4][0]_i_8/O
                         net (fo=78, routed)          4.104    28.011    u_game_fsm/s_board[16][4][0]_i_8_n_0
    SLICE_X145Y168       LUT6 (Prop_lut6_I0_O)        0.124    28.135 f  u_game_fsm/s_board[11][6][2]_i_10/O
                         net (fo=3, routed)           1.093    29.228    u_game_fsm/s_board[11][6][2]_i_10_n_0
    SLICE_X140Y171       LUT6 (Prop_lut6_I4_O)        0.124    29.352 f  u_game_fsm/s_board[11][6][2]_i_5/O
                         net (fo=63, routed)          2.456    31.808    u_game_fsm/s_board[11][6][2]_i_5_n_0
    SLICE_X145Y175       LUT6 (Prop_lut6_I4_O)        0.124    31.932 f  u_game_fsm/s_board[14][8][2]_i_3/O
                         net (fo=30, routed)          3.329    35.261    u_game_fsm/s_board[14][8][2]_i_3_n_0
    SLICE_X124Y176       LUT4 (Prop_lut4_I3_O)        0.124    35.385 r  u_game_fsm/s_board[13][8][2]_i_4/O
                         net (fo=22, routed)          1.974    37.359    u_game_fsm/s_board[13][8][2]_i_4_n_0
    SLICE_X107Y177       LUT5 (Prop_lut5_I4_O)        0.124    37.483 r  u_game_fsm/s_board[13][5][0]_i_1/O
                         net (fo=1, routed)           0.000    37.483    u_board_memory/s_board_reg[13][5][2]_2[0]
    SLICE_X107Y177       FDRE                                         r  u_board_memory/s_board_reg[13][5][0]/D
  -------------------------------------------------------------------    -------------------

Slack:                    inf
  Source:                 u_game_fsm/s_lock_y_reg[1]/C
                            (rising edge-triggered cell FDRE)
  Destination:            u_board_memory/s_board_reg[13][4][0]/D
  Path Group:             (none)
  Path Type:              Max at Slow Process Corner
  Data Path Delay:        37.400ns  (logic 2.832ns (7.572%)  route 34.568ns (92.428%))
  Logic Levels:           17  (FDRE=1 LUT3=1 LUT5=2 LUT6=13)

    Location             Delay type                Incr(ns)  Path(ns)    Netlist Resource(s)
  -------------------------------------------------------------------    -------------------
    SLICE_X156Y187       FDRE                         0.000     0.000 r  u_game_fsm/s_lock_y_reg[1]/C
    SLICE_X156Y187       FDRE (Prop_fdre_C_Q)         0.456     0.456 r  u_game_fsm/s_lock_y_reg[1]/Q
                         net (fo=93, routed)          4.459     4.915    u_game_fsm/lock_y[1]
    SLICE_X105Y187       LUT6 (Prop_lut6_I4_O)        0.124     5.039 r  u_game_fsm/s_board[18][8][2]_i_25/O
                         net (fo=2, routed)           0.611     5.651    u_game_fsm/s_board[18][8][2]_i_25_n_0
    SLICE_X106Y187       LUT6 (Prop_lut6_I0_O)        0.124     5.775 r  u_game_fsm/s_board[18][8][2]_i_16/O
                         net (fo=56, routed)          1.886     7.661    u_game_fsm/s_board[18][8][2]_i_16_n_0
    SLICE_X106Y180       LUT3 (Prop_lut3_I0_O)        0.118     7.779 r  u_game_fsm/s_board[18][2][1]_i_6/O
                         net (fo=24, routed)          2.920    10.699    u_game_fsm/s_board[18][2][1]_i_6_n_0
    SLICE_X108Y175       LUT6 (Prop_lut6_I3_O)        0.326    11.025 r  u_game_fsm/s_board[16][2][2]_i_2/O
                         net (fo=5, routed)           1.173    12.198    u_game_fsm/s_board[16][2][2]_i_2_n_0
    SLICE_X106Y173       LUT6 (Prop_lut6_I1_O)        0.124    12.322 r  u_game_fsm/s_board[0][4][2]_i_71/O
                         net (fo=2, routed)           0.846    13.168    u_game_fsm/s_board[0][4][2]_i_71_n_0
    SLICE_X117Y174       LUT6 (Prop_lut6_I3_O)        0.124    13.292 r  u_game_fsm/s_board[0][4][2]_i_50/O
                         net (fo=47, routed)          3.746    17.038    u_game_fsm/s_board[0][4][2]_i_50_n_0
    SLICE_X107Y158       LUT6 (Prop_lut6_I1_O)        0.124    17.162 r  u_game_fsm/s_board[0][4][2]_i_34/O
                         net (fo=18, routed)          1.363    18.525    u_game_fsm/s_board[0][4][2]_i_34_n_0
    SLICE_X118Y158       LUT5 (Prop_lut5_I2_O)        0.124    18.649 r  u_game_fsm/s_board[11][5][2]_i_20/O
                         net (fo=34, routed)          1.810    20.459    u_game_fsm/s_board[11][5][2]_i_20_n_0
    SLICE_X126Y161       LUT6 (Prop_lut6_I4_O)        0.124    20.583 r  u_game_fsm/s_board[7][4][2]_i_8/O
                         net (fo=11, routed)          1.349    21.932    u_game_fsm/s_board[7][4][2]_i_8_n_0
    SLICE_X123Y158       LUT6 (Prop_lut6_I3_O)        0.124    22.056 r  u_game_fsm/s_board[6][9][2]_i_6/O
                         net (fo=22, routed)          1.728    23.784    u_game_fsm/s_board[6][9][2]_i_6_n_0
    SLICE_X127Y163       LUT6 (Prop_lut6_I1_O)        0.124    23.908 f  u_game_fsm/s_board[16][4][0]_i_8/O
                         net (fo=78, routed)          4.104    28.011    u_game_fsm/s_board[16][4][0]_i_8_n_0
    SLICE_X145Y168       LUT6 (Prop_lut6_I0_O)        0.124    28.135 r  u_game_fsm/s_board[11][6][2]_i_10/O
                         net (fo=3, routed)           1.093    29.228    u_game_fsm/s_board[11][6][2]_i_10_n_0
    SLICE_X140Y171       LUT6 (Prop_lut6_I4_O)        0.124    29.352 r  u_game_fsm/s_board[11][6][2]_i_5/O
                         net (fo=63, routed)          2.456    31.808    u_game_fsm/s_board[11][6][2]_i_5_n_0
    SLICE_X145Y175       LUT6 (Prop_lut6_I4_O)        0.124    31.932 r  u_game_fsm/s_board[14][8][2]_i_3/O
                         net (fo=30, routed)          3.329    35.261    u_game_fsm/s_board[14][8][2]_i_3_n_0
    SLICE_X124Y176       LUT5 (Prop_lut5_I4_O)        0.116    35.377 r  u_game_fsm/s_board[13][9][2]_i_3/O
                         net (fo=8, routed)           1.695    37.072    u_game_fsm/s_board[13][9][2]_i_3_n_0
    SLICE_X112Y175       LUT6 (Prop_lut6_I1_O)        0.328    37.400 r  u_game_fsm/s_board[13][4][0]_i_1/O
                         net (fo=1, routed)           0.000    37.400    u_board_memory/s_board_reg[13][4][2]_2[0]
    SLICE_X112Y175       FDRE                                         r  u_board_memory/s_board_reg[13][4][0]/D
  -------------------------------------------------------------------    -------------------

Slack:                    inf
  Source:                 u_game_fsm/s_lock_y_reg[1]/C
                            (rising edge-triggered cell FDRE)
  Destination:            u_board_memory/s_board_reg[15][7][1]/D
  Path Group:             (none)
  Path Type:              Max at Slow Process Corner
  Data Path Delay:        37.349ns  (logic 2.636ns (7.058%)  route 34.713ns (92.942%))
  Logic Levels:           17  (FDRE=1 LUT3=1 LUT4=1 LUT5=1 LUT6=13)

    Location             Delay type                Incr(ns)  Path(ns)    Netlist Resource(s)
  -------------------------------------------------------------------    -------------------
    SLICE_X156Y187       FDRE                         0.000     0.000 r  u_game_fsm/s_lock_y_reg[1]/C
    SLICE_X156Y187       FDRE (Prop_fdre_C_Q)         0.456     0.456 r  u_game_fsm/s_lock_y_reg[1]/Q
                         net (fo=93, routed)          4.459     4.915    u_game_fsm/lock_y[1]
    SLICE_X105Y187       LUT6 (Prop_lut6_I4_O)        0.124     5.039 r  u_game_fsm/s_board[18][8][2]_i_25/O
                         net (fo=2, routed)           0.611     5.651    u_game_fsm/s_board[18][8][2]_i_25_n_0
    SLICE_X106Y187       LUT6 (Prop_lut6_I0_O)        0.124     5.775 r  u_game_fsm/s_board[18][8][2]_i_16/O
                         net (fo=56, routed)          1.886     7.661    u_game_fsm/s_board[18][8][2]_i_16_n_0
    SLICE_X106Y180       LUT3 (Prop_lut3_I0_O)        0.118     7.779 r  u_game_fsm/s_board[18][2][1]_i_6/O
                         net (fo=24, routed)          2.920    10.699    u_game_fsm/s_board[18][2][1]_i_6_n_0
    SLICE_X108Y175       LUT6 (Prop_lut6_I3_O)        0.326    11.025 r  u_game_fsm/s_board[16][2][2]_i_2/O
                         net (fo=5, routed)           1.173    12.198    u_game_fsm/s_board[16][2][2]_i_2_n_0
    SLICE_X106Y173       LUT6 (Prop_lut6_I1_O)        0.124    12.322 r  u_game_fsm/s_board[0][4][2]_i_71/O
                         net (fo=2, routed)           0.846    13.168    u_game_fsm/s_board[0][4][2]_i_71_n_0
    SLICE_X117Y174       LUT6 (Prop_lut6_I3_O)        0.124    13.292 r  u_game_fsm/s_board[0][4][2]_i_50/O
                         net (fo=47, routed)          3.746    17.038    u_game_fsm/s_board[0][4][2]_i_50_n_0
    SLICE_X107Y158       LUT6 (Prop_lut6_I1_O)        0.124    17.162 r  u_game_fsm/s_board[0][4][2]_i_34/O
                         net (fo=18, routed)          1.363    18.525    u_game_fsm/s_board[0][4][2]_i_34_n_0
    SLICE_X118Y158       LUT5 (Prop_lut5_I2_O)        0.124    18.649 r  u_game_fsm/s_board[11][5][2]_i_20/O
                         net (fo=34, routed)          1.810    20.459    u_game_fsm/s_board[11][5][2]_i_20_n_0
    SLICE_X126Y161       LUT6 (Prop_lut6_I4_O)        0.124    20.583 r  u_game_fsm/s_board[7][4][2]_i_8/O
                         net (fo=11, routed)          1.349    21.932    u_game_fsm/s_board[7][4][2]_i_8_n_0
    SLICE_X123Y158       LUT6 (Prop_lut6_I3_O)        0.124    22.056 r  u_game_fsm/s_board[6][9][2]_i_6/O
                         net (fo=22, routed)          1.728    23.784    u_game_fsm/s_board[6][9][2]_i_6_n_0
    SLICE_X127Y163       LUT6 (Prop_lut6_I1_O)        0.124    23.908 r  u_game_fsm/s_board[16][4][0]_i_8/O
                         net (fo=78, routed)          4.104    28.011    u_game_fsm/s_board[16][4][0]_i_8_n_0
    SLICE_X145Y168       LUT6 (Prop_lut6_I0_O)        0.124    28.135 f  u_game_fsm/s_board[11][6][2]_i_10/O
                         net (fo=3, routed)           1.093    29.228    u_game_fsm/s_board[11][6][2]_i_10_n_0
    SLICE_X140Y171       LUT6 (Prop_lut6_I4_O)        0.124    29.352 f  u_game_fsm/s_board[11][6][2]_i_5/O
                         net (fo=63, routed)          2.456    31.808    u_game_fsm/s_board[11][6][2]_i_5_n_0
    SLICE_X145Y175       LUT6 (Prop_lut6_I4_O)        0.124    31.932 f  u_game_fsm/s_board[14][8][2]_i_3/O
                         net (fo=30, routed)          3.743    35.675    u_game_fsm/s_board[14][8][2]_i_3_n_0
    SLICE_X124Y176       LUT4 (Prop_lut4_I3_O)        0.124    35.799 f  u_game_fsm/s_board[15][3][0]_i_3/O
                         net (fo=9, routed)           1.426    37.225    u_game_fsm/s_board[15][3][0]_i_3_n_0
    SLICE_X114Y174       LUT6 (Prop_lut6_I3_O)        0.124    37.349 r  u_game_fsm/s_board[15][7][1]_i_1/O
                         net (fo=1, routed)           0.000    37.349    u_board_memory/s_board_reg[15][7][2]_3[1]
    SLICE_X114Y174       FDRE                                         r  u_board_memory/s_board_reg[15][7][1]/D
  -------------------------------------------------------------------    -------------------

Slack:                    inf
  Source:                 u_game_fsm/s_lock_y_reg[1]/C
                            (rising edge-triggered cell FDRE)
  Destination:            u_board_memory/s_board_reg[15][7][0]/D
  Path Group:             (none)
  Path Type:              Max at Slow Process Corner
  Data Path Delay:        37.312ns  (logic 2.636ns (7.065%)  route 34.676ns (92.935%))
  Logic Levels:           17  (FDRE=1 LUT3=1 LUT4=1 LUT5=1 LUT6=13)

    Location             Delay type                Incr(ns)  Path(ns)    Netlist Resource(s)
  -------------------------------------------------------------------    -------------------
    SLICE_X156Y187       FDRE                         0.000     0.000 r  u_game_fsm/s_lock_y_reg[1]/C
    SLICE_X156Y187       FDRE (Prop_fdre_C_Q)         0.456     0.456 r  u_game_fsm/s_lock_y_reg[1]/Q
                         net (fo=93, routed)          4.459     4.915    u_game_fsm/lock_y[1]
    SLICE_X105Y187       LUT6 (Prop_lut6_I4_O)        0.124     5.039 r  u_game_fsm/s_board[18][8][2]_i_25/O
                         net (fo=2, routed)           0.611     5.651    u_game_fsm/s_board[18][8][2]_i_25_n_0
    SLICE_X106Y187       LUT6 (Prop_lut6_I0_O)        0.124     5.775 r  u_game_fsm/s_board[18][8][2]_i_16/O
                         net (fo=56, routed)          1.886     7.661    u_game_fsm/s_board[18][8][2]_i_16_n_0
    SLICE_X106Y180       LUT3 (Prop_lut3_I0_O)        0.118     7.779 r  u_game_fsm/s_board[18][2][1]_i_6/O
                         net (fo=24, routed)          2.920    10.699    u_game_fsm/s_board[18][2][1]_i_6_n_0
    SLICE_X108Y175       LUT6 (Prop_lut6_I3_O)        0.326    11.025 r  u_game_fsm/s_board[16][2][2]_i_2/O
                         net (fo=5, routed)           1.173    12.198    u_game_fsm/s_board[16][2][2]_i_2_n_0
    SLICE_X106Y173       LUT6 (Prop_lut6_I1_O)        0.124    12.322 r  u_game_fsm/s_board[0][4][2]_i_71/O
                         net (fo=2, routed)           0.846    13.168    u_game_fsm/s_board[0][4][2]_i_71_n_0
    SLICE_X117Y174       LUT6 (Prop_lut6_I3_O)        0.124    13.292 r  u_game_fsm/s_board[0][4][2]_i_50/O
                         net (fo=47, routed)          3.746    17.038    u_game_fsm/s_board[0][4][2]_i_50_n_0
    SLICE_X107Y158       LUT6 (Prop_lut6_I1_O)        0.124    17.162 r  u_game_fsm/s_board[0][4][2]_i_34/O
                         net (fo=18, routed)          1.363    18.525    u_game_fsm/s_board[0][4][2]_i_34_n_0
    SLICE_X118Y158       LUT5 (Prop_lut5_I2_O)        0.124    18.649 r  u_game_fsm/s_board[11][5][2]_i_20/O
                         net (fo=34, routed)          1.810    20.459    u_game_fsm/s_board[11][5][2]_i_20_n_0
    SLICE_X126Y161       LUT6 (Prop_lut6_I4_O)        0.124    20.583 r  u_game_fsm/s_board[7][4][2]_i_8/O
                         net (fo=11, routed)          1.349    21.932    u_game_fsm/s_board[7][4][2]_i_8_n_0
    SLICE_X123Y158       LUT6 (Prop_lut6_I3_O)        0.124    22.056 r  u_game_fsm/s_board[6][9][2]_i_6/O
                         net (fo=22, routed)          1.728    23.784    u_game_fsm/s_board[6][9][2]_i_6_n_0
    SLICE_X127Y163       LUT6 (Prop_lut6_I1_O)        0.124    23.908 r  u_game_fsm/s_board[16][4][0]_i_8/O
                         net (fo=78, routed)          4.104    28.011    u_game_fsm/s_board[16][4][0]_i_8_n_0
    SLICE_X145Y168       LUT6 (Prop_lut6_I0_O)        0.124    28.135 f  u_game_fsm/s_board[11][6][2]_i_10/O
                         net (fo=3, routed)           1.093    29.228    u_game_fsm/s_board[11][6][2]_i_10_n_0
    SLICE_X140Y171       LUT6 (Prop_lut6_I4_O)        0.124    29.352 f  u_game_fsm/s_board[11][6][2]_i_5/O
                         net (fo=63, routed)          2.456    31.808    u_game_fsm/s_board[11][6][2]_i_5_n_0
    SLICE_X145Y175       LUT6 (Prop_lut6_I4_O)        0.124    31.932 f  u_game_fsm/s_board[14][8][2]_i_3/O
                         net (fo=30, routed)          3.743    35.675    u_game_fsm/s_board[14][8][2]_i_3_n_0
    SLICE_X124Y176       LUT4 (Prop_lut4_I3_O)        0.124    35.799 f  u_game_fsm/s_board[15][3][0]_i_3/O
                         net (fo=9, routed)           1.389    37.188    u_game_fsm/s_board[15][3][0]_i_3_n_0
    SLICE_X116Y174       LUT6 (Prop_lut6_I3_O)        0.124    37.312 r  u_game_fsm/s_board[15][7][0]_i_1/O
                         net (fo=1, routed)           0.000    37.312    u_board_memory/s_board_reg[15][7][2]_3[0]
    SLICE_X116Y174       FDRE                                         r  u_board_memory/s_board_reg[15][7][0]/D
  -------------------------------------------------------------------    -------------------

Slack:                    inf
  Source:                 u_game_fsm/s_lock_y_reg[1]/C
                            (rising edge-triggered cell FDRE)
  Destination:            u_board_memory/s_board_reg[13][6][0]/D
  Path Group:             (none)
  Path Type:              Max at Slow Process Corner
  Data Path Delay:        37.275ns  (logic 2.636ns (7.072%)  route 34.639ns (92.928%))
  Logic Levels:           17  (FDRE=1 LUT3=1 LUT4=1 LUT5=2 LUT6=12)

    Location             Delay type                Incr(ns)  Path(ns)    Netlist Resource(s)
  -------------------------------------------------------------------    -------------------
    SLICE_X156Y187       FDRE                         0.000     0.000 r  u_game_fsm/s_lock_y_reg[1]/C
    SLICE_X156Y187       FDRE (Prop_fdre_C_Q)         0.456     0.456 r  u_game_fsm/s_lock_y_reg[1]/Q
                         net (fo=93, routed)          4.459     4.915    u_game_fsm/lock_y[1]
    SLICE_X105Y187       LUT6 (Prop_lut6_I4_O)        0.124     5.039 r  u_game_fsm/s_board[18][8][2]_i_25/O
                         net (fo=2, routed)           0.611     5.651    u_game_fsm/s_board[18][8][2]_i_25_n_0
    SLICE_X106Y187       LUT6 (Prop_lut6_I0_O)        0.124     5.775 r  u_game_fsm/s_board[18][8][2]_i_16/O
                         net (fo=56, routed)          1.886     7.661    u_game_fsm/s_board[18][8][2]_i_16_n_0
    SLICE_X106Y180       LUT3 (Prop_lut3_I0_O)        0.118     7.779 r  u_game_fsm/s_board[18][2][1]_i_6/O
                         net (fo=24, routed)          2.920    10.699    u_game_fsm/s_board[18][2][1]_i_6_n_0
    SLICE_X108Y175       LUT6 (Prop_lut6_I3_O)        0.326    11.025 r  u_game_fsm/s_board[16][2][2]_i_2/O
                         net (fo=5, routed)           1.173    12.198    u_game_fsm/s_board[16][2][2]_i_2_n_0
    SLICE_X106Y173       LUT6 (Prop_lut6_I1_O)        0.124    12.322 r  u_game_fsm/s_board[0][4][2]_i_71/O
                         net (fo=2, routed)           0.846    13.168    u_game_fsm/s_board[0][4][2]_i_71_n_0
    SLICE_X117Y174       LUT6 (Prop_lut6_I3_O)        0.124    13.292 r  u_game_fsm/s_board[0][4][2]_i_50/O
                         net (fo=47, routed)          3.746    17.038    u_game_fsm/s_board[0][4][2]_i_50_n_0
    SLICE_X107Y158       LUT6 (Prop_lut6_I1_O)        0.124    17.162 r  u_game_fsm/s_board[0][4][2]_i_34/O
                         net (fo=18, routed)          1.363    18.525    u_game_fsm/s_board[0][4][2]_i_34_n_0
    SLICE_X118Y158       LUT5 (Prop_lut5_I2_O)        0.124    18.649 r  u_game_fsm/s_board[11][5][2]_i_20/O
                         net (fo=34, routed)          1.810    20.459    u_game_fsm/s_board[11][5][2]_i_20_n_0
    SLICE_X126Y161       LUT6 (Prop_lut6_I4_O)        0.124    20.583 r  u_game_fsm/s_board[7][4][2]_i_8/O
                         net (fo=11, routed)          1.349    21.932    u_game_fsm/s_board[7][4][2]_i_8_n_0
    SLICE_X123Y158       LUT6 (Prop_lut6_I3_O)        0.124    22.056 r  u_game_fsm/s_board[6][9][2]_i_6/O
                         net (fo=22, routed)          1.728    23.784    u_game_fsm/s_board[6][9][2]_i_6_n_0
    SLICE_X127Y163       LUT6 (Prop_lut6_I1_O)        0.124    23.908 r  u_game_fsm/s_board[16][4][0]_i_8/O
                         net (fo=78, routed)          4.104    28.011    u_game_fsm/s_board[16][4][0]_i_8_n_0
    SLICE_X145Y168       LUT6 (Prop_lut6_I0_O)        0.124    28.135 f  u_game_fsm/s_board[11][6][2]_i_10/O
                         net (fo=3, routed)           1.093    29.228    u_game_fsm/s_board[11][6][2]_i_10_n_0
    SLICE_X140Y171       LUT6 (Prop_lut6_I4_O)        0.124    29.352 f  u_game_fsm/s_board[11][6][2]_i_5/O
                         net (fo=63, routed)          2.456    31.808    u_game_fsm/s_board[11][6][2]_i_5_n_0
    SLICE_X145Y175       LUT6 (Prop_lut6_I4_O)        0.124    31.932 f  u_game_fsm/s_board[14][8][2]_i_3/O
                         net (fo=30, routed)          3.329    35.261    u_game_fsm/s_board[14][8][2]_i_3_n_0
    SLICE_X124Y176       LUT4 (Prop_lut4_I3_O)        0.124    35.385 r  u_game_fsm/s_board[13][8][2]_i_4/O
                         net (fo=22, routed)          1.766    37.151    u_game_fsm/s_board[13][8][2]_i_4_n_0
    SLICE_X111Y176       LUT5 (Prop_lut5_I4_O)        0.124    37.275 r  u_game_fsm/s_board[13][6][0]_i_1/O
                         net (fo=1, routed)           0.000    37.275    u_board_memory/s_board_reg[13][6][2]_1[0]
    SLICE_X111Y176       FDRE                                         r  u_board_memory/s_board_reg[13][6][0]/D
  -------------------------------------------------------------------    -------------------

Slack:                    inf
  Source:                 u_game_fsm/s_lock_y_reg[1]/C
                            (rising edge-triggered cell FDRE)
  Destination:            u_board_memory/s_board_reg[13][5][2]/D
  Path Group:             (none)
  Path Type:              Max at Slow Process Corner
  Data Path Delay:        37.263ns  (logic 2.636ns (7.074%)  route 34.627ns (92.926%))
  Logic Levels:           17  (FDRE=1 LUT3=1 LUT4=1 LUT5=2 LUT6=12)

    Location             Delay type                Incr(ns)  Path(ns)    Netlist Resource(s)
  -------------------------------------------------------------------    -------------------
    SLICE_X156Y187       FDRE                         0.000     0.000 r  u_game_fsm/s_lock_y_reg[1]/C
    SLICE_X156Y187       FDRE (Prop_fdre_C_Q)         0.456     0.456 r  u_game_fsm/s_lock_y_reg[1]/Q
                         net (fo=93, routed)          4.459     4.915    u_game_fsm/lock_y[1]
    SLICE_X105Y187       LUT6 (Prop_lut6_I4_O)        0.124     5.039 r  u_game_fsm/s_board[18][8][2]_i_25/O
                         net (fo=2, routed)           0.611     5.651    u_game_fsm/s_board[18][8][2]_i_25_n_0
    SLICE_X106Y187       LUT6 (Prop_lut6_I0_O)        0.124     5.775 r  u_game_fsm/s_board[18][8][2]_i_16/O
                         net (fo=56, routed)          1.886     7.661    u_game_fsm/s_board[18][8][2]_i_16_n_0
    SLICE_X106Y180       LUT3 (Prop_lut3_I0_O)        0.118     7.779 r  u_game_fsm/s_board[18][2][1]_i_6/O
                         net (fo=24, routed)          2.920    10.699    u_game_fsm/s_board[18][2][1]_i_6_n_0
    SLICE_X108Y175       LUT6 (Prop_lut6_I3_O)        0.326    11.025 r  u_game_fsm/s_board[16][2][2]_i_2/O
                         net (fo=5, routed)           1.173    12.198    u_game_fsm/s_board[16][2][2]_i_2_n_0
    SLICE_X106Y173       LUT6 (Prop_lut6_I1_O)        0.124    12.322 r  u_game_fsm/s_board[0][4][2]_i_71/O
                         net (fo=2, routed)           0.846    13.168    u_game_fsm/s_board[0][4][2]_i_71_n_0
    SLICE_X117Y174       LUT6 (Prop_lut6_I3_O)        0.124    13.292 r  u_game_fsm/s_board[0][4][2]_i_50/O
                         net (fo=47, routed)          3.746    17.038    u_game_fsm/s_board[0][4][2]_i_50_n_0
    SLICE_X107Y158       LUT6 (Prop_lut6_I1_O)        0.124    17.162 r  u_game_fsm/s_board[0][4][2]_i_34/O
                         net (fo=18, routed)          1.363    18.525    u_game_fsm/s_board[0][4][2]_i_34_n_0
    SLICE_X118Y158       LUT5 (Prop_lut5_I2_O)        0.124    18.649 r  u_game_fsm/s_board[11][5][2]_i_20/O
                         net (fo=34, routed)          1.810    20.459    u_game_fsm/s_board[11][5][2]_i_20_n_0
    SLICE_X126Y161       LUT6 (Prop_lut6_I4_O)        0.124    20.583 r  u_game_fsm/s_board[7][4][2]_i_8/O
                         net (fo=11, routed)          1.349    21.932    u_game_fsm/s_board[7][4][2]_i_8_n_0
    SLICE_X123Y158       LUT6 (Prop_lut6_I3_O)        0.124    22.056 r  u_game_fsm/s_board[6][9][2]_i_6/O
                         net (fo=22, routed)          1.728    23.784    u_game_fsm/s_board[6][9][2]_i_6_n_0
    SLICE_X127Y163       LUT6 (Prop_lut6_I1_O)        0.124    23.908 r  u_game_fsm/s_board[16][4][0]_i_8/O
                         net (fo=78, routed)          4.104    28.011    u_game_fsm/s_board[16][4][0]_i_8_n_0
    SLICE_X145Y168       LUT6 (Prop_lut6_I0_O)        0.124    28.135 f  u_game_fsm/s_board[11][6][2]_i_10/O
                         net (fo=3, routed)           1.093    29.228    u_game_fsm/s_board[11][6][2]_i_10_n_0
    SLICE_X140Y171       LUT6 (Prop_lut6_I4_O)        0.124    29.352 f  u_game_fsm/s_board[11][6][2]_i_5/O
                         net (fo=63, routed)          2.456    31.808    u_game_fsm/s_board[11][6][2]_i_5_n_0
    SLICE_X145Y175       LUT6 (Prop_lut6_I4_O)        0.124    31.932 f  u_game_fsm/s_board[14][8][2]_i_3/O
                         net (fo=30, routed)          3.329    35.261    u_game_fsm/s_board[14][8][2]_i_3_n_0
    SLICE_X124Y176       LUT4 (Prop_lut4_I3_O)        0.124    35.385 r  u_game_fsm/s_board[13][8][2]_i_4/O
                         net (fo=22, routed)          1.754    37.139    u_game_fsm/s_board[13][8][2]_i_4_n_0
    SLICE_X109Y177       LUT5 (Prop_lut5_I4_O)        0.124    37.263 r  u_game_fsm/s_board[13][5][2]_i_1/O
                         net (fo=1, routed)           0.000    37.263    u_board_memory/s_board_reg[13][5][2]_2[2]
    SLICE_X109Y177       FDRE                                         r  u_board_memory/s_board_reg[13][5][2]/D
  -------------------------------------------------------------------    -------------------

Slack:                    inf
  Source:                 u_game_fsm/s_lock_y_reg[1]/C
                            (rising edge-triggered cell FDRE)
  Destination:            u_board_memory/s_board_reg[15][2][2]/D
  Path Group:             (none)
  Path Type:              Max at Slow Process Corner
  Data Path Delay:        37.220ns  (logic 2.636ns (7.082%)  route 34.584ns (92.918%))
  Logic Levels:           17  (FDRE=1 LUT3=1 LUT4=1 LUT5=1 LUT6=13)

    Location             Delay type                Incr(ns)  Path(ns)    Netlist Resource(s)
  -------------------------------------------------------------------    -------------------
    SLICE_X156Y187       FDRE                         0.000     0.000 r  u_game_fsm/s_lock_y_reg[1]/C
    SLICE_X156Y187       FDRE (Prop_fdre_C_Q)         0.456     0.456 r  u_game_fsm/s_lock_y_reg[1]/Q
                         net (fo=93, routed)          4.459     4.915    u_game_fsm/lock_y[1]
    SLICE_X105Y187       LUT6 (Prop_lut6_I4_O)        0.124     5.039 r  u_game_fsm/s_board[18][8][2]_i_25/O
                         net (fo=2, routed)           0.611     5.651    u_game_fsm/s_board[18][8][2]_i_25_n_0
    SLICE_X106Y187       LUT6 (Prop_lut6_I0_O)        0.124     5.775 r  u_game_fsm/s_board[18][8][2]_i_16/O
                         net (fo=56, routed)          1.886     7.661    u_game_fsm/s_board[18][8][2]_i_16_n_0
    SLICE_X106Y180       LUT3 (Prop_lut3_I0_O)        0.118     7.779 r  u_game_fsm/s_board[18][2][1]_i_6/O
                         net (fo=24, routed)          2.920    10.699    u_game_fsm/s_board[18][2][1]_i_6_n_0
    SLICE_X108Y175       LUT6 (Prop_lut6_I3_O)        0.326    11.025 r  u_game_fsm/s_board[16][2][2]_i_2/O
                         net (fo=5, routed)           1.173    12.198    u_game_fsm/s_board[16][2][2]_i_2_n_0
    SLICE_X106Y173       LUT6 (Prop_lut6_I1_O)        0.124    12.322 r  u_game_fsm/s_board[0][4][2]_i_71/O
                         net (fo=2, routed)           0.846    13.168    u_game_fsm/s_board[0][4][2]_i_71_n_0
    SLICE_X117Y174       LUT6 (Prop_lut6_I3_O)        0.124    13.292 r  u_game_fsm/s_board[0][4][2]_i_50/O
                         net (fo=47, routed)          3.746    17.038    u_game_fsm/s_board[0][4][2]_i_50_n_0
    SLICE_X107Y158       LUT6 (Prop_lut6_I1_O)        0.124    17.162 r  u_game_fsm/s_board[0][4][2]_i_34/O
                         net (fo=18, routed)          1.363    18.525    u_game_fsm/s_board[0][4][2]_i_34_n_0
    SLICE_X118Y158       LUT5 (Prop_lut5_I2_O)        0.124    18.649 r  u_game_fsm/s_board[11][5][2]_i_20/O
                         net (fo=34, routed)          1.810    20.459    u_game_fsm/s_board[11][5][2]_i_20_n_0
    SLICE_X126Y161       LUT6 (Prop_lut6_I4_O)        0.124    20.583 r  u_game_fsm/s_board[7][4][2]_i_8/O
                         net (fo=11, routed)          1.349    21.932    u_game_fsm/s_board[7][4][2]_i_8_n_0
    SLICE_X123Y158       LUT6 (Prop_lut6_I3_O)        0.124    22.056 r  u_game_fsm/s_board[6][9][2]_i_6/O
                         net (fo=22, routed)          1.728    23.784    u_game_fsm/s_board[6][9][2]_i_6_n_0
    SLICE_X127Y163       LUT6 (Prop_lut6_I1_O)        0.124    23.908 r  u_game_fsm/s_board[16][4][0]_i_8/O
                         net (fo=78, routed)          4.104    28.011    u_game_fsm/s_board[16][4][0]_i_8_n_0
    SLICE_X145Y168       LUT6 (Prop_lut6_I0_O)        0.124    28.135 f  u_game_fsm/s_board[11][6][2]_i_10/O
                         net (fo=3, routed)           1.093    29.228    u_game_fsm/s_board[11][6][2]_i_10_n_0
    SLICE_X140Y171       LUT6 (Prop_lut6_I4_O)        0.124    29.352 f  u_game_fsm/s_board[11][6][2]_i_5/O
                         net (fo=63, routed)          2.456    31.808    u_game_fsm/s_board[11][6][2]_i_5_n_0
    SLICE_X145Y175       LUT6 (Prop_lut6_I4_O)        0.124    31.932 f  u_game_fsm/s_board[14][8][2]_i_3/O
                         net (fo=30, routed)          3.743    35.675    u_game_fsm/s_board[14][8][2]_i_3_n_0
    SLICE_X124Y176       LUT4 (Prop_lut4_I3_O)        0.124    35.799 f  u_game_fsm/s_board[15][3][0]_i_3/O
                         net (fo=9, routed)           1.297    37.096    u_game_fsm/s_board[15][3][0]_i_3_n_0
    SLICE_X114Y176       LUT6 (Prop_lut6_I4_O)        0.124    37.220 r  u_game_fsm/s_board[15][2][2]_i_1/O
                         net (fo=1, routed)           0.000    37.220    u_board_memory/s_board_reg[15][2][2]_2[2]
    SLICE_X114Y176       FDRE                                         r  u_board_memory/s_board_reg[15][2][2]/D
  -------------------------------------------------------------------    -------------------





Min Delay Paths
--------------------------------------------------------------------------------------
Slack:                    inf
  Source:                 u_game_fsm/FSM_onehot_state_reg[1]/C
                            (rising edge-triggered cell FDRE)
  Destination:            u_game_fsm/FSM_onehot_state_reg[2]/D
  Path Group:             (none)
  Path Type:              Min at Fast Process Corner
  Data Path Delay:        0.231ns  (logic 0.141ns (61.111%)  route 0.090ns (38.889%))
  Logic Levels:           1  (FDRE=1)

    Location             Delay type                Incr(ns)  Path(ns)    Netlist Resource(s)
  -------------------------------------------------------------------    -------------------
    SLICE_X134Y157       FDRE                         0.000     0.000 r  u_game_fsm/FSM_onehot_state_reg[1]/C
    SLICE_X134Y157       FDRE (Prop_fdre_C_Q)         0.141     0.141 r  u_game_fsm/FSM_onehot_state_reg[1]/Q
                         net (fo=17, routed)          0.090     0.231    u_game_fsm/Q[0]
    SLICE_X134Y157       FDRE                                         r  u_game_fsm/FSM_onehot_state_reg[2]/D
  -------------------------------------------------------------------    -------------------

Slack:                    inf
  Source:                 u_game_fsm/FSM_onehot_state_reg[5]/C
                            (rising edge-triggered cell FDRE)
  Destination:            u_game_fsm/FSM_onehot_state_reg[6]/D
  Path Group:             (none)
  Path Type:              Min at Fast Process Corner
  Data Path Delay:        0.232ns  (logic 0.164ns (70.680%)  route 0.068ns (29.320%))
  Logic Levels:           1  (FDRE=1)

    Location             Delay type                Incr(ns)  Path(ns)    Netlist Resource(s)
  -------------------------------------------------------------------    -------------------
    SLICE_X150Y182       FDRE                         0.000     0.000 r  u_game_fsm/FSM_onehot_state_reg[5]/C
    SLICE_X150Y182       FDRE (Prop_fdre_C_Q)         0.164     0.164 r  u_game_fsm/FSM_onehot_state_reg[5]/Q
                         net (fo=25, routed)          0.068     0.232    u_game_fsm/s_lock_x
    SLICE_X150Y182       FDRE                                         r  u_game_fsm/FSM_onehot_state_reg[6]/D
  -------------------------------------------------------------------    -------------------

Slack:                    inf
  Source:                 u_game_fsm/FSM_onehot_state_reg[2]/C
                            (rising edge-triggered cell FDRE)
  Destination:            u_game_fsm/FSM_onehot_state_reg[3]/D
  Path Group:             (none)
  Path Type:              Min at Fast Process Corner
  Data Path Delay:        0.262ns  (logic 0.128ns (48.889%)  route 0.134ns (51.111%))
  Logic Levels:           1  (FDRE=1)

    Location             Delay type                Incr(ns)  Path(ns)    Netlist Resource(s)
  -------------------------------------------------------------------    -------------------
    SLICE_X134Y157       FDRE                         0.000     0.000 r  u_game_fsm/FSM_onehot_state_reg[2]/C
    SLICE_X134Y157       FDRE (Prop_fdre_C_Q)         0.128     0.128 r  u_game_fsm/FSM_onehot_state_reg[2]/Q
                         net (fo=2, routed)           0.134     0.262    u_game_fsm/FSM_onehot_state_reg_n_0_[2]
    SLICE_X134Y157       FDRE                                         r  u_game_fsm/FSM_onehot_state_reg[3]/D
  -------------------------------------------------------------------    -------------------

Slack:                    inf
  Source:                 u_piece_randomizer/curNum_reg[7]/C
                            (rising edge-triggered cell FDRE)
  Destination:            u_piece_randomizer/curNum_reg[6]/D
  Path Group:             (none)
  Path Type:              Min at Fast Process Corner
  Data Path Delay:        0.289ns  (logic 0.141ns (48.837%)  route 0.148ns (51.163%))
  Logic Levels:           1  (FDRE=1)

    Location             Delay type                Incr(ns)  Path(ns)    Netlist Resource(s)
  -------------------------------------------------------------------    -------------------
    SLICE_X134Y152       FDRE                         0.000     0.000 r  u_piece_randomizer/curNum_reg[7]/C
    SLICE_X134Y152       FDRE (Prop_fdre_C_Q)         0.141     0.141 r  u_piece_randomizer/curNum_reg[7]/Q
                         net (fo=1, routed)           0.148     0.289    u_piece_randomizer/curNum_reg_n_0_[7]
    SLICE_X134Y152       FDRE                                         r  u_piece_randomizer/curNum_reg[6]/D
  -------------------------------------------------------------------    -------------------

Slack:                    inf
  Source:                 u_game_fsm/FSM_onehot_state_reg[10]/C
                            (rising edge-triggered cell FDRE)
  Destination:            u_game_fsm/FSM_onehot_state_reg[1]/D
  Path Group:             (none)
  Path Type:              Min at Fast Process Corner
  Data Path Delay:        0.294ns  (logic 0.186ns (63.272%)  route 0.108ns (36.728%))
  Logic Levels:           2  (FDRE=1 LUT5=1)

    Location             Delay type                Incr(ns)  Path(ns)    Netlist Resource(s)
  -------------------------------------------------------------------    -------------------
    SLICE_X135Y157       FDRE                         0.000     0.000 r  u_game_fsm/FSM_onehot_state_reg[10]/C
    SLICE_X135Y157       FDRE (Prop_fdre_C_Q)         0.141     0.141 r  u_game_fsm/FSM_onehot_state_reg[10]/Q
                         net (fo=2, routed)           0.108     0.249    u_game_fsm/FSM_onehot_state_reg_n_0_[10]
    SLICE_X134Y157       LUT5 (Prop_lut5_I3_O)        0.045     0.294 r  u_game_fsm/FSM_onehot_state[1]_i_1/O
                         net (fo=1, routed)           0.000     0.294    u_game_fsm/FSM_onehot_state[1]_i_1_n_0
    SLICE_X134Y157       FDRE                                         r  u_game_fsm/FSM_onehot_state_reg[1]/D
  -------------------------------------------------------------------    -------------------

Slack:                    inf
  Source:                 u_piece_randomizer/curNum_reg[1]/C
                            (rising edge-triggered cell FDRE)
  Destination:            u_piece_randomizer/curNum_reg[0]/D
  Path Group:             (none)
  Path Type:              Min at Fast Process Corner
  Data Path Delay:        0.301ns  (logic 0.128ns (42.479%)  route 0.173ns (57.521%))
  Logic Levels:           1  (FDRE=1)

    Location             Delay type                Incr(ns)  Path(ns)    Netlist Resource(s)
  -------------------------------------------------------------------    -------------------
    SLICE_X135Y153       FDRE                         0.000     0.000 r  u_piece_randomizer/curNum_reg[1]/C
    SLICE_X135Y153       FDRE (Prop_fdre_C_Q)         0.128     0.128 r  u_piece_randomizer/curNum_reg[1]/Q
                         net (fo=4, routed)           0.173     0.301    u_piece_randomizer/curNum[1]
    SLICE_X135Y153       FDSE                                         r  u_piece_randomizer/curNum_reg[0]/D
  -------------------------------------------------------------------    -------------------

Slack:                    inf
  Source:                 u_btn_hard/delay_counter/processQ_reg[0]/C
                            (rising edge-triggered cell FDRE)
  Destination:            u_btn_hard/delay_counter/processQ_reg[4]/D
  Path Group:             (none)
  Path Type:              Min at Fast Process Corner
  Data Path Delay:        0.304ns  (logic 0.209ns (68.679%)  route 0.095ns (31.321%))
  Logic Levels:           2  (FDRE=1 LUT6=1)

    Location             Delay type                Incr(ns)  Path(ns)    Netlist Resource(s)
  -------------------------------------------------------------------    -------------------
    SLICE_X154Y204       FDRE                         0.000     0.000 r  u_btn_hard/delay_counter/processQ_reg[0]/C
    SLICE_X154Y204       FDRE (Prop_fdre_C_Q)         0.164     0.164 r  u_btn_hard/delay_counter/processQ_reg[0]/Q
                         net (fo=8, routed)           0.095     0.259    u_btn_hard/delay_counter/Q_0[0]
    SLICE_X155Y204       LUT6 (Prop_lut6_I2_O)        0.045     0.304 r  u_btn_hard/delay_counter/processQ[4]_i_1__3/O
                         net (fo=1, routed)           0.000     0.304    u_btn_hard/delay_counter/processQ[4]
    SLICE_X155Y204       FDRE                                         r  u_btn_hard/delay_counter/processQ_reg[4]/D
  -------------------------------------------------------------------    -------------------

Slack:                    inf
  Source:                 u_piece_randomizer/curNum_reg[4]/C
                            (rising edge-triggered cell FDRE)
  Destination:            u_piece_randomizer/curNum_reg[7]/D
  Path Group:             (none)
  Path Type:              Min at Fast Process Corner
  Data Path Delay:        0.305ns  (logic 0.227ns (74.519%)  route 0.078ns (25.481%))
  Logic Levels:           2  (FDRE=1 LUT4=1)

    Location             Delay type                Incr(ns)  Path(ns)    Netlist Resource(s)
  -------------------------------------------------------------------    -------------------
    SLICE_X134Y152       FDRE                         0.000     0.000 r  u_piece_randomizer/curNum_reg[4]/C
    SLICE_X134Y152       FDRE (Prop_fdre_C_Q)         0.128     0.128 r  u_piece_randomizer/curNum_reg[4]/Q
                         net (fo=2, routed)           0.078     0.206    u_piece_randomizer/curNum_reg_n_0_[4]
    SLICE_X134Y152       LUT4 (Prop_lut4_I2_O)        0.099     0.305 r  u_piece_randomizer/curNum[7]_i_1/O
                         net (fo=1, routed)           0.000     0.305    u_piece_randomizer/nextNum[7]
    SLICE_X134Y152       FDRE                                         r  u_piece_randomizer/curNum_reg[7]/D
  -------------------------------------------------------------------    -------------------

Slack:                    inf
  Source:                 nes_left_prev_reg/C
                            (rising edge-triggered cell FDRE)
  Destination:            nes_left_pulse_reg/D
  Path Group:             (none)
  Path Type:              Min at Fast Process Corner
  Data Path Delay:        0.305ns  (logic 0.246ns (80.588%)  route 0.059ns (19.412%))
  Logic Levels:           2  (FDRE=1 LUT2=1)

    Location             Delay type                Incr(ns)  Path(ns)    Netlist Resource(s)
  -------------------------------------------------------------------    -------------------
    SLICE_X150Y207       FDRE                         0.000     0.000 r  nes_left_prev_reg/C
    SLICE_X150Y207       FDRE (Prop_fdre_C_Q)         0.148     0.148 f  nes_left_prev_reg/Q
                         net (fo=1, routed)           0.059     0.207    u_nes/nes_left_prev
    SLICE_X150Y207       LUT2 (Prop_lut2_I1_O)        0.098     0.305 r  u_nes/nes_left_pulse_i_1/O
                         net (fo=1, routed)           0.000     0.305    nes_left_pulse0
    SLICE_X150Y207       FDRE                                         r  nes_left_pulse_reg/D
  -------------------------------------------------------------------    -------------------

Slack:                    inf
  Source:                 u_piece_logic/next_piece_type_reg[1]/C
                            (rising edge-triggered cell FDRE)
  Destination:            u_piece_logic/s_piece_type_reg[1]/D
  Path Group:             (none)
  Path Type:              Min at Fast Process Corner
  Data Path Delay:        0.318ns  (logic 0.186ns (58.450%)  route 0.132ns (41.550%))
  Logic Levels:           2  (FDRE=1 LUT6=1)

    Location             Delay type                Incr(ns)  Path(ns)    Netlist Resource(s)
  -------------------------------------------------------------------    -------------------
    SLICE_X134Y153       FDRE                         0.000     0.000 r  u_piece_logic/next_piece_type_reg[1]/C
    SLICE_X134Y153       FDRE (Prop_fdre_C_Q)         0.141     0.141 r  u_piece_logic/next_piece_type_reg[1]/Q
                         net (fo=17, routed)          0.132     0.273    u_piece_logic/next_type[1]
    SLICE_X135Y153       LUT6 (Prop_lut6_I0_O)        0.045     0.318 r  u_piece_logic/s_piece_type[1]_i_1/O
                         net (fo=1, routed)           0.000     0.318    u_piece_logic/s_piece_type[1]_i_1_n_0
    SLICE_X135Y153       FDRE                                         r  u_piece_logic/s_piece_type_reg[1]/D
  -------------------------------------------------------------------    -------------------





--------------------------------------------------------------------------------------
Path Group:  (none)
From Clock:  clk_out2_clk_wiz_2
  To Clock:  

Max Delay             8 Endpoints
Min Delay             8 Endpoints
--------------------------------------------------------------------------------------


Max Delay Paths
--------------------------------------------------------------------------------------
Slack:                    inf
  Source:                 u_video/inst_dvid/ODDR2_red/C
                            (falling edge-triggered cell ODDR clocked by clk_out2_clk_wiz_2  {rise@0.000ns fall@4.000ns period=8.000ns})
  Destination:            tmdsb[2]
                            (output port)
  Path Group:             (none)
  Path Type:              Max at Slow Process Corner
  Data Path Delay:        2.370ns  (logic 2.369ns (99.958%)  route 0.001ns (0.042%))
  Logic Levels:           1  (OBUFDS=1)
  Clock Uncertainty:      0.166ns  ((TSJ^2 + DJ^2)^1/2) / 2 + PE
    Total System Jitter     (TSJ):    0.050ns
    Discrete Jitter          (DJ):    0.125ns
    Phase Error              (PE):    0.099ns

    Location             Delay type                Incr(ns)  Path(ns)    Netlist Resource(s)
  -------------------------------------------------------------------    -------------------
                         (clock clk_out2_clk_wiz_2 fall edge)
                                                      4.000     4.000 f  
    BUFGCTRL_X0Y1        BUFG                         0.000     4.000 f  clk_IBUF_BUFG_inst/O
                         net (fo=857, routed)         2.106     6.106    u_video/mmcm_adv_inst_display_clocks/inst/clk_in1
    MMCME2_ADV_X1Y0      MMCME2_ADV (Prop_mmcme2_adv_CLKIN1_CLKOUT1)
                                                     -4.900     1.207 f  u_video/mmcm_adv_inst_display_clocks/inst/mmcm_adv_inst/CLKOUT1
                         net (fo=1, routed)           2.697     3.904    u_video/mmcm_adv_inst_display_clocks/inst/clk_out2_clk_wiz_2
    BUFGCTRL_X0Y0        BUFG (Prop_bufg_I_O)         0.096     4.000 f  u_video/mmcm_adv_inst_display_clocks/inst/clkout2_buf/O
                         net (fo=44, routed)          1.831     5.831    u_video/inst_dvid/clk_out2
    OLOGIC_X1Y134        ODDR                                         f  u_video/inst_dvid/ODDR2_red/C
  -------------------------------------------------------------------    -------------------
    OLOGIC_X1Y134        ODDR (Prop_oddr_C_Q)         0.472     6.303 r  u_video/inst_dvid/ODDR2_red/Q
                         net (fo=1, routed)           0.001     6.304    u_video/red_s
    AB3                  OBUFDS (Prop_obufds_I_OB)    1.897     8.201 r  u_video/OBUFDS_green/OB
                         net (fo=0)                   0.000     8.201    tmdsb[2]
    AB2                                                               r  tmdsb[2] (OUT)
  -------------------------------------------------------------------    -------------------

Slack:                    inf
  Source:                 u_video/inst_dvid/ODDR2_green/C
                            (falling edge-triggered cell ODDR clocked by clk_out2_clk_wiz_2  {rise@0.000ns fall@4.000ns period=8.000ns})
  Destination:            tmdsb[1]
                            (output port)
  Path Group:             (none)
  Path Type:              Max at Slow Process Corner
  Data Path Delay:        2.369ns  (logic 2.368ns (99.958%)  route 0.001ns (0.042%))
  Logic Levels:           1  (OBUFDS=1)
  Clock Uncertainty:      0.166ns  ((TSJ^2 + DJ^2)^1/2) / 2 + PE
    Total System Jitter     (TSJ):    0.050ns
    Discrete Jitter          (DJ):    0.125ns
    Phase Error              (PE):    0.099ns

    Location             Delay type                Incr(ns)  Path(ns)    Netlist Resource(s)
  -------------------------------------------------------------------    -------------------
                         (clock clk_out2_clk_wiz_2 fall edge)
                                                      4.000     4.000 f  
    BUFGCTRL_X0Y1        BUFG                         0.000     4.000 f  clk_IBUF_BUFG_inst/O
                         net (fo=857, routed)         2.106     6.106    u_video/mmcm_adv_inst_display_clocks/inst/clk_in1
    MMCME2_ADV_X1Y0      MMCME2_ADV (Prop_mmcme2_adv_CLKIN1_CLKOUT1)
                                                     -4.900     1.207 f  u_video/mmcm_adv_inst_display_clocks/inst/mmcm_adv_inst/CLKOUT1
                         net (fo=1, routed)           2.697     3.904    u_video/mmcm_adv_inst_display_clocks/inst/clk_out2_clk_wiz_2
    BUFGCTRL_X0Y0        BUFG (Prop_bufg_I_O)         0.096     4.000 f  u_video/mmcm_adv_inst_display_clocks/inst/clkout2_buf/O
                         net (fo=44, routed)          1.832     5.832    u_video/inst_dvid/clk_out2
    OLOGIC_X1Y136        ODDR                                         f  u_video/inst_dvid/ODDR2_green/C
  -------------------------------------------------------------------    -------------------
    OLOGIC_X1Y136        ODDR (Prop_oddr_C_Q)         0.472     6.304 r  u_video/inst_dvid/ODDR2_green/Q
                         net (fo=1, routed)           0.001     6.305    u_video/green_s
    AA1                  OBUFDS (Prop_obufds_I_OB)    1.896     8.201 r  u_video/OBUFDS_red/OB
                         net (fo=0)                   0.000     8.201    tmdsb[1]
    AB1                                                               r  tmdsb[1] (OUT)
  -------------------------------------------------------------------    -------------------

Slack:                    inf
  Source:                 u_video/inst_dvid/ODDR2_red/C
                            (falling edge-triggered cell ODDR clocked by clk_out2_clk_wiz_2  {rise@0.000ns fall@4.000ns period=8.000ns})
  Destination:            tmds[2]
                            (output port)
  Path Group:             (none)
  Path Type:              Max at Slow Process Corner
  Data Path Delay:        2.369ns  (logic 2.368ns (99.958%)  route 0.001ns (0.042%))
  Logic Levels:           1  (OBUFDS=1)
  Clock Uncertainty:      0.166ns  ((TSJ^2 + DJ^2)^1/2) / 2 + PE
    Total System Jitter     (TSJ):    0.050ns
    Discrete Jitter          (DJ):    0.125ns
    Phase Error              (PE):    0.099ns

    Location             Delay type                Incr(ns)  Path(ns)    Netlist Resource(s)
  -------------------------------------------------------------------    -------------------
                         (clock clk_out2_clk_wiz_2 fall edge)
                                                      4.000     4.000 f  
    BUFGCTRL_X0Y1        BUFG                         0.000     4.000 f  clk_IBUF_BUFG_inst/O
                         net (fo=857, routed)         2.106     6.106    u_video/mmcm_adv_inst_display_clocks/inst/clk_in1
    MMCME2_ADV_X1Y0      MMCME2_ADV (Prop_mmcme2_adv_CLKIN1_CLKOUT1)
                                                     -4.900     1.207 f  u_video/mmcm_adv_inst_display_clocks/inst/mmcm_adv_inst/CLKOUT1
                         net (fo=1, routed)           2.697     3.904    u_video/mmcm_adv_inst_display_clocks/inst/clk_out2_clk_wiz_2
    BUFGCTRL_X0Y0        BUFG (Prop_bufg_I_O)         0.096     4.000 f  u_video/mmcm_adv_inst_display_clocks/inst/clkout2_buf/O
                         net (fo=44, routed)          1.831     5.831    u_video/inst_dvid/clk_out2
    OLOGIC_X1Y134        ODDR                                         f  u_video/inst_dvid/ODDR2_red/C
  -------------------------------------------------------------------    -------------------
    OLOGIC_X1Y134        ODDR (Prop_oddr_C_Q)         0.472     6.303 r  u_video/inst_dvid/ODDR2_red/Q
                         net (fo=1, routed)           0.001     6.304    u_video/red_s
    AB3                  OBUFDS (Prop_obufds_I_O)     1.896     8.200 r  u_video/OBUFDS_green/O
                         net (fo=0)                   0.000     8.200    tmds[2]
    AB3                                                               r  tmds[2] (OUT)
  -------------------------------------------------------------------    -------------------

Slack:                    inf
  Source:                 u_video/inst_dvid/ODDR2_green/C
                            (falling edge-triggered cell ODDR clocked by clk_out2_clk_wiz_2  {rise@0.000ns fall@4.000ns period=8.000ns})
  Destination:            tmds[1]
                            (output port)
  Path Group:             (none)
  Path Type:              Max at Slow Process Corner
  Data Path Delay:        2.368ns  (logic 2.367ns (99.958%)  route 0.001ns (0.042%))
  Logic Levels:           1  (OBUFDS=1)
  Clock Uncertainty:      0.166ns  ((TSJ^2 + DJ^2)^1/2) / 2 + PE
    Total System Jitter     (TSJ):    0.050ns
    Discrete Jitter          (DJ):    0.125ns
    Phase Error              (PE):    0.099ns

    Location             Delay type                Incr(ns)  Path(ns)    Netlist Resource(s)
  -------------------------------------------------------------------    -------------------
                         (clock clk_out2_clk_wiz_2 fall edge)
                                                      4.000     4.000 f  
    BUFGCTRL_X0Y1        BUFG                         0.000     4.000 f  clk_IBUF_BUFG_inst/O
                         net (fo=857, routed)         2.106     6.106    u_video/mmcm_adv_inst_display_clocks/inst/clk_in1
    MMCME2_ADV_X1Y0      MMCME2_ADV (Prop_mmcme2_adv_CLKIN1_CLKOUT1)
                                                     -4.900     1.207 f  u_video/mmcm_adv_inst_display_clocks/inst/mmcm_adv_inst/CLKOUT1
                         net (fo=1, routed)           2.697     3.904    u_video/mmcm_adv_inst_display_clocks/inst/clk_out2_clk_wiz_2
    BUFGCTRL_X0Y0        BUFG (Prop_bufg_I_O)         0.096     4.000 f  u_video/mmcm_adv_inst_display_clocks/inst/clkout2_buf/O
                         net (fo=44, routed)          1.832     5.832    u_video/inst_dvid/clk_out2
    OLOGIC_X1Y136        ODDR                                         f  u_video/inst_dvid/ODDR2_green/C
  -------------------------------------------------------------------    -------------------
    OLOGIC_X1Y136        ODDR (Prop_oddr_C_Q)         0.472     6.304 r  u_video/inst_dvid/ODDR2_green/Q
                         net (fo=1, routed)           0.001     6.305    u_video/green_s
    AA1                  OBUFDS (Prop_obufds_I_O)     1.895     8.200 r  u_video/OBUFDS_red/O
                         net (fo=0)                   0.000     8.200    tmds[1]
    AA1                                                               r  tmds[1] (OUT)
  -------------------------------------------------------------------    -------------------

Slack:                    inf
  Source:                 u_video/inst_dvid/ODDR2_blue/C
                            (falling edge-triggered cell ODDR clocked by clk_out2_clk_wiz_2  {rise@0.000ns fall@4.000ns period=8.000ns})
  Destination:            tmdsb[0]
                            (output port)
  Path Group:             (none)
  Path Type:              Max at Slow Process Corner
  Data Path Delay:        2.358ns  (logic 2.357ns (99.958%)  route 0.001ns (0.042%))
  Logic Levels:           1  (OBUFDS=1)
  Clock Uncertainty:      0.166ns  ((TSJ^2 + DJ^2)^1/2) / 2 + PE
    Total System Jitter     (TSJ):    0.050ns
    Discrete Jitter          (DJ):    0.125ns
    Phase Error              (PE):    0.099ns

    Location             Delay type                Incr(ns)  Path(ns)    Netlist Resource(s)
  -------------------------------------------------------------------    -------------------
                         (clock clk_out2_clk_wiz_2 fall edge)
                                                      4.000     4.000 f  
    BUFGCTRL_X0Y1        BUFG                         0.000     4.000 f  clk_IBUF_BUFG_inst/O
                         net (fo=857, routed)         2.106     6.106    u_video/mmcm_adv_inst_display_clocks/inst/clk_in1
    MMCME2_ADV_X1Y0      MMCME2_ADV (Prop_mmcme2_adv_CLKIN1_CLKOUT1)
                                                     -4.900     1.207 f  u_video/mmcm_adv_inst_display_clocks/inst/mmcm_adv_inst/CLKOUT1
                         net (fo=1, routed)           2.697     3.904    u_video/mmcm_adv_inst_display_clocks/inst/clk_out2_clk_wiz_2
    BUFGCTRL_X0Y0        BUFG (Prop_bufg_I_O)         0.096     4.000 f  u_video/mmcm_adv_inst_display_clocks/inst/clkout2_buf/O
                         net (fo=44, routed)          1.835     5.835    u_video/inst_dvid/clk_out2
    OLOGIC_X1Y140        ODDR                                         f  u_video/inst_dvid/ODDR2_blue/C
  -------------------------------------------------------------------    -------------------
    OLOGIC_X1Y140        ODDR (Prop_oddr_C_Q)         0.472     6.307 r  u_video/inst_dvid/ODDR2_blue/Q
                         net (fo=1, routed)           0.001     6.308    u_video/blue_s
    W1                   OBUFDS (Prop_obufds_I_OB)    1.885     8.193 r  u_video/OBUFDS_blue/OB
                         net (fo=0)                   0.000     8.193    tmdsb[0]
    Y1                                                                r  tmdsb[0] (OUT)
  -------------------------------------------------------------------    -------------------

Slack:                    inf
  Source:                 u_video/inst_dvid/ODDR2_blue/C
                            (falling edge-triggered cell ODDR clocked by clk_out2_clk_wiz_2  {rise@0.000ns fall@4.000ns period=8.000ns})
  Destination:            tmds[0]
                            (output port)
  Path Group:             (none)
  Path Type:              Max at Slow Process Corner
  Data Path Delay:        2.357ns  (logic 2.356ns (99.958%)  route 0.001ns (0.042%))
  Logic Levels:           1  (OBUFDS=1)
  Clock Uncertainty:      0.166ns  ((TSJ^2 + DJ^2)^1/2) / 2 + PE
    Total System Jitter     (TSJ):    0.050ns
    Discrete Jitter          (DJ):    0.125ns
    Phase Error              (PE):    0.099ns

    Location             Delay type                Incr(ns)  Path(ns)    Netlist Resource(s)
  -------------------------------------------------------------------    -------------------
                         (clock clk_out2_clk_wiz_2 fall edge)
                                                      4.000     4.000 f  
    BUFGCTRL_X0Y1        BUFG                         0.000     4.000 f  clk_IBUF_BUFG_inst/O
                         net (fo=857, routed)         2.106     6.106    u_video/mmcm_adv_inst_display_clocks/inst/clk_in1
    MMCME2_ADV_X1Y0      MMCME2_ADV (Prop_mmcme2_adv_CLKIN1_CLKOUT1)
                                                     -4.900     1.207 f  u_video/mmcm_adv_inst_display_clocks/inst/mmcm_adv_inst/CLKOUT1
                         net (fo=1, routed)           2.697     3.904    u_video/mmcm_adv_inst_display_clocks/inst/clk_out2_clk_wiz_2
    BUFGCTRL_X0Y0        BUFG (Prop_bufg_I_O)         0.096     4.000 f  u_video/mmcm_adv_inst_display_clocks/inst/clkout2_buf/O
                         net (fo=44, routed)          1.835     5.835    u_video/inst_dvid/clk_out2
    OLOGIC_X1Y140        ODDR                                         f  u_video/inst_dvid/ODDR2_blue/C
  -------------------------------------------------------------------    -------------------
    OLOGIC_X1Y140        ODDR (Prop_oddr_C_Q)         0.472     6.307 r  u_video/inst_dvid/ODDR2_blue/Q
                         net (fo=1, routed)           0.001     6.308    u_video/blue_s
    W1                   OBUFDS (Prop_obufds_I_O)     1.884     8.192 r  u_video/OBUFDS_blue/O
                         net (fo=0)                   0.000     8.192    tmds[0]
    W1                                                                r  tmds[0] (OUT)
  -------------------------------------------------------------------    -------------------

Slack:                    inf
  Source:                 u_video/inst_dvid/ODDR2_clock/C
                            (falling edge-triggered cell ODDR clocked by clk_out2_clk_wiz_2  {rise@0.000ns fall@4.000ns period=8.000ns})
  Destination:            tmdsb[3]
                            (output port)
  Path Group:             (none)
  Path Type:              Max at Slow Process Corner
  Data Path Delay:        2.341ns  (logic 2.340ns (99.957%)  route 0.001ns (0.043%))
  Logic Levels:           1  (OBUFDS=1)
  Clock Uncertainty:      0.166ns  ((TSJ^2 + DJ^2)^1/2) / 2 + PE
    Total System Jitter     (TSJ):    0.050ns
    Discrete Jitter          (DJ):    0.125ns
    Phase Error              (PE):    0.099ns

    Location             Delay type                Incr(ns)  Path(ns)    Netlist Resource(s)
  -------------------------------------------------------------------    -------------------
                         (clock clk_out2_clk_wiz_2 fall edge)
                                                      4.000     4.000 f  
    BUFGCTRL_X0Y1        BUFG                         0.000     4.000 f  clk_IBUF_BUFG_inst/O
                         net (fo=857, routed)         2.106     6.106    u_video/mmcm_adv_inst_display_clocks/inst/clk_in1
    MMCME2_ADV_X1Y0      MMCME2_ADV (Prop_mmcme2_adv_CLKIN1_CLKOUT1)
                                                     -4.900     1.207 f  u_video/mmcm_adv_inst_display_clocks/inst/mmcm_adv_inst/CLKOUT1
                         net (fo=1, routed)           2.697     3.904    u_video/mmcm_adv_inst_display_clocks/inst/clk_out2_clk_wiz_2
    BUFGCTRL_X0Y0        BUFG (Prop_bufg_I_O)         0.096     4.000 f  u_video/mmcm_adv_inst_display_clocks/inst/clkout2_buf/O
                         net (fo=44, routed)          1.838     5.838    u_video/inst_dvid/clk_out2
    OLOGIC_X1Y148        ODDR                                         f  u_video/inst_dvid/ODDR2_clock/C
  -------------------------------------------------------------------    -------------------
    OLOGIC_X1Y148        ODDR (Prop_oddr_C_Q)         0.472     6.310 r  u_video/inst_dvid/ODDR2_clock/Q
                         net (fo=1, routed)           0.001     6.311    u_video/clock_s
    T1                   OBUFDS (Prop_obufds_I_OB)    1.868     8.179 r  u_video/OBUFDS_clock/OB
                         net (fo=0)                   0.000     8.179    tmdsb[3]
    U1                                                                r  tmdsb[3] (OUT)
  -------------------------------------------------------------------    -------------------

Slack:                    inf
  Source:                 u_video/inst_dvid/ODDR2_clock/C
                            (falling edge-triggered cell ODDR clocked by clk_out2_clk_wiz_2  {rise@0.000ns fall@4.000ns period=8.000ns})
  Destination:            tmds[3]
                            (output port)
  Path Group:             (none)
  Path Type:              Max at Slow Process Corner
  Data Path Delay:        2.340ns  (logic 2.339ns (99.957%)  route 0.001ns (0.043%))
  Logic Levels:           1  (OBUFDS=1)
  Clock Uncertainty:      0.166ns  ((TSJ^2 + DJ^2)^1/2) / 2 + PE
    Total System Jitter     (TSJ):    0.050ns
    Discrete Jitter          (DJ):    0.125ns
    Phase Error              (PE):    0.099ns

    Location             Delay type                Incr(ns)  Path(ns)    Netlist Resource(s)
  -------------------------------------------------------------------    -------------------
                         (clock clk_out2_clk_wiz_2 fall edge)
                                                      4.000     4.000 f  
    BUFGCTRL_X0Y1        BUFG                         0.000     4.000 f  clk_IBUF_BUFG_inst/O
                         net (fo=857, routed)         2.106     6.106    u_video/mmcm_adv_inst_display_clocks/inst/clk_in1
    MMCME2_ADV_X1Y0      MMCME2_ADV (Prop_mmcme2_adv_CLKIN1_CLKOUT1)
                                                     -4.900     1.207 f  u_video/mmcm_adv_inst_display_clocks/inst/mmcm_adv_inst/CLKOUT1
                         net (fo=1, routed)           2.697     3.904    u_video/mmcm_adv_inst_display_clocks/inst/clk_out2_clk_wiz_2
    BUFGCTRL_X0Y0        BUFG (Prop_bufg_I_O)         0.096     4.000 f  u_video/mmcm_adv_inst_display_clocks/inst/clkout2_buf/O
                         net (fo=44, routed)          1.838     5.838    u_video/inst_dvid/clk_out2
    OLOGIC_X1Y148        ODDR                                         f  u_video/inst_dvid/ODDR2_clock/C
  -------------------------------------------------------------------    -------------------
    OLOGIC_X1Y148        ODDR (Prop_oddr_C_Q)         0.472     6.310 r  u_video/inst_dvid/ODDR2_clock/Q
                         net (fo=1, routed)           0.001     6.311    u_video/clock_s
    T1                   OBUFDS (Prop_obufds_I_O)     1.867     8.178 r  u_video/OBUFDS_clock/O
                         net (fo=0)                   0.000     8.178    tmds[3]
    T1                                                                r  tmds[3] (OUT)
  -------------------------------------------------------------------    -------------------





Min Delay Paths
--------------------------------------------------------------------------------------
Slack:                    inf
  Source:                 u_video/inst_dvid/ODDR2_clock/C
                            (rising edge-triggered cell ODDR clocked by clk_out2_clk_wiz_2  {rise@0.000ns fall@4.000ns period=8.000ns})
  Destination:            tmds[3]
                            (output port)
  Path Group:             (none)
  Path Type:              Min at Fast Process Corner
  Data Path Delay:        0.994ns  (logic 0.993ns (99.899%)  route 0.001ns (0.101%))
  Logic Levels:           1  (OBUFDS=1)
  Clock Uncertainty:      0.166ns  ((TSJ^2 + DJ^2)^1/2) / 2 + PE
    Total System Jitter     (TSJ):    0.050ns
    Discrete Jitter          (DJ):    0.125ns
    Phase Error              (PE):    0.099ns

    Location             Delay type                Incr(ns)  Path(ns)    Netlist Resource(s)
  -------------------------------------------------------------------    -------------------
                         (clock clk_out2_clk_wiz_2 rise edge)
                                                      0.000     0.000 r  
    BUFGCTRL_X0Y1        BUFG                         0.000     0.000 r  clk_IBUF_BUFG_inst/O
                         net (fo=857, routed)         0.745     0.745    u_video/mmcm_adv_inst_display_clocks/inst/clk_in1
    MMCME2_ADV_X1Y0      MMCME2_ADV (Prop_mmcme2_adv_CLKIN1_CLKOUT1)
                                                     -1.683    -0.938 r  u_video/mmcm_adv_inst_display_clocks/inst/mmcm_adv_inst/CLKOUT1
                         net (fo=1, routed)           0.912    -0.026    u_video/mmcm_adv_inst_display_clocks/inst/clk_out2_clk_wiz_2
    BUFGCTRL_X0Y0        BUFG (Prop_bufg_I_O)         0.026    -0.000 r  u_video/mmcm_adv_inst_display_clocks/inst/clkout2_buf/O
                         net (fo=44, routed)          0.640     0.640    u_video/inst_dvid/clk_out2
    OLOGIC_X1Y148        ODDR                                         r  u_video/inst_dvid/ODDR2_clock/C
  -------------------------------------------------------------------    -------------------
    OLOGIC_X1Y148        ODDR (Prop_oddr_C_Q)         0.177     0.817 r  u_video/inst_dvid/ODDR2_clock/Q
                         net (fo=1, routed)           0.001     0.818    u_video/clock_s
    T1                   OBUFDS (Prop_obufds_I_O)     0.816     1.634 r  u_video/OBUFDS_clock/O
                         net (fo=0)                   0.000     1.634    tmds[3]
    T1                                                                r  tmds[3] (OUT)
  -------------------------------------------------------------------    -------------------

Slack:                    inf
  Source:                 u_video/inst_dvid/ODDR2_clock/C
                            (rising edge-triggered cell ODDR clocked by clk_out2_clk_wiz_2  {rise@0.000ns fall@4.000ns period=8.000ns})
  Destination:            tmdsb[3]
                            (output port)
  Path Group:             (none)
  Path Type:              Min at Fast Process Corner
  Data Path Delay:        0.995ns  (logic 0.994ns (99.899%)  route 0.001ns (0.101%))
  Logic Levels:           1  (OBUFDS=1)
  Clock Uncertainty:      0.166ns  ((TSJ^2 + DJ^2)^1/2) / 2 + PE
    Total System Jitter     (TSJ):    0.050ns
    Discrete Jitter          (DJ):    0.125ns
    Phase Error              (PE):    0.099ns

    Location             Delay type                Incr(ns)  Path(ns)    Netlist Resource(s)
  -------------------------------------------------------------------    -------------------
                         (clock clk_out2_clk_wiz_2 rise edge)
                                                      0.000     0.000 r  
    BUFGCTRL_X0Y1        BUFG                         0.000     0.000 r  clk_IBUF_BUFG_inst/O
                         net (fo=857, routed)         0.745     0.745    u_video/mmcm_adv_inst_display_clocks/inst/clk_in1
    MMCME2_ADV_X1Y0      MMCME2_ADV (Prop_mmcme2_adv_CLKIN1_CLKOUT1)
                                                     -1.683    -0.938 r  u_video/mmcm_adv_inst_display_clocks/inst/mmcm_adv_inst/CLKOUT1
                         net (fo=1, routed)           0.912    -0.026    u_video/mmcm_adv_inst_display_clocks/inst/clk_out2_clk_wiz_2
    BUFGCTRL_X0Y0        BUFG (Prop_bufg_I_O)         0.026    -0.000 r  u_video/mmcm_adv_inst_display_clocks/inst/clkout2_buf/O
                         net (fo=44, routed)          0.640     0.640    u_video/inst_dvid/clk_out2
    OLOGIC_X1Y148        ODDR                                         r  u_video/inst_dvid/ODDR2_clock/C
  -------------------------------------------------------------------    -------------------
    OLOGIC_X1Y148        ODDR (Prop_oddr_C_Q)         0.177     0.817 r  u_video/inst_dvid/ODDR2_clock/Q
                         net (fo=1, routed)           0.001     0.818    u_video/clock_s
    T1                   OBUFDS (Prop_obufds_I_OB)    0.817     1.635 r  u_video/OBUFDS_clock/OB
                         net (fo=0)                   0.000     1.635    tmdsb[3]
    U1                                                                r  tmdsb[3] (OUT)
  -------------------------------------------------------------------    -------------------

Slack:                    inf
  Source:                 u_video/inst_dvid/ODDR2_blue/C
                            (rising edge-triggered cell ODDR clocked by clk_out2_clk_wiz_2  {rise@0.000ns fall@4.000ns period=8.000ns})
  Destination:            tmds[0]
                            (output port)
  Path Group:             (none)
  Path Type:              Min at Fast Process Corner
  Data Path Delay:        1.010ns  (logic 1.009ns (99.901%)  route 0.001ns (0.099%))
  Logic Levels:           1  (OBUFDS=1)
  Clock Uncertainty:      0.166ns  ((TSJ^2 + DJ^2)^1/2) / 2 + PE
    Total System Jitter     (TSJ):    0.050ns
    Discrete Jitter          (DJ):    0.125ns
    Phase Error              (PE):    0.099ns

    Location             Delay type                Incr(ns)  Path(ns)    Netlist Resource(s)
  -------------------------------------------------------------------    -------------------
                         (clock clk_out2_clk_wiz_2 rise edge)
                                                      0.000     0.000 r  
    BUFGCTRL_X0Y1        BUFG                         0.000     0.000 r  clk_IBUF_BUFG_inst/O
                         net (fo=857, routed)         0.745     0.745    u_video/mmcm_adv_inst_display_clocks/inst/clk_in1
    MMCME2_ADV_X1Y0      MMCME2_ADV (Prop_mmcme2_adv_CLKIN1_CLKOUT1)
                                                     -1.683    -0.938 r  u_video/mmcm_adv_inst_display_clocks/inst/mmcm_adv_inst/CLKOUT1
                         net (fo=1, routed)           0.912    -0.026    u_video/mmcm_adv_inst_display_clocks/inst/clk_out2_clk_wiz_2
    BUFGCTRL_X0Y0        BUFG (Prop_bufg_I_O)         0.026    -0.000 r  u_video/mmcm_adv_inst_display_clocks/inst/clkout2_buf/O
                         net (fo=44, routed)          0.638     0.638    u_video/inst_dvid/clk_out2
    OLOGIC_X1Y140        ODDR                                         r  u_video/inst_dvid/ODDR2_blue/C
  -------------------------------------------------------------------    -------------------
    OLOGIC_X1Y140        ODDR (Prop_oddr_C_Q)         0.177     0.815 r  u_video/inst_dvid/ODDR2_blue/Q
                         net (fo=1, routed)           0.001     0.816    u_video/blue_s
    W1                   OBUFDS (Prop_obufds_I_O)     0.832     1.648 r  u_video/OBUFDS_blue/O
                         net (fo=0)                   0.000     1.648    tmds[0]
    W1                                                                r  tmds[0] (OUT)
  -------------------------------------------------------------------    -------------------

Slack:                    inf
  Source:                 u_video/inst_dvid/ODDR2_blue/C
                            (rising edge-triggered cell ODDR clocked by clk_out2_clk_wiz_2  {rise@0.000ns fall@4.000ns period=8.000ns})
  Destination:            tmdsb[0]
                            (output port)
  Path Group:             (none)
  Path Type:              Min at Fast Process Corner
  Data Path Delay:        1.011ns  (logic 1.010ns (99.901%)  route 0.001ns (0.099%))
  Logic Levels:           1  (OBUFDS=1)
  Clock Uncertainty:      0.166ns  ((TSJ^2 + DJ^2)^1/2) / 2 + PE
    Total System Jitter     (TSJ):    0.050ns
    Discrete Jitter          (DJ):    0.125ns
    Phase Error              (PE):    0.099ns

    Location             Delay type                Incr(ns)  Path(ns)    Netlist Resource(s)
  -------------------------------------------------------------------    -------------------
                         (clock clk_out2_clk_wiz_2 rise edge)
                                                      0.000     0.000 r  
    BUFGCTRL_X0Y1        BUFG                         0.000     0.000 r  clk_IBUF_BUFG_inst/O
                         net (fo=857, routed)         0.745     0.745    u_video/mmcm_adv_inst_display_clocks/inst/clk_in1
    MMCME2_ADV_X1Y0      MMCME2_ADV (Prop_mmcme2_adv_CLKIN1_CLKOUT1)
                                                     -1.683    -0.938 r  u_video/mmcm_adv_inst_display_clocks/inst/mmcm_adv_inst/CLKOUT1
                         net (fo=1, routed)           0.912    -0.026    u_video/mmcm_adv_inst_display_clocks/inst/clk_out2_clk_wiz_2
    BUFGCTRL_X0Y0        BUFG (Prop_bufg_I_O)         0.026    -0.000 r  u_video/mmcm_adv_inst_display_clocks/inst/clkout2_buf/O
                         net (fo=44, routed)          0.638     0.638    u_video/inst_dvid/clk_out2
    OLOGIC_X1Y140        ODDR                                         r  u_video/inst_dvid/ODDR2_blue/C
  -------------------------------------------------------------------    -------------------
    OLOGIC_X1Y140        ODDR (Prop_oddr_C_Q)         0.177     0.815 r  u_video/inst_dvid/ODDR2_blue/Q
                         net (fo=1, routed)           0.001     0.816    u_video/blue_s
    W1                   OBUFDS (Prop_obufds_I_OB)    0.833     1.649 r  u_video/OBUFDS_blue/OB
                         net (fo=0)                   0.000     1.649    tmdsb[0]
    Y1                                                                r  tmdsb[0] (OUT)
  -------------------------------------------------------------------    -------------------

Slack:                    inf
  Source:                 u_video/inst_dvid/ODDR2_green/C
                            (rising edge-triggered cell ODDR clocked by clk_out2_clk_wiz_2  {rise@0.000ns fall@4.000ns period=8.000ns})
  Destination:            tmds[1]
                            (output port)
  Path Group:             (none)
  Path Type:              Min at Fast Process Corner
  Data Path Delay:        1.022ns  (logic 1.021ns (99.902%)  route 0.001ns (0.098%))
  Logic Levels:           1  (OBUFDS=1)
  Clock Uncertainty:      0.166ns  ((TSJ^2 + DJ^2)^1/2) / 2 + PE
    Total System Jitter     (TSJ):    0.050ns
    Discrete Jitter          (DJ):    0.125ns
    Phase Error              (PE):    0.099ns

    Location             Delay type                Incr(ns)  Path(ns)    Netlist Resource(s)
  -------------------------------------------------------------------    -------------------
                         (clock clk_out2_clk_wiz_2 rise edge)
                                                      0.000     0.000 r  
    BUFGCTRL_X0Y1        BUFG                         0.000     0.000 r  clk_IBUF_BUFG_inst/O
                         net (fo=857, routed)         0.745     0.745    u_video/mmcm_adv_inst_display_clocks/inst/clk_in1
    MMCME2_ADV_X1Y0      MMCME2_ADV (Prop_mmcme2_adv_CLKIN1_CLKOUT1)
                                                     -1.683    -0.938 r  u_video/mmcm_adv_inst_display_clocks/inst/mmcm_adv_inst/CLKOUT1
                         net (fo=1, routed)           0.912    -0.026    u_video/mmcm_adv_inst_display_clocks/inst/clk_out2_clk_wiz_2
    BUFGCTRL_X0Y0        BUFG (Prop_bufg_I_O)         0.026    -0.000 r  u_video/mmcm_adv_inst_display_clocks/inst/clkout2_buf/O
                         net (fo=44, routed)          0.636     0.636    u_video/inst_dvid/clk_out2
    OLOGIC_X1Y136        ODDR                                         r  u_video/inst_dvid/ODDR2_green/C
  -------------------------------------------------------------------    -------------------
    OLOGIC_X1Y136        ODDR (Prop_oddr_C_Q)         0.177     0.813 r  u_video/inst_dvid/ODDR2_green/Q
                         net (fo=1, routed)           0.001     0.814    u_video/green_s
    AA1                  OBUFDS (Prop_obufds_I_O)     0.844     1.657 r  u_video/OBUFDS_red/O
                         net (fo=0)                   0.000     1.657    tmds[1]
    AA1                                                               r  tmds[1] (OUT)
  -------------------------------------------------------------------    -------------------

Slack:                    inf
  Source:                 u_video/inst_dvid/ODDR2_green/C
                            (rising edge-triggered cell ODDR clocked by clk_out2_clk_wiz_2  {rise@0.000ns fall@4.000ns period=8.000ns})
  Destination:            tmdsb[1]
                            (output port)
  Path Group:             (none)
  Path Type:              Min at Fast Process Corner
  Data Path Delay:        1.023ns  (logic 1.022ns (99.902%)  route 0.001ns (0.098%))
  Logic Levels:           1  (OBUFDS=1)
  Clock Uncertainty:      0.166ns  ((TSJ^2 + DJ^2)^1/2) / 2 + PE
    Total System Jitter     (TSJ):    0.050ns
    Discrete Jitter          (DJ):    0.125ns
    Phase Error              (PE):    0.099ns

    Location             Delay type                Incr(ns)  Path(ns)    Netlist Resource(s)
  -------------------------------------------------------------------    -------------------
                         (clock clk_out2_clk_wiz_2 rise edge)
                                                      0.000     0.000 r  
    BUFGCTRL_X0Y1        BUFG                         0.000     0.000 r  clk_IBUF_BUFG_inst/O
                         net (fo=857, routed)         0.745     0.745    u_video/mmcm_adv_inst_display_clocks/inst/clk_in1
    MMCME2_ADV_X1Y0      MMCME2_ADV (Prop_mmcme2_adv_CLKIN1_CLKOUT1)
                                                     -1.683    -0.938 r  u_video/mmcm_adv_inst_display_clocks/inst/mmcm_adv_inst/CLKOUT1
                         net (fo=1, routed)           0.912    -0.026    u_video/mmcm_adv_inst_display_clocks/inst/clk_out2_clk_wiz_2
    BUFGCTRL_X0Y0        BUFG (Prop_bufg_I_O)         0.026    -0.000 r  u_video/mmcm_adv_inst_display_clocks/inst/clkout2_buf/O
                         net (fo=44, routed)          0.636     0.636    u_video/inst_dvid/clk_out2
    OLOGIC_X1Y136        ODDR                                         r  u_video/inst_dvid/ODDR2_green/C
  -------------------------------------------------------------------    -------------------
    OLOGIC_X1Y136        ODDR (Prop_oddr_C_Q)         0.177     0.813 r  u_video/inst_dvid/ODDR2_green/Q
                         net (fo=1, routed)           0.001     0.814    u_video/green_s
    AA1                  OBUFDS (Prop_obufds_I_OB)    0.845     1.658 r  u_video/OBUFDS_red/OB
                         net (fo=0)                   0.000     1.658    tmdsb[1]
    AB1                                                               r  tmdsb[1] (OUT)
  -------------------------------------------------------------------    -------------------

Slack:                    inf
  Source:                 u_video/inst_dvid/ODDR2_red/C
                            (rising edge-triggered cell ODDR clocked by clk_out2_clk_wiz_2  {rise@0.000ns fall@4.000ns period=8.000ns})
  Destination:            tmds[2]
                            (output port)
  Path Group:             (none)
  Path Type:              Min at Fast Process Corner
  Data Path Delay:        1.023ns  (logic 1.022ns (99.902%)  route 0.001ns (0.098%))
  Logic Levels:           1  (OBUFDS=1)
  Clock Uncertainty:      0.166ns  ((TSJ^2 + DJ^2)^1/2) / 2 + PE
    Total System Jitter     (TSJ):    0.050ns
    Discrete Jitter          (DJ):    0.125ns
    Phase Error              (PE):    0.099ns

    Location             Delay type                Incr(ns)  Path(ns)    Netlist Resource(s)
  -------------------------------------------------------------------    -------------------
                         (clock clk_out2_clk_wiz_2 rise edge)
                                                      0.000     0.000 r  
    BUFGCTRL_X0Y1        BUFG                         0.000     0.000 r  clk_IBUF_BUFG_inst/O
                         net (fo=857, routed)         0.745     0.745    u_video/mmcm_adv_inst_display_clocks/inst/clk_in1
    MMCME2_ADV_X1Y0      MMCME2_ADV (Prop_mmcme2_adv_CLKIN1_CLKOUT1)
                                                     -1.683    -0.938 r  u_video/mmcm_adv_inst_display_clocks/inst/mmcm_adv_inst/CLKOUT1
                         net (fo=1, routed)           0.912    -0.026    u_video/mmcm_adv_inst_display_clocks/inst/clk_out2_clk_wiz_2
    BUFGCTRL_X0Y0        BUFG (Prop_bufg_I_O)         0.026    -0.000 r  u_video/mmcm_adv_inst_display_clocks/inst/clkout2_buf/O
                         net (fo=44, routed)          0.636     0.636    u_video/inst_dvid/clk_out2
    OLOGIC_X1Y134        ODDR                                         r  u_video/inst_dvid/ODDR2_red/C
  -------------------------------------------------------------------    -------------------
    OLOGIC_X1Y134        ODDR (Prop_oddr_C_Q)         0.177     0.813 r  u_video/inst_dvid/ODDR2_red/Q
                         net (fo=1, routed)           0.001     0.814    u_video/red_s
    AB3                  OBUFDS (Prop_obufds_I_O)     0.845     1.659 r  u_video/OBUFDS_green/O
                         net (fo=0)                   0.000     1.659    tmds[2]
    AB3                                                               r  tmds[2] (OUT)
  -------------------------------------------------------------------    -------------------

Slack:                    inf
  Source:                 u_video/inst_dvid/ODDR2_red/C
                            (rising edge-triggered cell ODDR clocked by clk_out2_clk_wiz_2  {rise@0.000ns fall@4.000ns period=8.000ns})
  Destination:            tmdsb[2]
                            (output port)
  Path Group:             (none)
  Path Type:              Min at Fast Process Corner
  Data Path Delay:        1.024ns  (logic 1.023ns (99.902%)  route 0.001ns (0.098%))
  Logic Levels:           1  (OBUFDS=1)
  Clock Uncertainty:      0.166ns  ((TSJ^2 + DJ^2)^1/2) / 2 + PE
    Total System Jitter     (TSJ):    0.050ns
    Discrete Jitter          (DJ):    0.125ns
    Phase Error              (PE):    0.099ns

    Location             Delay type                Incr(ns)  Path(ns)    Netlist Resource(s)
  -------------------------------------------------------------------    -------------------
                         (clock clk_out2_clk_wiz_2 rise edge)
                                                      0.000     0.000 r  
    BUFGCTRL_X0Y1        BUFG                         0.000     0.000 r  clk_IBUF_BUFG_inst/O
                         net (fo=857, routed)         0.745     0.745    u_video/mmcm_adv_inst_display_clocks/inst/clk_in1
    MMCME2_ADV_X1Y0      MMCME2_ADV (Prop_mmcme2_adv_CLKIN1_CLKOUT1)
                                                     -1.683    -0.938 r  u_video/mmcm_adv_inst_display_clocks/inst/mmcm_adv_inst/CLKOUT1
                         net (fo=1, routed)           0.912    -0.026    u_video/mmcm_adv_inst_display_clocks/inst/clk_out2_clk_wiz_2
    BUFGCTRL_X0Y0        BUFG (Prop_bufg_I_O)         0.026    -0.000 r  u_video/mmcm_adv_inst_display_clocks/inst/clkout2_buf/O
                         net (fo=44, routed)          0.636     0.636    u_video/inst_dvid/clk_out2
    OLOGIC_X1Y134        ODDR                                         r  u_video/inst_dvid/ODDR2_red/C
  -------------------------------------------------------------------    -------------------
    OLOGIC_X1Y134        ODDR (Prop_oddr_C_Q)         0.177     0.813 r  u_video/inst_dvid/ODDR2_red/Q
                         net (fo=1, routed)           0.001     0.814    u_video/red_s
    AB3                  OBUFDS (Prop_obufds_I_OB)    0.846     1.660 r  u_video/OBUFDS_green/OB
                         net (fo=0)                   0.000     1.660    tmdsb[2]
    AB2                                                               r  tmdsb[2] (OUT)
  -------------------------------------------------------------------    -------------------





--------------------------------------------------------------------------------------
Path Group:  (none)
From Clock:  clkfbout_clk_wiz_2
  To Clock:  

Max Delay             1 Endpoint
Min Delay             1 Endpoint
--------------------------------------------------------------------------------------


Max Delay Paths
--------------------------------------------------------------------------------------
Slack:                    inf
  Source:                 u_video/mmcm_adv_inst_display_clocks/inst/mmcm_adv_inst/CLKFBOUT
                            (clock source 'clkfbout_clk_wiz_2'  {rise@0.000ns fall@5.000ns period=10.000ns})
  Destination:            u_video/mmcm_adv_inst_display_clocks/inst/mmcm_adv_inst/CLKFBIN
  Path Group:             (none)
  Path Type:              Max at Slow Process Corner
  Data Path Delay:        4.900ns  (logic 0.096ns (1.959%)  route 4.804ns (98.041%))
  Logic Levels:           1  (BUFG=1)
  Clock Uncertainty:      0.148ns  ((TSJ^2 + DJ^2)^1/2) / 2 + PE
    Total System Jitter     (TSJ):    0.050ns
    Discrete Jitter          (DJ):    0.086ns
    Phase Error              (PE):    0.099ns

    Location             Delay type                Incr(ns)  Path(ns)    Netlist Resource(s)
  -------------------------------------------------------------------    -------------------
                         (clock clkfbout_clk_wiz_2 fall edge)
                                                      5.000     5.000 f  
    BUFGCTRL_X0Y1        BUFG                         0.000     5.000 f  clk_IBUF_BUFG_inst/O
                         net (fo=857, routed)         2.106     7.106    u_video/mmcm_adv_inst_display_clocks/inst/clk_in1
  -------------------------------------------------------------------    -------------------
    MMCME2_ADV_X1Y0      MMCME2_ADV (Prop_mmcme2_adv_CLKIN1_CLKFBOUT)
                                                     -4.900     2.207 f  u_video/mmcm_adv_inst_display_clocks/inst/mmcm_adv_inst/CLKFBOUT
                         net (fo=1, routed)           2.697     4.904    u_video/mmcm_adv_inst_display_clocks/inst/clkfbout_clk_wiz_2
    BUFGCTRL_X0Y3        BUFG (Prop_bufg_I_O)         0.096     5.000 f  u_video/mmcm_adv_inst_display_clocks/inst/clkf_buf/O
                         net (fo=1, routed)           2.106     7.106    u_video/mmcm_adv_inst_display_clocks/inst/clkfbout_buf_clk_wiz_2
    MMCME2_ADV_X1Y0      MMCME2_ADV                                   f  u_video/mmcm_adv_inst_display_clocks/inst/mmcm_adv_inst/CLKFBIN
  -------------------------------------------------------------------    -------------------





Min Delay Paths
--------------------------------------------------------------------------------------
Slack:                    inf
  Source:                 u_video/mmcm_adv_inst_display_clocks/inst/mmcm_adv_inst/CLKFBOUT
                            (clock source 'clkfbout_clk_wiz_2'  {rise@0.000ns fall@5.000ns period=10.000ns})
  Destination:            u_video/mmcm_adv_inst_display_clocks/inst/mmcm_adv_inst/CLKFBIN
  Path Group:             (none)
  Path Type:              Min at Fast Process Corner
  Data Path Delay:        1.683ns  (logic 0.026ns (1.545%)  route 1.657ns (98.455%))
  Logic Levels:           1  (BUFG=1)
  Clock Uncertainty:      0.148ns  ((TSJ^2 + DJ^2)^1/2) / 2 + PE
    Total System Jitter     (TSJ):    0.050ns
    Discrete Jitter          (DJ):    0.086ns
    Phase Error              (PE):    0.099ns

    Location             Delay type                Incr(ns)  Path(ns)    Netlist Resource(s)
  -------------------------------------------------------------------    -------------------
                         (clock clkfbout_clk_wiz_2 rise edge)
                                                      0.000     0.000 r  
    BUFGCTRL_X0Y1        BUFG                         0.000     0.000 r  clk_IBUF_BUFG_inst/O
                         net (fo=857, routed)         0.745     0.745    u_video/mmcm_adv_inst_display_clocks/inst/clk_in1
  -------------------------------------------------------------------    -------------------
    MMCME2_ADV_X1Y0      MMCME2_ADV (Prop_mmcme2_adv_CLKIN1_CLKFBOUT)
                                                     -1.683    -0.938 r  u_video/mmcm_adv_inst_display_clocks/inst/mmcm_adv_inst/CLKFBOUT
                         net (fo=1, routed)           0.912    -0.026    u_video/mmcm_adv_inst_display_clocks/inst/clkfbout_clk_wiz_2
    BUFGCTRL_X0Y3        BUFG (Prop_bufg_I_O)         0.026    -0.000 r  u_video/mmcm_adv_inst_display_clocks/inst/clkf_buf/O
                         net (fo=1, routed)           0.745     0.745    u_video/mmcm_adv_inst_display_clocks/inst/clkfbout_buf_clk_wiz_2
    MMCME2_ADV_X1Y0      MMCME2_ADV                                   r  u_video/mmcm_adv_inst_display_clocks/inst/mmcm_adv_inst/CLKFBIN
  -------------------------------------------------------------------    -------------------





--------------------------------------------------------------------------------------
Path Group:  (none)
From Clock:  
  To Clock:  clk_out1_clk_wiz_2

Max Delay            44 Endpoints
Min Delay            44 Endpoints
--------------------------------------------------------------------------------------


Max Delay Paths
--------------------------------------------------------------------------------------
Slack:                    inf
  Source:                 u_piece_logic/s_piece_type_reg[2]/C
                            (rising edge-triggered cell FDRE)
  Destination:            u_video/inst_dvid/TDMS_encoder_green/encoded_reg[2]/D
                            (rising edge-triggered cell FDSE clocked by clk_out1_clk_wiz_2  {rise@0.000ns fall@20.000ns period=40.000ns})
  Path Group:             (none)
  Path Type:              Setup (Max at Slow Process Corner)
  Data Path Delay:        21.579ns  (logic 3.255ns (15.084%)  route 18.324ns (84.916%))
  Logic Levels:           14  (CARRY4=3 FDRE=1 LUT2=1 LUT3=1 LUT4=2 LUT5=2 LUT6=4)
  Clock Uncertainty:      0.190ns  ((TSJ^2 + DJ^2)^1/2) / 2 + PE
    Total System Jitter     (TSJ):    0.050ns
    Discrete Jitter          (DJ):    0.175ns
    Phase Error              (PE):    0.099ns

    Location             Delay type                Incr(ns)  Path(ns)    Netlist Resource(s)
  -------------------------------------------------------------------    -------------------
    SLICE_X135Y153       FDRE                         0.000     0.000 r  u_piece_logic/s_piece_type_reg[2]/C
    SLICE_X135Y153       FDRE (Prop_fdre_C_Q)         0.456     0.456 r  u_piece_logic/s_piece_type_reg[2]/Q
                         net (fo=75, routed)          6.290     6.746    u_piece_logic/piece_type[2]
    SLICE_X161Y198       LUT4 (Prop_lut4_I3_O)        0.124     6.870 r  u_piece_logic/__4/i_/O
                         net (fo=119, routed)         5.986    12.856    u_piece_logic/piece_cells[0][dy][0]
    SLICE_X125Y149       LUT6 (Prop_lut6_I4_O)        0.124    12.980 f  u_piece_logic/dc_bias[3]_i_1117/O
                         net (fo=1, routed)           0.520    13.500    u_piece_logic/dc_bias[3]_i_1117_n_0
    SLICE_X124Y149       LUT5 (Prop_lut5_I4_O)        0.124    13.624 r  u_piece_logic/dc_bias[3]_i_809/O
                         net (fo=1, routed)           0.000    13.624    u_video/inst_vga/u_color/dc_bias_reg[3]_i_231_0[0]
    SLICE_X124Y149       CARRY4 (Prop_carry4_S[0]_CO[3])
                                                      0.513    14.137 r  u_video/inst_vga/u_color/dc_bias_reg[3]_i_474/CO[3]
                         net (fo=1, routed)           0.001    14.138    u_video/inst_vga/u_color/dc_bias_reg[3]_i_474_n_0
    SLICE_X124Y150       CARRY4 (Prop_carry4_CI_CO[3])
                                                      0.117    14.255 r  u_video/inst_vga/u_color/dc_bias_reg[3]_i_231/CO[3]
                         net (fo=1, routed)           0.000    14.255    u_video/inst_vga/u_color/dc_bias_reg[3]_i_231_n_0
    SLICE_X124Y151       CARRY4 (Prop_carry4_CI_CO[0])
                                                      0.254    14.509 f  u_video/inst_vga/u_color/dc_bias_reg[3]_i_100/CO[0]
                         net (fo=1, routed)           0.471    14.980    u_video/inst_vga/u_color/dc_bias_reg[3]_i_100_n_3
    SLICE_X122Y154       LUT4 (Prop_lut4_I2_O)        0.367    15.347 f  u_video/inst_vga/u_color/dc_bias[3]_i_43__1/O
                         net (fo=1, routed)           0.159    15.506    u_video/inst_vga/u_color/dc_bias[3]_i_43__1_n_0
    SLICE_X122Y154       LUT5 (Prop_lut5_I4_O)        0.124    15.630 r  u_video/inst_vga/u_color/dc_bias[3]_i_14__0/O
                         net (fo=4, routed)           1.006    16.636    u_video/inst_vga/u_color/dc_bias[3]_i_43__1_0
    SLICE_X131Y152       LUT2 (Prop_lut2_I0_O)        0.152    16.788 f  u_video/inst_vga/u_color/dc_bias[3]_i_15__1/O
                         net (fo=3, routed)           0.584    17.372    u_piece_logic/dc_bias[3]_i_3__0
    SLICE_X132Y152       LUT3 (Prop_lut3_I2_O)        0.324    17.696 r  u_piece_logic/dc_bias[3]_i_21/O
                         net (fo=1, routed)           0.306    18.002    u_video/inst_vga/u_color/dc_bias[3]_i_3_0
    SLICE_X131Y152       LUT6 (Prop_lut6_I4_O)        0.328    18.330 r  u_video/inst_vga/u_color/dc_bias[3]_i_7__0/O
                         net (fo=1, routed)           0.729    19.059    u_piece_logic/encoded_reg[8]
    SLICE_X135Y148       LUT6 (Prop_lut6_I4_O)        0.124    19.183 r  u_piece_logic/dc_bias[3]_i_3/O
                         net (fo=7, routed)           1.788    20.972    u_video/inst_dvid/TDMS_encoder_green/encoded_reg[2]_0[1]
    SLICE_X157Y140       LUT6 (Prop_lut6_I5_O)        0.124    21.096 r  u_video/inst_dvid/TDMS_encoder_green/encoded[1]_i_1/O
                         net (fo=2, routed)           0.484    21.579    u_video/inst_dvid/TDMS_encoder_green/encoded[1]_i_1_n_0
    SLICE_X158Y139       FDSE                                         r  u_video/inst_dvid/TDMS_encoder_green/encoded_reg[2]/D
  -------------------------------------------------------------------    -------------------

                         (clock clk_out1_clk_wiz_2 rise edge)
                                                      0.000     0.000 r  
    BUFGCTRL_X0Y1        BUFG                         0.000     0.000 r  clk_IBUF_BUFG_inst/O
                         net (fo=857, routed)         1.972     1.972    u_video/mmcm_adv_inst_display_clocks/inst/clk_in1
    MMCME2_ADV_X1Y0      MMCME2_ADV (Prop_mmcme2_adv_CLKIN1_CLKOUT0)
                                                     -4.637    -2.665 r  u_video/mmcm_adv_inst_display_clocks/inst/mmcm_adv_inst/CLKOUT0
                         net (fo=1, routed)           2.574    -0.091    u_video/mmcm_adv_inst_display_clocks/inst/clk_out1_clk_wiz_2
    BUFGCTRL_X0Y2        BUFG (Prop_bufg_I_O)         0.091     0.000 r  u_video/mmcm_adv_inst_display_clocks/inst/clkout1_buf/O
                         net (fo=85, routed)          1.709     1.709    u_video/inst_dvid/TDMS_encoder_green/CLK
    SLICE_X158Y139       FDSE                                         r  u_video/inst_dvid/TDMS_encoder_green/encoded_reg[2]/C

Slack:                    inf
  Source:                 u_piece_logic/s_piece_type_reg[2]/C
                            (rising edge-triggered cell FDRE)
  Destination:            u_video/inst_dvid/TDMS_encoder_green/encoded_reg[1]/D
                            (rising edge-triggered cell FDRE clocked by clk_out1_clk_wiz_2  {rise@0.000ns fall@20.000ns period=40.000ns})
  Path Group:             (none)
  Path Type:              Setup (Max at Slow Process Corner)
  Data Path Delay:        21.570ns  (logic 3.255ns (15.090%)  route 18.315ns (84.910%))
  Logic Levels:           14  (CARRY4=3 FDRE=1 LUT2=1 LUT3=1 LUT4=2 LUT5=2 LUT6=4)
  Clock Uncertainty:      0.190ns  ((TSJ^2 + DJ^2)^1/2) / 2 + PE
    Total System Jitter     (TSJ):    0.050ns
    Discrete Jitter          (DJ):    0.175ns
    Phase Error              (PE):    0.099ns

    Location             Delay type                Incr(ns)  Path(ns)    Netlist Resource(s)
  -------------------------------------------------------------------    -------------------
    SLICE_X135Y153       FDRE                         0.000     0.000 r  u_piece_logic/s_piece_type_reg[2]/C
    SLICE_X135Y153       FDRE (Prop_fdre_C_Q)         0.456     0.456 r  u_piece_logic/s_piece_type_reg[2]/Q
                         net (fo=75, routed)          6.290     6.746    u_piece_logic/piece_type[2]
    SLICE_X161Y198       LUT4 (Prop_lut4_I3_O)        0.124     6.870 r  u_piece_logic/__4/i_/O
                         net (fo=119, routed)         5.986    12.856    u_piece_logic/piece_cells[0][dy][0]
    SLICE_X125Y149       LUT6 (Prop_lut6_I4_O)        0.124    12.980 f  u_piece_logic/dc_bias[3]_i_1117/O
                         net (fo=1, routed)           0.520    13.500    u_piece_logic/dc_bias[3]_i_1117_n_0
    SLICE_X124Y149       LUT5 (Prop_lut5_I4_O)        0.124    13.624 r  u_piece_logic/dc_bias[3]_i_809/O
                         net (fo=1, routed)           0.000    13.624    u_video/inst_vga/u_color/dc_bias_reg[3]_i_231_0[0]
    SLICE_X124Y149       CARRY4 (Prop_carry4_S[0]_CO[3])
                                                      0.513    14.137 r  u_video/inst_vga/u_color/dc_bias_reg[3]_i_474/CO[3]
                         net (fo=1, routed)           0.001    14.138    u_video/inst_vga/u_color/dc_bias_reg[3]_i_474_n_0
    SLICE_X124Y150       CARRY4 (Prop_carry4_CI_CO[3])
                                                      0.117    14.255 r  u_video/inst_vga/u_color/dc_bias_reg[3]_i_231/CO[3]
                         net (fo=1, routed)           0.000    14.255    u_video/inst_vga/u_color/dc_bias_reg[3]_i_231_n_0
    SLICE_X124Y151       CARRY4 (Prop_carry4_CI_CO[0])
                                                      0.254    14.509 f  u_video/inst_vga/u_color/dc_bias_reg[3]_i_100/CO[0]
                         net (fo=1, routed)           0.471    14.980    u_video/inst_vga/u_color/dc_bias_reg[3]_i_100_n_3
    SLICE_X122Y154       LUT4 (Prop_lut4_I2_O)        0.367    15.347 f  u_video/inst_vga/u_color/dc_bias[3]_i_43__1/O
                         net (fo=1, routed)           0.159    15.506    u_video/inst_vga/u_color/dc_bias[3]_i_43__1_n_0
    SLICE_X122Y154       LUT5 (Prop_lut5_I4_O)        0.124    15.630 r  u_video/inst_vga/u_color/dc_bias[3]_i_14__0/O
                         net (fo=4, routed)           1.006    16.636    u_video/inst_vga/u_color/dc_bias[3]_i_43__1_0
    SLICE_X131Y152       LUT2 (Prop_lut2_I0_O)        0.152    16.788 f  u_video/inst_vga/u_color/dc_bias[3]_i_15__1/O
                         net (fo=3, routed)           0.584    17.372    u_piece_logic/dc_bias[3]_i_3__0
    SLICE_X132Y152       LUT3 (Prop_lut3_I2_O)        0.324    17.696 r  u_piece_logic/dc_bias[3]_i_21/O
                         net (fo=1, routed)           0.306    18.002    u_video/inst_vga/u_color/dc_bias[3]_i_3_0
    SLICE_X131Y152       LUT6 (Prop_lut6_I4_O)        0.328    18.330 r  u_video/inst_vga/u_color/dc_bias[3]_i_7__0/O
                         net (fo=1, routed)           0.729    19.059    u_piece_logic/encoded_reg[8]
    SLICE_X135Y148       LUT6 (Prop_lut6_I4_O)        0.124    19.183 r  u_piece_logic/dc_bias[3]_i_3/O
                         net (fo=7, routed)           1.788    20.972    u_video/inst_dvid/TDMS_encoder_green/encoded_reg[2]_0[1]
    SLICE_X157Y140       LUT6 (Prop_lut6_I5_O)        0.124    21.096 r  u_video/inst_dvid/TDMS_encoder_green/encoded[1]_i_1/O
                         net (fo=2, routed)           0.475    21.570    u_video/inst_dvid/TDMS_encoder_green/encoded[1]_i_1_n_0
    SLICE_X158Y139       FDRE                                         r  u_video/inst_dvid/TDMS_encoder_green/encoded_reg[1]/D
  -------------------------------------------------------------------    -------------------

                         (clock clk_out1_clk_wiz_2 rise edge)
                                                      0.000     0.000 r  
    BUFGCTRL_X0Y1        BUFG                         0.000     0.000 r  clk_IBUF_BUFG_inst/O
                         net (fo=857, routed)         1.972     1.972    u_video/mmcm_adv_inst_display_clocks/inst/clk_in1
    MMCME2_ADV_X1Y0      MMCME2_ADV (Prop_mmcme2_adv_CLKIN1_CLKOUT0)
                                                     -4.637    -2.665 r  u_video/mmcm_adv_inst_display_clocks/inst/mmcm_adv_inst/CLKOUT0
                         net (fo=1, routed)           2.574    -0.091    u_video/mmcm_adv_inst_display_clocks/inst/clk_out1_clk_wiz_2
    BUFGCTRL_X0Y2        BUFG (Prop_bufg_I_O)         0.091     0.000 r  u_video/mmcm_adv_inst_display_clocks/inst/clkout1_buf/O
                         net (fo=85, routed)          1.709     1.709    u_video/inst_dvid/TDMS_encoder_green/CLK
    SLICE_X158Y139       FDRE                                         r  u_video/inst_dvid/TDMS_encoder_green/encoded_reg[1]/C

Slack:                    inf
  Source:                 u_piece_logic/s_piece_type_reg[2]/C
                            (rising edge-triggered cell FDRE)
  Destination:            u_video/inst_dvid/TDMS_encoder_green/encoded_reg[8]/D
                            (rising edge-triggered cell FDRE clocked by clk_out1_clk_wiz_2  {rise@0.000ns fall@20.000ns period=40.000ns})
  Path Group:             (none)
  Path Type:              Setup (Max at Slow Process Corner)
  Data Path Delay:        21.395ns  (logic 3.255ns (15.214%)  route 18.140ns (84.786%))
  Logic Levels:           14  (CARRY4=3 FDRE=1 LUT2=2 LUT3=1 LUT4=2 LUT5=2 LUT6=3)
  Clock Uncertainty:      0.190ns  ((TSJ^2 + DJ^2)^1/2) / 2 + PE
    Total System Jitter     (TSJ):    0.050ns
    Discrete Jitter          (DJ):    0.175ns
    Phase Error              (PE):    0.099ns

    Location             Delay type                Incr(ns)  Path(ns)    Netlist Resource(s)
  -------------------------------------------------------------------    -------------------
    SLICE_X135Y153       FDRE                         0.000     0.000 r  u_piece_logic/s_piece_type_reg[2]/C
    SLICE_X135Y153       FDRE (Prop_fdre_C_Q)         0.456     0.456 r  u_piece_logic/s_piece_type_reg[2]/Q
                         net (fo=75, routed)          6.290     6.746    u_piece_logic/piece_type[2]
    SLICE_X161Y198       LUT4 (Prop_lut4_I3_O)        0.124     6.870 r  u_piece_logic/__4/i_/O
                         net (fo=119, routed)         5.986    12.856    u_piece_logic/piece_cells[0][dy][0]
    SLICE_X125Y149       LUT6 (Prop_lut6_I4_O)        0.124    12.980 f  u_piece_logic/dc_bias[3]_i_1117/O
                         net (fo=1, routed)           0.520    13.500    u_piece_logic/dc_bias[3]_i_1117_n_0
    SLICE_X124Y149       LUT5 (Prop_lut5_I4_O)        0.124    13.624 r  u_piece_logic/dc_bias[3]_i_809/O
                         net (fo=1, routed)           0.000    13.624    u_video/inst_vga/u_color/dc_bias_reg[3]_i_231_0[0]
    SLICE_X124Y149       CARRY4 (Prop_carry4_S[0]_CO[3])
                                                      0.513    14.137 r  u_video/inst_vga/u_color/dc_bias_reg[3]_i_474/CO[3]
                         net (fo=1, routed)           0.001    14.138    u_video/inst_vga/u_color/dc_bias_reg[3]_i_474_n_0
    SLICE_X124Y150       CARRY4 (Prop_carry4_CI_CO[3])
                                                      0.117    14.255 r  u_video/inst_vga/u_color/dc_bias_reg[3]_i_231/CO[3]
                         net (fo=1, routed)           0.000    14.255    u_video/inst_vga/u_color/dc_bias_reg[3]_i_231_n_0
    SLICE_X124Y151       CARRY4 (Prop_carry4_CI_CO[0])
                                                      0.254    14.509 r  u_video/inst_vga/u_color/dc_bias_reg[3]_i_100/CO[0]
                         net (fo=1, routed)           0.471    14.980    u_video/inst_vga/u_color/dc_bias_reg[3]_i_100_n_3
    SLICE_X122Y154       LUT4 (Prop_lut4_I2_O)        0.367    15.347 r  u_video/inst_vga/u_color/dc_bias[3]_i_43__1/O
                         net (fo=1, routed)           0.159    15.506    u_video/inst_vga/u_color/dc_bias[3]_i_43__1_n_0
    SLICE_X122Y154       LUT5 (Prop_lut5_I4_O)        0.124    15.630 f  u_video/inst_vga/u_color/dc_bias[3]_i_14__0/O
                         net (fo=4, routed)           1.006    16.636    u_video/inst_vga/u_color/dc_bias[3]_i_43__1_0
    SLICE_X131Y152       LUT2 (Prop_lut2_I0_O)        0.152    16.788 r  u_video/inst_vga/u_color/dc_bias[3]_i_15__1/O
                         net (fo=3, routed)           0.584    17.372    u_piece_logic/dc_bias[3]_i_3__0
    SLICE_X132Y152       LUT3 (Prop_lut3_I2_O)        0.324    17.696 f  u_piece_logic/dc_bias[3]_i_21/O
                         net (fo=1, routed)           0.306    18.002    u_video/inst_vga/u_color/dc_bias[3]_i_3_0
    SLICE_X131Y152       LUT6 (Prop_lut6_I4_O)        0.328    18.330 f  u_video/inst_vga/u_color/dc_bias[3]_i_7__0/O
                         net (fo=1, routed)           0.729    19.059    u_piece_logic/encoded_reg[8]
    SLICE_X135Y148       LUT6 (Prop_lut6_I4_O)        0.124    19.183 f  u_piece_logic/dc_bias[3]_i_3/O
                         net (fo=7, routed)           2.087    21.271    u_piece_logic/pixel[color][2]
    SLICE_X159Y139       LUT2 (Prop_lut2_I0_O)        0.124    21.395 r  u_piece_logic/encoded[8]_i_1__0/O
                         net (fo=1, routed)           0.000    21.395    u_video/inst_dvid/TDMS_encoder_green/encoded_reg[8]_0
    SLICE_X159Y139       FDRE                                         r  u_video/inst_dvid/TDMS_encoder_green/encoded_reg[8]/D
  -------------------------------------------------------------------    -------------------

                         (clock clk_out1_clk_wiz_2 rise edge)
                                                      0.000     0.000 r  
    BUFGCTRL_X0Y1        BUFG                         0.000     0.000 r  clk_IBUF_BUFG_inst/O
                         net (fo=857, routed)         1.972     1.972    u_video/mmcm_adv_inst_display_clocks/inst/clk_in1
    MMCME2_ADV_X1Y0      MMCME2_ADV (Prop_mmcme2_adv_CLKIN1_CLKOUT0)
                                                     -4.637    -2.665 r  u_video/mmcm_adv_inst_display_clocks/inst/mmcm_adv_inst/CLKOUT0
                         net (fo=1, routed)           2.574    -0.091    u_video/mmcm_adv_inst_display_clocks/inst/clk_out1_clk_wiz_2
    BUFGCTRL_X0Y2        BUFG (Prop_bufg_I_O)         0.091     0.000 r  u_video/mmcm_adv_inst_display_clocks/inst/clkout1_buf/O
                         net (fo=85, routed)          1.709     1.709    u_video/inst_dvid/TDMS_encoder_green/CLK
    SLICE_X159Y139       FDRE                                         r  u_video/inst_dvid/TDMS_encoder_green/encoded_reg[8]/C

Slack:                    inf
  Source:                 u_piece_logic/s_piece_type_reg[2]/C
                            (rising edge-triggered cell FDRE)
  Destination:            u_video/inst_dvid/TDMS_encoder_green/encoded_reg[9]/D
                            (rising edge-triggered cell FDRE clocked by clk_out1_clk_wiz_2  {rise@0.000ns fall@20.000ns period=40.000ns})
  Path Group:             (none)
  Path Type:              Setup (Max at Slow Process Corner)
  Data Path Delay:        21.091ns  (logic 3.255ns (15.433%)  route 17.836ns (84.567%))
  Logic Levels:           14  (CARRY4=3 FDRE=1 LUT2=1 LUT3=1 LUT4=2 LUT5=3 LUT6=3)
  Clock Uncertainty:      0.190ns  ((TSJ^2 + DJ^2)^1/2) / 2 + PE
    Total System Jitter     (TSJ):    0.050ns
    Discrete Jitter          (DJ):    0.175ns
    Phase Error              (PE):    0.099ns

    Location             Delay type                Incr(ns)  Path(ns)    Netlist Resource(s)
  -------------------------------------------------------------------    -------------------
    SLICE_X135Y153       FDRE                         0.000     0.000 r  u_piece_logic/s_piece_type_reg[2]/C
    SLICE_X135Y153       FDRE (Prop_fdre_C_Q)         0.456     0.456 r  u_piece_logic/s_piece_type_reg[2]/Q
                         net (fo=75, routed)          6.290     6.746    u_piece_logic/piece_type[2]
    SLICE_X161Y198       LUT4 (Prop_lut4_I3_O)        0.124     6.870 r  u_piece_logic/__4/i_/O
                         net (fo=119, routed)         5.986    12.856    u_piece_logic/piece_cells[0][dy][0]
    SLICE_X125Y149       LUT6 (Prop_lut6_I4_O)        0.124    12.980 f  u_piece_logic/dc_bias[3]_i_1117/O
                         net (fo=1, routed)           0.520    13.500    u_piece_logic/dc_bias[3]_i_1117_n_0
    SLICE_X124Y149       LUT5 (Prop_lut5_I4_O)        0.124    13.624 r  u_piece_logic/dc_bias[3]_i_809/O
                         net (fo=1, routed)           0.000    13.624    u_video/inst_vga/u_color/dc_bias_reg[3]_i_231_0[0]
    SLICE_X124Y149       CARRY4 (Prop_carry4_S[0]_CO[3])
                                                      0.513    14.137 r  u_video/inst_vga/u_color/dc_bias_reg[3]_i_474/CO[3]
                         net (fo=1, routed)           0.001    14.138    u_video/inst_vga/u_color/dc_bias_reg[3]_i_474_n_0
    SLICE_X124Y150       CARRY4 (Prop_carry4_CI_CO[3])
                                                      0.117    14.255 r  u_video/inst_vga/u_color/dc_bias_reg[3]_i_231/CO[3]
                         net (fo=1, routed)           0.000    14.255    u_video/inst_vga/u_color/dc_bias_reg[3]_i_231_n_0
    SLICE_X124Y151       CARRY4 (Prop_carry4_CI_CO[0])
                                                      0.254    14.509 f  u_video/inst_vga/u_color/dc_bias_reg[3]_i_100/CO[0]
                         net (fo=1, routed)           0.471    14.980    u_video/inst_vga/u_color/dc_bias_reg[3]_i_100_n_3
    SLICE_X122Y154       LUT4 (Prop_lut4_I2_O)        0.367    15.347 f  u_video/inst_vga/u_color/dc_bias[3]_i_43__1/O
                         net (fo=1, routed)           0.159    15.506    u_video/inst_vga/u_color/dc_bias[3]_i_43__1_n_0
    SLICE_X122Y154       LUT5 (Prop_lut5_I4_O)        0.124    15.630 r  u_video/inst_vga/u_color/dc_bias[3]_i_14__0/O
                         net (fo=4, routed)           1.006    16.636    u_video/inst_vga/u_color/dc_bias[3]_i_43__1_0
    SLICE_X131Y152       LUT2 (Prop_lut2_I0_O)        0.152    16.788 f  u_video/inst_vga/u_color/dc_bias[3]_i_15__1/O
                         net (fo=3, routed)           0.584    17.372    u_piece_logic/dc_bias[3]_i_3__0
    SLICE_X132Y152       LUT3 (Prop_lut3_I2_O)        0.324    17.696 r  u_piece_logic/dc_bias[3]_i_21/O
                         net (fo=1, routed)           0.306    18.002    u_video/inst_vga/u_color/dc_bias[3]_i_3_0
    SLICE_X131Y152       LUT6 (Prop_lut6_I4_O)        0.328    18.330 r  u_video/inst_vga/u_color/dc_bias[3]_i_7__0/O
                         net (fo=1, routed)           0.729    19.059    u_piece_logic/encoded_reg[8]
    SLICE_X135Y148       LUT6 (Prop_lut6_I4_O)        0.124    19.183 r  u_piece_logic/dc_bias[3]_i_3/O
                         net (fo=7, routed)           1.783    20.967    u_video/inst_dvid/TDMS_encoder_green/encoded_reg[2]_0[1]
    SLICE_X157Y140       LUT5 (Prop_lut5_I1_O)        0.124    21.091 r  u_video/inst_dvid/TDMS_encoder_green/encoded[9]_i_1__0/O
                         net (fo=1, routed)           0.000    21.091    u_video/inst_dvid/TDMS_encoder_green/encoded[9]_i_1__0_n_0
    SLICE_X157Y140       FDRE                                         r  u_video/inst_dvid/TDMS_encoder_green/encoded_reg[9]/D
  -------------------------------------------------------------------    -------------------

                         (clock clk_out1_clk_wiz_2 rise edge)
                                                      0.000     0.000 r  
    BUFGCTRL_X0Y1        BUFG                         0.000     0.000 r  clk_IBUF_BUFG_inst/O
                         net (fo=857, routed)         1.972     1.972    u_video/mmcm_adv_inst_display_clocks/inst/clk_in1
    MMCME2_ADV_X1Y0      MMCME2_ADV (Prop_mmcme2_adv_CLKIN1_CLKOUT0)
                                                     -4.637    -2.665 r  u_video/mmcm_adv_inst_display_clocks/inst/mmcm_adv_inst/CLKOUT0
                         net (fo=1, routed)           2.574    -0.091    u_video/mmcm_adv_inst_display_clocks/inst/clk_out1_clk_wiz_2
    BUFGCTRL_X0Y2        BUFG (Prop_bufg_I_O)         0.091     0.000 r  u_video/mmcm_adv_inst_display_clocks/inst/clkout1_buf/O
                         net (fo=85, routed)          1.709     1.709    u_video/inst_dvid/TDMS_encoder_green/CLK
    SLICE_X157Y140       FDRE                                         r  u_video/inst_dvid/TDMS_encoder_green/encoded_reg[9]/C

Slack:                    inf
  Source:                 u_piece_logic/s_piece_type_reg[2]/C
                            (rising edge-triggered cell FDRE)
  Destination:            u_video/inst_dvid/TDMS_encoder_green/dc_bias_reg[2]/D
                            (rising edge-triggered cell FDRE clocked by clk_out1_clk_wiz_2  {rise@0.000ns fall@20.000ns period=40.000ns})
  Path Group:             (none)
  Path Type:              Setup (Max at Slow Process Corner)
  Data Path Delay:        21.002ns  (logic 3.255ns (15.499%)  route 17.747ns (84.501%))
  Logic Levels:           14  (CARRY4=3 FDRE=1 LUT2=1 LUT3=1 LUT4=2 LUT5=2 LUT6=4)
  Clock Uncertainty:      0.190ns  ((TSJ^2 + DJ^2)^1/2) / 2 + PE
    Total System Jitter     (TSJ):    0.050ns
    Discrete Jitter          (DJ):    0.175ns
    Phase Error              (PE):    0.099ns

    Location             Delay type                Incr(ns)  Path(ns)    Netlist Resource(s)
  -------------------------------------------------------------------    -------------------
    SLICE_X135Y153       FDRE                         0.000     0.000 r  u_piece_logic/s_piece_type_reg[2]/C
    SLICE_X135Y153       FDRE (Prop_fdre_C_Q)         0.456     0.456 r  u_piece_logic/s_piece_type_reg[2]/Q
                         net (fo=75, routed)          6.290     6.746    u_piece_logic/piece_type[2]
    SLICE_X161Y198       LUT4 (Prop_lut4_I3_O)        0.124     6.870 r  u_piece_logic/__4/i_/O
                         net (fo=119, routed)         5.986    12.856    u_piece_logic/piece_cells[0][dy][0]
    SLICE_X125Y149       LUT6 (Prop_lut6_I4_O)        0.124    12.980 f  u_piece_logic/dc_bias[3]_i_1117/O
                         net (fo=1, routed)           0.520    13.500    u_piece_logic/dc_bias[3]_i_1117_n_0
    SLICE_X124Y149       LUT5 (Prop_lut5_I4_O)        0.124    13.624 r  u_piece_logic/dc_bias[3]_i_809/O
                         net (fo=1, routed)           0.000    13.624    u_video/inst_vga/u_color/dc_bias_reg[3]_i_231_0[0]
    SLICE_X124Y149       CARRY4 (Prop_carry4_S[0]_CO[3])
                                                      0.513    14.137 r  u_video/inst_vga/u_color/dc_bias_reg[3]_i_474/CO[3]
                         net (fo=1, routed)           0.001    14.138    u_video/inst_vga/u_color/dc_bias_reg[3]_i_474_n_0
    SLICE_X124Y150       CARRY4 (Prop_carry4_CI_CO[3])
                                                      0.117    14.255 r  u_video/inst_vga/u_color/dc_bias_reg[3]_i_231/CO[3]
                         net (fo=1, routed)           0.000    14.255    u_video/inst_vga/u_color/dc_bias_reg[3]_i_231_n_0
    SLICE_X124Y151       CARRY4 (Prop_carry4_CI_CO[0])
                                                      0.254    14.509 f  u_video/inst_vga/u_color/dc_bias_reg[3]_i_100/CO[0]
                         net (fo=1, routed)           0.471    14.980    u_video/inst_vga/u_color/dc_bias_reg[3]_i_100_n_3
    SLICE_X122Y154       LUT4 (Prop_lut4_I2_O)        0.367    15.347 f  u_video/inst_vga/u_color/dc_bias[3]_i_43__1/O
                         net (fo=1, routed)           0.159    15.506    u_video/inst_vga/u_color/dc_bias[3]_i_43__1_n_0
    SLICE_X122Y154       LUT5 (Prop_lut5_I4_O)        0.124    15.630 r  u_video/inst_vga/u_color/dc_bias[3]_i_14__0/O
                         net (fo=4, routed)           1.006    16.636    u_video/inst_vga/u_color/dc_bias[3]_i_43__1_0
    SLICE_X131Y152       LUT2 (Prop_lut2_I0_O)        0.152    16.788 f  u_video/inst_vga/u_color/dc_bias[3]_i_15__1/O
                         net (fo=3, routed)           0.584    17.372    u_piece_logic/dc_bias[3]_i_3__0
    SLICE_X132Y152       LUT3 (Prop_lut3_I2_O)        0.324    17.696 r  u_piece_logic/dc_bias[3]_i_21/O
                         net (fo=1, routed)           0.306    18.002    u_video/inst_vga/u_color/dc_bias[3]_i_3_0
    SLICE_X131Y152       LUT6 (Prop_lut6_I4_O)        0.328    18.330 r  u_video/inst_vga/u_color/dc_bias[3]_i_7__0/O
                         net (fo=1, routed)           0.729    19.059    u_piece_logic/encoded_reg[8]
    SLICE_X135Y148       LUT6 (Prop_lut6_I4_O)        0.124    19.183 r  u_piece_logic/dc_bias[3]_i_3/O
                         net (fo=7, routed)           1.694    20.878    u_video/inst_dvid/TDMS_encoder_green/encoded_reg[2]_0[1]
    SLICE_X156Y140       LUT6 (Prop_lut6_I5_O)        0.124    21.002 r  u_video/inst_dvid/TDMS_encoder_green/dc_bias[2]_i_1__0/O
                         net (fo=1, routed)           0.000    21.002    u_video/inst_dvid/TDMS_encoder_green/dc_bias[2]_i_1__0_n_0
    SLICE_X156Y140       FDRE                                         r  u_video/inst_dvid/TDMS_encoder_green/dc_bias_reg[2]/D
  -------------------------------------------------------------------    -------------------

                         (clock clk_out1_clk_wiz_2 rise edge)
                                                      0.000     0.000 r  
    BUFGCTRL_X0Y1        BUFG                         0.000     0.000 r  clk_IBUF_BUFG_inst/O
                         net (fo=857, routed)         1.972     1.972    u_video/mmcm_adv_inst_display_clocks/inst/clk_in1
    MMCME2_ADV_X1Y0      MMCME2_ADV (Prop_mmcme2_adv_CLKIN1_CLKOUT0)
                                                     -4.637    -2.665 r  u_video/mmcm_adv_inst_display_clocks/inst/mmcm_adv_inst/CLKOUT0
                         net (fo=1, routed)           2.574    -0.091    u_video/mmcm_adv_inst_display_clocks/inst/clk_out1_clk_wiz_2
    BUFGCTRL_X0Y2        BUFG (Prop_bufg_I_O)         0.091     0.000 r  u_video/mmcm_adv_inst_display_clocks/inst/clkout1_buf/O
                         net (fo=85, routed)          1.709     1.709    u_video/inst_dvid/TDMS_encoder_green/CLK
    SLICE_X156Y140       FDRE                                         r  u_video/inst_dvid/TDMS_encoder_green/dc_bias_reg[2]/C

Slack:                    inf
  Source:                 u_piece_logic/s_piece_type_reg[2]/C
                            (rising edge-triggered cell FDRE)
  Destination:            u_video/inst_dvid/TDMS_encoder_green/dc_bias_reg[3]/D
                            (rising edge-triggered cell FDRE clocked by clk_out1_clk_wiz_2  {rise@0.000ns fall@20.000ns period=40.000ns})
  Path Group:             (none)
  Path Type:              Setup (Max at Slow Process Corner)
  Data Path Delay:        20.997ns  (logic 3.255ns (15.502%)  route 17.742ns (84.498%))
  Logic Levels:           14  (CARRY4=3 FDRE=1 LUT2=1 LUT3=1 LUT4=2 LUT5=2 LUT6=4)
  Clock Uncertainty:      0.190ns  ((TSJ^2 + DJ^2)^1/2) / 2 + PE
    Total System Jitter     (TSJ):    0.050ns
    Discrete Jitter          (DJ):    0.175ns
    Phase Error              (PE):    0.099ns

    Location             Delay type                Incr(ns)  Path(ns)    Netlist Resource(s)
  -------------------------------------------------------------------    -------------------
    SLICE_X135Y153       FDRE                         0.000     0.000 r  u_piece_logic/s_piece_type_reg[2]/C
    SLICE_X135Y153       FDRE (Prop_fdre_C_Q)         0.456     0.456 r  u_piece_logic/s_piece_type_reg[2]/Q
                         net (fo=75, routed)          6.290     6.746    u_piece_logic/piece_type[2]
    SLICE_X161Y198       LUT4 (Prop_lut4_I3_O)        0.124     6.870 r  u_piece_logic/__4/i_/O
                         net (fo=119, routed)         5.986    12.856    u_piece_logic/piece_cells[0][dy][0]
    SLICE_X125Y149       LUT6 (Prop_lut6_I4_O)        0.124    12.980 f  u_piece_logic/dc_bias[3]_i_1117/O
                         net (fo=1, routed)           0.520    13.500    u_piece_logic/dc_bias[3]_i_1117_n_0
    SLICE_X124Y149       LUT5 (Prop_lut5_I4_O)        0.124    13.624 r  u_piece_logic/dc_bias[3]_i_809/O
                         net (fo=1, routed)           0.000    13.624    u_video/inst_vga/u_color/dc_bias_reg[3]_i_231_0[0]
    SLICE_X124Y149       CARRY4 (Prop_carry4_S[0]_CO[3])
                                                      0.513    14.137 r  u_video/inst_vga/u_color/dc_bias_reg[3]_i_474/CO[3]
                         net (fo=1, routed)           0.001    14.138    u_video/inst_vga/u_color/dc_bias_reg[3]_i_474_n_0
    SLICE_X124Y150       CARRY4 (Prop_carry4_CI_CO[3])
                                                      0.117    14.255 r  u_video/inst_vga/u_color/dc_bias_reg[3]_i_231/CO[3]
                         net (fo=1, routed)           0.000    14.255    u_video/inst_vga/u_color/dc_bias_reg[3]_i_231_n_0
    SLICE_X124Y151       CARRY4 (Prop_carry4_CI_CO[0])
                                                      0.254    14.509 f  u_video/inst_vga/u_color/dc_bias_reg[3]_i_100/CO[0]
                         net (fo=1, routed)           0.471    14.980    u_video/inst_vga/u_color/dc_bias_reg[3]_i_100_n_3
    SLICE_X122Y154       LUT4 (Prop_lut4_I2_O)        0.367    15.347 f  u_video/inst_vga/u_color/dc_bias[3]_i_43__1/O
                         net (fo=1, routed)           0.159    15.506    u_video/inst_vga/u_color/dc_bias[3]_i_43__1_n_0
    SLICE_X122Y154       LUT5 (Prop_lut5_I4_O)        0.124    15.630 r  u_video/inst_vga/u_color/dc_bias[3]_i_14__0/O
                         net (fo=4, routed)           1.006    16.636    u_video/inst_vga/u_color/dc_bias[3]_i_43__1_0
    SLICE_X131Y152       LUT2 (Prop_lut2_I0_O)        0.152    16.788 f  u_video/inst_vga/u_color/dc_bias[3]_i_15__1/O
                         net (fo=3, routed)           0.584    17.372    u_piece_logic/dc_bias[3]_i_3__0
    SLICE_X132Y152       LUT3 (Prop_lut3_I2_O)        0.324    17.696 r  u_piece_logic/dc_bias[3]_i_21/O
                         net (fo=1, routed)           0.306    18.002    u_video/inst_vga/u_color/dc_bias[3]_i_3_0
    SLICE_X131Y152       LUT6 (Prop_lut6_I4_O)        0.328    18.330 r  u_video/inst_vga/u_color/dc_bias[3]_i_7__0/O
                         net (fo=1, routed)           0.729    19.059    u_piece_logic/encoded_reg[8]
    SLICE_X135Y148       LUT6 (Prop_lut6_I4_O)        0.124    19.183 r  u_piece_logic/dc_bias[3]_i_3/O
                         net (fo=7, routed)           1.690    20.873    u_video/inst_dvid/TDMS_encoder_green/encoded_reg[2]_0[1]
    SLICE_X156Y140       LUT6 (Prop_lut6_I5_O)        0.124    20.997 r  u_video/inst_dvid/TDMS_encoder_green/dc_bias[3]_i_1__0/O
                         net (fo=1, routed)           0.000    20.997    u_video/inst_dvid/TDMS_encoder_green/dc_bias[3]_i_1__0_n_0
    SLICE_X156Y140       FDRE                                         r  u_video/inst_dvid/TDMS_encoder_green/dc_bias_reg[3]/D
  -------------------------------------------------------------------    -------------------

                         (clock clk_out1_clk_wiz_2 rise edge)
                                                      0.000     0.000 r  
    BUFGCTRL_X0Y1        BUFG                         0.000     0.000 r  clk_IBUF_BUFG_inst/O
                         net (fo=857, routed)         1.972     1.972    u_video/mmcm_adv_inst_display_clocks/inst/clk_in1
    MMCME2_ADV_X1Y0      MMCME2_ADV (Prop_mmcme2_adv_CLKIN1_CLKOUT0)
                                                     -4.637    -2.665 r  u_video/mmcm_adv_inst_display_clocks/inst/mmcm_adv_inst/CLKOUT0
                         net (fo=1, routed)           2.574    -0.091    u_video/mmcm_adv_inst_display_clocks/inst/clk_out1_clk_wiz_2
    BUFGCTRL_X0Y2        BUFG (Prop_bufg_I_O)         0.091     0.000 r  u_video/mmcm_adv_inst_display_clocks/inst/clkout1_buf/O
                         net (fo=85, routed)          1.709     1.709    u_video/inst_dvid/TDMS_encoder_green/CLK
    SLICE_X156Y140       FDRE                                         r  u_video/inst_dvid/TDMS_encoder_green/dc_bias_reg[3]/C

Slack:                    inf
  Source:                 u_piece_logic/s_piece_type_reg[2]/C
                            (rising edge-triggered cell FDRE)
  Destination:            u_video/inst_dvid/TDMS_encoder_green/dc_bias_reg[1]/D
                            (rising edge-triggered cell FDRE clocked by clk_out1_clk_wiz_2  {rise@0.000ns fall@20.000ns period=40.000ns})
  Path Group:             (none)
  Path Type:              Setup (Max at Slow Process Corner)
  Data Path Delay:        20.878ns  (logic 3.255ns (15.591%)  route 17.623ns (84.409%))
  Logic Levels:           14  (CARRY4=3 FDRE=1 LUT2=1 LUT3=1 LUT4=2 LUT5=2 LUT6=4)
  Clock Uncertainty:      0.190ns  ((TSJ^2 + DJ^2)^1/2) / 2 + PE
    Total System Jitter     (TSJ):    0.050ns
    Discrete Jitter          (DJ):    0.175ns
    Phase Error              (PE):    0.099ns

    Location             Delay type                Incr(ns)  Path(ns)    Netlist Resource(s)
  -------------------------------------------------------------------    -------------------
    SLICE_X135Y153       FDRE                         0.000     0.000 r  u_piece_logic/s_piece_type_reg[2]/C
    SLICE_X135Y153       FDRE (Prop_fdre_C_Q)         0.456     0.456 r  u_piece_logic/s_piece_type_reg[2]/Q
                         net (fo=75, routed)          6.290     6.746    u_piece_logic/piece_type[2]
    SLICE_X161Y198       LUT4 (Prop_lut4_I3_O)        0.124     6.870 r  u_piece_logic/__4/i_/O
                         net (fo=119, routed)         5.986    12.856    u_piece_logic/piece_cells[0][dy][0]
    SLICE_X125Y149       LUT6 (Prop_lut6_I4_O)        0.124    12.980 f  u_piece_logic/dc_bias[3]_i_1117/O
                         net (fo=1, routed)           0.520    13.500    u_piece_logic/dc_bias[3]_i_1117_n_0
    SLICE_X124Y149       LUT5 (Prop_lut5_I4_O)        0.124    13.624 r  u_piece_logic/dc_bias[3]_i_809/O
                         net (fo=1, routed)           0.000    13.624    u_video/inst_vga/u_color/dc_bias_reg[3]_i_231_0[0]
    SLICE_X124Y149       CARRY4 (Prop_carry4_S[0]_CO[3])
                                                      0.513    14.137 r  u_video/inst_vga/u_color/dc_bias_reg[3]_i_474/CO[3]
                         net (fo=1, routed)           0.001    14.138    u_video/inst_vga/u_color/dc_bias_reg[3]_i_474_n_0
    SLICE_X124Y150       CARRY4 (Prop_carry4_CI_CO[3])
                                                      0.117    14.255 r  u_video/inst_vga/u_color/dc_bias_reg[3]_i_231/CO[3]
                         net (fo=1, routed)           0.000    14.255    u_video/inst_vga/u_color/dc_bias_reg[3]_i_231_n_0
    SLICE_X124Y151       CARRY4 (Prop_carry4_CI_CO[0])
                                                      0.254    14.509 f  u_video/inst_vga/u_color/dc_bias_reg[3]_i_100/CO[0]
                         net (fo=1, routed)           0.471    14.980    u_video/inst_vga/u_color/dc_bias_reg[3]_i_100_n_3
    SLICE_X122Y154       LUT4 (Prop_lut4_I2_O)        0.367    15.347 f  u_video/inst_vga/u_color/dc_bias[3]_i_43__1/O
                         net (fo=1, routed)           0.159    15.506    u_video/inst_vga/u_color/dc_bias[3]_i_43__1_n_0
    SLICE_X122Y154       LUT5 (Prop_lut5_I4_O)        0.124    15.630 r  u_video/inst_vga/u_color/dc_bias[3]_i_14__0/O
                         net (fo=4, routed)           1.006    16.636    u_video/inst_vga/u_color/dc_bias[3]_i_43__1_0
    SLICE_X131Y152       LUT2 (Prop_lut2_I0_O)        0.152    16.788 f  u_video/inst_vga/u_color/dc_bias[3]_i_15__1/O
                         net (fo=3, routed)           0.584    17.372    u_piece_logic/dc_bias[3]_i_3__0
    SLICE_X132Y152       LUT3 (Prop_lut3_I2_O)        0.324    17.696 r  u_piece_logic/dc_bias[3]_i_21/O
                         net (fo=1, routed)           0.306    18.002    u_video/inst_vga/u_color/dc_bias[3]_i_3_0
    SLICE_X131Y152       LUT6 (Prop_lut6_I4_O)        0.328    18.330 r  u_video/inst_vga/u_color/dc_bias[3]_i_7__0/O
                         net (fo=1, routed)           0.729    19.059    u_piece_logic/encoded_reg[8]
    SLICE_X135Y148       LUT6 (Prop_lut6_I4_O)        0.124    19.183 r  u_piece_logic/dc_bias[3]_i_3/O
                         net (fo=7, routed)           1.570    20.754    u_video/inst_dvid/TDMS_encoder_green/encoded_reg[2]_0[1]
    SLICE_X156Y140       LUT6 (Prop_lut6_I5_O)        0.124    20.878 r  u_video/inst_dvid/TDMS_encoder_green/dc_bias[1]_i_1__0/O
                         net (fo=1, routed)           0.000    20.878    u_video/inst_dvid/TDMS_encoder_green/dc_bias[1]_i_1__0_n_0
    SLICE_X156Y140       FDRE                                         r  u_video/inst_dvid/TDMS_encoder_green/dc_bias_reg[1]/D
  -------------------------------------------------------------------    -------------------

                         (clock clk_out1_clk_wiz_2 rise edge)
                                                      0.000     0.000 r  
    BUFGCTRL_X0Y1        BUFG                         0.000     0.000 r  clk_IBUF_BUFG_inst/O
                         net (fo=857, routed)         1.972     1.972    u_video/mmcm_adv_inst_display_clocks/inst/clk_in1
    MMCME2_ADV_X1Y0      MMCME2_ADV (Prop_mmcme2_adv_CLKIN1_CLKOUT0)
                                                     -4.637    -2.665 r  u_video/mmcm_adv_inst_display_clocks/inst/mmcm_adv_inst/CLKOUT0
                         net (fo=1, routed)           2.574    -0.091    u_video/mmcm_adv_inst_display_clocks/inst/clk_out1_clk_wiz_2
    BUFGCTRL_X0Y2        BUFG (Prop_bufg_I_O)         0.091     0.000 r  u_video/mmcm_adv_inst_display_clocks/inst/clkout1_buf/O
                         net (fo=85, routed)          1.709     1.709    u_video/inst_dvid/TDMS_encoder_green/CLK
    SLICE_X156Y140       FDRE                                         r  u_video/inst_dvid/TDMS_encoder_green/dc_bias_reg[1]/C

Slack:                    inf
  Source:                 u_piece_logic/s_piece_type_reg[2]/C
                            (rising edge-triggered cell FDRE)
  Destination:            u_video/inst_dvid/TDMS_encoder_green/dc_bias_reg[0]/D
                            (rising edge-triggered cell FDRE clocked by clk_out1_clk_wiz_2  {rise@0.000ns fall@20.000ns period=40.000ns})
  Path Group:             (none)
  Path Type:              Setup (Max at Slow Process Corner)
  Data Path Delay:        20.874ns  (logic 3.255ns (15.594%)  route 17.619ns (84.406%))
  Logic Levels:           14  (CARRY4=3 FDRE=1 LUT2=1 LUT3=1 LUT4=2 LUT5=2 LUT6=4)
  Clock Uncertainty:      0.190ns  ((TSJ^2 + DJ^2)^1/2) / 2 + PE
    Total System Jitter     (TSJ):    0.050ns
    Discrete Jitter          (DJ):    0.175ns
    Phase Error              (PE):    0.099ns

    Location             Delay type                Incr(ns)  Path(ns)    Netlist Resource(s)
  -------------------------------------------------------------------    -------------------
    SLICE_X135Y153       FDRE                         0.000     0.000 r  u_piece_logic/s_piece_type_reg[2]/C
    SLICE_X135Y153       FDRE (Prop_fdre_C_Q)         0.456     0.456 r  u_piece_logic/s_piece_type_reg[2]/Q
                         net (fo=75, routed)          6.290     6.746    u_piece_logic/piece_type[2]
    SLICE_X161Y198       LUT4 (Prop_lut4_I3_O)        0.124     6.870 r  u_piece_logic/__4/i_/O
                         net (fo=119, routed)         5.986    12.856    u_piece_logic/piece_cells[0][dy][0]
    SLICE_X125Y149       LUT6 (Prop_lut6_I4_O)        0.124    12.980 f  u_piece_logic/dc_bias[3]_i_1117/O
                         net (fo=1, routed)           0.520    13.500    u_piece_logic/dc_bias[3]_i_1117_n_0
    SLICE_X124Y149       LUT5 (Prop_lut5_I4_O)        0.124    13.624 r  u_piece_logic/dc_bias[3]_i_809/O
                         net (fo=1, routed)           0.000    13.624    u_video/inst_vga/u_color/dc_bias_reg[3]_i_231_0[0]
    SLICE_X124Y149       CARRY4 (Prop_carry4_S[0]_CO[3])
                                                      0.513    14.137 r  u_video/inst_vga/u_color/dc_bias_reg[3]_i_474/CO[3]
                         net (fo=1, routed)           0.001    14.138    u_video/inst_vga/u_color/dc_bias_reg[3]_i_474_n_0
    SLICE_X124Y150       CARRY4 (Prop_carry4_CI_CO[3])
                                                      0.117    14.255 r  u_video/inst_vga/u_color/dc_bias_reg[3]_i_231/CO[3]
                         net (fo=1, routed)           0.000    14.255    u_video/inst_vga/u_color/dc_bias_reg[3]_i_231_n_0
    SLICE_X124Y151       CARRY4 (Prop_carry4_CI_CO[0])
                                                      0.254    14.509 f  u_video/inst_vga/u_color/dc_bias_reg[3]_i_100/CO[0]
                         net (fo=1, routed)           0.471    14.980    u_video/inst_vga/u_color/dc_bias_reg[3]_i_100_n_3
    SLICE_X122Y154       LUT4 (Prop_lut4_I2_O)        0.367    15.347 f  u_video/inst_vga/u_color/dc_bias[3]_i_43__1/O
                         net (fo=1, routed)           0.159    15.506    u_video/inst_vga/u_color/dc_bias[3]_i_43__1_n_0
    SLICE_X122Y154       LUT5 (Prop_lut5_I4_O)        0.124    15.630 r  u_video/inst_vga/u_color/dc_bias[3]_i_14__0/O
                         net (fo=4, routed)           1.006    16.636    u_video/inst_vga/u_color/dc_bias[3]_i_43__1_0
    SLICE_X131Y152       LUT2 (Prop_lut2_I0_O)        0.152    16.788 f  u_video/inst_vga/u_color/dc_bias[3]_i_15__1/O
                         net (fo=3, routed)           0.584    17.372    u_piece_logic/dc_bias[3]_i_3__0
    SLICE_X132Y152       LUT3 (Prop_lut3_I2_O)        0.324    17.696 r  u_piece_logic/dc_bias[3]_i_21/O
                         net (fo=1, routed)           0.306    18.002    u_video/inst_vga/u_color/dc_bias[3]_i_3_0
    SLICE_X131Y152       LUT6 (Prop_lut6_I4_O)        0.328    18.330 r  u_video/inst_vga/u_color/dc_bias[3]_i_7__0/O
                         net (fo=1, routed)           0.729    19.059    u_piece_logic/encoded_reg[8]
    SLICE_X135Y148       LUT6 (Prop_lut6_I4_O)        0.124    19.183 r  u_piece_logic/dc_bias[3]_i_3/O
                         net (fo=7, routed)           1.566    20.750    u_video/inst_dvid/TDMS_encoder_green/encoded_reg[2]_0[1]
    SLICE_X156Y140       LUT6 (Prop_lut6_I5_O)        0.124    20.874 r  u_video/inst_dvid/TDMS_encoder_green/dc_bias[0]_i_1__0/O
                         net (fo=1, routed)           0.000    20.874    u_video/inst_dvid/TDMS_encoder_green/dc_bias[0]_i_1__0_n_0
    SLICE_X156Y140       FDRE                                         r  u_video/inst_dvid/TDMS_encoder_green/dc_bias_reg[0]/D
  -------------------------------------------------------------------    -------------------

                         (clock clk_out1_clk_wiz_2 rise edge)
                                                      0.000     0.000 r  
    BUFGCTRL_X0Y1        BUFG                         0.000     0.000 r  clk_IBUF_BUFG_inst/O
                         net (fo=857, routed)         1.972     1.972    u_video/mmcm_adv_inst_display_clocks/inst/clk_in1
    MMCME2_ADV_X1Y0      MMCME2_ADV (Prop_mmcme2_adv_CLKIN1_CLKOUT0)
                                                     -4.637    -2.665 r  u_video/mmcm_adv_inst_display_clocks/inst/mmcm_adv_inst/CLKOUT0
                         net (fo=1, routed)           2.574    -0.091    u_video/mmcm_adv_inst_display_clocks/inst/clk_out1_clk_wiz_2
    BUFGCTRL_X0Y2        BUFG (Prop_bufg_I_O)         0.091     0.000 r  u_video/mmcm_adv_inst_display_clocks/inst/clkout1_buf/O
                         net (fo=85, routed)          1.709     1.709    u_video/inst_dvid/TDMS_encoder_green/CLK
    SLICE_X156Y140       FDRE                                         r  u_video/inst_dvid/TDMS_encoder_green/dc_bias_reg[0]/C

Slack:                    inf
  Source:                 u_piece_logic/s_piece_type_reg[2]/C
                            (rising edge-triggered cell FDRE)
  Destination:            u_video/inst_dvid/TDMS_encoder_blue/encoded_reg[9]/D
                            (rising edge-triggered cell FDRE clocked by clk_out1_clk_wiz_2  {rise@0.000ns fall@20.000ns period=40.000ns})
  Path Group:             (none)
  Path Type:              Setup (Max at Slow Process Corner)
  Data Path Delay:        20.548ns  (logic 3.287ns (15.997%)  route 17.261ns (84.003%))
  Logic Levels:           14  (CARRY4=3 FDRE=1 LUT2=2 LUT3=1 LUT4=2 LUT5=2 LUT6=3)
  Clock Uncertainty:      0.190ns  ((TSJ^2 + DJ^2)^1/2) / 2 + PE
    Total System Jitter     (TSJ):    0.050ns
    Discrete Jitter          (DJ):    0.175ns
    Phase Error              (PE):    0.099ns

    Location             Delay type                Incr(ns)  Path(ns)    Netlist Resource(s)
  -------------------------------------------------------------------    -------------------
    SLICE_X135Y153       FDRE                         0.000     0.000 r  u_piece_logic/s_piece_type_reg[2]/C
    SLICE_X135Y153       FDRE (Prop_fdre_C_Q)         0.456     0.456 r  u_piece_logic/s_piece_type_reg[2]/Q
                         net (fo=75, routed)          6.290     6.746    u_piece_logic/piece_type[2]
    SLICE_X161Y198       LUT4 (Prop_lut4_I3_O)        0.124     6.870 r  u_piece_logic/__4/i_/O
                         net (fo=119, routed)         5.986    12.856    u_piece_logic/piece_cells[0][dy][0]
    SLICE_X125Y149       LUT6 (Prop_lut6_I4_O)        0.124    12.980 f  u_piece_logic/dc_bias[3]_i_1117/O
                         net (fo=1, routed)           0.520    13.500    u_piece_logic/dc_bias[3]_i_1117_n_0
    SLICE_X124Y149       LUT5 (Prop_lut5_I4_O)        0.124    13.624 r  u_piece_logic/dc_bias[3]_i_809/O
                         net (fo=1, routed)           0.000    13.624    u_video/inst_vga/u_color/dc_bias_reg[3]_i_231_0[0]
    SLICE_X124Y149       CARRY4 (Prop_carry4_S[0]_CO[3])
                                                      0.513    14.137 r  u_video/inst_vga/u_color/dc_bias_reg[3]_i_474/CO[3]
                         net (fo=1, routed)           0.001    14.138    u_video/inst_vga/u_color/dc_bias_reg[3]_i_474_n_0
    SLICE_X124Y150       CARRY4 (Prop_carry4_CI_CO[3])
                                                      0.117    14.255 r  u_video/inst_vga/u_color/dc_bias_reg[3]_i_231/CO[3]
                         net (fo=1, routed)           0.000    14.255    u_video/inst_vga/u_color/dc_bias_reg[3]_i_231_n_0
    SLICE_X124Y151       CARRY4 (Prop_carry4_CI_CO[0])
                                                      0.254    14.509 f  u_video/inst_vga/u_color/dc_bias_reg[3]_i_100/CO[0]
                         net (fo=1, routed)           0.471    14.980    u_video/inst_vga/u_color/dc_bias_reg[3]_i_100_n_3
    SLICE_X122Y154       LUT4 (Prop_lut4_I2_O)        0.367    15.347 f  u_video/inst_vga/u_color/dc_bias[3]_i_43__1/O
                         net (fo=1, routed)           0.159    15.506    u_video/inst_vga/u_color/dc_bias[3]_i_43__1_n_0
    SLICE_X122Y154       LUT5 (Prop_lut5_I4_O)        0.124    15.630 r  u_video/inst_vga/u_color/dc_bias[3]_i_14__0/O
                         net (fo=4, routed)           1.006    16.636    u_video/inst_vga/u_color/dc_bias[3]_i_43__1_0
    SLICE_X131Y152       LUT2 (Prop_lut2_I0_O)        0.152    16.788 f  u_video/inst_vga/u_color/dc_bias[3]_i_15__1/O
                         net (fo=3, routed)           0.584    17.372    u_piece_logic/dc_bias[3]_i_3__0
    SLICE_X132Y152       LUT3 (Prop_lut3_I0_O)        0.332    17.704 f  u_piece_logic/dc_bias[3]_i_12/O
                         net (fo=1, routed)           0.295    18.000    u_video/inst_vga/u_color/encoded_reg[1]
    SLICE_X133Y152       LUT6 (Prop_lut6_I4_O)        0.124    18.124 r  u_video/inst_vga/u_color/dc_bias[3]_i_3__0/O
                         net (fo=9, routed)           1.335    19.459    u_video/inst_vga/u_color/next_piece_type_reg[2]
    SLICE_X146Y147       LUT2 (Prop_lut2_I0_O)        0.148    19.607 r  u_video/inst_vga/u_color/encoded[1]_i_2/O
                         net (fo=3, routed)           0.613    20.220    u_video/inst_vga/u_vga_sig/encoded_reg[9]
    SLICE_X146Y145       LUT6 (Prop_lut6_I1_O)        0.328    20.548 r  u_video/inst_vga/u_vga_sig/encoded[9]_i_1/O
                         net (fo=1, routed)           0.000    20.548    u_video/inst_dvid/TDMS_encoder_blue/encoded_reg[9]_0
    SLICE_X146Y145       FDRE                                         r  u_video/inst_dvid/TDMS_encoder_blue/encoded_reg[9]/D
  -------------------------------------------------------------------    -------------------

                         (clock clk_out1_clk_wiz_2 rise edge)
                                                      0.000     0.000 r  
    BUFGCTRL_X0Y1        BUFG                         0.000     0.000 r  clk_IBUF_BUFG_inst/O
                         net (fo=857, routed)         1.972     1.972    u_video/mmcm_adv_inst_display_clocks/inst/clk_in1
    MMCME2_ADV_X1Y0      MMCME2_ADV (Prop_mmcme2_adv_CLKIN1_CLKOUT0)
                                                     -4.637    -2.665 r  u_video/mmcm_adv_inst_display_clocks/inst/mmcm_adv_inst/CLKOUT0
                         net (fo=1, routed)           2.574    -0.091    u_video/mmcm_adv_inst_display_clocks/inst/clk_out1_clk_wiz_2
    BUFGCTRL_X0Y2        BUFG (Prop_bufg_I_O)         0.091     0.000 r  u_video/mmcm_adv_inst_display_clocks/inst/clkout1_buf/O
                         net (fo=85, routed)          1.635     1.635    u_video/inst_dvid/TDMS_encoder_blue/CLK
    SLICE_X146Y145       FDRE                                         r  u_video/inst_dvid/TDMS_encoder_blue/encoded_reg[9]/C

Slack:                    inf
  Source:                 u_piece_logic/s_piece_type_reg[2]/C
                            (rising edge-triggered cell FDRE)
  Destination:            u_video/inst_dvid/TDMS_encoder_blue/encoded_reg[0]/D
                            (rising edge-triggered cell FDRE clocked by clk_out1_clk_wiz_2  {rise@0.000ns fall@20.000ns period=40.000ns})
  Path Group:             (none)
  Path Type:              Setup (Max at Slow Process Corner)
  Data Path Delay:        20.534ns  (logic 3.287ns (16.008%)  route 17.247ns (83.992%))
  Logic Levels:           14  (CARRY4=3 FDRE=1 LUT2=2 LUT3=1 LUT4=2 LUT5=3 LUT6=2)
  Clock Uncertainty:      0.190ns  ((TSJ^2 + DJ^2)^1/2) / 2 + PE
    Total System Jitter     (TSJ):    0.050ns
    Discrete Jitter          (DJ):    0.175ns
    Phase Error              (PE):    0.099ns

    Location             Delay type                Incr(ns)  Path(ns)    Netlist Resource(s)
  -------------------------------------------------------------------    -------------------
    SLICE_X135Y153       FDRE                         0.000     0.000 r  u_piece_logic/s_piece_type_reg[2]/C
    SLICE_X135Y153       FDRE (Prop_fdre_C_Q)         0.456     0.456 r  u_piece_logic/s_piece_type_reg[2]/Q
                         net (fo=75, routed)          6.290     6.746    u_piece_logic/piece_type[2]
    SLICE_X161Y198       LUT4 (Prop_lut4_I3_O)        0.124     6.870 r  u_piece_logic/__4/i_/O
                         net (fo=119, routed)         5.986    12.856    u_piece_logic/piece_cells[0][dy][0]
    SLICE_X125Y149       LUT6 (Prop_lut6_I4_O)        0.124    12.980 f  u_piece_logic/dc_bias[3]_i_1117/O
                         net (fo=1, routed)           0.520    13.500    u_piece_logic/dc_bias[3]_i_1117_n_0
    SLICE_X124Y149       LUT5 (Prop_lut5_I4_O)        0.124    13.624 r  u_piece_logic/dc_bias[3]_i_809/O
                         net (fo=1, routed)           0.000    13.624    u_video/inst_vga/u_color/dc_bias_reg[3]_i_231_0[0]
    SLICE_X124Y149       CARRY4 (Prop_carry4_S[0]_CO[3])
                                                      0.513    14.137 r  u_video/inst_vga/u_color/dc_bias_reg[3]_i_474/CO[3]
                         net (fo=1, routed)           0.001    14.138    u_video/inst_vga/u_color/dc_bias_reg[3]_i_474_n_0
    SLICE_X124Y150       CARRY4 (Prop_carry4_CI_CO[3])
                                                      0.117    14.255 r  u_video/inst_vga/u_color/dc_bias_reg[3]_i_231/CO[3]
                         net (fo=1, routed)           0.000    14.255    u_video/inst_vga/u_color/dc_bias_reg[3]_i_231_n_0
    SLICE_X124Y151       CARRY4 (Prop_carry4_CI_CO[0])
                                                      0.254    14.509 f  u_video/inst_vga/u_color/dc_bias_reg[3]_i_100/CO[0]
                         net (fo=1, routed)           0.471    14.980    u_video/inst_vga/u_color/dc_bias_reg[3]_i_100_n_3
    SLICE_X122Y154       LUT4 (Prop_lut4_I2_O)        0.367    15.347 f  u_video/inst_vga/u_color/dc_bias[3]_i_43__1/O
                         net (fo=1, routed)           0.159    15.506    u_video/inst_vga/u_color/dc_bias[3]_i_43__1_n_0
    SLICE_X122Y154       LUT5 (Prop_lut5_I4_O)        0.124    15.630 r  u_video/inst_vga/u_color/dc_bias[3]_i_14__0/O
                         net (fo=4, routed)           1.006    16.636    u_video/inst_vga/u_color/dc_bias[3]_i_43__1_0
    SLICE_X131Y152       LUT2 (Prop_lut2_I0_O)        0.152    16.788 f  u_video/inst_vga/u_color/dc_bias[3]_i_15__1/O
                         net (fo=3, routed)           0.584    17.372    u_piece_logic/dc_bias[3]_i_3__0
    SLICE_X132Y152       LUT3 (Prop_lut3_I0_O)        0.332    17.704 f  u_piece_logic/dc_bias[3]_i_12/O
                         net (fo=1, routed)           0.295    18.000    u_video/inst_vga/u_color/encoded_reg[1]
    SLICE_X133Y152       LUT6 (Prop_lut6_I4_O)        0.124    18.124 r  u_video/inst_vga/u_color/dc_bias[3]_i_3__0/O
                         net (fo=9, routed)           1.335    19.459    u_video/inst_vga/u_color/next_piece_type_reg[2]
    SLICE_X146Y147       LUT2 (Prop_lut2_I0_O)        0.148    19.607 r  u_video/inst_vga/u_color/encoded[1]_i_2/O
                         net (fo=3, routed)           0.599    20.206    u_video/inst_vga/u_vga_sig/encoded_reg[9]
    SLICE_X146Y145       LUT5 (Prop_lut5_I4_O)        0.328    20.534 r  u_video/inst_vga/u_vga_sig/encoded[0]_i_1/O
                         net (fo=1, routed)           0.000    20.534    u_video/inst_dvid/TDMS_encoder_blue/encoded_reg[4]_0[0]
    SLICE_X146Y145       FDRE                                         r  u_video/inst_dvid/TDMS_encoder_blue/encoded_reg[0]/D
  -------------------------------------------------------------------    -------------------

                         (clock clk_out1_clk_wiz_2 rise edge)
                                                      0.000     0.000 r  
    BUFGCTRL_X0Y1        BUFG                         0.000     0.000 r  clk_IBUF_BUFG_inst/O
                         net (fo=857, routed)         1.972     1.972    u_video/mmcm_adv_inst_display_clocks/inst/clk_in1
    MMCME2_ADV_X1Y0      MMCME2_ADV (Prop_mmcme2_adv_CLKIN1_CLKOUT0)
                                                     -4.637    -2.665 r  u_video/mmcm_adv_inst_display_clocks/inst/mmcm_adv_inst/CLKOUT0
                         net (fo=1, routed)           2.574    -0.091    u_video/mmcm_adv_inst_display_clocks/inst/clk_out1_clk_wiz_2
    BUFGCTRL_X0Y2        BUFG (Prop_bufg_I_O)         0.091     0.000 r  u_video/mmcm_adv_inst_display_clocks/inst/clkout1_buf/O
                         net (fo=85, routed)          1.635     1.635    u_video/inst_dvid/TDMS_encoder_blue/CLK
    SLICE_X146Y145       FDRE                                         r  u_video/inst_dvid/TDMS_encoder_blue/encoded_reg[0]/C





Min Delay Paths
--------------------------------------------------------------------------------------
Slack:                    inf
  Source:                 u_piece_logic/next_piece_type_reg[1]/C
                            (rising edge-triggered cell FDRE)
  Destination:            u_video/inst_dvid/TDMS_encoder_blue/dc_bias_reg[1]/D
                            (rising edge-triggered cell FDRE clocked by clk_out1_clk_wiz_2  {rise@0.000ns fall@20.000ns period=40.000ns})
  Path Group:             (none)
  Path Type:              Hold (Min at Fast Process Corner)
  Data Path Delay:        0.970ns  (logic 0.231ns (23.813%)  route 0.739ns (76.187%))
  Logic Levels:           3  (FDRE=1 LUT6=2)
  Clock Uncertainty:      0.190ns  ((TSJ^2 + DJ^2)^1/2) / 2 + PE
    Total System Jitter     (TSJ):    0.050ns
    Discrete Jitter          (DJ):    0.175ns
    Phase Error              (PE):    0.099ns

    Location             Delay type                Incr(ns)  Path(ns)    Netlist Resource(s)
  -------------------------------------------------------------------    -------------------
    SLICE_X134Y153       FDRE                         0.000     0.000 r  u_piece_logic/next_piece_type_reg[1]/C
    SLICE_X134Y153       FDRE (Prop_fdre_C_Q)         0.141     0.141 f  u_piece_logic/next_piece_type_reg[1]/Q
                         net (fo=17, routed)          0.259     0.400    u_video/inst_vga/u_color/next_type[1]
    SLICE_X133Y152       LUT6 (Prop_lut6_I2_O)        0.045     0.445 r  u_video/inst_vga/u_color/dc_bias[3]_i_3__0/O
                         net (fo=9, routed)           0.480     0.925    u_video/inst_dvid/TDMS_encoder_blue/pixel[color][0]
    SLICE_X147Y147       LUT6 (Prop_lut6_I5_O)        0.045     0.970 r  u_video/inst_dvid/TDMS_encoder_blue/dc_bias[1]_i_1/O
                         net (fo=1, routed)           0.000     0.970    u_video/inst_dvid/TDMS_encoder_blue/dc_bias[1]_i_1_n_0
    SLICE_X147Y147       FDRE                                         r  u_video/inst_dvid/TDMS_encoder_blue/dc_bias_reg[1]/D
  -------------------------------------------------------------------    -------------------

                         (clock clk_out1_clk_wiz_2 rise edge)
                                                      0.000     0.000 r  
    BUFGCTRL_X0Y1        BUFG                         0.000     0.000 r  clk_IBUF_BUFG_inst/O
                         net (fo=857, routed)         1.022     1.022    u_video/mmcm_adv_inst_display_clocks/inst/clk_in1
    MMCME2_ADV_X1Y0      MMCME2_ADV (Prop_mmcme2_adv_CLKIN1_CLKOUT0)
                                                     -2.040    -1.018 r  u_video/mmcm_adv_inst_display_clocks/inst/mmcm_adv_inst/CLKOUT0
                         net (fo=1, routed)           0.989    -0.029    u_video/mmcm_adv_inst_display_clocks/inst/clk_out1_clk_wiz_2
    BUFGCTRL_X0Y2        BUFG (Prop_bufg_I_O)         0.029    -0.000 r  u_video/mmcm_adv_inst_display_clocks/inst/clkout1_buf/O
                         net (fo=85, routed)          0.893     0.893    u_video/inst_dvid/TDMS_encoder_blue/CLK
    SLICE_X147Y147       FDRE                                         r  u_video/inst_dvid/TDMS_encoder_blue/dc_bias_reg[1]/C

Slack:                    inf
  Source:                 u_piece_logic/next_piece_type_reg[1]/C
                            (rising edge-triggered cell FDRE)
  Destination:            u_video/inst_dvid/TDMS_encoder_blue/dc_bias_reg[2]/D
                            (rising edge-triggered cell FDRE clocked by clk_out1_clk_wiz_2  {rise@0.000ns fall@20.000ns period=40.000ns})
  Path Group:             (none)
  Path Type:              Hold (Min at Fast Process Corner)
  Data Path Delay:        0.971ns  (logic 0.231ns (23.788%)  route 0.740ns (76.212%))
  Logic Levels:           3  (FDRE=1 LUT6=2)
  Clock Uncertainty:      0.190ns  ((TSJ^2 + DJ^2)^1/2) / 2 + PE
    Total System Jitter     (TSJ):    0.050ns
    Discrete Jitter          (DJ):    0.175ns
    Phase Error              (PE):    0.099ns

    Location             Delay type                Incr(ns)  Path(ns)    Netlist Resource(s)
  -------------------------------------------------------------------    -------------------
    SLICE_X134Y153       FDRE                         0.000     0.000 r  u_piece_logic/next_piece_type_reg[1]/C
    SLICE_X134Y153       FDRE (Prop_fdre_C_Q)         0.141     0.141 f  u_piece_logic/next_piece_type_reg[1]/Q
                         net (fo=17, routed)          0.259     0.400    u_video/inst_vga/u_color/next_type[1]
    SLICE_X133Y152       LUT6 (Prop_lut6_I2_O)        0.045     0.445 r  u_video/inst_vga/u_color/dc_bias[3]_i_3__0/O
                         net (fo=9, routed)           0.481     0.926    u_video/inst_dvid/TDMS_encoder_blue/pixel[color][0]
    SLICE_X147Y147       LUT6 (Prop_lut6_I5_O)        0.045     0.971 r  u_video/inst_dvid/TDMS_encoder_blue/dc_bias[2]_i_1/O
                         net (fo=1, routed)           0.000     0.971    u_video/inst_dvid/TDMS_encoder_blue/dc_bias[2]_i_1_n_0
    SLICE_X147Y147       FDRE                                         r  u_video/inst_dvid/TDMS_encoder_blue/dc_bias_reg[2]/D
  -------------------------------------------------------------------    -------------------

                         (clock clk_out1_clk_wiz_2 rise edge)
                                                      0.000     0.000 r  
    BUFGCTRL_X0Y1        BUFG                         0.000     0.000 r  clk_IBUF_BUFG_inst/O
                         net (fo=857, routed)         1.022     1.022    u_video/mmcm_adv_inst_display_clocks/inst/clk_in1
    MMCME2_ADV_X1Y0      MMCME2_ADV (Prop_mmcme2_adv_CLKIN1_CLKOUT0)
                                                     -2.040    -1.018 r  u_video/mmcm_adv_inst_display_clocks/inst/mmcm_adv_inst/CLKOUT0
                         net (fo=1, routed)           0.989    -0.029    u_video/mmcm_adv_inst_display_clocks/inst/clk_out1_clk_wiz_2
    BUFGCTRL_X0Y2        BUFG (Prop_bufg_I_O)         0.029    -0.000 r  u_video/mmcm_adv_inst_display_clocks/inst/clkout1_buf/O
                         net (fo=85, routed)          0.893     0.893    u_video/inst_dvid/TDMS_encoder_blue/CLK
    SLICE_X147Y147       FDRE                                         r  u_video/inst_dvid/TDMS_encoder_blue/dc_bias_reg[2]/C

Slack:                    inf
  Source:                 u_piece_logic/next_piece_type_reg[1]/C
                            (rising edge-triggered cell FDRE)
  Destination:            u_video/inst_dvid/TDMS_encoder_blue/dc_bias_reg[3]/D
                            (rising edge-triggered cell FDRE clocked by clk_out1_clk_wiz_2  {rise@0.000ns fall@20.000ns period=40.000ns})
  Path Group:             (none)
  Path Type:              Hold (Min at Fast Process Corner)
  Data Path Delay:        0.972ns  (logic 0.231ns (23.755%)  route 0.741ns (76.245%))
  Logic Levels:           3  (FDRE=1 LUT6=2)
  Clock Uncertainty:      0.190ns  ((TSJ^2 + DJ^2)^1/2) / 2 + PE
    Total System Jitter     (TSJ):    0.050ns
    Discrete Jitter          (DJ):    0.175ns
    Phase Error              (PE):    0.099ns

    Location             Delay type                Incr(ns)  Path(ns)    Netlist Resource(s)
  -------------------------------------------------------------------    -------------------
    SLICE_X134Y153       FDRE                         0.000     0.000 r  u_piece_logic/next_piece_type_reg[1]/C
    SLICE_X134Y153       FDRE (Prop_fdre_C_Q)         0.141     0.141 f  u_piece_logic/next_piece_type_reg[1]/Q
                         net (fo=17, routed)          0.259     0.400    u_video/inst_vga/u_color/next_type[1]
    SLICE_X133Y152       LUT6 (Prop_lut6_I2_O)        0.045     0.445 r  u_video/inst_vga/u_color/dc_bias[3]_i_3__0/O
                         net (fo=9, routed)           0.483     0.927    u_video/inst_dvid/TDMS_encoder_blue/pixel[color][0]
    SLICE_X147Y147       LUT6 (Prop_lut6_I5_O)        0.045     0.972 r  u_video/inst_dvid/TDMS_encoder_blue/dc_bias[3]_i_1/O
                         net (fo=1, routed)           0.000     0.972    u_video/inst_dvid/TDMS_encoder_blue/dc_bias[3]_i_1_n_0
    SLICE_X147Y147       FDRE                                         r  u_video/inst_dvid/TDMS_encoder_blue/dc_bias_reg[3]/D
  -------------------------------------------------------------------    -------------------

                         (clock clk_out1_clk_wiz_2 rise edge)
                                                      0.000     0.000 r  
    BUFGCTRL_X0Y1        BUFG                         0.000     0.000 r  clk_IBUF_BUFG_inst/O
                         net (fo=857, routed)         1.022     1.022    u_video/mmcm_adv_inst_display_clocks/inst/clk_in1
    MMCME2_ADV_X1Y0      MMCME2_ADV (Prop_mmcme2_adv_CLKIN1_CLKOUT0)
                                                     -2.040    -1.018 r  u_video/mmcm_adv_inst_display_clocks/inst/mmcm_adv_inst/CLKOUT0
                         net (fo=1, routed)           0.989    -0.029    u_video/mmcm_adv_inst_display_clocks/inst/clk_out1_clk_wiz_2
    BUFGCTRL_X0Y2        BUFG (Prop_bufg_I_O)         0.029    -0.000 r  u_video/mmcm_adv_inst_display_clocks/inst/clkout1_buf/O
                         net (fo=85, routed)          0.893     0.893    u_video/inst_dvid/TDMS_encoder_blue/CLK
    SLICE_X147Y147       FDRE                                         r  u_video/inst_dvid/TDMS_encoder_blue/dc_bias_reg[3]/C

Slack:                    inf
  Source:                 u_piece_logic/next_piece_type_reg[1]/C
                            (rising edge-triggered cell FDRE)
  Destination:            u_video/inst_dvid/TDMS_encoder_blue/dc_bias_reg[0]/D
                            (rising edge-triggered cell FDRE clocked by clk_out1_clk_wiz_2  {rise@0.000ns fall@20.000ns period=40.000ns})
  Path Group:             (none)
  Path Type:              Hold (Min at Fast Process Corner)
  Data Path Delay:        1.027ns  (logic 0.231ns (22.483%)  route 0.796ns (77.517%))
  Logic Levels:           3  (FDRE=1 LUT6=2)
  Clock Uncertainty:      0.190ns  ((TSJ^2 + DJ^2)^1/2) / 2 + PE
    Total System Jitter     (TSJ):    0.050ns
    Discrete Jitter          (DJ):    0.175ns
    Phase Error              (PE):    0.099ns

    Location             Delay type                Incr(ns)  Path(ns)    Netlist Resource(s)
  -------------------------------------------------------------------    -------------------
    SLICE_X134Y153       FDRE                         0.000     0.000 r  u_piece_logic/next_piece_type_reg[1]/C
    SLICE_X134Y153       FDRE (Prop_fdre_C_Q)         0.141     0.141 f  u_piece_logic/next_piece_type_reg[1]/Q
                         net (fo=17, routed)          0.259     0.400    u_video/inst_vga/u_color/next_type[1]
    SLICE_X133Y152       LUT6 (Prop_lut6_I2_O)        0.045     0.445 r  u_video/inst_vga/u_color/dc_bias[3]_i_3__0/O
                         net (fo=9, routed)           0.538     0.982    u_video/inst_dvid/TDMS_encoder_blue/pixel[color][0]
    SLICE_X147Y147       LUT6 (Prop_lut6_I5_O)        0.045     1.027 r  u_video/inst_dvid/TDMS_encoder_blue/dc_bias[0]_i_1/O
                         net (fo=1, routed)           0.000     1.027    u_video/inst_dvid/TDMS_encoder_blue/dc_bias[0]_i_1_n_0
    SLICE_X147Y147       FDRE                                         r  u_video/inst_dvid/TDMS_encoder_blue/dc_bias_reg[0]/D
  -------------------------------------------------------------------    -------------------

                         (clock clk_out1_clk_wiz_2 rise edge)
                                                      0.000     0.000 r  
    BUFGCTRL_X0Y1        BUFG                         0.000     0.000 r  clk_IBUF_BUFG_inst/O
                         net (fo=857, routed)         1.022     1.022    u_video/mmcm_adv_inst_display_clocks/inst/clk_in1
    MMCME2_ADV_X1Y0      MMCME2_ADV (Prop_mmcme2_adv_CLKIN1_CLKOUT0)
                                                     -2.040    -1.018 r  u_video/mmcm_adv_inst_display_clocks/inst/mmcm_adv_inst/CLKOUT0
                         net (fo=1, routed)           0.989    -0.029    u_video/mmcm_adv_inst_display_clocks/inst/clk_out1_clk_wiz_2
    BUFGCTRL_X0Y2        BUFG (Prop_bufg_I_O)         0.029    -0.000 r  u_video/mmcm_adv_inst_display_clocks/inst/clkout1_buf/O
                         net (fo=85, routed)          0.893     0.893    u_video/inst_dvid/TDMS_encoder_blue/CLK
    SLICE_X147Y147       FDRE                                         r  u_video/inst_dvid/TDMS_encoder_blue/dc_bias_reg[0]/C

Slack:                    inf
  Source:                 u_piece_logic/next_piece_type_reg[1]/C
                            (rising edge-triggered cell FDRE)
  Destination:            u_video/inst_dvid/TDMS_encoder_blue/encoded_reg[2]/D
                            (rising edge-triggered cell FDRE clocked by clk_out1_clk_wiz_2  {rise@0.000ns fall@20.000ns period=40.000ns})
  Path Group:             (none)
  Path Type:              Hold (Min at Fast Process Corner)
  Data Path Delay:        1.030ns  (logic 0.231ns (22.423%)  route 0.799ns (77.577%))
  Logic Levels:           3  (FDRE=1 LUT6=2)
  Clock Uncertainty:      0.190ns  ((TSJ^2 + DJ^2)^1/2) / 2 + PE
    Total System Jitter     (TSJ):    0.050ns
    Discrete Jitter          (DJ):    0.175ns
    Phase Error              (PE):    0.099ns

    Location             Delay type                Incr(ns)  Path(ns)    Netlist Resource(s)
  -------------------------------------------------------------------    -------------------
    SLICE_X134Y153       FDRE                         0.000     0.000 r  u_piece_logic/next_piece_type_reg[1]/C
    SLICE_X134Y153       FDRE (Prop_fdre_C_Q)         0.141     0.141 f  u_piece_logic/next_piece_type_reg[1]/Q
                         net (fo=17, routed)          0.259     0.400    u_video/inst_vga/u_color/next_type[1]
    SLICE_X133Y152       LUT6 (Prop_lut6_I2_O)        0.045     0.445 r  u_video/inst_vga/u_color/dc_bias[3]_i_3__0/O
                         net (fo=9, routed)           0.541     0.985    u_video/inst_vga/u_vga_sig/encoded_reg[2]
    SLICE_X147Y145       LUT6 (Prop_lut6_I4_O)        0.045     1.030 r  u_video/inst_vga/u_vga_sig/encoded[2]_i_1/O
                         net (fo=1, routed)           0.000     1.030    u_video/inst_dvid/TDMS_encoder_blue/encoded_reg[4]_0[2]
    SLICE_X147Y145       FDRE                                         r  u_video/inst_dvid/TDMS_encoder_blue/encoded_reg[2]/D
  -------------------------------------------------------------------    -------------------

                         (clock clk_out1_clk_wiz_2 rise edge)
                                                      0.000     0.000 r  
    BUFGCTRL_X0Y1        BUFG                         0.000     0.000 r  clk_IBUF_BUFG_inst/O
                         net (fo=857, routed)         1.022     1.022    u_video/mmcm_adv_inst_display_clocks/inst/clk_in1
    MMCME2_ADV_X1Y0      MMCME2_ADV (Prop_mmcme2_adv_CLKIN1_CLKOUT0)
                                                     -2.040    -1.018 r  u_video/mmcm_adv_inst_display_clocks/inst/mmcm_adv_inst/CLKOUT0
                         net (fo=1, routed)           0.989    -0.029    u_video/mmcm_adv_inst_display_clocks/inst/clk_out1_clk_wiz_2
    BUFGCTRL_X0Y2        BUFG (Prop_bufg_I_O)         0.029    -0.000 r  u_video/mmcm_adv_inst_display_clocks/inst/clkout1_buf/O
                         net (fo=85, routed)          0.892     0.892    u_video/inst_dvid/TDMS_encoder_blue/CLK
    SLICE_X147Y145       FDRE                                         r  u_video/inst_dvid/TDMS_encoder_blue/encoded_reg[2]/C

Slack:                    inf
  Source:                 u_piece_logic/next_piece_type_reg[1]/C
                            (rising edge-triggered cell FDRE)
  Destination:            u_video/inst_dvid/TDMS_encoder_blue/encoded_reg[4]/D
                            (rising edge-triggered cell FDRE clocked by clk_out1_clk_wiz_2  {rise@0.000ns fall@20.000ns period=40.000ns})
  Path Group:             (none)
  Path Type:              Hold (Min at Fast Process Corner)
  Data Path Delay:        1.031ns  (logic 0.231ns (22.413%)  route 0.800ns (77.587%))
  Logic Levels:           3  (FDRE=1 LUT6=2)
  Clock Uncertainty:      0.190ns  ((TSJ^2 + DJ^2)^1/2) / 2 + PE
    Total System Jitter     (TSJ):    0.050ns
    Discrete Jitter          (DJ):    0.175ns
    Phase Error              (PE):    0.099ns

    Location             Delay type                Incr(ns)  Path(ns)    Netlist Resource(s)
  -------------------------------------------------------------------    -------------------
    SLICE_X134Y153       FDRE                         0.000     0.000 r  u_piece_logic/next_piece_type_reg[1]/C
    SLICE_X134Y153       FDRE (Prop_fdre_C_Q)         0.141     0.141 f  u_piece_logic/next_piece_type_reg[1]/Q
                         net (fo=17, routed)          0.259     0.400    u_video/inst_vga/u_color/next_type[1]
    SLICE_X133Y152       LUT6 (Prop_lut6_I2_O)        0.045     0.445 r  u_video/inst_vga/u_color/dc_bias[3]_i_3__0/O
                         net (fo=9, routed)           0.541     0.986    u_video/inst_vga/u_vga_sig/encoded_reg[2]
    SLICE_X147Y145       LUT6 (Prop_lut6_I4_O)        0.045     1.031 r  u_video/inst_vga/u_vga_sig/encoded[4]_i_1/O
                         net (fo=1, routed)           0.000     1.031    u_video/inst_dvid/TDMS_encoder_blue/encoded_reg[4]_0[4]
    SLICE_X147Y145       FDRE                                         r  u_video/inst_dvid/TDMS_encoder_blue/encoded_reg[4]/D
  -------------------------------------------------------------------    -------------------

                         (clock clk_out1_clk_wiz_2 rise edge)
                                                      0.000     0.000 r  
    BUFGCTRL_X0Y1        BUFG                         0.000     0.000 r  clk_IBUF_BUFG_inst/O
                         net (fo=857, routed)         1.022     1.022    u_video/mmcm_adv_inst_display_clocks/inst/clk_in1
    MMCME2_ADV_X1Y0      MMCME2_ADV (Prop_mmcme2_adv_CLKIN1_CLKOUT0)
                                                     -2.040    -1.018 r  u_video/mmcm_adv_inst_display_clocks/inst/mmcm_adv_inst/CLKOUT0
                         net (fo=1, routed)           0.989    -0.029    u_video/mmcm_adv_inst_display_clocks/inst/clk_out1_clk_wiz_2
    BUFGCTRL_X0Y2        BUFG (Prop_bufg_I_O)         0.029    -0.000 r  u_video/mmcm_adv_inst_display_clocks/inst/clkout1_buf/O
                         net (fo=85, routed)          0.892     0.892    u_video/inst_dvid/TDMS_encoder_blue/CLK
    SLICE_X147Y145       FDRE                                         r  u_video/inst_dvid/TDMS_encoder_blue/encoded_reg[4]/C

Slack:                    inf
  Source:                 u_piece_logic/next_piece_type_reg[1]/C
                            (rising edge-triggered cell FDRE)
  Destination:            u_video/inst_dvid/TDMS_encoder_blue/encoded_reg[3]/D
                            (rising edge-triggered cell FDRE clocked by clk_out1_clk_wiz_2  {rise@0.000ns fall@20.000ns period=40.000ns})
  Path Group:             (none)
  Path Type:              Hold (Min at Fast Process Corner)
  Data Path Delay:        1.031ns  (logic 0.231ns (22.401%)  route 0.800ns (77.599%))
  Logic Levels:           3  (FDRE=1 LUT6=2)
  Clock Uncertainty:      0.190ns  ((TSJ^2 + DJ^2)^1/2) / 2 + PE
    Total System Jitter     (TSJ):    0.050ns
    Discrete Jitter          (DJ):    0.175ns
    Phase Error              (PE):    0.099ns

    Location             Delay type                Incr(ns)  Path(ns)    Netlist Resource(s)
  -------------------------------------------------------------------    -------------------
    SLICE_X134Y153       FDRE                         0.000     0.000 r  u_piece_logic/next_piece_type_reg[1]/C
    SLICE_X134Y153       FDRE (Prop_fdre_C_Q)         0.141     0.141 f  u_piece_logic/next_piece_type_reg[1]/Q
                         net (fo=17, routed)          0.259     0.400    u_video/inst_vga/u_color/next_type[1]
    SLICE_X133Y152       LUT6 (Prop_lut6_I2_O)        0.045     0.445 r  u_video/inst_vga/u_color/dc_bias[3]_i_3__0/O
                         net (fo=9, routed)           0.542     0.986    u_video/inst_vga/u_vga_sig/encoded_reg[2]
    SLICE_X147Y145       LUT6 (Prop_lut6_I4_O)        0.045     1.031 r  u_video/inst_vga/u_vga_sig/encoded[3]_i_1/O
                         net (fo=1, routed)           0.000     1.031    u_video/inst_dvid/TDMS_encoder_blue/encoded_reg[4]_0[3]
    SLICE_X147Y145       FDRE                                         r  u_video/inst_dvid/TDMS_encoder_blue/encoded_reg[3]/D
  -------------------------------------------------------------------    -------------------

                         (clock clk_out1_clk_wiz_2 rise edge)
                                                      0.000     0.000 r  
    BUFGCTRL_X0Y1        BUFG                         0.000     0.000 r  clk_IBUF_BUFG_inst/O
                         net (fo=857, routed)         1.022     1.022    u_video/mmcm_adv_inst_display_clocks/inst/clk_in1
    MMCME2_ADV_X1Y0      MMCME2_ADV (Prop_mmcme2_adv_CLKIN1_CLKOUT0)
                                                     -2.040    -1.018 r  u_video/mmcm_adv_inst_display_clocks/inst/mmcm_adv_inst/CLKOUT0
                         net (fo=1, routed)           0.989    -0.029    u_video/mmcm_adv_inst_display_clocks/inst/clk_out1_clk_wiz_2
    BUFGCTRL_X0Y2        BUFG (Prop_bufg_I_O)         0.029    -0.000 r  u_video/mmcm_adv_inst_display_clocks/inst/clkout1_buf/O
                         net (fo=85, routed)          0.892     0.892    u_video/inst_dvid/TDMS_encoder_blue/CLK
    SLICE_X147Y145       FDRE                                         r  u_video/inst_dvid/TDMS_encoder_blue/encoded_reg[3]/C

Slack:                    inf
  Source:                 u_piece_logic/next_piece_type_reg[1]/C
                            (rising edge-triggered cell FDRE)
  Destination:            u_video/inst_dvid/TDMS_encoder_blue/encoded_reg[1]/D
                            (rising edge-triggered cell FDRE clocked by clk_out1_clk_wiz_2  {rise@0.000ns fall@20.000ns period=40.000ns})
  Path Group:             (none)
  Path Type:              Hold (Min at Fast Process Corner)
  Data Path Delay:        1.035ns  (logic 0.231ns (22.315%)  route 0.804ns (77.685%))
  Logic Levels:           3  (FDRE=1 LUT6=2)
  Clock Uncertainty:      0.190ns  ((TSJ^2 + DJ^2)^1/2) / 2 + PE
    Total System Jitter     (TSJ):    0.050ns
    Discrete Jitter          (DJ):    0.175ns
    Phase Error              (PE):    0.099ns

    Location             Delay type                Incr(ns)  Path(ns)    Netlist Resource(s)
  -------------------------------------------------------------------    -------------------
    SLICE_X134Y153       FDRE                         0.000     0.000 r  u_piece_logic/next_piece_type_reg[1]/C
    SLICE_X134Y153       FDRE (Prop_fdre_C_Q)         0.141     0.141 f  u_piece_logic/next_piece_type_reg[1]/Q
                         net (fo=17, routed)          0.259     0.400    u_video/inst_vga/u_color/next_type[1]
    SLICE_X133Y152       LUT6 (Prop_lut6_I2_O)        0.045     0.445 r  u_video/inst_vga/u_color/dc_bias[3]_i_3__0/O
                         net (fo=9, routed)           0.546     0.990    u_video/inst_vga/u_color/next_piece_type_reg[2]
    SLICE_X146Y145       LUT6 (Prop_lut6_I1_O)        0.045     1.035 r  u_video/inst_vga/u_color/encoded[1]_i_1__0/O
                         net (fo=1, routed)           0.000     1.035    u_video/inst_dvid/TDMS_encoder_blue/encoded_reg[4]_0[1]
    SLICE_X146Y145       FDRE                                         r  u_video/inst_dvid/TDMS_encoder_blue/encoded_reg[1]/D
  -------------------------------------------------------------------    -------------------

                         (clock clk_out1_clk_wiz_2 rise edge)
                                                      0.000     0.000 r  
    BUFGCTRL_X0Y1        BUFG                         0.000     0.000 r  clk_IBUF_BUFG_inst/O
                         net (fo=857, routed)         1.022     1.022    u_video/mmcm_adv_inst_display_clocks/inst/clk_in1
    MMCME2_ADV_X1Y0      MMCME2_ADV (Prop_mmcme2_adv_CLKIN1_CLKOUT0)
                                                     -2.040    -1.018 r  u_video/mmcm_adv_inst_display_clocks/inst/mmcm_adv_inst/CLKOUT0
                         net (fo=1, routed)           0.989    -0.029    u_video/mmcm_adv_inst_display_clocks/inst/clk_out1_clk_wiz_2
    BUFGCTRL_X0Y2        BUFG (Prop_bufg_I_O)         0.029    -0.000 r  u_video/mmcm_adv_inst_display_clocks/inst/clkout1_buf/O
                         net (fo=85, routed)          0.892     0.892    u_video/inst_dvid/TDMS_encoder_blue/CLK
    SLICE_X146Y145       FDRE                                         r  u_video/inst_dvid/TDMS_encoder_blue/encoded_reg[1]/C

Slack:                    inf
  Source:                 u_piece_logic/s_hold_type_reg[1]/C
                            (rising edge-triggered cell FDRE)
  Destination:            u_video/inst_dvid/TDMS_encoder_blue/encoded_reg[9]/D
                            (rising edge-triggered cell FDRE clocked by clk_out1_clk_wiz_2  {rise@0.000ns fall@20.000ns period=40.000ns})
  Path Group:             (none)
  Path Type:              Hold (Min at Fast Process Corner)
  Data Path Delay:        1.186ns  (logic 0.299ns (25.218%)  route 0.887ns (74.782%))
  Logic Levels:           4  (FDRE=1 LUT3=1 LUT6=2)
  Clock Uncertainty:      0.190ns  ((TSJ^2 + DJ^2)^1/2) / 2 + PE
    Total System Jitter     (TSJ):    0.050ns
    Discrete Jitter          (DJ):    0.175ns
    Phase Error              (PE):    0.099ns

    Location             Delay type                Incr(ns)  Path(ns)    Netlist Resource(s)
  -------------------------------------------------------------------    -------------------
    SLICE_X136Y152       FDRE                         0.000     0.000 r  u_piece_logic/s_hold_type_reg[1]/C
    SLICE_X136Y152       FDRE (Prop_fdre_C_Q)         0.164     0.164 f  u_piece_logic/s_hold_type_reg[1]/Q
                         net (fo=12, routed)          0.287     0.451    u_piece_logic/hold_type[1]
    SLICE_X132Y149       LUT3 (Prop_lut3_I2_O)        0.045     0.496 r  u_piece_logic/dc_bias[3]_i_6__0/O
                         net (fo=1, routed)           0.140     0.636    u_piece_logic/dc_bias[3]_i_6__0_n_0
    SLICE_X132Y149       LUT6 (Prop_lut6_I2_O)        0.045     0.681 r  u_piece_logic/dc_bias[3]_i_2/O
                         net (fo=11, routed)          0.460     1.141    u_video/inst_vga/u_vga_sig/encoded_reg[4][0]
    SLICE_X146Y145       LUT6 (Prop_lut6_I0_O)        0.045     1.186 r  u_video/inst_vga/u_vga_sig/encoded[9]_i_1/O
                         net (fo=1, routed)           0.000     1.186    u_video/inst_dvid/TDMS_encoder_blue/encoded_reg[9]_0
    SLICE_X146Y145       FDRE                                         r  u_video/inst_dvid/TDMS_encoder_blue/encoded_reg[9]/D
  -------------------------------------------------------------------    -------------------

                         (clock clk_out1_clk_wiz_2 rise edge)
                                                      0.000     0.000 r  
    BUFGCTRL_X0Y1        BUFG                         0.000     0.000 r  clk_IBUF_BUFG_inst/O
                         net (fo=857, routed)         1.022     1.022    u_video/mmcm_adv_inst_display_clocks/inst/clk_in1
    MMCME2_ADV_X1Y0      MMCME2_ADV (Prop_mmcme2_adv_CLKIN1_CLKOUT0)
                                                     -2.040    -1.018 r  u_video/mmcm_adv_inst_display_clocks/inst/mmcm_adv_inst/CLKOUT0
                         net (fo=1, routed)           0.989    -0.029    u_video/mmcm_adv_inst_display_clocks/inst/clk_out1_clk_wiz_2
    BUFGCTRL_X0Y2        BUFG (Prop_bufg_I_O)         0.029    -0.000 r  u_video/mmcm_adv_inst_display_clocks/inst/clkout1_buf/O
                         net (fo=85, routed)          0.892     0.892    u_video/inst_dvid/TDMS_encoder_blue/CLK
    SLICE_X146Y145       FDRE                                         r  u_video/inst_dvid/TDMS_encoder_blue/encoded_reg[9]/C

Slack:                    inf
  Source:                 u_piece_logic/s_hold_type_reg[1]/C
                            (rising edge-triggered cell FDRE)
  Destination:            u_video/inst_dvid/TDMS_encoder_blue/encoded_reg[0]/D
                            (rising edge-triggered cell FDRE clocked by clk_out1_clk_wiz_2  {rise@0.000ns fall@20.000ns period=40.000ns})
  Path Group:             (none)
  Path Type:              Hold (Min at Fast Process Corner)
  Data Path Delay:        1.275ns  (logic 0.299ns (23.457%)  route 0.976ns (76.543%))
  Logic Levels:           4  (FDRE=1 LUT3=1 LUT5=1 LUT6=1)
  Clock Uncertainty:      0.190ns  ((TSJ^2 + DJ^2)^1/2) / 2 + PE
    Total System Jitter     (TSJ):    0.050ns
    Discrete Jitter          (DJ):    0.175ns
    Phase Error              (PE):    0.099ns

    Location             Delay type                Incr(ns)  Path(ns)    Netlist Resource(s)
  -------------------------------------------------------------------    -------------------
    SLICE_X136Y152       FDRE                         0.000     0.000 r  u_piece_logic/s_hold_type_reg[1]/C
    SLICE_X136Y152       FDRE (Prop_fdre_C_Q)         0.164     0.164 f  u_piece_logic/s_hold_type_reg[1]/Q
                         net (fo=12, routed)          0.287     0.451    u_piece_logic/hold_type[1]
    SLICE_X132Y149       LUT3 (Prop_lut3_I2_O)        0.045     0.496 r  u_piece_logic/dc_bias[3]_i_6__0/O
                         net (fo=1, routed)           0.140     0.636    u_piece_logic/dc_bias[3]_i_6__0_n_0
    SLICE_X132Y149       LUT6 (Prop_lut6_I2_O)        0.045     0.681 r  u_piece_logic/dc_bias[3]_i_2/O
                         net (fo=11, routed)          0.549     1.230    u_video/inst_vga/u_vga_sig/encoded_reg[4][0]
    SLICE_X146Y145       LUT5 (Prop_lut5_I0_O)        0.045     1.275 r  u_video/inst_vga/u_vga_sig/encoded[0]_i_1/O
                         net (fo=1, routed)           0.000     1.275    u_video/inst_dvid/TDMS_encoder_blue/encoded_reg[4]_0[0]
    SLICE_X146Y145       FDRE                                         r  u_video/inst_dvid/TDMS_encoder_blue/encoded_reg[0]/D
  -------------------------------------------------------------------    -------------------

                         (clock clk_out1_clk_wiz_2 rise edge)
                                                      0.000     0.000 r  
    BUFGCTRL_X0Y1        BUFG                         0.000     0.000 r  clk_IBUF_BUFG_inst/O
                         net (fo=857, routed)         1.022     1.022    u_video/mmcm_adv_inst_display_clocks/inst/clk_in1
    MMCME2_ADV_X1Y0      MMCME2_ADV (Prop_mmcme2_adv_CLKIN1_CLKOUT0)
                                                     -2.040    -1.018 r  u_video/mmcm_adv_inst_display_clocks/inst/mmcm_adv_inst/CLKOUT0
                         net (fo=1, routed)           0.989    -0.029    u_video/mmcm_adv_inst_display_clocks/inst/clk_out1_clk_wiz_2
    BUFGCTRL_X0Y2        BUFG (Prop_bufg_I_O)         0.029    -0.000 r  u_video/mmcm_adv_inst_display_clocks/inst/clkout1_buf/O
                         net (fo=85, routed)          0.892     0.892    u_video/inst_dvid/TDMS_encoder_blue/CLK
    SLICE_X146Y145       FDRE                                         r  u_video/inst_dvid/TDMS_encoder_blue/encoded_reg[0]/C





