#-----------------------------------------------------------
# Vivado v2024.2 (64-bit)
# SW Build 5239630 on Fri Nov 08 22:35:27 MST 2024
# IP Build 5239520 on Sun Nov 10 16:12:51 MST 2024
# SharedData Build 5239561 on Fri Nov 08 14:39:27 MST 2024
# Start of session at: Mon Feb 23 13:32:07 2026
# Process ID         : 20364
# Current directory  : C:/Users/C27Brandon.Sweitzer/workspace/ece383_wksp/lab2/lab2
# Command line       : vivado.exe -gui_launcher_event rodinguilauncherevent3568 C:\Users\C27Brandon.Sweitzer\workspace\ece383_wksp\lab2\lab2\lab2.xpr
# Log file           : C:/Users/C27Brandon.Sweitzer/workspace/ece383_wksp/lab2/lab2/vivado.log
# Journal file       : C:/Users/C27Brandon.Sweitzer/workspace/ece383_wksp/lab2/lab2\vivado.jou
# Running On         : C27-5CG31328K0
# Platform           : Windows Server 2016 or Windows 10
# Operating System   : 22631
# Processor Detail   : AMD Ryzen 7 PRO 6850U with Radeon Graphics     
# CPU Frequency      : 2695 MHz
# CPU Physical cores : 8
# CPU Logical cores  : 16
# Host memory        : 16442 MB
# Swap memory        : 47185 MB
# Total Virtual      : 63628 MB
# Available Virtual  : 54244 MB
#-----------------------------------------------------------
start_gui
open_project C:/Users/C27Brandon.Sweitzer/workspace/ece383_wksp/lab2/lab2/lab2.xpr
Scanning sources...
Finished scanning sources
INFO: [IP_Flow 19-234] Refreshing IP repositories
INFO: [IP_Flow 19-1704] No user IP repositories specified
INFO: [IP_Flow 19-2313] Loaded Vivado IP repository 'C:/Xilinx/Vivado/2024.2/data/ip'.
open_project: Time (s): cpu = 00:00:06 ; elapsed = 00:00:12 . Memory (MB): peak = 1131.566 ; gain = 84.160
update_compile_order -fileset sources_1
reset_run synth_1
INFO: [Project 1-1161] Replacing file C:/Users/C27Brandon.Sweitzer/workspace/ece383_wksp/lab2/lab2/lab2.srcs/utils_1/imports/synth_1/lab2.dcp with file C:/Users/C27Brandon.Sweitzer/workspace/ece383_wksp/lab2/lab2/lab2.runs/synth_1/lab2.dcp
launch_runs synth_1 -jobs 8
WARNING: [filemgmt 20-1318] Duplicate Design Unit 'TDMS_encoder(Behavioral)' found in library 'xil_defaultlib'
	(Active) Duplicate found at line 22 of file C:/Users/C27Brandon.Sweitzer/workspace/ece383_wksp/lab2/lab2/lab2.srcs/sources_1/imports/Downloads/Lab02_cadet_code/lab2_code_for_cadets_2026/tdms.vhdl
Duplicate found in file C:/Users/C27Brandon.Sweitzer/workspace/ece383_wksp/lab2/lab2/lab2.srcs/sources_1/imports/imports/Lab1_Cadet_Code_2026/tdms.vhdl
WARNING: [filemgmt 56-199] Attempt to get parsing info during refresh. "On-the-fly" syntax checking information may be incorrect. [C:\Users\C27Brandon.Sweitzer\workspace\ece383_wksp\lab2\lab2\lab2.srcs\sources_1\imports\Downloads\Lab02_cadet_code\lab2_code_for_cadets_2026\lab2.vhd:]
WARNING: [filemgmt 56-199] Attempt to get parsing info during refresh. "On-the-fly" syntax checking information may be incorrect. [C:\Users\C27Brandon.Sweitzer\workspace\ece383_wksp\lab2\lab2\lab2.srcs\sources_1\imports\Downloads\Lab02_cadet_code\lab2_code_for_cadets_2026\lab2_datapath.vhdl:]
WARNING: [filemgmt 56-199] Attempt to get parsing info during refresh. "On-the-fly" syntax checking information may be incorrect. [C:\Users\C27Brandon.Sweitzer\workspace\ece383_wksp\lab2\lab2\lab2.srcs\sources_1\imports\Downloads\Lab02_cadet_code\lab2_code_for_cadets_2026\lab2_fsm.vhdl:]
WARNING: [filemgmt 56-199] Attempt to get parsing info during refresh. "On-the-fly" syntax checking information may be incorrect. [C:\Users\C27Brandon.Sweitzer\workspace\ece383_wksp\lab2\lab2\lab2.srcs\sources_1\imports\Downloads\Lab02_cadet_code\lab2_code_for_cadets_2026\lab2_fsm.vhdl:]
WARNING: [filemgmt 56-199] Attempt to get parsing info during refresh. "On-the-fly" syntax checking information may be incorrect. [C:\Users\C27Brandon.Sweitzer\workspace\ece383_wksp\lab2\lab2\lab2.srcs\sources_1\imports\Downloads\Lab02_cadet_code\lab2_code_for_cadets_2026\lab2_fsm.vhdl:]
WARNING: [filemgmt 56-199] Attempt to get parsing info during refresh. "On-the-fly" syntax checking information may be incorrect. [C:\Users\C27Brandon.Sweitzer\workspace\ece383_wksp\lab2\lab2\lab2.srcs\sources_1\imports\Downloads\Lab02_cadet_code\lab2_code_for_cadets_2026\lab2.vhd:]
WARNING: [filemgmt 56-199] Attempt to get parsing info during refresh. "On-the-fly" syntax checking information may be incorrect. [C:\Users\C27Brandon.Sweitzer\workspace\ece383_wksp\lab2\lab2\lab2.srcs\sources_1\imports\Downloads\Lab02_cadet_code\lab2_code_for_cadets_2026\lab2_datapath.vhdl:]
WARNING: [filemgmt 56-199] Attempt to get parsing info during refresh. "On-the-fly" syntax checking information may be incorrect. [C:\Users\C27Brandon.Sweitzer\workspace\ece383_wksp\lab2\lab2\lab2.srcs\sources_1\imports\Downloads\Lab02_cadet_code\lab2_code_for_cadets_2026\lab2_fsm.vhdl:]
WARNING: [filemgmt 56-199] Attempt to get parsing info during refresh. "On-the-fly" syntax checking information may be incorrect. [C:\Users\C27Brandon.Sweitzer\workspace\ece383_wksp\lab2\lab2\lab2.srcs\sources_1\imports\Downloads\Lab02_cadet_code\lab2_code_for_cadets_2026\lab2_datapath.vhdl:]
WARNING: [filemgmt 56-199] Attempt to get parsing info during refresh. "On-the-fly" syntax checking information may be incorrect. [C:\Users\C27Brandon.Sweitzer\workspace\ece383_wksp\lab2\lab2\lab2.srcs\sources_1\imports\Downloads\Lab02_cadet_code\lab2_code_for_cadets_2026\lab2_datapath.vhdl:]
[Mon Feb 23 13:43:28 2026] Launched synth_1...
Run output will be captured here: C:/Users/C27Brandon.Sweitzer/workspace/ece383_wksp/lab2/lab2/lab2.runs/synth_1/runme.log
ERROR: [Common 17-180] Spawn failed: No error
launch_runs impl_1 -jobs 8
[Mon Feb 23 13:45:59 2026] Launched impl_1...
Run output will be captured here: C:/Users/C27Brandon.Sweitzer/workspace/ece383_wksp/lab2/lab2/lab2.runs/impl_1/runme.log
launch_runs impl_1 -to_step write_bitstream -jobs 8
[Mon Feb 23 13:49:03 2026] Launched impl_1...
Run output will be captured here: C:/Users/C27Brandon.Sweitzer/workspace/ece383_wksp/lab2/lab2/lab2.runs/impl_1/runme.log
open_hw_manager
connect_hw_server -allow_non_jtag
INFO: [Labtools 27-2285] Connecting to hw_server url TCP:localhost:3121
INFO: [Labtools 27-2222] Launching hw_server...
INFO: [Labtools 27-2221] Launch Output:

****** Xilinx hw_server v2024.2
  **** Build date : Oct 29 2024 at 10:25:41
    ** Copyright 1986-2022 Xilinx, Inc. All Rights Reserved.


INFO: [Labtools 27-3415] Connecting to cs_server url TCP:localhost:0
INFO: [Labtools 27-3417] Launching cs_server...
INFO: [Labtools 27-2221] Launch Output:


******** Xilinx cs_server v2024.2.0
  ****** Build date   : Oct 30 2024-12:19:07
    **** Build number : 2024.2.1730312347
      ** Copyright 2017-2022 Xilinx, Inc. All Rights Reserved.
      ** Copyright 2022-2026 Advanced Micro Devices, Inc. All Rights Reserved.



connect_hw_server: Time (s): cpu = 00:00:01 ; elapsed = 00:00:15 . Memory (MB): peak = 1201.230 ; gain = 18.371
disconnect_hw_server localhost:3121
connect_hw_server -allow_non_jtag
INFO: [Labtools 27-2285] Connecting to hw_server url TCP:localhost:3121
INFO: [Labtools 27-3415] Connecting to cs_server url TCP:localhost:0
INFO: [Labtools 27-3417] Launching cs_server...
INFO: [Labtools 27-2221] Launch Output:


******** Xilinx cs_server v2024.2.0
  ****** Build date   : Oct 30 2024-12:19:07
    **** Build number : 2024.2.1730312347
      ** Copyright 2017-2022 Xilinx, Inc. All Rights Reserved.
      ** Copyright 2022-2026 Advanced Micro Devices, Inc. All Rights Reserved.



connect_hw_server: Time (s): cpu = 00:00:01 ; elapsed = 00:00:10 . Memory (MB): peak = 1237.164 ; gain = 0.000
open_hw_target
INFO: [Labtoolstcl 44-466] Opening hw_target localhost:3121/xilinx_tcf/Digilent/210276AEF6FAB
set_property PROGRAM.FILE {C:/Users/C27Brandon.Sweitzer/workspace/ece383_wksp/lab2/lab2/lab2.runs/impl_1/lab2.bit} [get_hw_devices xc7a200t_0]
current_hw_device [get_hw_devices xc7a200t_0]
refresh_hw_device -update_hw_probes false [lindex [get_hw_devices xc7a200t_0] 0]
INFO: [Labtools 27-1434] Device xc7a200t (JTAG device index = 0) is programmed with a design that has no supported debug core(s) in it.
set_property PROBES.FILE {} [get_hw_devices xc7a200t_0]
set_property FULL_PROBES.FILE {} [get_hw_devices xc7a200t_0]
set_property PROGRAM.FILE {C:/Users/C27Brandon.Sweitzer/workspace/ece383_wksp/lab2/lab2/lab2.runs/impl_1/lab2.bit} [get_hw_devices xc7a200t_0]
program_hw_devices [get_hw_devices xc7a200t_0]
INFO: [Labtools 27-3164] End of startup status: HIGH
program_hw_devices: Time (s): cpu = 00:00:04 ; elapsed = 00:00:06 . Memory (MB): peak = 1250.324 ; gain = 0.000
refresh_hw_device [lindex [get_hw_devices xc7a200t_0] 0]
INFO: [Labtools 27-1434] Device xc7a200t (JTAG device index = 0) is programmed with a design that has no supported debug core(s) in it.
set_property PROBES.FILE {} [get_hw_devices xc7a200t_0]
set_property FULL_PROBES.FILE {} [get_hw_devices xc7a200t_0]
set_property PROGRAM.FILE {C:/Users/C27Brandon.Sweitzer/workspace/ece383_wksp/lab2/lab2/lab2.runs/impl_1/lab2.bit} [get_hw_devices xc7a200t_0]
program_hw_devices [get_hw_devices xc7a200t_0]
INFO: [Labtools 27-3164] End of startup status: HIGH
program_hw_devices: Time (s): cpu = 00:00:05 ; elapsed = 00:00:06 . Memory (MB): peak = 1250.324 ; gain = 0.000
refresh_hw_device [lindex [get_hw_devices xc7a200t_0] 0]
INFO: [Labtools 27-1434] Device xc7a200t (JTAG device index = 0) is programmed with a design that has no supported debug core(s) in it.
open_run synth_1 -name synth_1
Design is defaulting to impl run constrset: constrs_1
Design is defaulting to synth run part: xc7a200tsbg484-1
INFO: [Device 21-403] Loading part xc7a200tsbg484-1
INFO: [Project 1-454] Reading design checkpoint 'c:/Users/C27Brandon.Sweitzer/workspace/ece383_wksp/lab2/lab2/lab2.gen/sources_1/ip/clk_wiz_1/clk_wiz_1.dcp' for cell 'datapath/Audio_Codec/audiocodec_master_clock'
INFO: [Project 1-454] Reading design checkpoint 'c:/Users/C27Brandon.Sweitzer/workspace/ece383_wksp/lab2/lab2/lab2.gen/sources_1/ip/clk_wiz_2/clk_wiz_2.dcp' for cell 'datapath/video_inst/mmcm_adv_inst_display_clocks'
Netlist sorting complete. Time (s): cpu = 00:00:00 ; elapsed = 00:00:00.028 . Memory (MB): peak = 1502.266 ; gain = 0.000
INFO: [Netlist 29-17] Analyzing 135 Unisim elements for replacement
INFO: [Netlist 29-28] Unisim Transformation completed in 0 CPU seconds
INFO: [Project 1-479] Netlist was created with Vivado 2024.2
INFO: [Project 1-570] Preparing netlist for logic optimization
WARNING: [Opt 31-35] Removing redundant IBUF, datapath/Audio_Codec/audiocodec_master_clock/inst/clkin1_ibufg, from the path connected to top-level port: clk 
Resolution: The tool has removed redundant IBUF. To resolve this warning, check for redundant IBUF in the input design.
WARNING: [Opt 31-35] Removing redundant IBUF, datapath/video_inst/mmcm_adv_inst_display_clocks/inst/clkin1_ibufg, from the path connected to top-level port: clk 
Resolution: The tool has removed redundant IBUF. To resolve this warning, check for redundant IBUF in the input design.
WARNING: [Constraints 18-550] Could not create 'IBUF_LOW_PWR' constraint because net 'datapath/Audio_Codec/audiocodec_master_clock/clk_in1' is not directly connected to top level port. 'IBUF_LOW_PWR' is ignored for synthesis but preserved for implementation.
WARNING: [Constraints 18-550] Could not create 'IBUF_LOW_PWR' constraint because net 'datapath/video_inst/mmcm_adv_inst_display_clocks/clk_in1' is not directly connected to top level port. 'IBUF_LOW_PWR' is ignored for synthesis but preserved for implementation.
Parsing XDC File [c:/Users/C27Brandon.Sweitzer/workspace/ece383_wksp/lab2/lab2/lab2.gen/sources_1/ip/clk_wiz_1/clk_wiz_1_board.xdc] for cell 'datapath/Audio_Codec/audiocodec_master_clock/inst'
Finished Parsing XDC File [c:/Users/C27Brandon.Sweitzer/workspace/ece383_wksp/lab2/lab2/lab2.gen/sources_1/ip/clk_wiz_1/clk_wiz_1_board.xdc] for cell 'datapath/Audio_Codec/audiocodec_master_clock/inst'
Parsing XDC File [c:/Users/C27Brandon.Sweitzer/workspace/ece383_wksp/lab2/lab2/lab2.gen/sources_1/ip/clk_wiz_1/clk_wiz_1.xdc] for cell 'datapath/Audio_Codec/audiocodec_master_clock/inst'
INFO: [Timing 38-35] Done setting XDC timing constraints. [c:/Users/C27Brandon.Sweitzer/workspace/ece383_wksp/lab2/lab2/lab2.gen/sources_1/ip/clk_wiz_1/clk_wiz_1.xdc:54]
INFO: [Timing 38-2] Deriving generated clocks [c:/Users/C27Brandon.Sweitzer/workspace/ece383_wksp/lab2/lab2/lab2.gen/sources_1/ip/clk_wiz_1/clk_wiz_1.xdc:54]
Finished Parsing XDC File [c:/Users/C27Brandon.Sweitzer/workspace/ece383_wksp/lab2/lab2/lab2.gen/sources_1/ip/clk_wiz_1/clk_wiz_1.xdc] for cell 'datapath/Audio_Codec/audiocodec_master_clock/inst'
Parsing XDC File [c:/Users/C27Brandon.Sweitzer/workspace/ece383_wksp/lab2/lab2/lab2.gen/sources_1/ip/clk_wiz_2/clk_wiz_2_board.xdc] for cell 'datapath/video_inst/mmcm_adv_inst_display_clocks/inst'
Finished Parsing XDC File [c:/Users/C27Brandon.Sweitzer/workspace/ece383_wksp/lab2/lab2/lab2.gen/sources_1/ip/clk_wiz_2/clk_wiz_2_board.xdc] for cell 'datapath/video_inst/mmcm_adv_inst_display_clocks/inst'
Parsing XDC File [c:/Users/C27Brandon.Sweitzer/workspace/ece383_wksp/lab2/lab2/lab2.gen/sources_1/ip/clk_wiz_2/clk_wiz_2.xdc] for cell 'datapath/video_inst/mmcm_adv_inst_display_clocks/inst'
INFO: [Timing 38-2] Deriving generated clocks [c:/Users/C27Brandon.Sweitzer/workspace/ece383_wksp/lab2/lab2/lab2.gen/sources_1/ip/clk_wiz_2/clk_wiz_2.xdc:54]
Finished Parsing XDC File [c:/Users/C27Brandon.Sweitzer/workspace/ece383_wksp/lab2/lab2/lab2.gen/sources_1/ip/clk_wiz_2/clk_wiz_2.xdc] for cell 'datapath/video_inst/mmcm_adv_inst_display_clocks/inst'
Parsing XDC File [C:/Users/C27Brandon.Sweitzer/workspace/ece383_wksp/lab2/lab2/lab2.srcs/constrs_1/imports/Downloads/Nexys-Video-Master.xdc]
Finished Parsing XDC File [C:/Users/C27Brandon.Sweitzer/workspace/ece383_wksp/lab2/lab2/lab2.srcs/constrs_1/imports/Downloads/Nexys-Video-Master.xdc]
Parsing XDC File [C:/Users/C27Brandon.Sweitzer/workspace/ece383_wksp/lab2/lab2/lab2.srcs/constrs_1/imports/lab2_code_for_cadets_2026/Lab2.xdc]
Finished Parsing XDC File [C:/Users/C27Brandon.Sweitzer/workspace/ece383_wksp/lab2/lab2/lab2.srcs/constrs_1/imports/lab2_code_for_cadets_2026/Lab2.xdc]
INFO: [Opt 31-138] Pushed 0 inverter(s) to 0 load pin(s).
Netlist sorting complete. Time (s): cpu = 00:00:00 ; elapsed = 00:00:00 . Memory (MB): peak = 2250.055 ; gain = 0.000
INFO: [Project 1-111] Unisim Transformation Summary:
  A total of 6 instances were transformed.
  IOBUF => IOBUF (IBUF, OBUFT): 2 instances
  OBUFDS => OBUFDS: 4 instances

open_run: Time (s): cpu = 00:00:23 ; elapsed = 00:00:50 . Memory (MB): peak = 2504.812 ; gain = 1191.871
launch_simulation
Command: launch_simulation 
INFO: [Vivado 12-12493] Simulation top is 'gc1_tb'
WARNING: [Vivado 12-13340] Unable to auto find GCC executables from simulator install path! (path not set)
INFO: [Vivado 12-5698] Checking validity of IPs in the design for the 'XSim' simulator...
INFO: [Vivado 12-5682] Launching behavioral simulation in 'C:/Users/C27Brandon.Sweitzer/workspace/ece383_wksp/lab2/lab2/lab2.sim/sim_1/behav/xsim'
INFO: [Vivado 12-4795] Using compiled simulation libraries for IPs
INFO: [SIM-utils-51] Simulation object is 'sim_1'
INFO: [SIM-utils-72] Using boost library from 'C:/Xilinx/Vivado/2024.2/tps/boost_1_72_0'
INFO: [USF-XSim-7] Finding pre-compiled libraries...
INFO: [USF-XSim-11] File 'C:/Xilinx/Vivado/2024.2/data/xsim/xsim.ini' copied to run dir:'C:/Users/C27Brandon.Sweitzer/workspace/ece383_wksp/lab2/lab2/lab2.sim/sim_1/behav/xsim'
INFO: [SIM-utils-54] Inspecting design source files for 'gc1_tb' in fileset 'sim_1'...
INFO: [USF-XSim-97] Finding global include files...
INFO: [USF-XSim-98] Fetching design files from 'sim_1'...
INFO: [USF-XSim-2] XSim::Compile design
INFO: [USF-XSim-61] Executing 'COMPILE and ANALYZE' step in 'C:/Users/C27Brandon.Sweitzer/workspace/ece383_wksp/lab2/lab2/lab2.sim/sim_1/behav/xsim'
"xvlog --incr --relax -prj gc1_tb_vlog.prj"
INFO: [VRFC 10-2263] Analyzing Verilog file "C:/Users/C27Brandon.Sweitzer/workspace/ece383_wksp/lab2/lab2/lab2.gen/sources_1/ip/clk_wiz_2/clk_wiz_2_sim_netlist.v" into library xil_defaultlib
INFO: [VRFC 10-311] analyzing module clk_wiz_2
INFO: [VRFC 10-311] analyzing module clk_wiz_2_clk_wiz
INFO: [VRFC 10-311] analyzing module glbl
INFO: [VRFC 10-2263] Analyzing Verilog file "C:/Users/C27Brandon.Sweitzer/workspace/ece383_wksp/lab2/lab2/lab2.sim/sim_1/behav/xsim/glbl.v" into library xil_defaultlib
INFO: [VRFC 10-311] analyzing module glbl
WARNING: [VRFC 10-3609] overwriting previous definition of module 'glbl' [C:/Users/C27Brandon.Sweitzer/workspace/ece383_wksp/lab2/lab2/lab2.sim/sim_1/behav/xsim/glbl.v:6]
"xvhdl --incr --relax -prj gc1_tb_vhdl.prj"
INFO: [VRFC 10-163] Analyzing VHDL file "C:/Users/C27Brandon.Sweitzer/workspace/ece383_wksp/lab2/lab2/lab2.srcs/sources_1/imports/lab2_code_for_cadets_2026/ece383_pkg.vhd" into library xil_defaultlib
INFO: [VRFC 10-163] Analyzing VHDL file "C:/Users/C27Brandon.Sweitzer/workspace/ece383_wksp/lab2/lab2/lab2.srcs/sources_1/new/color_mapper.vhd" into library xil_defaultlib
INFO: [VRFC 10-3107] analyzing entity 'color_mapper'
INFO: [VRFC 10-163] Analyzing VHDL file "C:/Users/C27Brandon.Sweitzer/workspace/ece383_wksp/lab2/lab2/lab2.srcs/sources_1/imports/imports/381572701/counter.vhdl" into library xil_defaultlib
INFO: [VRFC 10-3107] analyzing entity 'counter'
INFO: [VRFC 10-163] Analyzing VHDL file "C:/Users/C27Brandon.Sweitzer/workspace/ece383_wksp/lab2/lab2/lab2.srcs/sources_1/imports/Downloads/Lab02_cadet_code/lab2_code_for_cadets_2026/dvid.vhdl" into library xil_defaultlib
INFO: [VRFC 10-3107] analyzing entity 'dvid'
INFO: [VRFC 10-163] Analyzing VHDL file "C:/Users/C27Brandon.Sweitzer/workspace/ece383_wksp/lab2/lab2/lab2.srcs/sources_1/imports/imports/Lab1_Cadet_Code_2026/video.vhdl" into library xil_defaultlib
INFO: [VRFC 10-3107] analyzing entity 'video'
INFO: [VRFC 10-163] Analyzing VHDL file "C:/Users/C27Brandon.Sweitzer/workspace/ece383_wksp/lab2/lab2/lab2.srcs/sources_1/imports/Downloads/Lab02_cadet_code/lab2_code_for_cadets_2026/tdms.vhdl" into library xil_defaultlib
INFO: [VRFC 10-3107] analyzing entity 'TDMS_encoder'
INFO: [VRFC 10-163] Analyzing VHDL file "C:/Users/C27Brandon.Sweitzer/workspace/ece383_wksp/lab2/lab2/lab2.srcs/sources_1/imports/Lab1_Cadet_Code_2026/vga_signal_generator.vhd" into library xil_defaultlib
INFO: [VRFC 10-3107] analyzing entity 'vga_signal_generator'
INFO: [VRFC 10-163] Analyzing VHDL file "C:/Users/C27Brandon.Sweitzer/workspace/ece383_wksp/lab2/lab2/lab2.srcs/sources_1/imports/Lab1_Cadet_Code_2026/vga.vhd" into library xil_defaultlib
INFO: [VRFC 10-3107] analyzing entity 'vga'
INFO: [VRFC 10-163] Analyzing VHDL file "C:/Users/C27Brandon.Sweitzer/workspace/ece383_wksp/lab2/lab2/lab2.srcs/sim_1/new/gc1_tb.vhd" into library xil_defaultlib
INFO: [VRFC 10-3107] analyzing entity 'gc1_tb'
ERROR: [VRFC 10-3215] character ''0'' is not in type 'unsigned' [C:/Users/C27Brandon.Sweitzer/workspace/ece383_wksp/lab2/lab2/lab2.srcs/sim_1/new/gc1_tb.vhd:52]
ERROR: [VRFC 10-2987] 'bram_left' is not compiled in library 'xil_defaultlib' [C:/Users/C27Brandon.Sweitzer/workspace/ece383_wksp/lab2/lab2/lab2.srcs/sim_1/new/gc1_tb.vhd:91]
ERROR: [VRFC 10-2987] 'bram_right' is not compiled in library 'xil_defaultlib' [C:/Users/C27Brandon.Sweitzer/workspace/ece383_wksp/lab2/lab2/lab2.srcs/sim_1/new/gc1_tb.vhd:101]
ERROR: [VRFC 10-9458] unit 'sim' is ignored due to previous errors [C:/Users/C27Brandon.Sweitzer/workspace/ece383_wksp/lab2/lab2/lab2.srcs/sim_1/new/gc1_tb.vhd:34]
INFO: [VRFC 10-8704] VHDL file 'C:/Users/C27Brandon.Sweitzer/workspace/ece383_wksp/lab2/lab2/lab2.srcs/sim_1/new/gc1_tb.vhd' is ignored due to errors
run_program: Time (s): cpu = 00:00:00 ; elapsed = 00:00:11 . Memory (MB): peak = 2512.090 ; gain = 0.000
INFO: [USF-XSim-69] 'compile' step finished in '11' seconds
INFO: [USF-XSim-99] Step results log file:'C:/Users/C27Brandon.Sweitzer/workspace/ece383_wksp/lab2/lab2/lab2.sim/sim_1/behav/xsim/xvhdl.log'
ERROR: [USF-XSim-62] 'compile' step failed with error(s). Please check the Tcl console output or 'C:/Users/C27Brandon.Sweitzer/workspace/ece383_wksp/lab2/lab2/lab2.sim/sim_1/behav/xsim/xvhdl.log' file for more information.
ERROR: [Vivado 12-4473] Detected error while running simulation. Please correct the issue and retry this operation.
launch_simulation: Time (s): cpu = 00:00:00 ; elapsed = 00:00:16 . Memory (MB): peak = 2512.090 ; gain = 7.277
ERROR: [Common 17-39] 'launch_simulation' failed due to earlier errors.
export_ip_user_files -of_objects  [get_files C:/Users/C27Brandon.Sweitzer/workspace/ece383_wksp/lab2/lab2/lab2.srcs/constrs_1/imports/Downloads/Nexys-Video-Master.xdc] -no_script -reset -force -quiet
remove_files  -fileset constrs_1 C:/Users/C27Brandon.Sweitzer/workspace/ece383_wksp/lab2/lab2/lab2.srcs/constrs_1/imports/Downloads/Nexys-Video-Master.xdc
file delete -force C:/Users/C27Brandon.Sweitzer/workspace/ece383_wksp/lab2/lab2/lab2.srcs/constrs_1/imports/Downloads/Nexys-Video-Master.xdc
WARNING: [filemgmt 56-199] Attempt to get parsing info during refresh. "On-the-fly" syntax checking information may be incorrect. [C:\Users\C27Brandon.Sweitzer\workspace\ece383_wksp\lab2\lab2\lab2.srcs\sources_1\imports\Downloads\Lab02_cadet_code\lab2_code_for_cadets_2026\lab2.vhd:]
WARNING: [filemgmt 56-199] Attempt to get parsing info during refresh. "On-the-fly" syntax checking information may be incorrect. [C:\Users\C27Brandon.Sweitzer\workspace\ece383_wksp\lab2\lab2\lab2.srcs\sources_1\imports\Downloads\Lab02_cadet_code\lab2_code_for_cadets_2026\lab2_datapath.vhdl:]
WARNING: [filemgmt 56-199] Attempt to get parsing info during refresh. "On-the-fly" syntax checking information may be incorrect. [C:\Users\C27Brandon.Sweitzer\workspace\ece383_wksp\lab2\lab2\lab2.srcs\sources_1\imports\Downloads\Lab02_cadet_code\lab2_code_for_cadets_2026\lab2_fsm.vhdl:]
WARNING: [filemgmt 56-199] Attempt to get parsing info during refresh. "On-the-fly" syntax checking information may be incorrect. [C:\Users\C27Brandon.Sweitzer\workspace\ece383_wksp\lab2\lab2\lab2.srcs\sources_1\imports\Lab1_Cadet_Code_2026\numeric_stepper.vhd:]
WARNING: [filemgmt 56-199] Attempt to get parsing info during refresh. "On-the-fly" syntax checking information may be incorrect. [C:\Users\C27Brandon.Sweitzer\workspace\ece383_wksp\lab2\lab2\lab2.srcs\sources_1\imports\Downloads\Lab02_cadet_code\lab2_code_for_cadets_2026\trigger_detector.vhd:]
WARNING: [filemgmt 56-199] Attempt to get parsing info during refresh. "On-the-fly" syntax checking information may be incorrect. [C:\Users\C27Brandon.Sweitzer\workspace\ece383_wksp\lab2\lab2\lab2.srcs\sources_1\imports\imports\Lab1_Cadet_Code_2026\video.vhdl:]
WARNING: [filemgmt 56-199] Attempt to get parsing info during refresh. "On-the-fly" syntax checking information may be incorrect. [C:\Users\C27Brandon.Sweitzer\workspace\ece383_wksp\lab2\lab2\lab2.srcs\sources_1\imports\Lab1_Cadet_Code_2026\vga.vhd:]
WARNING: [filemgmt 56-199] Attempt to get parsing info during refresh. "On-the-fly" syntax checking information may be incorrect. [C:\Users\C27Brandon.Sweitzer\workspace\ece383_wksp\lab2\lab2\lab2.srcs\sources_1\imports\Downloads\Lab02_cadet_code\lab2_code_for_cadets_2026\Audio_Codec_Wrapper.vhd:]
WARNING: [filemgmt 56-199] Attempt to get parsing info during refresh. "On-the-fly" syntax checking information may be incorrect. [C:\Users\C27Brandon.Sweitzer\workspace\ece383_wksp\lab2\lab2\lab2.srcs\sources_1\new\color_mapper.vhd:]
WARNING: [filemgmt 56-199] Attempt to get parsing info during refresh. "On-the-fly" syntax checking information may be incorrect. [C:\Users\C27Brandon.Sweitzer\workspace\ece383_wksp\lab2\lab2\lab2.srcs\sources_1\imports\Downloads\Lab02_cadet_code\lab2_code_for_cadets_2026\lab2_datapath.vhdl:]
WARNING: [filemgmt 56-199] Attempt to get parsing info during refresh. "On-the-fly" syntax checking information may be incorrect. [C:\Users\C27Brandon.Sweitzer\workspace\ece383_wksp\lab2\lab2\lab2.srcs\sources_1\imports\Downloads\Lab02_cadet_code\lab2_code_for_cadets_2026\lab2_datapath.vhdl:]
WARNING: [filemgmt 56-199] Attempt to get parsing info during refresh. "On-the-fly" syntax checking information may be incorrect. [C:\Users\C27Brandon.Sweitzer\workspace\ece383_wksp\lab2\lab2\lab2.srcs\sources_1\imports\Downloads\Lab02_cadet_code\lab2_code_for_cadets_2026\lab2.vhd:]
WARNING: [filemgmt 56-199] Attempt to get parsing info during refresh. "On-the-fly" syntax checking information may be incorrect. [C:\Users\C27Brandon.Sweitzer\workspace\ece383_wksp\lab2\lab2\lab2.srcs\sources_1\imports\Downloads\Lab02_cadet_code\lab2_code_for_cadets_2026\lab2_datapath.vhdl:]
WARNING: [filemgmt 56-199] Attempt to get parsing info during refresh. "On-the-fly" syntax checking information may be incorrect. [C:\Users\C27Brandon.Sweitzer\workspace\ece383_wksp\lab2\lab2\lab2.srcs\sources_1\imports\Downloads\Lab02_cadet_code\lab2_code_for_cadets_2026\lab2_fsm.vhdl:]
WARNING: [filemgmt 56-199] Attempt to get parsing info during refresh. "On-the-fly" syntax checking information may be incorrect. [C:\Users\C27Brandon.Sweitzer\workspace\ece383_wksp\lab2\lab2\lab2.srcs\sources_1\imports\Lab1_Cadet_Code_2026\numeric_stepper.vhd:]
WARNING: [filemgmt 56-199] Attempt to get parsing info during refresh. "On-the-fly" syntax checking information may be incorrect. [C:\Users\C27Brandon.Sweitzer\workspace\ece383_wksp\lab2\lab2\lab2.srcs\sources_1\imports\Downloads\Lab02_cadet_code\lab2_code_for_cadets_2026\trigger_detector.vhd:]
WARNING: [filemgmt 56-199] Attempt to get parsing info during refresh. "On-the-fly" syntax checking information may be incorrect. [C:\Users\C27Brandon.Sweitzer\workspace\ece383_wksp\lab2\lab2\lab2.srcs\sources_1\imports\imports\Lab1_Cadet_Code_2026\video.vhdl:]
WARNING: [filemgmt 56-199] Attempt to get parsing info during refresh. "On-the-fly" syntax checking information may be incorrect. [C:\Users\C27Brandon.Sweitzer\workspace\ece383_wksp\lab2\lab2\lab2.srcs\sources_1\imports\Lab1_Cadet_Code_2026\vga.vhd:]
WARNING: [filemgmt 56-199] Attempt to get parsing info during refresh. "On-the-fly" syntax checking information may be incorrect. [C:\Users\C27Brandon.Sweitzer\workspace\ece383_wksp\lab2\lab2\lab2.srcs\sources_1\imports\Downloads\Lab02_cadet_code\lab2_code_for_cadets_2026\Audio_Codec_Wrapper.vhd:]
WARNING: [filemgmt 56-199] Attempt to get parsing info during refresh. "On-the-fly" syntax checking information may be incorrect. [C:\Users\C27Brandon.Sweitzer\workspace\ece383_wksp\lab2\lab2\lab2.srcs\sources_1\new\color_mapper.vhd:]
WARNING: [filemgmt 56-199] Attempt to get parsing info during refresh. "On-the-fly" syntax checking information may be incorrect. [C:\Users\C27Brandon.Sweitzer\workspace\ece383_wksp\lab2\lab2\lab2.srcs\sources_1\imports\Downloads\Lab02_cadet_code\lab2_code_for_cadets_2026\Audio_Codec_Wrapper.vhd:]
WARNING: [filemgmt 56-199] Attempt to get parsing info during refresh. "On-the-fly" syntax checking information may be incorrect. [C:\Users\C27Brandon.Sweitzer\workspace\ece383_wksp\lab2\lab2\lab2.srcs\sources_1\imports\Downloads\Lab02_cadet_code\lab2_code_for_cadets_2026\Audio_Codec_Wrapper.vhd:]
WARNING: [filemgmt 56-199] Attempt to get parsing info during refresh. "On-the-fly" syntax checking information may be incorrect. [C:\Users\C27Brandon.Sweitzer\workspace\ece383_wksp\lab2\lab2\lab2.srcs\sources_1\imports\Downloads\Lab02_cadet_code\lab2_code_for_cadets_2026\lab2.vhd:]
WARNING: [filemgmt 56-199] Attempt to get parsing info during refresh. "On-the-fly" syntax checking information may be incorrect. [C:\Users\C27Brandon.Sweitzer\workspace\ece383_wksp\lab2\lab2\lab2.srcs\sources_1\imports\Downloads\Lab02_cadet_code\lab2_code_for_cadets_2026\lab2_datapath.vhdl:]
WARNING: [filemgmt 56-199] Attempt to get parsing info during refresh. "On-the-fly" syntax checking information may be incorrect. [C:\Users\C27Brandon.Sweitzer\workspace\ece383_wksp\lab2\lab2\lab2.srcs\sources_1\imports\Downloads\Lab02_cadet_code\lab2_code_for_cadets_2026\lab2_fsm.vhdl:]
WARNING: [filemgmt 56-199] Attempt to get parsing info during refresh. "On-the-fly" syntax checking information may be incorrect. [C:\Users\C27Brandon.Sweitzer\workspace\ece383_wksp\lab2\lab2\lab2.srcs\sources_1\imports\Lab1_Cadet_Code_2026\numeric_stepper.vhd:]
WARNING: [filemgmt 56-199] Attempt to get parsing info during refresh. "On-the-fly" syntax checking information may be incorrect. [C:\Users\C27Brandon.Sweitzer\workspace\ece383_wksp\lab2\lab2\lab2.srcs\sources_1\imports\Downloads\Lab02_cadet_code\lab2_code_for_cadets_2026\trigger_detector.vhd:]
WARNING: [filemgmt 56-199] Attempt to get parsing info during refresh. "On-the-fly" syntax checking information may be incorrect. [C:\Users\C27Brandon.Sweitzer\workspace\ece383_wksp\lab2\lab2\lab2.srcs\sources_1\imports\imports\Lab1_Cadet_Code_2026\video.vhdl:]
WARNING: [filemgmt 56-199] Attempt to get parsing info during refresh. "On-the-fly" syntax checking information may be incorrect. [C:\Users\C27Brandon.Sweitzer\workspace\ece383_wksp\lab2\lab2\lab2.srcs\sources_1\imports\Lab1_Cadet_Code_2026\vga.vhd:]
WARNING: [filemgmt 56-199] Attempt to get parsing info during refresh. "On-the-fly" syntax checking information may be incorrect. [C:\Users\C27Brandon.Sweitzer\workspace\ece383_wksp\lab2\lab2\lab2.srcs\sources_1\imports\Downloads\Lab02_cadet_code\lab2_code_for_cadets_2026\Audio_Codec_Wrapper.vhd:]
WARNING: [filemgmt 56-199] Attempt to get parsing info during refresh. "On-the-fly" syntax checking information may be incorrect. [C:\Users\C27Brandon.Sweitzer\workspace\ece383_wksp\lab2\lab2\lab2.srcs\sources_1\new\color_mapper.vhd:]
WARNING: [filemgmt 56-199] Attempt to get parsing info during refresh. "On-the-fly" syntax checking information may be incorrect. [C:\Users\C27Brandon.Sweitzer\workspace\ece383_wksp\lab2\lab2\lab2.srcs\sources_1\imports\Lab1_Cadet_Code_2026\vga.vhd:]
WARNING: [filemgmt 56-199] Attempt to get parsing info during refresh. "On-the-fly" syntax checking information may be incorrect. [C:\Users\C27Brandon.Sweitzer\workspace\ece383_wksp\lab2\lab2\lab2.srcs\sources_1\imports\Lab1_Cadet_Code_2026\vga.vhd:]
WARNING: [filemgmt 56-199] Attempt to get parsing info during refresh. "On-the-fly" syntax checking information may be incorrect. [C:\Users\C27Brandon.Sweitzer\workspace\ece383_wksp\lab2\lab2\lab2.srcs\sources_1\imports\Downloads\Lab02_cadet_code\lab2_code_for_cadets_2026\lab2.vhd:]
WARNING: [filemgmt 56-199] Attempt to get parsing info during refresh. "On-the-fly" syntax checking information may be incorrect. [C:\Users\C27Brandon.Sweitzer\workspace\ece383_wksp\lab2\lab2\lab2.srcs\sources_1\imports\Downloads\Lab02_cadet_code\lab2_code_for_cadets_2026\lab2_datapath.vhdl:]
WARNING: [filemgmt 56-199] Attempt to get parsing info during refresh. "On-the-fly" syntax checking information may be incorrect. [C:\Users\C27Brandon.Sweitzer\workspace\ece383_wksp\lab2\lab2\lab2.srcs\sources_1\imports\Downloads\Lab02_cadet_code\lab2_code_for_cadets_2026\lab2_fsm.vhdl:]
WARNING: [filemgmt 56-199] Attempt to get parsing info during refresh. "On-the-fly" syntax checking information may be incorrect. [C:\Users\C27Brandon.Sweitzer\workspace\ece383_wksp\lab2\lab2\lab2.srcs\sources_1\imports\Lab1_Cadet_Code_2026\numeric_stepper.vhd:]
WARNING: [filemgmt 56-199] Attempt to get parsing info during refresh. "On-the-fly" syntax checking information may be incorrect. [C:\Users\C27Brandon.Sweitzer\workspace\ece383_wksp\lab2\lab2\lab2.srcs\sources_1\imports\Downloads\Lab02_cadet_code\lab2_code_for_cadets_2026\trigger_detector.vhd:]
WARNING: [filemgmt 56-199] Attempt to get parsing info during refresh. "On-the-fly" syntax checking information may be incorrect. [C:\Users\C27Brandon.Sweitzer\workspace\ece383_wksp\lab2\lab2\lab2.srcs\sources_1\imports\imports\Lab1_Cadet_Code_2026\video.vhdl:]
WARNING: [filemgmt 56-199] Attempt to get parsing info during refresh. "On-the-fly" syntax checking information may be incorrect. [C:\Users\C27Brandon.Sweitzer\workspace\ece383_wksp\lab2\lab2\lab2.srcs\sources_1\imports\Lab1_Cadet_Code_2026\vga.vhd:]
WARNING: [filemgmt 56-199] Attempt to get parsing info during refresh. "On-the-fly" syntax checking information may be incorrect. [C:\Users\C27Brandon.Sweitzer\workspace\ece383_wksp\lab2\lab2\lab2.srcs\sources_1\imports\Downloads\Lab02_cadet_code\lab2_code_for_cadets_2026\Audio_Codec_Wrapper.vhd:]
WARNING: [filemgmt 56-199] Attempt to get parsing info during refresh. "On-the-fly" syntax checking information may be incorrect. [C:\Users\C27Brandon.Sweitzer\workspace\ece383_wksp\lab2\lab2\lab2.srcs\sources_1\new\color_mapper.vhd:]
WARNING: [filemgmt 56-199] Attempt to get parsing info during refresh. "On-the-fly" syntax checking information may be incorrect. [C:\Users\C27Brandon.Sweitzer\workspace\ece383_wksp\lab2\lab2\lab2.srcs\sources_1\imports\Downloads\Lab02_cadet_code\lab2_code_for_cadets_2026\trigger_detector.vhd:]
WARNING: [filemgmt 56-199] Attempt to get parsing info during refresh. "On-the-fly" syntax checking information may be incorrect. [C:\Users\C27Brandon.Sweitzer\workspace\ece383_wksp\lab2\lab2\lab2.srcs\sources_1\imports\Downloads\Lab02_cadet_code\lab2_code_for_cadets_2026\trigger_detector.vhd:]
WARNING: [filemgmt 56-199] Attempt to get parsing info during refresh. "On-the-fly" syntax checking information may be incorrect. [C:\Users\C27Brandon.Sweitzer\workspace\ece383_wksp\lab2\lab2\lab2.srcs\sources_1\imports\Downloads\Lab02_cadet_code\lab2_code_for_cadets_2026\lab2.vhd:]
WARNING: [filemgmt 56-199] Attempt to get parsing info during refresh. "On-the-fly" syntax checking information may be incorrect. [C:\Users\C27Brandon.Sweitzer\workspace\ece383_wksp\lab2\lab2\lab2.srcs\sources_1\imports\Downloads\Lab02_cadet_code\lab2_code_for_cadets_2026\lab2_datapath.vhdl:]
WARNING: [filemgmt 56-199] Attempt to get parsing info during refresh. "On-the-fly" syntax checking information may be incorrect. [C:\Users\C27Brandon.Sweitzer\workspace\ece383_wksp\lab2\lab2\lab2.srcs\sources_1\imports\Downloads\Lab02_cadet_code\lab2_code_for_cadets_2026\lab2_fsm.vhdl:]
WARNING: [filemgmt 56-199] Attempt to get parsing info during refresh. "On-the-fly" syntax checking information may be incorrect. [C:\Users\C27Brandon.Sweitzer\workspace\ece383_wksp\lab2\lab2\lab2.srcs\sources_1\imports\Lab1_Cadet_Code_2026\numeric_stepper.vhd:]
WARNING: [filemgmt 56-199] Attempt to get parsing info during refresh. "On-the-fly" syntax checking information may be incorrect. [C:\Users\C27Brandon.Sweitzer\workspace\ece383_wksp\lab2\lab2\lab2.srcs\sources_1\imports\Downloads\Lab02_cadet_code\lab2_code_for_cadets_2026\trigger_detector.vhd:]
WARNING: [filemgmt 56-199] Attempt to get parsing info during refresh. "On-the-fly" syntax checking information may be incorrect. [C:\Users\C27Brandon.Sweitzer\workspace\ece383_wksp\lab2\lab2\lab2.srcs\sources_1\imports\imports\Lab1_Cadet_Code_2026\video.vhdl:]
WARNING: [filemgmt 56-199] Attempt to get parsing info during refresh. "On-the-fly" syntax checking information may be incorrect. [C:\Users\C27Brandon.Sweitzer\workspace\ece383_wksp\lab2\lab2\lab2.srcs\sources_1\imports\Lab1_Cadet_Code_2026\vga.vhd:]
WARNING: [filemgmt 56-199] Attempt to get parsing info during refresh. "On-the-fly" syntax checking information may be incorrect. [C:\Users\C27Brandon.Sweitzer\workspace\ece383_wksp\lab2\lab2\lab2.srcs\sources_1\imports\Downloads\Lab02_cadet_code\lab2_code_for_cadets_2026\Audio_Codec_Wrapper.vhd:]
WARNING: [filemgmt 56-199] Attempt to get parsing info during refresh. "On-the-fly" syntax checking information may be incorrect. [C:\Users\C27Brandon.Sweitzer\workspace\ece383_wksp\lab2\lab2\lab2.srcs\sources_1\new\color_mapper.vhd:]
WARNING: [filemgmt 56-199] Attempt to get parsing info during refresh. "On-the-fly" syntax checking information may be incorrect. [C:\Users\C27Brandon.Sweitzer\workspace\ece383_wksp\lab2\lab2\lab2.srcs\sources_1\imports\Downloads\Lab02_cadet_code\lab2_code_for_cadets_2026\lab2_fsm.vhdl:]
WARNING: [filemgmt 56-199] Attempt to get parsing info during refresh. "On-the-fly" syntax checking information may be incorrect. [C:\Users\C27Brandon.Sweitzer\workspace\ece383_wksp\lab2\lab2\lab2.srcs\sources_1\imports\Downloads\Lab02_cadet_code\lab2_code_for_cadets_2026\lab2_fsm.vhdl:]
ERROR: [Common 17-180] Spawn failed: No error
WARNING: [filemgmt 56-199] Attempt to get parsing info during refresh. "On-the-fly" syntax checking information may be incorrect. [C:\Users\C27Brandon.Sweitzer\workspace\ece383_wksp\lab2\lab2\lab2.srcs\sources_1\imports\Downloads\Lab02_cadet_code\lab2_code_for_cadets_2026\lab2.vhd:]
WARNING: [filemgmt 56-199] Attempt to get parsing info during refresh. "On-the-fly" syntax checking information may be incorrect. [C:\Users\C27Brandon.Sweitzer\workspace\ece383_wksp\lab2\lab2\lab2.srcs\sources_1\imports\Downloads\Lab02_cadet_code\lab2_code_for_cadets_2026\lab2_datapath.vhdl:]
WARNING: [filemgmt 56-199] Attempt to get parsing info during refresh. "On-the-fly" syntax checking information may be incorrect. [C:\Users\C27Brandon.Sweitzer\workspace\ece383_wksp\lab2\lab2\lab2.srcs\sources_1\imports\Downloads\Lab02_cadet_code\lab2_code_for_cadets_2026\lab2_fsm.vhdl:]
WARNING: [filemgmt 56-199] Attempt to get parsing info during refresh. "On-the-fly" syntax checking information may be incorrect. [C:\Users\C27Brandon.Sweitzer\workspace\ece383_wksp\lab2\lab2\lab2.srcs\sources_1\imports\Lab1_Cadet_Code_2026\numeric_stepper.vhd:]
WARNING: [filemgmt 56-199] Attempt to get parsing info during refresh. "On-the-fly" syntax checking information may be incorrect. [C:\Users\C27Brandon.Sweitzer\workspace\ece383_wksp\lab2\lab2\lab2.srcs\sources_1\imports\Downloads\Lab02_cadet_code\lab2_code_for_cadets_2026\trigger_detector.vhd:]
WARNING: [filemgmt 56-199] Attempt to get parsing info during refresh. "On-the-fly" syntax checking information may be incorrect. [C:\Users\C27Brandon.Sweitzer\workspace\ece383_wksp\lab2\lab2\lab2.srcs\sources_1\imports\imports\Lab1_Cadet_Code_2026\video.vhdl:]
WARNING: [filemgmt 56-199] Attempt to get parsing info during refresh. "On-the-fly" syntax checking information may be incorrect. [C:\Users\C27Brandon.Sweitzer\workspace\ece383_wksp\lab2\lab2\lab2.srcs\sources_1\imports\Lab1_Cadet_Code_2026\vga.vhd:]
WARNING: [filemgmt 56-199] Attempt to get parsing info during refresh. "On-the-fly" syntax checking information may be incorrect. [C:\Users\C27Brandon.Sweitzer\workspace\ece383_wksp\lab2\lab2\lab2.srcs\sources_1\imports\Downloads\Lab02_cadet_code\lab2_code_for_cadets_2026\Audio_Codec_Wrapper.vhd:]
WARNING: [filemgmt 56-199] Attempt to get parsing info during refresh. "On-the-fly" syntax checking information may be incorrect. [C:\Users\C27Brandon.Sweitzer\workspace\ece383_wksp\lab2\lab2\lab2.srcs\sources_1\new\color_mapper.vhd:]
WARNING: [filemgmt 56-199] Attempt to get parsing info during refresh. "On-the-fly" syntax checking information may be incorrect. [C:\Users\C27Brandon.Sweitzer\workspace\ece383_wksp\lab2\lab2\lab2.srcs\sources_1\imports\Lab1_Cadet_Code_2026\numeric_stepper.vhd:]
WARNING: [filemgmt 56-199] Attempt to get parsing info during refresh. "On-the-fly" syntax checking information may be incorrect. [C:\Users\C27Brandon.Sweitzer\workspace\ece383_wksp\lab2\lab2\lab2.srcs\sources_1\imports\Lab1_Cadet_Code_2026\numeric_stepper.vhd:]
ERROR: [Common 17-180] Spawn failed: No error
WARNING: [filemgmt 56-199] Attempt to get parsing info during refresh. "On-the-fly" syntax checking information may be incorrect. [C:\Users\C27Brandon.Sweitzer\workspace\ece383_wksp\lab2\lab2\lab2.srcs\sources_1\imports\Downloads\Lab02_cadet_code\lab2_code_for_cadets_2026\lab2.vhd:]
WARNING: [filemgmt 56-199] Attempt to get parsing info during refresh. "On-the-fly" syntax checking information may be incorrect. [C:\Users\C27Brandon.Sweitzer\workspace\ece383_wksp\lab2\lab2\lab2.srcs\sources_1\imports\Downloads\Lab02_cadet_code\lab2_code_for_cadets_2026\lab2_datapath.vhdl:]
WARNING: [filemgmt 56-199] Attempt to get parsing info during refresh. "On-the-fly" syntax checking information may be incorrect. [C:\Users\C27Brandon.Sweitzer\workspace\ece383_wksp\lab2\lab2\lab2.srcs\sources_1\imports\Downloads\Lab02_cadet_code\lab2_code_for_cadets_2026\lab2_fsm.vhdl:]
WARNING: [filemgmt 56-199] Attempt to get parsing info during refresh. "On-the-fly" syntax checking information may be incorrect. [C:\Users\C27Brandon.Sweitzer\workspace\ece383_wksp\lab2\lab2\lab2.srcs\sources_1\imports\Lab1_Cadet_Code_2026\numeric_stepper.vhd:]
WARNING: [filemgmt 56-199] Attempt to get parsing info during refresh. "On-the-fly" syntax checking information may be incorrect. [C:\Users\C27Brandon.Sweitzer\workspace\ece383_wksp\lab2\lab2\lab2.srcs\sources_1\imports\Downloads\Lab02_cadet_code\lab2_code_for_cadets_2026\trigger_detector.vhd:]
WARNING: [filemgmt 56-199] Attempt to get parsing info during refresh. "On-the-fly" syntax checking information may be incorrect. [C:\Users\C27Brandon.Sweitzer\workspace\ece383_wksp\lab2\lab2\lab2.srcs\sources_1\imports\imports\Lab1_Cadet_Code_2026\video.vhdl:]
WARNING: [filemgmt 56-199] Attempt to get parsing info during refresh. "On-the-fly" syntax checking information may be incorrect. [C:\Users\C27Brandon.Sweitzer\workspace\ece383_wksp\lab2\lab2\lab2.srcs\sources_1\imports\Lab1_Cadet_Code_2026\vga.vhd:]
WARNING: [filemgmt 56-199] Attempt to get parsing info during refresh. "On-the-fly" syntax checking information may be incorrect. [C:\Users\C27Brandon.Sweitzer\workspace\ece383_wksp\lab2\lab2\lab2.srcs\sources_1\imports\Downloads\Lab02_cadet_code\lab2_code_for_cadets_2026\Audio_Codec_Wrapper.vhd:]
WARNING: [filemgmt 56-199] Attempt to get parsing info during refresh. "On-the-fly" syntax checking information may be incorrect. [C:\Users\C27Brandon.Sweitzer\workspace\ece383_wksp\lab2\lab2\lab2.srcs\sources_1\new\color_mapper.vhd:]
WARNING: [filemgmt 56-199] Attempt to get parsing info during refresh. "On-the-fly" syntax checking information may be incorrect. [C:\Users\C27Brandon.Sweitzer\workspace\ece383_wksp\lab2\lab2\lab2.srcs\sources_1\imports\imports\Lab1_Cadet_Code_2026\video.vhdl:]
WARNING: [filemgmt 56-199] Attempt to get parsing info during refresh. "On-the-fly" syntax checking information may be incorrect. [C:\Users\C27Brandon.Sweitzer\workspace\ece383_wksp\lab2\lab2\lab2.srcs\sources_1\imports\imports\Lab1_Cadet_Code_2026\video.vhdl:]
ERROR: [Common 17-180] Spawn failed: No error
WARNING: [filemgmt 56-199] Attempt to get parsing info during refresh. "On-the-fly" syntax checking information may be incorrect. [C:\Users\C27Brandon.Sweitzer\workspace\ece383_wksp\lab2\lab2\lab2.srcs\sources_1\imports\Downloads\Lab02_cadet_code\lab2_code_for_cadets_2026\lab2.vhd:]
WARNING: [filemgmt 56-199] Attempt to get parsing info during refresh. "On-the-fly" syntax checking information may be incorrect. [C:\Users\C27Brandon.Sweitzer\workspace\ece383_wksp\lab2\lab2\lab2.srcs\sources_1\imports\Downloads\Lab02_cadet_code\lab2_code_for_cadets_2026\lab2_datapath.vhdl:]
WARNING: [filemgmt 56-199] Attempt to get parsing info during refresh. "On-the-fly" syntax checking information may be incorrect. [C:\Users\C27Brandon.Sweitzer\workspace\ece383_wksp\lab2\lab2\lab2.srcs\sources_1\imports\Downloads\Lab02_cadet_code\lab2_code_for_cadets_2026\lab2_fsm.vhdl:]
WARNING: [filemgmt 56-199] Attempt to get parsing info during refresh. "On-the-fly" syntax checking information may be incorrect. [C:\Users\C27Brandon.Sweitzer\workspace\ece383_wksp\lab2\lab2\lab2.srcs\sources_1\imports\Lab1_Cadet_Code_2026\numeric_stepper.vhd:]
WARNING: [filemgmt 56-199] Attempt to get parsing info during refresh. "On-the-fly" syntax checking information may be incorrect. [C:\Users\C27Brandon.Sweitzer\workspace\ece383_wksp\lab2\lab2\lab2.srcs\sources_1\imports\Downloads\Lab02_cadet_code\lab2_code_for_cadets_2026\trigger_detector.vhd:]
WARNING: [filemgmt 56-199] Attempt to get parsing info during refresh. "On-the-fly" syntax checking information may be incorrect. [C:\Users\C27Brandon.Sweitzer\workspace\ece383_wksp\lab2\lab2\lab2.srcs\sources_1\imports\imports\Lab1_Cadet_Code_2026\video.vhdl:]
WARNING: [filemgmt 56-199] Attempt to get parsing info during refresh. "On-the-fly" syntax checking information may be incorrect. [C:\Users\C27Brandon.Sweitzer\workspace\ece383_wksp\lab2\lab2\lab2.srcs\sources_1\imports\Lab1_Cadet_Code_2026\vga.vhd:]
WARNING: [filemgmt 56-199] Attempt to get parsing info during refresh. "On-the-fly" syntax checking information may be incorrect. [C:\Users\C27Brandon.Sweitzer\workspace\ece383_wksp\lab2\lab2\lab2.srcs\sources_1\imports\Downloads\Lab02_cadet_code\lab2_code_for_cadets_2026\Audio_Codec_Wrapper.vhd:]
WARNING: [filemgmt 56-199] Attempt to get parsing info during refresh. "On-the-fly" syntax checking information may be incorrect. [C:\Users\C27Brandon.Sweitzer\workspace\ece383_wksp\lab2\lab2\lab2.srcs\sources_1\new\color_mapper.vhd:]
WARNING: [filemgmt 56-199] Attempt to get parsing info during refresh. "On-the-fly" syntax checking information may be incorrect. [C:\Users\C27Brandon.Sweitzer\workspace\ece383_wksp\lab2\lab2\lab2.srcs\sources_1\new\color_mapper.vhd:]
WARNING: [filemgmt 56-199] Attempt to get parsing info during refresh. "On-the-fly" syntax checking information may be incorrect. [C:\Users\C27Brandon.Sweitzer\workspace\ece383_wksp\lab2\lab2\lab2.srcs\sources_1\new\color_mapper.vhd:]
close_design
WARNING: [filemgmt 56-199] Attempt to get parsing info during refresh. "On-the-fly" syntax checking information may be incorrect. [C:\Users\C27Brandon.Sweitzer\workspace\ece383_wksp\lab2\lab2\lab2.srcs\sources_1\imports\Downloads\Lab02_cadet_code\lab2_code_for_cadets_2026\lab2.vhd:]
WARNING: [filemgmt 56-199] Attempt to get parsing info during refresh. "On-the-fly" syntax checking information may be incorrect. [C:\Users\C27Brandon.Sweitzer\workspace\ece383_wksp\lab2\lab2\lab2.srcs\sources_1\imports\Downloads\Lab02_cadet_code\lab2_code_for_cadets_2026\lab2_datapath.vhdl:]
INFO: [Common 17-14] Message 'filemgmt 56-199' appears 100 times and further instances of the messages will be disabled. Use the Tcl command set_msg_config to change the current settings.
ERROR: [Common 17-180] Spawn failed: No error
ERROR: [Common 17-180] Spawn failed: No error
ERROR: [Common 17-180] Spawn failed: No error
ERROR: [Common 17-180] Spawn failed: No error
WARNING: [filemgmt 56-199] Attempt to get parsing info during refresh. "On-the-fly" syntax checking information may be incorrect. [C:\Users\C27Brandon.Sweitzer\workspace\ece383_wksp\lab2\lab2\lab2.srcs\sources_1\imports\Downloads\Lab02_cadet_code\lab2_code_for_cadets_2026\lab2.vhd:]
WARNING: [filemgmt 56-199] Attempt to get parsing info during refresh. "On-the-fly" syntax checking information may be incorrect. [C:\Users\C27Brandon.Sweitzer\workspace\ece383_wksp\lab2\lab2\lab2.srcs\sources_1\imports\Downloads\Lab02_cadet_code\lab2_code_for_cadets_2026\lab2_datapath.vhdl:]
WARNING: [filemgmt 56-199] Attempt to get parsing info during refresh. "On-the-fly" syntax checking information may be incorrect. [C:\Users\C27Brandon.Sweitzer\workspace\ece383_wksp\lab2\lab2\lab2.srcs\sources_1\imports\Downloads\Lab02_cadet_code\lab2_code_for_cadets_2026\lab2_fsm.vhdl:]
WARNING: [filemgmt 56-199] Attempt to get parsing info during refresh. "On-the-fly" syntax checking information may be incorrect. [C:\Users\C27Brandon.Sweitzer\workspace\ece383_wksp\lab2\lab2\lab2.srcs\sources_1\imports\Lab1_Cadet_Code_2026\numeric_stepper.vhd:]
WARNING: [filemgmt 56-199] Attempt to get parsing info during refresh. "On-the-fly" syntax checking information may be incorrect. [C:\Users\C27Brandon.Sweitzer\workspace\ece383_wksp\lab2\lab2\lab2.srcs\sources_1\imports\Downloads\Lab02_cadet_code\lab2_code_for_cadets_2026\trigger_detector.vhd:]
WARNING: [filemgmt 56-199] Attempt to get parsing info during refresh. "On-the-fly" syntax checking information may be incorrect. [C:\Users\C27Brandon.Sweitzer\workspace\ece383_wksp\lab2\lab2\lab2.srcs\sources_1\imports\imports\Lab1_Cadet_Code_2026\video.vhdl:]
WARNING: [filemgmt 56-199] Attempt to get parsing info during refresh. "On-the-fly" syntax checking information may be incorrect. [C:\Users\C27Brandon.Sweitzer\workspace\ece383_wksp\lab2\lab2\lab2.srcs\sources_1\imports\Lab1_Cadet_Code_2026\vga.vhd:]
WARNING: [filemgmt 56-199] Attempt to get parsing info during refresh. "On-the-fly" syntax checking information may be incorrect. [C:\Users\C27Brandon.Sweitzer\workspace\ece383_wksp\lab2\lab2\lab2.srcs\sources_1\imports\lab2_code_for_cadets_2026\ece383_pkg.vhd:]
WARNING: [filemgmt 56-199] Attempt to get parsing info during refresh. "On-the-fly" syntax checking information may be incorrect. [C:\Users\C27Brandon.Sweitzer\workspace\ece383_wksp\lab2\lab2\lab2.srcs\sources_1\imports\Downloads\Lab02_cadet_code\lab2_code_for_cadets_2026\Audio_Codec_Wrapper.vhd:]
WARNING: [filemgmt 56-199] Attempt to get parsing info during refresh. "On-the-fly" syntax checking information may be incorrect. [C:\Users\C27Brandon.Sweitzer\workspace\ece383_wksp\lab2\lab2\lab2.srcs\sources_1\new\color_mapper.vhd:]
WARNING: [filemgmt 56-199] Attempt to get parsing info during refresh. "On-the-fly" syntax checking information may be incorrect. [C:\Users\C27Brandon.Sweitzer\workspace\ece383_wksp\lab2\lab2\lab2.srcs\sources_1\imports\Downloads\Lab02_cadet_code\lab2_code_for_cadets_2026\lab2_datapath.vhdl:]
WARNING: [filemgmt 56-199] Attempt to get parsing info during refresh. "On-the-fly" syntax checking information may be incorrect. [C:\Users\C27Brandon.Sweitzer\workspace\ece383_wksp\lab2\lab2\lab2.srcs\sources_1\imports\Downloads\Lab02_cadet_code\lab2_code_for_cadets_2026\lab2_datapath.vhdl:]
WARNING: [filemgmt 56-199] Attempt to get parsing info during refresh. "On-the-fly" syntax checking information may be incorrect. [C:\Users\C27Brandon.Sweitzer\workspace\ece383_wksp\lab2\lab2\lab2.srcs\sources_1\imports\Downloads\Lab02_cadet_code\lab2_code_for_cadets_2026\lab2.vhd:]
WARNING: [filemgmt 56-199] Attempt to get parsing info during refresh. "On-the-fly" syntax checking information may be incorrect. [C:\Users\C27Brandon.Sweitzer\workspace\ece383_wksp\lab2\lab2\lab2.srcs\sources_1\imports\Downloads\Lab02_cadet_code\lab2_code_for_cadets_2026\lab2_datapath.vhdl:]
WARNING: [filemgmt 56-199] Attempt to get parsing info during refresh. "On-the-fly" syntax checking information may be incorrect. [C:\Users\C27Brandon.Sweitzer\workspace\ece383_wksp\lab2\lab2\lab2.srcs\sources_1\imports\Downloads\Lab02_cadet_code\lab2_code_for_cadets_2026\lab2_fsm.vhdl:]
WARNING: [filemgmt 56-199] Attempt to get parsing info during refresh. "On-the-fly" syntax checking information may be incorrect. [C:\Users\C27Brandon.Sweitzer\workspace\ece383_wksp\lab2\lab2\lab2.srcs\sources_1\imports\Lab1_Cadet_Code_2026\numeric_stepper.vhd:]
WARNING: [filemgmt 56-199] Attempt to get parsing info during refresh. "On-the-fly" syntax checking information may be incorrect. [C:\Users\C27Brandon.Sweitzer\workspace\ece383_wksp\lab2\lab2\lab2.srcs\sources_1\imports\Downloads\Lab02_cadet_code\lab2_code_for_cadets_2026\trigger_detector.vhd:]
WARNING: [filemgmt 56-199] Attempt to get parsing info during refresh. "On-the-fly" syntax checking information may be incorrect. [C:\Users\C27Brandon.Sweitzer\workspace\ece383_wksp\lab2\lab2\lab2.srcs\sources_1\imports\imports\Lab1_Cadet_Code_2026\video.vhdl:]
WARNING: [filemgmt 56-199] Attempt to get parsing info during refresh. "On-the-fly" syntax checking information may be incorrect. [C:\Users\C27Brandon.Sweitzer\workspace\ece383_wksp\lab2\lab2\lab2.srcs\sources_1\imports\Lab1_Cadet_Code_2026\vga.vhd:]
WARNING: [filemgmt 56-199] Attempt to get parsing info during refresh. "On-the-fly" syntax checking information may be incorrect. [C:\Users\C27Brandon.Sweitzer\workspace\ece383_wksp\lab2\lab2\lab2.srcs\sources_1\imports\lab2_code_for_cadets_2026\ece383_pkg.vhd:]
WARNING: [filemgmt 56-199] Attempt to get parsing info during refresh. "On-the-fly" syntax checking information may be incorrect. [C:\Users\C27Brandon.Sweitzer\workspace\ece383_wksp\lab2\lab2\lab2.srcs\sources_1\imports\Downloads\Lab02_cadet_code\lab2_code_for_cadets_2026\Audio_Codec_Wrapper.vhd:]
WARNING: [filemgmt 56-199] Attempt to get parsing info during refresh. "On-the-fly" syntax checking information may be incorrect. [C:\Users\C27Brandon.Sweitzer\workspace\ece383_wksp\lab2\lab2\lab2.srcs\sources_1\new\color_mapper.vhd:]
WARNING: [filemgmt 56-199] Attempt to get parsing info during refresh. "On-the-fly" syntax checking information may be incorrect. [C:\Users\C27Brandon.Sweitzer\workspace\ece383_wksp\lab2\lab2\lab2.srcs\sources_1\imports\Downloads\Lab02_cadet_code\lab2_code_for_cadets_2026\Audio_Codec_Wrapper.vhd:]
WARNING: [filemgmt 56-199] Attempt to get parsing info during refresh. "On-the-fly" syntax checking information may be incorrect. [C:\Users\C27Brandon.Sweitzer\workspace\ece383_wksp\lab2\lab2\lab2.srcs\sources_1\imports\Downloads\Lab02_cadet_code\lab2_code_for_cadets_2026\Audio_Codec_Wrapper.vhd:]
WARNING: [filemgmt 56-199] Attempt to get parsing info during refresh. "On-the-fly" syntax checking information may be incorrect. [C:\Users\C27Brandon.Sweitzer\workspace\ece383_wksp\lab2\lab2\lab2.srcs\sources_1\imports\Downloads\Lab02_cadet_code\lab2_code_for_cadets_2026\lab2.vhd:]
WARNING: [filemgmt 56-199] Attempt to get parsing info during refresh. "On-the-fly" syntax checking information may be incorrect. [C:\Users\C27Brandon.Sweitzer\workspace\ece383_wksp\lab2\lab2\lab2.srcs\sources_1\imports\Downloads\Lab02_cadet_code\lab2_code_for_cadets_2026\lab2_datapath.vhdl:]
WARNING: [filemgmt 56-199] Attempt to get parsing info during refresh. "On-the-fly" syntax checking information may be incorrect. [C:\Users\C27Brandon.Sweitzer\workspace\ece383_wksp\lab2\lab2\lab2.srcs\sources_1\imports\Downloads\Lab02_cadet_code\lab2_code_for_cadets_2026\lab2_fsm.vhdl:]
WARNING: [filemgmt 56-199] Attempt to get parsing info during refresh. "On-the-fly" syntax checking information may be incorrect. [C:\Users\C27Brandon.Sweitzer\workspace\ece383_wksp\lab2\lab2\lab2.srcs\sources_1\imports\Lab1_Cadet_Code_2026\numeric_stepper.vhd:]
WARNING: [filemgmt 56-199] Attempt to get parsing info during refresh. "On-the-fly" syntax checking information may be incorrect. [C:\Users\C27Brandon.Sweitzer\workspace\ece383_wksp\lab2\lab2\lab2.srcs\sources_1\imports\Downloads\Lab02_cadet_code\lab2_code_for_cadets_2026\trigger_detector.vhd:]
WARNING: [filemgmt 56-199] Attempt to get parsing info during refresh. "On-the-fly" syntax checking information may be incorrect. [C:\Users\C27Brandon.Sweitzer\workspace\ece383_wksp\lab2\lab2\lab2.srcs\sources_1\imports\imports\Lab1_Cadet_Code_2026\video.vhdl:]
WARNING: [filemgmt 56-199] Attempt to get parsing info during refresh. "On-the-fly" syntax checking information may be incorrect. [C:\Users\C27Brandon.Sweitzer\workspace\ece383_wksp\lab2\lab2\lab2.srcs\sources_1\imports\Lab1_Cadet_Code_2026\vga.vhd:]
WARNING: [filemgmt 56-199] Attempt to get parsing info during refresh. "On-the-fly" syntax checking information may be incorrect. [C:\Users\C27Brandon.Sweitzer\workspace\ece383_wksp\lab2\lab2\lab2.srcs\sources_1\imports\lab2_code_for_cadets_2026\ece383_pkg.vhd:]
WARNING: [filemgmt 56-199] Attempt to get parsing info during refresh. "On-the-fly" syntax checking information may be incorrect. [C:\Users\C27Brandon.Sweitzer\workspace\ece383_wksp\lab2\lab2\lab2.srcs\sources_1\imports\Downloads\Lab02_cadet_code\lab2_code_for_cadets_2026\Audio_Codec_Wrapper.vhd:]
WARNING: [filemgmt 56-199] Attempt to get parsing info during refresh. "On-the-fly" syntax checking information may be incorrect. [C:\Users\C27Brandon.Sweitzer\workspace\ece383_wksp\lab2\lab2\lab2.srcs\sources_1\new\color_mapper.vhd:]
WARNING: [filemgmt 56-199] Attempt to get parsing info during refresh. "On-the-fly" syntax checking information may be incorrect. [C:\Users\C27Brandon.Sweitzer\workspace\ece383_wksp\lab2\lab2\lab2.srcs\sources_1\imports\Lab1_Cadet_Code_2026\vga.vhd:]
WARNING: [filemgmt 56-199] Attempt to get parsing info during refresh. "On-the-fly" syntax checking information may be incorrect. [C:\Users\C27Brandon.Sweitzer\workspace\ece383_wksp\lab2\lab2\lab2.srcs\sources_1\imports\Lab1_Cadet_Code_2026\vga.vhd:]
WARNING: [filemgmt 56-199] Attempt to get parsing info during refresh. "On-the-fly" syntax checking information may be incorrect. [C:\Users\C27Brandon.Sweitzer\workspace\ece383_wksp\lab2\lab2\lab2.srcs\sources_1\imports\Downloads\Lab02_cadet_code\lab2_code_for_cadets_2026\lab2.vhd:]
WARNING: [filemgmt 56-199] Attempt to get parsing info during refresh. "On-the-fly" syntax checking information may be incorrect. [C:\Users\C27Brandon.Sweitzer\workspace\ece383_wksp\lab2\lab2\lab2.srcs\sources_1\imports\Downloads\Lab02_cadet_code\lab2_code_for_cadets_2026\lab2_datapath.vhdl:]
WARNING: [filemgmt 56-199] Attempt to get parsing info during refresh. "On-the-fly" syntax checking information may be incorrect. [C:\Users\C27Brandon.Sweitzer\workspace\ece383_wksp\lab2\lab2\lab2.srcs\sources_1\imports\Downloads\Lab02_cadet_code\lab2_code_for_cadets_2026\lab2_fsm.vhdl:]
WARNING: [filemgmt 56-199] Attempt to get parsing info during refresh. "On-the-fly" syntax checking information may be incorrect. [C:\Users\C27Brandon.Sweitzer\workspace\ece383_wksp\lab2\lab2\lab2.srcs\sources_1\imports\Lab1_Cadet_Code_2026\numeric_stepper.vhd:]
WARNING: [filemgmt 56-199] Attempt to get parsing info during refresh. "On-the-fly" syntax checking information may be incorrect. [C:\Users\C27Brandon.Sweitzer\workspace\ece383_wksp\lab2\lab2\lab2.srcs\sources_1\imports\Downloads\Lab02_cadet_code\lab2_code_for_cadets_2026\trigger_detector.vhd:]
WARNING: [filemgmt 56-199] Attempt to get parsing info during refresh. "On-the-fly" syntax checking information may be incorrect. [C:\Users\C27Brandon.Sweitzer\workspace\ece383_wksp\lab2\lab2\lab2.srcs\sources_1\imports\imports\Lab1_Cadet_Code_2026\video.vhdl:]
WARNING: [filemgmt 56-199] Attempt to get parsing info during refresh. "On-the-fly" syntax checking information may be incorrect. [C:\Users\C27Brandon.Sweitzer\workspace\ece383_wksp\lab2\lab2\lab2.srcs\sources_1\imports\Lab1_Cadet_Code_2026\vga.vhd:]
WARNING: [filemgmt 56-199] Attempt to get parsing info during refresh. "On-the-fly" syntax checking information may be incorrect. [C:\Users\C27Brandon.Sweitzer\workspace\ece383_wksp\lab2\lab2\lab2.srcs\sources_1\imports\lab2_code_for_cadets_2026\ece383_pkg.vhd:]
WARNING: [filemgmt 56-199] Attempt to get parsing info during refresh. "On-the-fly" syntax checking information may be incorrect. [C:\Users\C27Brandon.Sweitzer\workspace\ece383_wksp\lab2\lab2\lab2.srcs\sources_1\imports\Downloads\Lab02_cadet_code\lab2_code_for_cadets_2026\Audio_Codec_Wrapper.vhd:]
WARNING: [filemgmt 56-199] Attempt to get parsing info during refresh. "On-the-fly" syntax checking information may be incorrect. [C:\Users\C27Brandon.Sweitzer\workspace\ece383_wksp\lab2\lab2\lab2.srcs\sources_1\new\color_mapper.vhd:]
WARNING: [filemgmt 56-199] Attempt to get parsing info during refresh. "On-the-fly" syntax checking information may be incorrect. [C:\Users\C27Brandon.Sweitzer\workspace\ece383_wksp\lab2\lab2\lab2.srcs\sources_1\new\color_mapper.vhd:]
WARNING: [filemgmt 56-199] Attempt to get parsing info during refresh. "On-the-fly" syntax checking information may be incorrect. [C:\Users\C27Brandon.Sweitzer\workspace\ece383_wksp\lab2\lab2\lab2.srcs\sources_1\new\color_mapper.vhd:]
WARNING: [filemgmt 56-199] Attempt to get parsing info during refresh. "On-the-fly" syntax checking information may be incorrect. [C:\Users\C27Brandon.Sweitzer\workspace\ece383_wksp\lab2\lab2\lab2.srcs\sources_1\imports\Downloads\Lab02_cadet_code\lab2_code_for_cadets_2026\lab2.vhd:]
WARNING: [filemgmt 56-199] Attempt to get parsing info during refresh. "On-the-fly" syntax checking information may be incorrect. [C:\Users\C27Brandon.Sweitzer\workspace\ece383_wksp\lab2\lab2\lab2.srcs\sources_1\imports\Downloads\Lab02_cadet_code\lab2_code_for_cadets_2026\lab2_datapath.vhdl:]
WARNING: [filemgmt 56-199] Attempt to get parsing info during refresh. "On-the-fly" syntax checking information may be incorrect. [C:\Users\C27Brandon.Sweitzer\workspace\ece383_wksp\lab2\lab2\lab2.srcs\sources_1\imports\Downloads\Lab02_cadet_code\lab2_code_for_cadets_2026\lab2_fsm.vhdl:]
WARNING: [filemgmt 56-199] Attempt to get parsing info during refresh. "On-the-fly" syntax checking information may be incorrect. [C:\Users\C27Brandon.Sweitzer\workspace\ece383_wksp\lab2\lab2\lab2.srcs\sources_1\imports\Lab1_Cadet_Code_2026\numeric_stepper.vhd:]
WARNING: [filemgmt 56-199] Attempt to get parsing info during refresh. "On-the-fly" syntax checking information may be incorrect. [C:\Users\C27Brandon.Sweitzer\workspace\ece383_wksp\lab2\lab2\lab2.srcs\sources_1\imports\Downloads\Lab02_cadet_code\lab2_code_for_cadets_2026\trigger_detector.vhd:]
WARNING: [filemgmt 56-199] Attempt to get parsing info during refresh. "On-the-fly" syntax checking information may be incorrect. [C:\Users\C27Brandon.Sweitzer\workspace\ece383_wksp\lab2\lab2\lab2.srcs\sources_1\imports\imports\Lab1_Cadet_Code_2026\video.vhdl:]
WARNING: [filemgmt 56-199] Attempt to get parsing info during refresh. "On-the-fly" syntax checking information may be incorrect. [C:\Users\C27Brandon.Sweitzer\workspace\ece383_wksp\lab2\lab2\lab2.srcs\sources_1\imports\Lab1_Cadet_Code_2026\vga.vhd:]
WARNING: [filemgmt 56-199] Attempt to get parsing info during refresh. "On-the-fly" syntax checking information may be incorrect. [C:\Users\C27Brandon.Sweitzer\workspace\ece383_wksp\lab2\lab2\lab2.srcs\sources_1\imports\lab2_code_for_cadets_2026\ece383_pkg.vhd:]
WARNING: [filemgmt 56-199] Attempt to get parsing info during refresh. "On-the-fly" syntax checking information may be incorrect. [C:\Users\C27Brandon.Sweitzer\workspace\ece383_wksp\lab2\lab2\lab2.srcs\sources_1\imports\Downloads\Lab02_cadet_code\lab2_code_for_cadets_2026\Audio_Codec_Wrapper.vhd:]
WARNING: [filemgmt 56-199] Attempt to get parsing info during refresh. "On-the-fly" syntax checking information may be incorrect. [C:\Users\C27Brandon.Sweitzer\workspace\ece383_wksp\lab2\lab2\lab2.srcs\sources_1\new\color_mapper.vhd:]
WARNING: [filemgmt 56-199] Attempt to get parsing info during refresh. "On-the-fly" syntax checking information may be incorrect. [C:\Users\C27Brandon.Sweitzer\workspace\ece383_wksp\lab2\lab2\lab2.srcs\sources_1\imports\Downloads\Lab02_cadet_code\lab2_code_for_cadets_2026\trigger_detector.vhd:]
WARNING: [filemgmt 56-199] Attempt to get parsing info during refresh. "On-the-fly" syntax checking information may be incorrect. [C:\Users\C27Brandon.Sweitzer\workspace\ece383_wksp\lab2\lab2\lab2.srcs\sources_1\imports\Downloads\Lab02_cadet_code\lab2_code_for_cadets_2026\trigger_detector.vhd:]
reset_run synth_1
WARNING: [filemgmt 56-199] Attempt to get parsing info during refresh. "On-the-fly" syntax checking information may be incorrect. [C:\Users\C27Brandon.Sweitzer\workspace\ece383_wksp\lab2\lab2\lab2.srcs\sources_1\imports\Downloads\Lab02_cadet_code\lab2_code_for_cadets_2026\lab2.vhd:]
WARNING: [filemgmt 56-199] Attempt to get parsing info during refresh. "On-the-fly" syntax checking information may be incorrect. [C:\Users\C27Brandon.Sweitzer\workspace\ece383_wksp\lab2\lab2\lab2.srcs\sources_1\imports\Downloads\Lab02_cadet_code\lab2_code_for_cadets_2026\lab2_datapath.vhdl:]
WARNING: [filemgmt 56-199] Attempt to get parsing info during refresh. "On-the-fly" syntax checking information may be incorrect. [C:\Users\C27Brandon.Sweitzer\workspace\ece383_wksp\lab2\lab2\lab2.srcs\sources_1\imports\Downloads\Lab02_cadet_code\lab2_code_for_cadets_2026\lab2_fsm.vhdl:]
WARNING: [filemgmt 56-199] Attempt to get parsing info during refresh. "On-the-fly" syntax checking information may be incorrect. [C:\Users\C27Brandon.Sweitzer\workspace\ece383_wksp\lab2\lab2\lab2.srcs\sources_1\imports\Lab1_Cadet_Code_2026\numeric_stepper.vhd:]
WARNING: [filemgmt 56-199] Attempt to get parsing info during refresh. "On-the-fly" syntax checking information may be incorrect. [C:\Users\C27Brandon.Sweitzer\workspace\ece383_wksp\lab2\lab2\lab2.srcs\sources_1\imports\Downloads\Lab02_cadet_code\lab2_code_for_cadets_2026\trigger_detector.vhd:]
WARNING: [filemgmt 56-199] Attempt to get parsing info during refresh. "On-the-fly" syntax checking information may be incorrect. [C:\Users\C27Brandon.Sweitzer\workspace\ece383_wksp\lab2\lab2\lab2.srcs\sources_1\imports\imports\Lab1_Cadet_Code_2026\video.vhdl:]
WARNING: [filemgmt 56-199] Attempt to get parsing info during refresh. "On-the-fly" syntax checking information may be incorrect. [C:\Users\C27Brandon.Sweitzer\workspace\ece383_wksp\lab2\lab2\lab2.srcs\sources_1\imports\Lab1_Cadet_Code_2026\vga.vhd:]
WARNING: [filemgmt 56-199] Attempt to get parsing info during refresh. "On-the-fly" syntax checking information may be incorrect. [C:\Users\C27Brandon.Sweitzer\workspace\ece383_wksp\lab2\lab2\lab2.srcs\sources_1\imports\lab2_code_for_cadets_2026\ece383_pkg.vhd:]
WARNING: [filemgmt 56-199] Attempt to get parsing info during refresh. "On-the-fly" syntax checking information may be incorrect. [C:\Users\C27Brandon.Sweitzer\workspace\ece383_wksp\lab2\lab2\lab2.srcs\sources_1\imports\Downloads\Lab02_cadet_code\lab2_code_for_cadets_2026\Audio_Codec_Wrapper.vhd:]
WARNING: [filemgmt 56-199] Attempt to get parsing info during refresh. "On-the-fly" syntax checking information may be incorrect. [C:\Users\C27Brandon.Sweitzer\workspace\ece383_wksp\lab2\lab2\lab2.srcs\sources_1\new\color_mapper.vhd:]
WARNING: [filemgmt 56-199] Attempt to get parsing info during refresh. "On-the-fly" syntax checking information may be incorrect. [C:\Users\C27Brandon.Sweitzer\workspace\ece383_wksp\lab2\lab2\lab2.srcs\sources_1\imports\Downloads\Lab02_cadet_code\lab2_code_for_cadets_2026\lab2_fsm.vhdl:]
WARNING: [filemgmt 56-199] Attempt to get parsing info during refresh. "On-the-fly" syntax checking information may be incorrect. [C:\Users\C27Brandon.Sweitzer\workspace\ece383_wksp\lab2\lab2\lab2.srcs\sources_1\imports\Downloads\Lab02_cadet_code\lab2_code_for_cadets_2026\lab2_fsm.vhdl:]
WARNING: [filemgmt 56-199] Attempt to get parsing info during refresh. "On-the-fly" syntax checking information may be incorrect. [C:\Users\C27Brandon.Sweitzer\workspace\ece383_wksp\lab2\lab2\lab2.srcs\sources_1\imports\Downloads\Lab02_cadet_code\lab2_code_for_cadets_2026\lab2.vhd:]
WARNING: [filemgmt 56-199] Attempt to get parsing info during refresh. "On-the-fly" syntax checking information may be incorrect. [C:\Users\C27Brandon.Sweitzer\workspace\ece383_wksp\lab2\lab2\lab2.srcs\sources_1\imports\Downloads\Lab02_cadet_code\lab2_code_for_cadets_2026\lab2_datapath.vhdl:]
WARNING: [filemgmt 56-199] Attempt to get parsing info during refresh. "On-the-fly" syntax checking information may be incorrect. [C:\Users\C27Brandon.Sweitzer\workspace\ece383_wksp\lab2\lab2\lab2.srcs\sources_1\imports\Downloads\Lab02_cadet_code\lab2_code_for_cadets_2026\lab2_fsm.vhdl:]
WARNING: [filemgmt 56-199] Attempt to get parsing info during refresh. "On-the-fly" syntax checking information may be incorrect. [C:\Users\C27Brandon.Sweitzer\workspace\ece383_wksp\lab2\lab2\lab2.srcs\sources_1\imports\Lab1_Cadet_Code_2026\numeric_stepper.vhd:]
WARNING: [filemgmt 56-199] Attempt to get parsing info during refresh. "On-the-fly" syntax checking information may be incorrect. [C:\Users\C27Brandon.Sweitzer\workspace\ece383_wksp\lab2\lab2\lab2.srcs\sources_1\imports\Downloads\Lab02_cadet_code\lab2_code_for_cadets_2026\trigger_detector.vhd:]
WARNING: [filemgmt 56-199] Attempt to get parsing info during refresh. "On-the-fly" syntax checking information may be incorrect. [C:\Users\C27Brandon.Sweitzer\workspace\ece383_wksp\lab2\lab2\lab2.srcs\sources_1\imports\imports\Lab1_Cadet_Code_2026\video.vhdl:]
WARNING: [filemgmt 56-199] Attempt to get parsing info during refresh. "On-the-fly" syntax checking information may be incorrect. [C:\Users\C27Brandon.Sweitzer\workspace\ece383_wksp\lab2\lab2\lab2.srcs\sources_1\imports\Lab1_Cadet_Code_2026\vga.vhd:]
WARNING: [filemgmt 56-199] Attempt to get parsing info during refresh. "On-the-fly" syntax checking information may be incorrect. [C:\Users\C27Brandon.Sweitzer\workspace\ece383_wksp\lab2\lab2\lab2.srcs\sources_1\imports\lab2_code_for_cadets_2026\ece383_pkg.vhd:]
WARNING: [filemgmt 56-199] Attempt to get parsing info during refresh. "On-the-fly" syntax checking information may be incorrect. [C:\Users\C27Brandon.Sweitzer\workspace\ece383_wksp\lab2\lab2\lab2.srcs\sources_1\imports\Downloads\Lab02_cadet_code\lab2_code_for_cadets_2026\Audio_Codec_Wrapper.vhd:]
WARNING: [filemgmt 56-199] Attempt to get parsing info during refresh. "On-the-fly" syntax checking information may be incorrect. [C:\Users\C27Brandon.Sweitzer\workspace\ece383_wksp\lab2\lab2\lab2.srcs\sources_1\new\color_mapper.vhd:]
WARNING: [filemgmt 56-199] Attempt to get parsing info during refresh. "On-the-fly" syntax checking information may be incorrect. [C:\Users\C27Brandon.Sweitzer\workspace\ece383_wksp\lab2\lab2\lab2.srcs\sources_1\imports\Lab1_Cadet_Code_2026\numeric_stepper.vhd:]
WARNING: [filemgmt 56-199] Attempt to get parsing info during refresh. "On-the-fly" syntax checking information may be incorrect. [C:\Users\C27Brandon.Sweitzer\workspace\ece383_wksp\lab2\lab2\lab2.srcs\sources_1\imports\Lab1_Cadet_Code_2026\numeric_stepper.vhd:]
WARNING: [filemgmt 56-199] Attempt to get parsing info during refresh. "On-the-fly" syntax checking information may be incorrect. [C:\Users\C27Brandon.Sweitzer\workspace\ece383_wksp\lab2\lab2\lab2.srcs\sources_1\imports\Downloads\Lab02_cadet_code\lab2_code_for_cadets_2026\lab2.vhd:]
WARNING: [filemgmt 56-199] Attempt to get parsing info during refresh. "On-the-fly" syntax checking information may be incorrect. [C:\Users\C27Brandon.Sweitzer\workspace\ece383_wksp\lab2\lab2\lab2.srcs\sources_1\imports\Downloads\Lab02_cadet_code\lab2_code_for_cadets_2026\lab2_datapath.vhdl:]
WARNING: [filemgmt 56-199] Attempt to get parsing info during refresh. "On-the-fly" syntax checking information may be incorrect. [C:\Users\C27Brandon.Sweitzer\workspace\ece383_wksp\lab2\lab2\lab2.srcs\sources_1\imports\Downloads\Lab02_cadet_code\lab2_code_for_cadets_2026\lab2_fsm.vhdl:]
WARNING: [filemgmt 56-199] Attempt to get parsing info during refresh. "On-the-fly" syntax checking information may be incorrect. [C:\Users\C27Brandon.Sweitzer\workspace\ece383_wksp\lab2\lab2\lab2.srcs\sources_1\imports\Lab1_Cadet_Code_2026\numeric_stepper.vhd:]
WARNING: [filemgmt 56-199] Attempt to get parsing info during refresh. "On-the-fly" syntax checking information may be incorrect. [C:\Users\C27Brandon.Sweitzer\workspace\ece383_wksp\lab2\lab2\lab2.srcs\sources_1\imports\Downloads\Lab02_cadet_code\lab2_code_for_cadets_2026\trigger_detector.vhd:]
WARNING: [filemgmt 56-199] Attempt to get parsing info during refresh. "On-the-fly" syntax checking information may be incorrect. [C:\Users\C27Brandon.Sweitzer\workspace\ece383_wksp\lab2\lab2\lab2.srcs\sources_1\imports\imports\Lab1_Cadet_Code_2026\video.vhdl:]
WARNING: [filemgmt 56-199] Attempt to get parsing info during refresh. "On-the-fly" syntax checking information may be incorrect. [C:\Users\C27Brandon.Sweitzer\workspace\ece383_wksp\lab2\lab2\lab2.srcs\sources_1\imports\Lab1_Cadet_Code_2026\vga.vhd:]
WARNING: [filemgmt 56-199] Attempt to get parsing info during refresh. "On-the-fly" syntax checking information may be incorrect. [C:\Users\C27Brandon.Sweitzer\workspace\ece383_wksp\lab2\lab2\lab2.srcs\sources_1\imports\lab2_code_for_cadets_2026\ece383_pkg.vhd:]
WARNING: [filemgmt 56-199] Attempt to get parsing info during refresh. "On-the-fly" syntax checking information may be incorrect. [C:\Users\C27Brandon.Sweitzer\workspace\ece383_wksp\lab2\lab2\lab2.srcs\sources_1\imports\Downloads\Lab02_cadet_code\lab2_code_for_cadets_2026\Audio_Codec_Wrapper.vhd:]
WARNING: [filemgmt 56-199] Attempt to get parsing info during refresh. "On-the-fly" syntax checking information may be incorrect. [C:\Users\C27Brandon.Sweitzer\workspace\ece383_wksp\lab2\lab2\lab2.srcs\sources_1\new\color_mapper.vhd:]
WARNING: [filemgmt 56-199] Attempt to get parsing info during refresh. "On-the-fly" syntax checking information may be incorrect. [C:\Users\C27Brandon.Sweitzer\workspace\ece383_wksp\lab2\lab2\lab2.srcs\sources_1\imports\lab2_code_for_cadets_2026\ece383_pkg.vhd:]
WARNING: [filemgmt 56-199] Attempt to get parsing info during refresh. "On-the-fly" syntax checking information may be incorrect. [C:\Users\C27Brandon.Sweitzer\workspace\ece383_wksp\lab2\lab2\lab2.srcs\sources_1\imports\lab2_code_for_cadets_2026\ece383_pkg.vhd:]
INFO: [Project 1-1161] Replacing file C:/Users/C27Brandon.Sweitzer/workspace/ece383_wksp/lab2/lab2/lab2.srcs/utils_1/imports/synth_1/lab2.dcp with file C:/Users/C27Brandon.Sweitzer/workspace/ece383_wksp/lab2/lab2/lab2.runs/synth_1/lab2.dcp
WARNING: [filemgmt 56-199] Attempt to get parsing info during refresh. "On-the-fly" syntax checking information may be incorrect. [C:\Users\C27Brandon.Sweitzer\workspace\ece383_wksp\lab2\lab2\lab2.srcs\sources_1\imports\Downloads\Lab02_cadet_code\lab2_code_for_cadets_2026\lab2.vhd:]
WARNING: [filemgmt 56-199] Attempt to get parsing info during refresh. "On-the-fly" syntax checking information may be incorrect. [C:\Users\C27Brandon.Sweitzer\workspace\ece383_wksp\lab2\lab2\lab2.srcs\sources_1\imports\Downloads\Lab02_cadet_code\lab2_code_for_cadets_2026\lab2_datapath.vhdl:]
WARNING: [filemgmt 56-199] Attempt to get parsing info during refresh. "On-the-fly" syntax checking information may be incorrect. [C:\Users\C27Brandon.Sweitzer\workspace\ece383_wksp\lab2\lab2\lab2.srcs\sources_1\imports\Downloads\Lab02_cadet_code\lab2_code_for_cadets_2026\lab2_fsm.vhdl:]
WARNING: [filemgmt 56-199] Attempt to get parsing info during refresh. "On-the-fly" syntax checking information may be incorrect. [C:\Users\C27Brandon.Sweitzer\workspace\ece383_wksp\lab2\lab2\lab2.srcs\sources_1\imports\Lab1_Cadet_Code_2026\numeric_stepper.vhd:]
INFO: [Common 17-14] Message 'filemgmt 56-199' appears 100 times and further instances of the messages will be disabled. Use the Tcl command set_msg_config to change the current settings.
WARNING: [filemgmt 56-199] Attempt to get parsing info during refresh. "On-the-fly" syntax checking information may be incorrect. [C:\Users\C27Brandon.Sweitzer\workspace\ece383_wksp\lab2\lab2\lab2.srcs\sources_1\imports\Downloads\Lab02_cadet_code\lab2_code_for_cadets_2026\lab2.vhd:]
WARNING: [filemgmt 56-199] Attempt to get parsing info during refresh. "On-the-fly" syntax checking information may be incorrect. [C:\Users\C27Brandon.Sweitzer\workspace\ece383_wksp\lab2\lab2\lab2.srcs\sources_1\imports\Downloads\Lab02_cadet_code\lab2_code_for_cadets_2026\lab2_datapath.vhdl:]
WARNING: [filemgmt 56-199] Attempt to get parsing info during refresh. "On-the-fly" syntax checking information may be incorrect. [C:\Users\C27Brandon.Sweitzer\workspace\ece383_wksp\lab2\lab2\lab2.srcs\sources_1\imports\Downloads\Lab02_cadet_code\lab2_code_for_cadets_2026\lab2_fsm.vhdl:]
WARNING: [filemgmt 56-199] Attempt to get parsing info during refresh. "On-the-fly" syntax checking information may be incorrect. [C:\Users\C27Brandon.Sweitzer\workspace\ece383_wksp\lab2\lab2\lab2.srcs\sources_1\imports\Lab1_Cadet_Code_2026\numeric_stepper.vhd:]
WARNING: [filemgmt 56-199] Attempt to get parsing info during refresh. "On-the-fly" syntax checking information may be incorrect. [C:\Users\C27Brandon.Sweitzer\workspace\ece383_wksp\lab2\lab2\lab2.srcs\sources_1\imports\Downloads\Lab02_cadet_code\lab2_code_for_cadets_2026\trigger_detector.vhd:]
WARNING: [filemgmt 56-199] Attempt to get parsing info during refresh. "On-the-fly" syntax checking information may be incorrect. [C:\Users\C27Brandon.Sweitzer\workspace\ece383_wksp\lab2\lab2\lab2.srcs\sources_1\imports\imports\Lab1_Cadet_Code_2026\video.vhdl:]
WARNING: [filemgmt 56-199] Attempt to get parsing info during refresh. "On-the-fly" syntax checking information may be incorrect. [C:\Users\C27Brandon.Sweitzer\workspace\ece383_wksp\lab2\lab2\lab2.srcs\sources_1\imports\Lab1_Cadet_Code_2026\vga.vhd:]
WARNING: [filemgmt 56-199] Attempt to get parsing info during refresh. "On-the-fly" syntax checking information may be incorrect. [C:\Users\C27Brandon.Sweitzer\workspace\ece383_wksp\lab2\lab2\lab2.srcs\sources_1\imports\lab2_code_for_cadets_2026\ece383_pkg.vhd:]
WARNING: [filemgmt 56-199] Attempt to get parsing info during refresh. "On-the-fly" syntax checking information may be incorrect. [C:\Users\C27Brandon.Sweitzer\workspace\ece383_wksp\lab2\lab2\lab2.srcs\sources_1\imports\Downloads\Lab02_cadet_code\lab2_code_for_cadets_2026\Audio_Codec_Wrapper.vhd:]
WARNING: [filemgmt 56-199] Attempt to get parsing info during refresh. "On-the-fly" syntax checking information may be incorrect. [C:\Users\C27Brandon.Sweitzer\workspace\ece383_wksp\lab2\lab2\lab2.srcs\sources_1\new\color_mapper.vhd:]
WARNING: [filemgmt 56-199] Attempt to get parsing info during refresh. "On-the-fly" syntax checking information may be incorrect. [C:\Users\C27Brandon.Sweitzer\workspace\ece383_wksp\lab2\lab2\lab2.srcs\sources_1\imports\Downloads\Lab02_cadet_code\lab2_code_for_cadets_2026\Audio_Codec_Wrapper.vhd:]
WARNING: [filemgmt 56-199] Attempt to get parsing info during refresh. "On-the-fly" syntax checking information may be incorrect. [C:\Users\C27Brandon.Sweitzer\workspace\ece383_wksp\lab2\lab2\lab2.srcs\sources_1\imports\Downloads\Lab02_cadet_code\lab2_code_for_cadets_2026\Audio_Codec_Wrapper.vhd:]
WARNING: [filemgmt 56-199] Attempt to get parsing info during refresh. "On-the-fly" syntax checking information may be incorrect. [C:\Users\C27Brandon.Sweitzer\workspace\ece383_wksp\lab2\lab2\lab2.srcs\sources_1\imports\Downloads\Lab02_cadet_code\lab2_code_for_cadets_2026\lab2.vhd:]
WARNING: [filemgmt 56-199] Attempt to get parsing info during refresh. "On-the-fly" syntax checking information may be incorrect. [C:\Users\C27Brandon.Sweitzer\workspace\ece383_wksp\lab2\lab2\lab2.srcs\sources_1\imports\Downloads\Lab02_cadet_code\lab2_code_for_cadets_2026\lab2_datapath.vhdl:]
WARNING: [filemgmt 56-199] Attempt to get parsing info during refresh. "On-the-fly" syntax checking information may be incorrect. [C:\Users\C27Brandon.Sweitzer\workspace\ece383_wksp\lab2\lab2\lab2.srcs\sources_1\imports\Downloads\Lab02_cadet_code\lab2_code_for_cadets_2026\lab2_fsm.vhdl:]
WARNING: [filemgmt 56-199] Attempt to get parsing info during refresh. "On-the-fly" syntax checking information may be incorrect. [C:\Users\C27Brandon.Sweitzer\workspace\ece383_wksp\lab2\lab2\lab2.srcs\sources_1\imports\Lab1_Cadet_Code_2026\numeric_stepper.vhd:]
WARNING: [filemgmt 56-199] Attempt to get parsing info during refresh. "On-the-fly" syntax checking information may be incorrect. [C:\Users\C27Brandon.Sweitzer\workspace\ece383_wksp\lab2\lab2\lab2.srcs\sources_1\imports\Downloads\Lab02_cadet_code\lab2_code_for_cadets_2026\trigger_detector.vhd:]
WARNING: [filemgmt 56-199] Attempt to get parsing info during refresh. "On-the-fly" syntax checking information may be incorrect. [C:\Users\C27Brandon.Sweitzer\workspace\ece383_wksp\lab2\lab2\lab2.srcs\sources_1\imports\imports\Lab1_Cadet_Code_2026\video.vhdl:]
WARNING: [filemgmt 56-199] Attempt to get parsing info during refresh. "On-the-fly" syntax checking information may be incorrect. [C:\Users\C27Brandon.Sweitzer\workspace\ece383_wksp\lab2\lab2\lab2.srcs\sources_1\imports\Lab1_Cadet_Code_2026\vga.vhd:]
WARNING: [filemgmt 56-199] Attempt to get parsing info during refresh. "On-the-fly" syntax checking information may be incorrect. [C:\Users\C27Brandon.Sweitzer\workspace\ece383_wksp\lab2\lab2\lab2.srcs\sources_1\imports\lab2_code_for_cadets_2026\ece383_pkg.vhd:]
WARNING: [filemgmt 56-199] Attempt to get parsing info during refresh. "On-the-fly" syntax checking information may be incorrect. [C:\Users\C27Brandon.Sweitzer\workspace\ece383_wksp\lab2\lab2\lab2.srcs\sources_1\imports\Downloads\Lab02_cadet_code\lab2_code_for_cadets_2026\Audio_Codec_Wrapper.vhd:]
WARNING: [filemgmt 56-199] Attempt to get parsing info during refresh. "On-the-fly" syntax checking information may be incorrect. [C:\Users\C27Brandon.Sweitzer\workspace\ece383_wksp\lab2\lab2\lab2.srcs\sources_1\new\color_mapper.vhd:]
WARNING: [filemgmt 56-199] Attempt to get parsing info during refresh. "On-the-fly" syntax checking information may be incorrect. [C:\Users\C27Brandon.Sweitzer\workspace\ece383_wksp\lab2\lab2\lab2.srcs\sources_1\imports\Lab1_Cadet_Code_2026\vga.vhd:]
WARNING: [filemgmt 56-199] Attempt to get parsing info during refresh. "On-the-fly" syntax checking information may be incorrect. [C:\Users\C27Brandon.Sweitzer\workspace\ece383_wksp\lab2\lab2\lab2.srcs\sources_1\imports\Lab1_Cadet_Code_2026\vga.vhd:]
WARNING: [filemgmt 56-199] Attempt to get parsing info during refresh. "On-the-fly" syntax checking information may be incorrect. [C:\Users\C27Brandon.Sweitzer\workspace\ece383_wksp\lab2\lab2\lab2.srcs\sources_1\imports\Downloads\Lab02_cadet_code\lab2_code_for_cadets_2026\lab2.vhd:]
WARNING: [filemgmt 56-199] Attempt to get parsing info during refresh. "On-the-fly" syntax checking information may be incorrect. [C:\Users\C27Brandon.Sweitzer\workspace\ece383_wksp\lab2\lab2\lab2.srcs\sources_1\imports\Downloads\Lab02_cadet_code\lab2_code_for_cadets_2026\lab2_datapath.vhdl:]
WARNING: [filemgmt 56-199] Attempt to get parsing info during refresh. "On-the-fly" syntax checking information may be incorrect. [C:\Users\C27Brandon.Sweitzer\workspace\ece383_wksp\lab2\lab2\lab2.srcs\sources_1\imports\Downloads\Lab02_cadet_code\lab2_code_for_cadets_2026\lab2_fsm.vhdl:]
WARNING: [filemgmt 56-199] Attempt to get parsing info during refresh. "On-the-fly" syntax checking information may be incorrect. [C:\Users\C27Brandon.Sweitzer\workspace\ece383_wksp\lab2\lab2\lab2.srcs\sources_1\imports\Lab1_Cadet_Code_2026\numeric_stepper.vhd:]
WARNING: [filemgmt 56-199] Attempt to get parsing info during refresh. "On-the-fly" syntax checking information may be incorrect. [C:\Users\C27Brandon.Sweitzer\workspace\ece383_wksp\lab2\lab2\lab2.srcs\sources_1\imports\Downloads\Lab02_cadet_code\lab2_code_for_cadets_2026\trigger_detector.vhd:]
WARNING: [filemgmt 56-199] Attempt to get parsing info during refresh. "On-the-fly" syntax checking information may be incorrect. [C:\Users\C27Brandon.Sweitzer\workspace\ece383_wksp\lab2\lab2\lab2.srcs\sources_1\imports\imports\Lab1_Cadet_Code_2026\video.vhdl:]
WARNING: [filemgmt 56-199] Attempt to get parsing info during refresh. "On-the-fly" syntax checking information may be incorrect. [C:\Users\C27Brandon.Sweitzer\workspace\ece383_wksp\lab2\lab2\lab2.srcs\sources_1\imports\Lab1_Cadet_Code_2026\vga.vhd:]
WARNING: [filemgmt 56-199] Attempt to get parsing info during refresh. "On-the-fly" syntax checking information may be incorrect. [C:\Users\C27Brandon.Sweitzer\workspace\ece383_wksp\lab2\lab2\lab2.srcs\sources_1\imports\lab2_code_for_cadets_2026\ece383_pkg.vhd:]
WARNING: [filemgmt 56-199] Attempt to get parsing info during refresh. "On-the-fly" syntax checking information may be incorrect. [C:\Users\C27Brandon.Sweitzer\workspace\ece383_wksp\lab2\lab2\lab2.srcs\sources_1\imports\Downloads\Lab02_cadet_code\lab2_code_for_cadets_2026\Audio_Codec_Wrapper.vhd:]
WARNING: [filemgmt 56-199] Attempt to get parsing info during refresh. "On-the-fly" syntax checking information may be incorrect. [C:\Users\C27Brandon.Sweitzer\workspace\ece383_wksp\lab2\lab2\lab2.srcs\sources_1\new\color_mapper.vhd:]
WARNING: [filemgmt 56-199] Attempt to get parsing info during refresh. "On-the-fly" syntax checking information may be incorrect. [C:\Users\C27Brandon.Sweitzer\workspace\ece383_wksp\lab2\lab2\lab2.srcs\sources_1\imports\Downloads\Lab02_cadet_code\lab2_code_for_cadets_2026\trigger_detector.vhd:]
WARNING: [filemgmt 56-199] Attempt to get parsing info during refresh. "On-the-fly" syntax checking information may be incorrect. [C:\Users\C27Brandon.Sweitzer\workspace\ece383_wksp\lab2\lab2\lab2.srcs\sources_1\imports\Downloads\Lab02_cadet_code\lab2_code_for_cadets_2026\trigger_detector.vhd:]
WARNING: [filemgmt 56-199] Attempt to get parsing info during refresh. "On-the-fly" syntax checking information may be incorrect. [C:\Users\C27Brandon.Sweitzer\workspace\ece383_wksp\lab2\lab2\lab2.srcs\sources_1\imports\Downloads\Lab02_cadet_code\lab2_code_for_cadets_2026\lab2.vhd:]
WARNING: [filemgmt 56-199] Attempt to get parsing info during refresh. "On-the-fly" syntax checking information may be incorrect. [C:\Users\C27Brandon.Sweitzer\workspace\ece383_wksp\lab2\lab2\lab2.srcs\sources_1\imports\Downloads\Lab02_cadet_code\lab2_code_for_cadets_2026\lab2_datapath.vhdl:]
WARNING: [filemgmt 56-199] Attempt to get parsing info during refresh. "On-the-fly" syntax checking information may be incorrect. [C:\Users\C27Brandon.Sweitzer\workspace\ece383_wksp\lab2\lab2\lab2.srcs\sources_1\imports\Downloads\Lab02_cadet_code\lab2_code_for_cadets_2026\lab2_fsm.vhdl:]
WARNING: [filemgmt 56-199] Attempt to get parsing info during refresh. "On-the-fly" syntax checking information may be incorrect. [C:\Users\C27Brandon.Sweitzer\workspace\ece383_wksp\lab2\lab2\lab2.srcs\sources_1\imports\Lab1_Cadet_Code_2026\numeric_stepper.vhd:]
WARNING: [filemgmt 56-199] Attempt to get parsing info during refresh. "On-the-fly" syntax checking information may be incorrect. [C:\Users\C27Brandon.Sweitzer\workspace\ece383_wksp\lab2\lab2\lab2.srcs\sources_1\imports\Downloads\Lab02_cadet_code\lab2_code_for_cadets_2026\trigger_detector.vhd:]
WARNING: [filemgmt 56-199] Attempt to get parsing info during refresh. "On-the-fly" syntax checking information may be incorrect. [C:\Users\C27Brandon.Sweitzer\workspace\ece383_wksp\lab2\lab2\lab2.srcs\sources_1\imports\imports\Lab1_Cadet_Code_2026\video.vhdl:]
WARNING: [filemgmt 56-199] Attempt to get parsing info during refresh. "On-the-fly" syntax checking information may be incorrect. [C:\Users\C27Brandon.Sweitzer\workspace\ece383_wksp\lab2\lab2\lab2.srcs\sources_1\imports\Lab1_Cadet_Code_2026\vga.vhd:]
WARNING: [filemgmt 56-199] Attempt to get parsing info during refresh. "On-the-fly" syntax checking information may be incorrect. [C:\Users\C27Brandon.Sweitzer\workspace\ece383_wksp\lab2\lab2\lab2.srcs\sources_1\imports\lab2_code_for_cadets_2026\ece383_pkg.vhd:]
WARNING: [filemgmt 56-199] Attempt to get parsing info during refresh. "On-the-fly" syntax checking information may be incorrect. [C:\Users\C27Brandon.Sweitzer\workspace\ece383_wksp\lab2\lab2\lab2.srcs\sources_1\imports\Downloads\Lab02_cadet_code\lab2_code_for_cadets_2026\Audio_Codec_Wrapper.vhd:]
WARNING: [filemgmt 56-199] Attempt to get parsing info during refresh. "On-the-fly" syntax checking information may be incorrect. [C:\Users\C27Brandon.Sweitzer\workspace\ece383_wksp\lab2\lab2\lab2.srcs\sources_1\new\color_mapper.vhd:]
WARNING: [filemgmt 56-199] Attempt to get parsing info during refresh. "On-the-fly" syntax checking information may be incorrect. [C:\Users\C27Brandon.Sweitzer\workspace\ece383_wksp\lab2\lab2\lab2.srcs\sources_1\new\color_mapper.vhd:]
WARNING: [filemgmt 56-199] Attempt to get parsing info during refresh. "On-the-fly" syntax checking information may be incorrect. [C:\Users\C27Brandon.Sweitzer\workspace\ece383_wksp\lab2\lab2\lab2.srcs\sources_1\new\color_mapper.vhd:]
WARNING: [filemgmt 56-199] Attempt to get parsing info during refresh. "On-the-fly" syntax checking information may be incorrect. [C:\Users\C27Brandon.Sweitzer\workspace\ece383_wksp\lab2\lab2\lab2.srcs\sources_1\imports\Downloads\Lab02_cadet_code\lab2_code_for_cadets_2026\lab2.vhd:]
WARNING: [filemgmt 56-199] Attempt to get parsing info during refresh. "On-the-fly" syntax checking information may be incorrect. [C:\Users\C27Brandon.Sweitzer\workspace\ece383_wksp\lab2\lab2\lab2.srcs\sources_1\imports\Downloads\Lab02_cadet_code\lab2_code_for_cadets_2026\lab2_datapath.vhdl:]
WARNING: [filemgmt 56-199] Attempt to get parsing info during refresh. "On-the-fly" syntax checking information may be incorrect. [C:\Users\C27Brandon.Sweitzer\workspace\ece383_wksp\lab2\lab2\lab2.srcs\sources_1\imports\Downloads\Lab02_cadet_code\lab2_code_for_cadets_2026\lab2_fsm.vhdl:]
WARNING: [filemgmt 56-199] Attempt to get parsing info during refresh. "On-the-fly" syntax checking information may be incorrect. [C:\Users\C27Brandon.Sweitzer\workspace\ece383_wksp\lab2\lab2\lab2.srcs\sources_1\imports\Lab1_Cadet_Code_2026\numeric_stepper.vhd:]
WARNING: [filemgmt 56-199] Attempt to get parsing info during refresh. "On-the-fly" syntax checking information may be incorrect. [C:\Users\C27Brandon.Sweitzer\workspace\ece383_wksp\lab2\lab2\lab2.srcs\sources_1\imports\Downloads\Lab02_cadet_code\lab2_code_for_cadets_2026\trigger_detector.vhd:]
WARNING: [filemgmt 56-199] Attempt to get parsing info during refresh. "On-the-fly" syntax checking information may be incorrect. [C:\Users\C27Brandon.Sweitzer\workspace\ece383_wksp\lab2\lab2\lab2.srcs\sources_1\imports\imports\Lab1_Cadet_Code_2026\video.vhdl:]
WARNING: [filemgmt 56-199] Attempt to get parsing info during refresh. "On-the-fly" syntax checking information may be incorrect. [C:\Users\C27Brandon.Sweitzer\workspace\ece383_wksp\lab2\lab2\lab2.srcs\sources_1\imports\Lab1_Cadet_Code_2026\vga.vhd:]
WARNING: [filemgmt 56-199] Attempt to get parsing info during refresh. "On-the-fly" syntax checking information may be incorrect. [C:\Users\C27Brandon.Sweitzer\workspace\ece383_wksp\lab2\lab2\lab2.srcs\sources_1\imports\lab2_code_for_cadets_2026\ece383_pkg.vhd:]
WARNING: [filemgmt 56-199] Attempt to get parsing info during refresh. "On-the-fly" syntax checking information may be incorrect. [C:\Users\C27Brandon.Sweitzer\workspace\ece383_wksp\lab2\lab2\lab2.srcs\sources_1\imports\Downloads\Lab02_cadet_code\lab2_code_for_cadets_2026\Audio_Codec_Wrapper.vhd:]
WARNING: [filemgmt 56-199] Attempt to get parsing info during refresh. "On-the-fly" syntax checking information may be incorrect. [C:\Users\C27Brandon.Sweitzer\workspace\ece383_wksp\lab2\lab2\lab2.srcs\sources_1\new\color_mapper.vhd:]
WARNING: [filemgmt 56-199] Attempt to get parsing info during refresh. "On-the-fly" syntax checking information may be incorrect. [C:\Users\C27Brandon.Sweitzer\workspace\ece383_wksp\lab2\lab2\lab2.srcs\sources_1\imports\lab2_code_for_cadets_2026\ece383_pkg.vhd:]
WARNING: [filemgmt 56-199] Attempt to get parsing info during refresh. "On-the-fly" syntax checking information may be incorrect. [C:\Users\C27Brandon.Sweitzer\workspace\ece383_wksp\lab2\lab2\lab2.srcs\sources_1\imports\lab2_code_for_cadets_2026\ece383_pkg.vhd:]
launch_runs impl_1 -to_step write_bitstream -jobs 8
WARNING: [filemgmt 56-199] Attempt to get parsing info during refresh. "On-the-fly" syntax checking information may be incorrect. [C:\Users\C27Brandon.Sweitzer\workspace\ece383_wksp\lab2\lab2\lab2.srcs\sources_1\imports\Downloads\Lab02_cadet_code\lab2_code_for_cadets_2026\lab2.vhd:]
WARNING: [filemgmt 56-199] Attempt to get parsing info during refresh. "On-the-fly" syntax checking information may be incorrect. [C:\Users\C27Brandon.Sweitzer\workspace\ece383_wksp\lab2\lab2\lab2.srcs\sources_1\imports\Downloads\Lab02_cadet_code\lab2_code_for_cadets_2026\lab2_datapath.vhdl:]
WARNING: [filemgmt 56-199] Attempt to get parsing info during refresh. "On-the-fly" syntax checking information may be incorrect. [C:\Users\C27Brandon.Sweitzer\workspace\ece383_wksp\lab2\lab2\lab2.srcs\sources_1\imports\Downloads\Lab02_cadet_code\lab2_code_for_cadets_2026\lab2_fsm.vhdl:]
WARNING: [filemgmt 56-199] Attempt to get parsing info during refresh. "On-the-fly" syntax checking information may be incorrect. [C:\Users\C27Brandon.Sweitzer\workspace\ece383_wksp\lab2\lab2\lab2.srcs\sources_1\imports\Lab1_Cadet_Code_2026\numeric_stepper.vhd:]
WARNING: [filemgmt 56-199] Attempt to get parsing info during refresh. "On-the-fly" syntax checking information may be incorrect. [C:\Users\C27Brandon.Sweitzer\workspace\ece383_wksp\lab2\lab2\lab2.srcs\sources_1\imports\Downloads\Lab02_cadet_code\lab2_code_for_cadets_2026\trigger_detector.vhd:]
WARNING: [filemgmt 56-199] Attempt to get parsing info during refresh. "On-the-fly" syntax checking information may be incorrect. [C:\Users\C27Brandon.Sweitzer\workspace\ece383_wksp\lab2\lab2\lab2.srcs\sources_1\imports\imports\Lab1_Cadet_Code_2026\video.vhdl:]
WARNING: [filemgmt 56-199] Attempt to get parsing info during refresh. "On-the-fly" syntax checking information may be incorrect. [C:\Users\C27Brandon.Sweitzer\workspace\ece383_wksp\lab2\lab2\lab2.srcs\sources_1\imports\Lab1_Cadet_Code_2026\vga.vhd:]
WARNING: [filemgmt 56-199] Attempt to get parsing info during refresh. "On-the-fly" syntax checking information may be incorrect. [C:\Users\C27Brandon.Sweitzer\workspace\ece383_wksp\lab2\lab2\lab2.srcs\sources_1\imports\lab2_code_for_cadets_2026\ece383_pkg.vhd:]
WARNING: [filemgmt 56-199] Attempt to get parsing info during refresh. "On-the-fly" syntax checking information may be incorrect. [C:\Users\C27Brandon.Sweitzer\workspace\ece383_wksp\lab2\lab2\lab2.srcs\sources_1\imports\Downloads\Lab02_cadet_code\lab2_code_for_cadets_2026\Audio_Codec_Wrapper.vhd:]
WARNING: [filemgmt 56-199] Attempt to get parsing info during refresh. "On-the-fly" syntax checking information may be incorrect. [C:\Users\C27Brandon.Sweitzer\workspace\ece383_wksp\lab2\lab2\lab2.srcs\sources_1\new\color_mapper.vhd:]
WARNING: [filemgmt 56-199] Attempt to get parsing info during refresh. "On-the-fly" syntax checking information may be incorrect. [C:\Users\C27Brandon.Sweitzer\workspace\ece383_wksp\lab2\lab2\lab2.srcs\sources_1\imports\imports\Lab1_Cadet_Code_2026\video.vhdl:]
WARNING: [filemgmt 56-199] Attempt to get parsing info during refresh. "On-the-fly" syntax checking information may be incorrect. [C:\Users\C27Brandon.Sweitzer\workspace\ece383_wksp\lab2\lab2\lab2.srcs\sources_1\imports\imports\Lab1_Cadet_Code_2026\video.vhdl:]
WARNING: [filemgmt 56-199] Attempt to get parsing info during refresh. "On-the-fly" syntax checking information may be incorrect. [C:\Users\C27Brandon.Sweitzer\workspace\ece383_wksp\lab2\lab2\lab2.srcs\sources_1\imports\Downloads\Lab02_cadet_code\lab2_code_for_cadets_2026\lab2.vhd:]
WARNING: [filemgmt 56-199] Attempt to get parsing info during refresh. "On-the-fly" syntax checking information may be incorrect. [C:\Users\C27Brandon.Sweitzer\workspace\ece383_wksp\lab2\lab2\lab2.srcs\sources_1\imports\Downloads\Lab02_cadet_code\lab2_code_for_cadets_2026\lab2_datapath.vhdl:]
WARNING: [filemgmt 56-199] Attempt to get parsing info during refresh. "On-the-fly" syntax checking information may be incorrect. [C:\Users\C27Brandon.Sweitzer\workspace\ece383_wksp\lab2\lab2\lab2.srcs\sources_1\imports\Downloads\Lab02_cadet_code\lab2_code_for_cadets_2026\lab2_fsm.vhdl:]
WARNING: [filemgmt 56-199] Attempt to get parsing info during refresh. "On-the-fly" syntax checking information may be incorrect. [C:\Users\C27Brandon.Sweitzer\workspace\ece383_wksp\lab2\lab2\lab2.srcs\sources_1\imports\Lab1_Cadet_Code_2026\numeric_stepper.vhd:]
WARNING: [filemgmt 56-199] Attempt to get parsing info during refresh. "On-the-fly" syntax checking information may be incorrect. [C:\Users\C27Brandon.Sweitzer\workspace\ece383_wksp\lab2\lab2\lab2.srcs\sources_1\imports\Downloads\Lab02_cadet_code\lab2_code_for_cadets_2026\trigger_detector.vhd:]
WARNING: [filemgmt 56-199] Attempt to get parsing info during refresh. "On-the-fly" syntax checking information may be incorrect. [C:\Users\C27Brandon.Sweitzer\workspace\ece383_wksp\lab2\lab2\lab2.srcs\sources_1\imports\imports\Lab1_Cadet_Code_2026\video.vhdl:]
WARNING: [filemgmt 56-199] Attempt to get parsing info during refresh. "On-the-fly" syntax checking information may be incorrect. [C:\Users\C27Brandon.Sweitzer\workspace\ece383_wksp\lab2\lab2\lab2.srcs\sources_1\imports\Lab1_Cadet_Code_2026\vga.vhd:]
WARNING: [filemgmt 56-199] Attempt to get parsing info during refresh. "On-the-fly" syntax checking information may be incorrect. [C:\Users\C27Brandon.Sweitzer\workspace\ece383_wksp\lab2\lab2\lab2.srcs\sources_1\imports\lab2_code_for_cadets_2026\ece383_pkg.vhd:]
WARNING: [filemgmt 56-199] Attempt to get parsing info during refresh. "On-the-fly" syntax checking information may be incorrect. [C:\Users\C27Brandon.Sweitzer\workspace\ece383_wksp\lab2\lab2\lab2.srcs\sources_1\imports\Downloads\Lab02_cadet_code\lab2_code_for_cadets_2026\Audio_Codec_Wrapper.vhd:]
WARNING: [filemgmt 56-199] Attempt to get parsing info during refresh. "On-the-fly" syntax checking information may be incorrect. [C:\Users\C27Brandon.Sweitzer\workspace\ece383_wksp\lab2\lab2\lab2.srcs\sources_1\new\color_mapper.vhd:]
WARNING: [filemgmt 56-199] Attempt to get parsing info during refresh. "On-the-fly" syntax checking information may be incorrect. [C:\Users\C27Brandon.Sweitzer\workspace\ece383_wksp\lab2\lab2\lab2.srcs\sources_1\imports\Downloads\Lab02_cadet_code\lab2_code_for_cadets_2026\lab2.vhd:]
WARNING: [filemgmt 56-199] Attempt to get parsing info during refresh. "On-the-fly" syntax checking information may be incorrect. [C:\Users\C27Brandon.Sweitzer\workspace\ece383_wksp\lab2\lab2\lab2.srcs\sources_1\imports\Downloads\Lab02_cadet_code\lab2_code_for_cadets_2026\lab2.vhd:]
WARNING: [filemgmt 56-199] Attempt to get parsing info during refresh. "On-the-fly" syntax checking information may be incorrect. [C:\Users\C27Brandon.Sweitzer\workspace\ece383_wksp\lab2\lab2\lab2.srcs\sources_1\imports\Downloads\Lab02_cadet_code\lab2_code_for_cadets_2026\lab2.vhd:]
WARNING: [filemgmt 56-199] Attempt to get parsing info during refresh. "On-the-fly" syntax checking information may be incorrect. [C:\Users\C27Brandon.Sweitzer\workspace\ece383_wksp\lab2\lab2\lab2.srcs\sources_1\imports\Downloads\Lab02_cadet_code\lab2_code_for_cadets_2026\lab2_datapath.vhdl:]
WARNING: [filemgmt 56-199] Attempt to get parsing info during refresh. "On-the-fly" syntax checking information may be incorrect. [C:\Users\C27Brandon.Sweitzer\workspace\ece383_wksp\lab2\lab2\lab2.srcs\sources_1\imports\Downloads\Lab02_cadet_code\lab2_code_for_cadets_2026\lab2_fsm.vhdl:]
WARNING: [filemgmt 56-199] Attempt to get parsing info during refresh. "On-the-fly" syntax checking information may be incorrect. [C:\Users\C27Brandon.Sweitzer\workspace\ece383_wksp\lab2\lab2\lab2.srcs\sources_1\imports\Lab1_Cadet_Code_2026\numeric_stepper.vhd:]
WARNING: [filemgmt 56-199] Attempt to get parsing info during refresh. "On-the-fly" syntax checking information may be incorrect. [C:\Users\C27Brandon.Sweitzer\workspace\ece383_wksp\lab2\lab2\lab2.srcs\sources_1\imports\Downloads\Lab02_cadet_code\lab2_code_for_cadets_2026\trigger_detector.vhd:]
WARNING: [filemgmt 56-199] Attempt to get parsing info during refresh. "On-the-fly" syntax checking information may be incorrect. [C:\Users\C27Brandon.Sweitzer\workspace\ece383_wksp\lab2\lab2\lab2.srcs\sources_1\imports\imports\Lab1_Cadet_Code_2026\video.vhdl:]
WARNING: [filemgmt 56-199] Attempt to get parsing info during refresh. "On-the-fly" syntax checking information may be incorrect. [C:\Users\C27Brandon.Sweitzer\workspace\ece383_wksp\lab2\lab2\lab2.srcs\sources_1\imports\Lab1_Cadet_Code_2026\vga.vhd:]
WARNING: [filemgmt 56-199] Attempt to get parsing info during refresh. "On-the-fly" syntax checking information may be incorrect. [C:\Users\C27Brandon.Sweitzer\workspace\ece383_wksp\lab2\lab2\lab2.srcs\sources_1\imports\lab2_code_for_cadets_2026\ece383_pkg.vhd:]
WARNING: [filemgmt 56-199] Attempt to get parsing info during refresh. "On-the-fly" syntax checking information may be incorrect. [C:\Users\C27Brandon.Sweitzer\workspace\ece383_wksp\lab2\lab2\lab2.srcs\sources_1\imports\Downloads\Lab02_cadet_code\lab2_code_for_cadets_2026\Audio_Codec_Wrapper.vhd:]
WARNING: [filemgmt 56-199] Attempt to get parsing info during refresh. "On-the-fly" syntax checking information may be incorrect. [C:\Users\C27Brandon.Sweitzer\workspace\ece383_wksp\lab2\lab2\lab2.srcs\sources_1\new\color_mapper.vhd:]
WARNING: [filemgmt 56-199] Attempt to get parsing info during refresh. "On-the-fly" syntax checking information may be incorrect. [C:\Users\C27Brandon.Sweitzer\workspace\ece383_wksp\lab2\lab2\lab2.srcs\sources_1\imports\Downloads\Lab02_cadet_code\lab2_code_for_cadets_2026\lab2_datapath.vhdl:]
WARNING: [filemgmt 56-199] Attempt to get parsing info during refresh. "On-the-fly" syntax checking information may be incorrect. [C:\Users\C27Brandon.Sweitzer\workspace\ece383_wksp\lab2\lab2\lab2.srcs\sources_1\imports\Downloads\Lab02_cadet_code\lab2_code_for_cadets_2026\lab2_datapath.vhdl:]
WARNING: [filemgmt 56-199] Attempt to get parsing info during refresh. "On-the-fly" syntax checking information may be incorrect. [C:\Users\C27Brandon.Sweitzer\workspace\ece383_wksp\lab2\lab2\lab2.srcs\sources_1\imports\Downloads\Lab02_cadet_code\lab2_code_for_cadets_2026\lab2.vhd:]
WARNING: [filemgmt 56-199] Attempt to get parsing info during refresh. "On-the-fly" syntax checking information may be incorrect. [C:\Users\C27Brandon.Sweitzer\workspace\ece383_wksp\lab2\lab2\lab2.srcs\sources_1\imports\Downloads\Lab02_cadet_code\lab2_code_for_cadets_2026\lab2_datapath.vhdl:]
WARNING: [filemgmt 56-199] Attempt to get parsing info during refresh. "On-the-fly" syntax checking information may be incorrect. [C:\Users\C27Brandon.Sweitzer\workspace\ece383_wksp\lab2\lab2\lab2.srcs\sources_1\imports\Downloads\Lab02_cadet_code\lab2_code_for_cadets_2026\lab2_fsm.vhdl:]
WARNING: [filemgmt 56-199] Attempt to get parsing info during refresh. "On-the-fly" syntax checking information may be incorrect. [C:\Users\C27Brandon.Sweitzer\workspace\ece383_wksp\lab2\lab2\lab2.srcs\sources_1\imports\Lab1_Cadet_Code_2026\numeric_stepper.vhd:]
WARNING: [filemgmt 56-199] Attempt to get parsing info during refresh. "On-the-fly" syntax checking information may be incorrect. [C:\Users\C27Brandon.Sweitzer\workspace\ece383_wksp\lab2\lab2\lab2.srcs\sources_1\imports\Downloads\Lab02_cadet_code\lab2_code_for_cadets_2026\trigger_detector.vhd:]
WARNING: [filemgmt 56-199] Attempt to get parsing info during refresh. "On-the-fly" syntax checking information may be incorrect. [C:\Users\C27Brandon.Sweitzer\workspace\ece383_wksp\lab2\lab2\lab2.srcs\sources_1\imports\imports\Lab1_Cadet_Code_2026\video.vhdl:]
WARNING: [filemgmt 56-199] Attempt to get parsing info during refresh. "On-the-fly" syntax checking information may be incorrect. [C:\Users\C27Brandon.Sweitzer\workspace\ece383_wksp\lab2\lab2\lab2.srcs\sources_1\imports\Lab1_Cadet_Code_2026\vga.vhd:]
WARNING: [filemgmt 56-199] Attempt to get parsing info during refresh. "On-the-fly" syntax checking information may be incorrect. [C:\Users\C27Brandon.Sweitzer\workspace\ece383_wksp\lab2\lab2\lab2.srcs\sources_1\imports\lab2_code_for_cadets_2026\ece383_pkg.vhd:]
WARNING: [filemgmt 56-199] Attempt to get parsing info during refresh. "On-the-fly" syntax checking information may be incorrect. [C:\Users\C27Brandon.Sweitzer\workspace\ece383_wksp\lab2\lab2\lab2.srcs\sources_1\imports\Downloads\Lab02_cadet_code\lab2_code_for_cadets_2026\Audio_Codec_Wrapper.vhd:]
WARNING: [filemgmt 56-199] Attempt to get parsing info during refresh. "On-the-fly" syntax checking information may be incorrect. [C:\Users\C27Brandon.Sweitzer\workspace\ece383_wksp\lab2\lab2\lab2.srcs\sources_1\new\color_mapper.vhd:]
WARNING: [filemgmt 56-199] Attempt to get parsing info during refresh. "On-the-fly" syntax checking information may be incorrect. [C:\Users\C27Brandon.Sweitzer\workspace\ece383_wksp\lab2\lab2\lab2.srcs\sources_1\imports\imports\Lab1_Cadet_Code_2026\video.vhdl:]
WARNING: [filemgmt 56-199] Attempt to get parsing info during refresh. "On-the-fly" syntax checking information may be incorrect. [C:\Users\C27Brandon.Sweitzer\workspace\ece383_wksp\lab2\lab2\lab2.srcs\sources_1\imports\imports\Lab1_Cadet_Code_2026\video.vhdl:]
WARNING: [filemgmt 56-199] Attempt to get parsing info during refresh. "On-the-fly" syntax checking information may be incorrect. [C:\Users\C27Brandon.Sweitzer\workspace\ece383_wksp\lab2\lab2\lab2.srcs\sources_1\imports\Downloads\Lab02_cadet_code\lab2_code_for_cadets_2026\lab2.vhd:]
WARNING: [filemgmt 56-199] Attempt to get parsing info during refresh. "On-the-fly" syntax checking information may be incorrect. [C:\Users\C27Brandon.Sweitzer\workspace\ece383_wksp\lab2\lab2\lab2.srcs\sources_1\imports\Downloads\Lab02_cadet_code\lab2_code_for_cadets_2026\lab2_datapath.vhdl:]
WARNING: [filemgmt 56-199] Attempt to get parsing info during refresh. "On-the-fly" syntax checking information may be incorrect. [C:\Users\C27Brandon.Sweitzer\workspace\ece383_wksp\lab2\lab2\lab2.srcs\sources_1\imports\Downloads\Lab02_cadet_code\lab2_code_for_cadets_2026\lab2_fsm.vhdl:]
WARNING: [filemgmt 56-199] Attempt to get parsing info during refresh. "On-the-fly" syntax checking information may be incorrect. [C:\Users\C27Brandon.Sweitzer\workspace\ece383_wksp\lab2\lab2\lab2.srcs\sources_1\imports\Lab1_Cadet_Code_2026\numeric_stepper.vhd:]
WARNING: [filemgmt 56-199] Attempt to get parsing info during refresh. "On-the-fly" syntax checking information may be incorrect. [C:\Users\C27Brandon.Sweitzer\workspace\ece383_wksp\lab2\lab2\lab2.srcs\sources_1\imports\Downloads\Lab02_cadet_code\lab2_code_for_cadets_2026\trigger_detector.vhd:]
WARNING: [filemgmt 56-199] Attempt to get parsing info during refresh. "On-the-fly" syntax checking information may be incorrect. [C:\Users\C27Brandon.Sweitzer\workspace\ece383_wksp\lab2\lab2\lab2.srcs\sources_1\imports\imports\Lab1_Cadet_Code_2026\video.vhdl:]
WARNING: [filemgmt 56-199] Attempt to get parsing info during refresh. "On-the-fly" syntax checking information may be incorrect. [C:\Users\C27Brandon.Sweitzer\workspace\ece383_wksp\lab2\lab2\lab2.srcs\sources_1\imports\Lab1_Cadet_Code_2026\vga.vhd:]
WARNING: [filemgmt 56-199] Attempt to get parsing info during refresh. "On-the-fly" syntax checking information may be incorrect. [C:\Users\C27Brandon.Sweitzer\workspace\ece383_wksp\lab2\lab2\lab2.srcs\sources_1\imports\lab2_code_for_cadets_2026\ece383_pkg.vhd:]
WARNING: [filemgmt 56-199] Attempt to get parsing info during refresh. "On-the-fly" syntax checking information may be incorrect. [C:\Users\C27Brandon.Sweitzer\workspace\ece383_wksp\lab2\lab2\lab2.srcs\sources_1\imports\Downloads\Lab02_cadet_code\lab2_code_for_cadets_2026\Audio_Codec_Wrapper.vhd:]
WARNING: [filemgmt 56-199] Attempt to get parsing info during refresh. "On-the-fly" syntax checking information may be incorrect. [C:\Users\C27Brandon.Sweitzer\workspace\ece383_wksp\lab2\lab2\lab2.srcs\sources_1\new\color_mapper.vhd:]
WARNING: [filemgmt 56-199] Attempt to get parsing info during refresh. "On-the-fly" syntax checking information may be incorrect. [C:\Users\C27Brandon.Sweitzer\workspace\ece383_wksp\lab2\lab2\lab2.srcs\sources_1\imports\Lab1_Cadet_Code_2026\numeric_stepper.vhd:]
WARNING: [filemgmt 56-199] Attempt to get parsing info during refresh. "On-the-fly" syntax checking information may be incorrect. [C:\Users\C27Brandon.Sweitzer\workspace\ece383_wksp\lab2\lab2\lab2.srcs\sources_1\imports\Lab1_Cadet_Code_2026\numeric_stepper.vhd:]
WARNING: [filemgmt 56-199] Attempt to get parsing info during refresh. "On-the-fly" syntax checking information may be incorrect. [C:\Users\C27Brandon.Sweitzer\workspace\ece383_wksp\lab2\lab2\lab2.srcs\sources_1\imports\Downloads\Lab02_cadet_code\lab2_code_for_cadets_2026\lab2.vhd:]
WARNING: [filemgmt 56-199] Attempt to get parsing info during refresh. "On-the-fly" syntax checking information may be incorrect. [C:\Users\C27Brandon.Sweitzer\workspace\ece383_wksp\lab2\lab2\lab2.srcs\sources_1\imports\Downloads\Lab02_cadet_code\lab2_code_for_cadets_2026\lab2_datapath.vhdl:]
WARNING: [filemgmt 56-199] Attempt to get parsing info during refresh. "On-the-fly" syntax checking information may be incorrect. [C:\Users\C27Brandon.Sweitzer\workspace\ece383_wksp\lab2\lab2\lab2.srcs\sources_1\imports\Downloads\Lab02_cadet_code\lab2_code_for_cadets_2026\lab2_fsm.vhdl:]
WARNING: [filemgmt 56-199] Attempt to get parsing info during refresh. "On-the-fly" syntax checking information may be incorrect. [C:\Users\C27Brandon.Sweitzer\workspace\ece383_wksp\lab2\lab2\lab2.srcs\sources_1\imports\Lab1_Cadet_Code_2026\numeric_stepper.vhd:]
INFO: [Common 17-14] Message 'filemgmt 56-199' appears 100 times and further instances of the messages will be disabled. Use the Tcl command set_msg_config to change the current settings.
ERROR: [Common 17-180] Spawn failed: No error
ERROR: [Common 17-180] Spawn failed: No error
ERROR: [Common 17-180] Spawn failed: No error
ERROR: [Common 17-180] Spawn failed: No error
ERROR: [Common 17-180] Spawn failed: No error
ERROR: [Common 17-180] Spawn failed: No error
ERROR: [Common 17-180] Spawn failed: No error
ERROR: [Vivado 12-4756] Launch of runs aborted due to earlier errors while preparing sub-designs for run execution.
launch_runs synth_1 -jobs 8
WARNING: [filemgmt 20-1318] Duplicate Design Unit 'TDMS_encoder(Behavioral)' found in library 'xil_defaultlib'
	(Active) Duplicate found at line 22 of file C:/Users/C27Brandon.Sweitzer/workspace/ece383_wksp/lab2/lab2/lab2.srcs/sources_1/imports/Downloads/Lab02_cadet_code/lab2_code_for_cadets_2026/tdms.vhdl
Duplicate found in file C:/Users/C27Brandon.Sweitzer/workspace/ece383_wksp/lab2/lab2/lab2.srcs/sources_1/imports/imports/Lab1_Cadet_Code_2026/tdms.vhdl
[Mon Feb 23 14:51:16 2026] Launched synth_1...
Run output will be captured here: C:/Users/C27Brandon.Sweitzer/workspace/ece383_wksp/lab2/lab2/lab2.runs/synth_1/runme.log
launch_runs impl_1 -jobs 8
[Mon Feb 23 14:54:51 2026] Launched impl_1...
Run output will be captured here: C:/Users/C27Brandon.Sweitzer/workspace/ece383_wksp/lab2/lab2/lab2.runs/impl_1/runme.log
launch_runs impl_1 -to_step write_bitstream -jobs 8
[Mon Feb 23 15:00:10 2026] Launched impl_1...
Run output will be captured here: C:/Users/C27Brandon.Sweitzer/workspace/ece383_wksp/lab2/lab2/lab2.runs/impl_1/runme.log
set_property PROBES.FILE {} [get_hw_devices xc7a200t_0]
set_property FULL_PROBES.FILE {} [get_hw_devices xc7a200t_0]
set_property PROGRAM.FILE {C:/Users/C27Brandon.Sweitzer/workspace/ece383_wksp/lab2/lab2/lab2.runs/impl_1/lab2.bit} [get_hw_devices xc7a200t_0]
program_hw_devices [get_hw_devices xc7a200t_0]
INFO: [Labtools 27-3164] End of startup status: HIGH
program_hw_devices: Time (s): cpu = 00:00:04 ; elapsed = 00:00:06 . Memory (MB): peak = 2512.090 ; gain = 0.000
refresh_hw_device [lindex [get_hw_devices xc7a200t_0] 0]
INFO: [Labtools 27-1434] Device xc7a200t (JTAG device index = 0) is programmed with a design that has no supported debug core(s) in it.
WARNING: [filemgmt 56-199] Attempt to get parsing info during refresh. "On-the-fly" syntax checking information may be incorrect. [C:\Users\C27Brandon.Sweitzer\workspace\ece383_wksp\lab2\lab2\lab2.srcs\sources_1\imports\Downloads\Lab02_cadet_code\lab2_code_for_cadets_2026\lab2.vhd:]
WARNING: [filemgmt 56-199] Attempt to get parsing info during refresh. "On-the-fly" syntax checking information may be incorrect. [C:\Users\C27Brandon.Sweitzer\workspace\ece383_wksp\lab2\lab2\lab2.srcs\sources_1\imports\Downloads\Lab02_cadet_code\lab2_code_for_cadets_2026\lab2_datapath.vhdl:]
WARNING: [filemgmt 56-199] Attempt to get parsing info during refresh. "On-the-fly" syntax checking information may be incorrect. [C:\Users\C27Brandon.Sweitzer\workspace\ece383_wksp\lab2\lab2\lab2.srcs\sources_1\imports\Downloads\Lab02_cadet_code\lab2_code_for_cadets_2026\lab2_fsm.vhdl:]
WARNING: [filemgmt 56-199] Attempt to get parsing info during refresh. "On-the-fly" syntax checking information may be incorrect. [C:\Users\C27Brandon.Sweitzer\workspace\ece383_wksp\lab2\lab2\lab2.srcs\sources_1\imports\Lab1_Cadet_Code_2026\numeric_stepper.vhd:]
WARNING: [filemgmt 56-199] Attempt to get parsing info during refresh. "On-the-fly" syntax checking information may be incorrect. [C:\Users\C27Brandon.Sweitzer\workspace\ece383_wksp\lab2\lab2\lab2.srcs\sources_1\imports\Downloads\Lab02_cadet_code\lab2_code_for_cadets_2026\trigger_detector.vhd:]
WARNING: [filemgmt 56-199] Attempt to get parsing info during refresh. "On-the-fly" syntax checking information may be incorrect. [C:\Users\C27Brandon.Sweitzer\workspace\ece383_wksp\lab2\lab2\lab2.srcs\sources_1\imports\imports\Lab1_Cadet_Code_2026\video.vhdl:]
WARNING: [filemgmt 56-199] Attempt to get parsing info during refresh. "On-the-fly" syntax checking information may be incorrect. [C:\Users\C27Brandon.Sweitzer\workspace\ece383_wksp\lab2\lab2\lab2.srcs\sources_1\imports\Lab1_Cadet_Code_2026\vga.vhd:]
WARNING: [filemgmt 56-199] Attempt to get parsing info during refresh. "On-the-fly" syntax checking information may be incorrect. [C:\Users\C27Brandon.Sweitzer\workspace\ece383_wksp\lab2\lab2\lab2.srcs\sources_1\imports\lab2_code_for_cadets_2026\ece383_pkg.vhd:]
WARNING: [filemgmt 56-199] Attempt to get parsing info during refresh. "On-the-fly" syntax checking information may be incorrect. [C:\Users\C27Brandon.Sweitzer\workspace\ece383_wksp\lab2\lab2\lab2.srcs\sources_1\new\color_mapper.vhd:]
WARNING: [filemgmt 56-199] Attempt to get parsing info during refresh. "On-the-fly" syntax checking information may be incorrect. [C:\Users\C27Brandon.Sweitzer\workspace\ece383_wksp\lab2\lab2\lab2.srcs\sources_1\imports\Downloads\Lab02_cadet_code\lab2_code_for_cadets_2026\lab2_datapath.vhdl:]
WARNING: [filemgmt 56-199] Attempt to get parsing info during refresh. "On-the-fly" syntax checking information may be incorrect. [C:\Users\C27Brandon.Sweitzer\workspace\ece383_wksp\lab2\lab2\lab2.srcs\sources_1\imports\Downloads\Lab02_cadet_code\lab2_code_for_cadets_2026\lab2_datapath.vhdl:]
WARNING: [filemgmt 56-199] Attempt to get parsing info during refresh. "On-the-fly" syntax checking information may be incorrect. [C:\Users\C27Brandon.Sweitzer\workspace\ece383_wksp\lab2\lab2\lab2.srcs\sources_1\imports\Downloads\Lab02_cadet_code\lab2_code_for_cadets_2026\lab2.vhd:]
WARNING: [filemgmt 56-199] Attempt to get parsing info during refresh. "On-the-fly" syntax checking information may be incorrect. [C:\Users\C27Brandon.Sweitzer\workspace\ece383_wksp\lab2\lab2\lab2.srcs\sources_1\imports\Downloads\Lab02_cadet_code\lab2_code_for_cadets_2026\lab2_datapath.vhdl:]
WARNING: [filemgmt 56-199] Attempt to get parsing info during refresh. "On-the-fly" syntax checking information may be incorrect. [C:\Users\C27Brandon.Sweitzer\workspace\ece383_wksp\lab2\lab2\lab2.srcs\sources_1\imports\Downloads\Lab02_cadet_code\lab2_code_for_cadets_2026\lab2_fsm.vhdl:]
WARNING: [filemgmt 56-199] Attempt to get parsing info during refresh. "On-the-fly" syntax checking information may be incorrect. [C:\Users\C27Brandon.Sweitzer\workspace\ece383_wksp\lab2\lab2\lab2.srcs\sources_1\imports\Lab1_Cadet_Code_2026\numeric_stepper.vhd:]
WARNING: [filemgmt 56-199] Attempt to get parsing info during refresh. "On-the-fly" syntax checking information may be incorrect. [C:\Users\C27Brandon.Sweitzer\workspace\ece383_wksp\lab2\lab2\lab2.srcs\sources_1\imports\Downloads\Lab02_cadet_code\lab2_code_for_cadets_2026\trigger_detector.vhd:]
WARNING: [filemgmt 56-199] Attempt to get parsing info during refresh. "On-the-fly" syntax checking information may be incorrect. [C:\Users\C27Brandon.Sweitzer\workspace\ece383_wksp\lab2\lab2\lab2.srcs\sources_1\imports\imports\Lab1_Cadet_Code_2026\video.vhdl:]
WARNING: [filemgmt 56-199] Attempt to get parsing info during refresh. "On-the-fly" syntax checking information may be incorrect. [C:\Users\C27Brandon.Sweitzer\workspace\ece383_wksp\lab2\lab2\lab2.srcs\sources_1\imports\Lab1_Cadet_Code_2026\vga.vhd:]
WARNING: [filemgmt 56-199] Attempt to get parsing info during refresh. "On-the-fly" syntax checking information may be incorrect. [C:\Users\C27Brandon.Sweitzer\workspace\ece383_wksp\lab2\lab2\lab2.srcs\sources_1\imports\lab2_code_for_cadets_2026\ece383_pkg.vhd:]
WARNING: [filemgmt 56-199] Attempt to get parsing info during refresh. "On-the-fly" syntax checking information may be incorrect. [C:\Users\C27Brandon.Sweitzer\workspace\ece383_wksp\lab2\lab2\lab2.srcs\sources_1\new\color_mapper.vhd:]
WARNING: [filemgmt 56-199] Attempt to get parsing info during refresh. "On-the-fly" syntax checking information may be incorrect. [C:\Users\C27Brandon.Sweitzer\workspace\ece383_wksp\lab2\lab2\lab2.srcs\sources_1\imports\Lab1_Cadet_Code_2026\vga.vhd:]
WARNING: [filemgmt 56-199] Attempt to get parsing info during refresh. "On-the-fly" syntax checking information may be incorrect. [C:\Users\C27Brandon.Sweitzer\workspace\ece383_wksp\lab2\lab2\lab2.srcs\sources_1\imports\Lab1_Cadet_Code_2026\vga.vhd:]
WARNING: [filemgmt 56-199] Attempt to get parsing info during refresh. "On-the-fly" syntax checking information may be incorrect. [C:\Users\C27Brandon.Sweitzer\workspace\ece383_wksp\lab2\lab2\lab2.srcs\sources_1\imports\Downloads\Lab02_cadet_code\lab2_code_for_cadets_2026\lab2.vhd:]
WARNING: [filemgmt 56-199] Attempt to get parsing info during refresh. "On-the-fly" syntax checking information may be incorrect. [C:\Users\C27Brandon.Sweitzer\workspace\ece383_wksp\lab2\lab2\lab2.srcs\sources_1\imports\Downloads\Lab02_cadet_code\lab2_code_for_cadets_2026\lab2_datapath.vhdl:]
WARNING: [filemgmt 56-199] Attempt to get parsing info during refresh. "On-the-fly" syntax checking information may be incorrect. [C:\Users\C27Brandon.Sweitzer\workspace\ece383_wksp\lab2\lab2\lab2.srcs\sources_1\imports\Downloads\Lab02_cadet_code\lab2_code_for_cadets_2026\lab2_fsm.vhdl:]
WARNING: [filemgmt 56-199] Attempt to get parsing info during refresh. "On-the-fly" syntax checking information may be incorrect. [C:\Users\C27Brandon.Sweitzer\workspace\ece383_wksp\lab2\lab2\lab2.srcs\sources_1\imports\Lab1_Cadet_Code_2026\numeric_stepper.vhd:]
WARNING: [filemgmt 56-199] Attempt to get parsing info during refresh. "On-the-fly" syntax checking information may be incorrect. [C:\Users\C27Brandon.Sweitzer\workspace\ece383_wksp\lab2\lab2\lab2.srcs\sources_1\imports\Downloads\Lab02_cadet_code\lab2_code_for_cadets_2026\trigger_detector.vhd:]
WARNING: [filemgmt 56-199] Attempt to get parsing info during refresh. "On-the-fly" syntax checking information may be incorrect. [C:\Users\C27Brandon.Sweitzer\workspace\ece383_wksp\lab2\lab2\lab2.srcs\sources_1\imports\imports\Lab1_Cadet_Code_2026\video.vhdl:]
WARNING: [filemgmt 56-199] Attempt to get parsing info during refresh. "On-the-fly" syntax checking information may be incorrect. [C:\Users\C27Brandon.Sweitzer\workspace\ece383_wksp\lab2\lab2\lab2.srcs\sources_1\imports\Lab1_Cadet_Code_2026\vga.vhd:]
WARNING: [filemgmt 56-199] Attempt to get parsing info during refresh. "On-the-fly" syntax checking information may be incorrect. [C:\Users\C27Brandon.Sweitzer\workspace\ece383_wksp\lab2\lab2\lab2.srcs\sources_1\imports\lab2_code_for_cadets_2026\ece383_pkg.vhd:]
WARNING: [filemgmt 56-199] Attempt to get parsing info during refresh. "On-the-fly" syntax checking information may be incorrect. [C:\Users\C27Brandon.Sweitzer\workspace\ece383_wksp\lab2\lab2\lab2.srcs\sources_1\new\color_mapper.vhd:]
WARNING: [filemgmt 56-199] Attempt to get parsing info during refresh. "On-the-fly" syntax checking information may be incorrect. [C:\Users\C27Brandon.Sweitzer\workspace\ece383_wksp\lab2\lab2\lab2.srcs\sources_1\imports\imports\Lab1_Cadet_Code_2026\video.vhdl:]
WARNING: [filemgmt 56-199] Attempt to get parsing info during refresh. "On-the-fly" syntax checking information may be incorrect. [C:\Users\C27Brandon.Sweitzer\workspace\ece383_wksp\lab2\lab2\lab2.srcs\sources_1\imports\imports\Lab1_Cadet_Code_2026\video.vhdl:]
WARNING: [filemgmt 56-199] Attempt to get parsing info during refresh. "On-the-fly" syntax checking information may be incorrect. [C:\Users\C27Brandon.Sweitzer\workspace\ece383_wksp\lab2\lab2\lab2.srcs\sources_1\imports\Downloads\Lab02_cadet_code\lab2_code_for_cadets_2026\lab2.vhd:]
WARNING: [filemgmt 56-199] Attempt to get parsing info during refresh. "On-the-fly" syntax checking information may be incorrect. [C:\Users\C27Brandon.Sweitzer\workspace\ece383_wksp\lab2\lab2\lab2.srcs\sources_1\imports\Downloads\Lab02_cadet_code\lab2_code_for_cadets_2026\lab2_datapath.vhdl:]
WARNING: [filemgmt 56-199] Attempt to get parsing info during refresh. "On-the-fly" syntax checking information may be incorrect. [C:\Users\C27Brandon.Sweitzer\workspace\ece383_wksp\lab2\lab2\lab2.srcs\sources_1\imports\Downloads\Lab02_cadet_code\lab2_code_for_cadets_2026\lab2_fsm.vhdl:]
WARNING: [filemgmt 56-199] Attempt to get parsing info during refresh. "On-the-fly" syntax checking information may be incorrect. [C:\Users\C27Brandon.Sweitzer\workspace\ece383_wksp\lab2\lab2\lab2.srcs\sources_1\imports\Lab1_Cadet_Code_2026\numeric_stepper.vhd:]
WARNING: [filemgmt 56-199] Attempt to get parsing info during refresh. "On-the-fly" syntax checking information may be incorrect. [C:\Users\C27Brandon.Sweitzer\workspace\ece383_wksp\lab2\lab2\lab2.srcs\sources_1\imports\Downloads\Lab02_cadet_code\lab2_code_for_cadets_2026\trigger_detector.vhd:]
WARNING: [filemgmt 56-199] Attempt to get parsing info during refresh. "On-the-fly" syntax checking information may be incorrect. [C:\Users\C27Brandon.Sweitzer\workspace\ece383_wksp\lab2\lab2\lab2.srcs\sources_1\imports\imports\Lab1_Cadet_Code_2026\video.vhdl:]
WARNING: [filemgmt 56-199] Attempt to get parsing info during refresh. "On-the-fly" syntax checking information may be incorrect. [C:\Users\C27Brandon.Sweitzer\workspace\ece383_wksp\lab2\lab2\lab2.srcs\sources_1\imports\Lab1_Cadet_Code_2026\vga.vhd:]
WARNING: [filemgmt 56-199] Attempt to get parsing info during refresh. "On-the-fly" syntax checking information may be incorrect. [C:\Users\C27Brandon.Sweitzer\workspace\ece383_wksp\lab2\lab2\lab2.srcs\sources_1\imports\lab2_code_for_cadets_2026\ece383_pkg.vhd:]
WARNING: [filemgmt 56-199] Attempt to get parsing info during refresh. "On-the-fly" syntax checking information may be incorrect. [C:\Users\C27Brandon.Sweitzer\workspace\ece383_wksp\lab2\lab2\lab2.srcs\sources_1\new\color_mapper.vhd:]
WARNING: [filemgmt 56-199] Attempt to get parsing info during refresh. "On-the-fly" syntax checking information may be incorrect. [C:\Users\C27Brandon.Sweitzer\workspace\ece383_wksp\lab2\lab2\lab2.srcs\sources_1\imports\Downloads\Lab02_cadet_code\lab2_code_for_cadets_2026\trigger_detector.vhd:]
WARNING: [filemgmt 56-199] Attempt to get parsing info during refresh. "On-the-fly" syntax checking information may be incorrect. [C:\Users\C27Brandon.Sweitzer\workspace\ece383_wksp\lab2\lab2\lab2.srcs\sources_1\imports\Downloads\Lab02_cadet_code\lab2_code_for_cadets_2026\trigger_detector.vhd:]
WARNING: [filemgmt 56-199] Attempt to get parsing info during refresh. "On-the-fly" syntax checking information may be incorrect. [C:\Users\C27Brandon.Sweitzer\workspace\ece383_wksp\lab2\lab2\lab2.srcs\sources_1\imports\Downloads\Lab02_cadet_code\lab2_code_for_cadets_2026\lab2.vhd:]
WARNING: [filemgmt 56-199] Attempt to get parsing info during refresh. "On-the-fly" syntax checking information may be incorrect. [C:\Users\C27Brandon.Sweitzer\workspace\ece383_wksp\lab2\lab2\lab2.srcs\sources_1\imports\Downloads\Lab02_cadet_code\lab2_code_for_cadets_2026\lab2_datapath.vhdl:]
WARNING: [filemgmt 56-199] Attempt to get parsing info during refresh. "On-the-fly" syntax checking information may be incorrect. [C:\Users\C27Brandon.Sweitzer\workspace\ece383_wksp\lab2\lab2\lab2.srcs\sources_1\imports\Downloads\Lab02_cadet_code\lab2_code_for_cadets_2026\lab2_fsm.vhdl:]
WARNING: [filemgmt 56-199] Attempt to get parsing info during refresh. "On-the-fly" syntax checking information may be incorrect. [C:\Users\C27Brandon.Sweitzer\workspace\ece383_wksp\lab2\lab2\lab2.srcs\sources_1\imports\Lab1_Cadet_Code_2026\numeric_stepper.vhd:]
WARNING: [filemgmt 56-199] Attempt to get parsing info during refresh. "On-the-fly" syntax checking information may be incorrect. [C:\Users\C27Brandon.Sweitzer\workspace\ece383_wksp\lab2\lab2\lab2.srcs\sources_1\imports\Downloads\Lab02_cadet_code\lab2_code_for_cadets_2026\trigger_detector.vhd:]
WARNING: [filemgmt 56-199] Attempt to get parsing info during refresh. "On-the-fly" syntax checking information may be incorrect. [C:\Users\C27Brandon.Sweitzer\workspace\ece383_wksp\lab2\lab2\lab2.srcs\sources_1\imports\imports\Lab1_Cadet_Code_2026\video.vhdl:]
WARNING: [filemgmt 56-199] Attempt to get parsing info during refresh. "On-the-fly" syntax checking information may be incorrect. [C:\Users\C27Brandon.Sweitzer\workspace\ece383_wksp\lab2\lab2\lab2.srcs\sources_1\imports\Lab1_Cadet_Code_2026\vga.vhd:]
WARNING: [filemgmt 56-199] Attempt to get parsing info during refresh. "On-the-fly" syntax checking information may be incorrect. [C:\Users\C27Brandon.Sweitzer\workspace\ece383_wksp\lab2\lab2\lab2.srcs\sources_1\imports\lab2_code_for_cadets_2026\ece383_pkg.vhd:]
WARNING: [filemgmt 56-199] Attempt to get parsing info during refresh. "On-the-fly" syntax checking information may be incorrect. [C:\Users\C27Brandon.Sweitzer\workspace\ece383_wksp\lab2\lab2\lab2.srcs\sources_1\new\color_mapper.vhd:]
WARNING: [filemgmt 56-199] Attempt to get parsing info during refresh. "On-the-fly" syntax checking information may be incorrect. [C:\Users\C27Brandon.Sweitzer\workspace\ece383_wksp\lab2\lab2\lab2.srcs\sources_1\imports\lab2_code_for_cadets_2026\ece383_pkg.vhd:]
WARNING: [filemgmt 56-199] Attempt to get parsing info during refresh. "On-the-fly" syntax checking information may be incorrect. [C:\Users\C27Brandon.Sweitzer\workspace\ece383_wksp\lab2\lab2\lab2.srcs\sources_1\imports\lab2_code_for_cadets_2026\ece383_pkg.vhd:]
ERROR: [Common 17-180] Spawn failed: No error
WARNING: [filemgmt 56-199] Attempt to get parsing info during refresh. "On-the-fly" syntax checking information may be incorrect. [C:\Users\C27Brandon.Sweitzer\workspace\ece383_wksp\lab2\lab2\lab2.srcs\sources_1\imports\Downloads\Lab02_cadet_code\lab2_code_for_cadets_2026\lab2.vhd:]
WARNING: [filemgmt 56-199] Attempt to get parsing info during refresh. "On-the-fly" syntax checking information may be incorrect. [C:\Users\C27Brandon.Sweitzer\workspace\ece383_wksp\lab2\lab2\lab2.srcs\sources_1\imports\Downloads\Lab02_cadet_code\lab2_code_for_cadets_2026\lab2_datapath.vhdl:]
WARNING: [filemgmt 56-199] Attempt to get parsing info during refresh. "On-the-fly" syntax checking information may be incorrect. [C:\Users\C27Brandon.Sweitzer\workspace\ece383_wksp\lab2\lab2\lab2.srcs\sources_1\imports\Downloads\Lab02_cadet_code\lab2_code_for_cadets_2026\lab2_fsm.vhdl:]
WARNING: [filemgmt 56-199] Attempt to get parsing info during refresh. "On-the-fly" syntax checking information may be incorrect. [C:\Users\C27Brandon.Sweitzer\workspace\ece383_wksp\lab2\lab2\lab2.srcs\sources_1\imports\Lab1_Cadet_Code_2026\numeric_stepper.vhd:]
WARNING: [filemgmt 56-199] Attempt to get parsing info during refresh. "On-the-fly" syntax checking information may be incorrect. [C:\Users\C27Brandon.Sweitzer\workspace\ece383_wksp\lab2\lab2\lab2.srcs\sources_1\imports\Downloads\Lab02_cadet_code\lab2_code_for_cadets_2026\trigger_detector.vhd:]
WARNING: [filemgmt 56-199] Attempt to get parsing info during refresh. "On-the-fly" syntax checking information may be incorrect. [C:\Users\C27Brandon.Sweitzer\workspace\ece383_wksp\lab2\lab2\lab2.srcs\sources_1\imports\imports\Lab1_Cadet_Code_2026\video.vhdl:]
WARNING: [filemgmt 56-199] Attempt to get parsing info during refresh. "On-the-fly" syntax checking information may be incorrect. [C:\Users\C27Brandon.Sweitzer\workspace\ece383_wksp\lab2\lab2\lab2.srcs\sources_1\imports\Lab1_Cadet_Code_2026\vga.vhd:]
WARNING: [filemgmt 56-199] Attempt to get parsing info during refresh. "On-the-fly" syntax checking information may be incorrect. [C:\Users\C27Brandon.Sweitzer\workspace\ece383_wksp\lab2\lab2\lab2.srcs\sources_1\imports\lab2_code_for_cadets_2026\ece383_pkg.vhd:]
WARNING: [filemgmt 56-199] Attempt to get parsing info during refresh. "On-the-fly" syntax checking information may be incorrect. [C:\Users\C27Brandon.Sweitzer\workspace\ece383_wksp\lab2\lab2\lab2.srcs\sources_1\new\color_mapper.vhd:]
WARNING: [filemgmt 56-199] Attempt to get parsing info during refresh. "On-the-fly" syntax checking information may be incorrect. [C:\Users\C27Brandon.Sweitzer\workspace\ece383_wksp\lab2\lab2\lab2.srcs\sources_1\imports\Downloads\Lab02_cadet_code\lab2_code_for_cadets_2026\lab2.vhd:]
WARNING: [filemgmt 56-199] Attempt to get parsing info during refresh. "On-the-fly" syntax checking information may be incorrect. [C:\Users\C27Brandon.Sweitzer\workspace\ece383_wksp\lab2\lab2\lab2.srcs\sources_1\imports\Downloads\Lab02_cadet_code\lab2_code_for_cadets_2026\lab2.vhd:]
ERROR: [Common 17-180] Spawn failed: No error
ERROR: [Common 17-180] Spawn failed: No error
WARNING: [filemgmt 56-199] Attempt to get parsing info during refresh. "On-the-fly" syntax checking information may be incorrect. [C:\Users\C27Brandon.Sweitzer\workspace\ece383_wksp\lab2\lab2\lab2.srcs\sources_1\imports\Downloads\Lab02_cadet_code\lab2_code_for_cadets_2026\lab2.vhd:]
WARNING: [filemgmt 56-199] Attempt to get parsing info during refresh. "On-the-fly" syntax checking information may be incorrect. [C:\Users\C27Brandon.Sweitzer\workspace\ece383_wksp\lab2\lab2\lab2.srcs\sources_1\imports\Downloads\Lab02_cadet_code\lab2_code_for_cadets_2026\lab2_datapath.vhdl:]
WARNING: [filemgmt 56-199] Attempt to get parsing info during refresh. "On-the-fly" syntax checking information may be incorrect. [C:\Users\C27Brandon.Sweitzer\workspace\ece383_wksp\lab2\lab2\lab2.srcs\sources_1\imports\Downloads\Lab02_cadet_code\lab2_code_for_cadets_2026\lab2_fsm.vhdl:]
WARNING: [filemgmt 56-199] Attempt to get parsing info during refresh. "On-the-fly" syntax checking information may be incorrect. [C:\Users\C27Brandon.Sweitzer\workspace\ece383_wksp\lab2\lab2\lab2.srcs\sources_1\imports\Lab1_Cadet_Code_2026\numeric_stepper.vhd:]
WARNING: [filemgmt 56-199] Attempt to get parsing info during refresh. "On-the-fly" syntax checking information may be incorrect. [C:\Users\C27Brandon.Sweitzer\workspace\ece383_wksp\lab2\lab2\lab2.srcs\sources_1\imports\Downloads\Lab02_cadet_code\lab2_code_for_cadets_2026\trigger_detector.vhd:]
WARNING: [filemgmt 56-199] Attempt to get parsing info during refresh. "On-the-fly" syntax checking information may be incorrect. [C:\Users\C27Brandon.Sweitzer\workspace\ece383_wksp\lab2\lab2\lab2.srcs\sources_1\imports\imports\Lab1_Cadet_Code_2026\video.vhdl:]
WARNING: [filemgmt 56-199] Attempt to get parsing info during refresh. "On-the-fly" syntax checking information may be incorrect. [C:\Users\C27Brandon.Sweitzer\workspace\ece383_wksp\lab2\lab2\lab2.srcs\sources_1\imports\Lab1_Cadet_Code_2026\vga.vhd:]
WARNING: [filemgmt 56-199] Attempt to get parsing info during refresh. "On-the-fly" syntax checking information may be incorrect. [C:\Users\C27Brandon.Sweitzer\workspace\ece383_wksp\lab2\lab2\lab2.srcs\sources_1\imports\lab2_code_for_cadets_2026\ece383_pkg.vhd:]
WARNING: [filemgmt 56-199] Attempt to get parsing info during refresh. "On-the-fly" syntax checking information may be incorrect. [C:\Users\C27Brandon.Sweitzer\workspace\ece383_wksp\lab2\lab2\lab2.srcs\sources_1\new\color_mapper.vhd:]
WARNING: [filemgmt 56-199] Attempt to get parsing info during refresh. "On-the-fly" syntax checking information may be incorrect. [C:\Users\C27Brandon.Sweitzer\workspace\ece383_wksp\lab2\lab2\lab2.srcs\sources_1\imports\Downloads\Lab02_cadet_code\lab2_code_for_cadets_2026\lab2_fsm.vhdl:]
WARNING: [filemgmt 56-199] Attempt to get parsing info during refresh. "On-the-fly" syntax checking information may be incorrect. [C:\Users\C27Brandon.Sweitzer\workspace\ece383_wksp\lab2\lab2\lab2.srcs\sources_1\imports\Downloads\Lab02_cadet_code\lab2_code_for_cadets_2026\lab2_fsm.vhdl:]
WARNING: [filemgmt 56-199] Attempt to get parsing info during refresh. "On-the-fly" syntax checking information may be incorrect. [C:\Users\C27Brandon.Sweitzer\workspace\ece383_wksp\lab2\lab2\lab2.srcs\sources_1\imports\Downloads\Lab02_cadet_code\lab2_code_for_cadets_2026\lab2.vhd:]
WARNING: [filemgmt 56-199] Attempt to get parsing info during refresh. "On-the-fly" syntax checking information may be incorrect. [C:\Users\C27Brandon.Sweitzer\workspace\ece383_wksp\lab2\lab2\lab2.srcs\sources_1\imports\Downloads\Lab02_cadet_code\lab2_code_for_cadets_2026\lab2_datapath.vhdl:]
WARNING: [filemgmt 56-199] Attempt to get parsing info during refresh. "On-the-fly" syntax checking information may be incorrect. [C:\Users\C27Brandon.Sweitzer\workspace\ece383_wksp\lab2\lab2\lab2.srcs\sources_1\imports\Downloads\Lab02_cadet_code\lab2_code_for_cadets_2026\lab2_fsm.vhdl:]
WARNING: [filemgmt 56-199] Attempt to get parsing info during refresh. "On-the-fly" syntax checking information may be incorrect. [C:\Users\C27Brandon.Sweitzer\workspace\ece383_wksp\lab2\lab2\lab2.srcs\sources_1\imports\Lab1_Cadet_Code_2026\numeric_stepper.vhd:]
WARNING: [filemgmt 56-199] Attempt to get parsing info during refresh. "On-the-fly" syntax checking information may be incorrect. [C:\Users\C27Brandon.Sweitzer\workspace\ece383_wksp\lab2\lab2\lab2.srcs\sources_1\imports\Downloads\Lab02_cadet_code\lab2_code_for_cadets_2026\trigger_detector.vhd:]
WARNING: [filemgmt 56-199] Attempt to get parsing info during refresh. "On-the-fly" syntax checking information may be incorrect. [C:\Users\C27Brandon.Sweitzer\workspace\ece383_wksp\lab2\lab2\lab2.srcs\sources_1\imports\imports\Lab1_Cadet_Code_2026\video.vhdl:]
WARNING: [filemgmt 56-199] Attempt to get parsing info during refresh. "On-the-fly" syntax checking information may be incorrect. [C:\Users\C27Brandon.Sweitzer\workspace\ece383_wksp\lab2\lab2\lab2.srcs\sources_1\imports\Lab1_Cadet_Code_2026\vga.vhd:]
WARNING: [filemgmt 56-199] Attempt to get parsing info during refresh. "On-the-fly" syntax checking information may be incorrect. [C:\Users\C27Brandon.Sweitzer\workspace\ece383_wksp\lab2\lab2\lab2.srcs\sources_1\imports\lab2_code_for_cadets_2026\ece383_pkg.vhd:]
WARNING: [filemgmt 56-199] Attempt to get parsing info during refresh. "On-the-fly" syntax checking information may be incorrect. [C:\Users\C27Brandon.Sweitzer\workspace\ece383_wksp\lab2\lab2\lab2.srcs\sources_1\new\color_mapper.vhd:]
WARNING: [filemgmt 56-199] Attempt to get parsing info during refresh. "On-the-fly" syntax checking information may be incorrect. [C:\Users\C27Brandon.Sweitzer\workspace\ece383_wksp\lab2\lab2\lab2.srcs\sources_1\imports\Lab1_Cadet_Code_2026\numeric_stepper.vhd:]
WARNING: [filemgmt 56-199] Attempt to get parsing info during refresh. "On-the-fly" syntax checking information may be incorrect. [C:\Users\C27Brandon.Sweitzer\workspace\ece383_wksp\lab2\lab2\lab2.srcs\sources_1\imports\Lab1_Cadet_Code_2026\numeric_stepper.vhd:]
ERROR: [Common 17-180] Spawn failed: No error
WARNING: [filemgmt 56-199] Attempt to get parsing info during refresh. "On-the-fly" syntax checking information may be incorrect. [C:\Users\C27Brandon.Sweitzer\workspace\ece383_wksp\lab2\lab2\lab2.srcs\sources_1\imports\Downloads\Lab02_cadet_code\lab2_code_for_cadets_2026\lab2.vhd:]
WARNING: [filemgmt 56-199] Attempt to get parsing info during refresh. "On-the-fly" syntax checking information may be incorrect. [C:\Users\C27Brandon.Sweitzer\workspace\ece383_wksp\lab2\lab2\lab2.srcs\sources_1\imports\Downloads\Lab02_cadet_code\lab2_code_for_cadets_2026\lab2_datapath.vhdl:]
WARNING: [filemgmt 56-199] Attempt to get parsing info during refresh. "On-the-fly" syntax checking information may be incorrect. [C:\Users\C27Brandon.Sweitzer\workspace\ece383_wksp\lab2\lab2\lab2.srcs\sources_1\imports\Downloads\Lab02_cadet_code\lab2_code_for_cadets_2026\lab2_fsm.vhdl:]
WARNING: [filemgmt 56-199] Attempt to get parsing info during refresh. "On-the-fly" syntax checking information may be incorrect. [C:\Users\C27Brandon.Sweitzer\workspace\ece383_wksp\lab2\lab2\lab2.srcs\sources_1\imports\Lab1_Cadet_Code_2026\numeric_stepper.vhd:]
WARNING: [filemgmt 56-199] Attempt to get parsing info during refresh. "On-the-fly" syntax checking information may be incorrect. [C:\Users\C27Brandon.Sweitzer\workspace\ece383_wksp\lab2\lab2\lab2.srcs\sources_1\imports\Downloads\Lab02_cadet_code\lab2_code_for_cadets_2026\trigger_detector.vhd:]
WARNING: [filemgmt 56-199] Attempt to get parsing info during refresh. "On-the-fly" syntax checking information may be incorrect. [C:\Users\C27Brandon.Sweitzer\workspace\ece383_wksp\lab2\lab2\lab2.srcs\sources_1\imports\imports\Lab1_Cadet_Code_2026\video.vhdl:]
WARNING: [filemgmt 56-199] Attempt to get parsing info during refresh. "On-the-fly" syntax checking information may be incorrect. [C:\Users\C27Brandon.Sweitzer\workspace\ece383_wksp\lab2\lab2\lab2.srcs\sources_1\imports\Lab1_Cadet_Code_2026\vga.vhd:]
WARNING: [filemgmt 56-199] Attempt to get parsing info during refresh. "On-the-fly" syntax checking information may be incorrect. [C:\Users\C27Brandon.Sweitzer\workspace\ece383_wksp\lab2\lab2\lab2.srcs\sources_1\imports\lab2_code_for_cadets_2026\ece383_pkg.vhd:]
WARNING: [filemgmt 56-199] Attempt to get parsing info during refresh. "On-the-fly" syntax checking information may be incorrect. [C:\Users\C27Brandon.Sweitzer\workspace\ece383_wksp\lab2\lab2\lab2.srcs\sources_1\new\color_mapper.vhd:]
WARNING: [filemgmt 56-199] Attempt to get parsing info during refresh. "On-the-fly" syntax checking information may be incorrect. [C:\Users\C27Brandon.Sweitzer\workspace\ece383_wksp\lab2\lab2\lab2.srcs\sources_1\imports\Downloads\Lab02_cadet_code\lab2_code_for_cadets_2026\lab2_datapath.vhdl:]
WARNING: [filemgmt 56-199] Attempt to get parsing info during refresh. "On-the-fly" syntax checking information may be incorrect. [C:\Users\C27Brandon.Sweitzer\workspace\ece383_wksp\lab2\lab2\lab2.srcs\sources_1\imports\Downloads\Lab02_cadet_code\lab2_code_for_cadets_2026\lab2_datapath.vhdl:]
WARNING: [filemgmt 56-199] Attempt to get parsing info during refresh. "On-the-fly" syntax checking information may be incorrect. [C:\Users\C27Brandon.Sweitzer\workspace\ece383_wksp\lab2\lab2\lab2.srcs\sources_1\imports\Downloads\Lab02_cadet_code\lab2_code_for_cadets_2026\lab2.vhd:]
WARNING: [filemgmt 56-199] Attempt to get parsing info during refresh. "On-the-fly" syntax checking information may be incorrect. [C:\Users\C27Brandon.Sweitzer\workspace\ece383_wksp\lab2\lab2\lab2.srcs\sources_1\imports\Downloads\Lab02_cadet_code\lab2_code_for_cadets_2026\lab2_datapath.vhdl:]
WARNING: [filemgmt 56-199] Attempt to get parsing info during refresh. "On-the-fly" syntax checking information may be incorrect. [C:\Users\C27Brandon.Sweitzer\workspace\ece383_wksp\lab2\lab2\lab2.srcs\sources_1\imports\Downloads\Lab02_cadet_code\lab2_code_for_cadets_2026\lab2_fsm.vhdl:]
WARNING: [filemgmt 56-199] Attempt to get parsing info during refresh. "On-the-fly" syntax checking information may be incorrect. [C:\Users\C27Brandon.Sweitzer\workspace\ece383_wksp\lab2\lab2\lab2.srcs\sources_1\imports\Lab1_Cadet_Code_2026\numeric_stepper.vhd:]
WARNING: [filemgmt 56-199] Attempt to get parsing info during refresh. "On-the-fly" syntax checking information may be incorrect. [C:\Users\C27Brandon.Sweitzer\workspace\ece383_wksp\lab2\lab2\lab2.srcs\sources_1\imports\Downloads\Lab02_cadet_code\lab2_code_for_cadets_2026\trigger_detector.vhd:]
WARNING: [filemgmt 56-199] Attempt to get parsing info during refresh. "On-the-fly" syntax checking information may be incorrect. [C:\Users\C27Brandon.Sweitzer\workspace\ece383_wksp\lab2\lab2\lab2.srcs\sources_1\imports\imports\Lab1_Cadet_Code_2026\video.vhdl:]
WARNING: [filemgmt 56-199] Attempt to get parsing info during refresh. "On-the-fly" syntax checking information may be incorrect. [C:\Users\C27Brandon.Sweitzer\workspace\ece383_wksp\lab2\lab2\lab2.srcs\sources_1\imports\Lab1_Cadet_Code_2026\vga.vhd:]
WARNING: [filemgmt 56-199] Attempt to get parsing info during refresh. "On-the-fly" syntax checking information may be incorrect. [C:\Users\C27Brandon.Sweitzer\workspace\ece383_wksp\lab2\lab2\lab2.srcs\sources_1\imports\lab2_code_for_cadets_2026\ece383_pkg.vhd:]
WARNING: [filemgmt 56-199] Attempt to get parsing info during refresh. "On-the-fly" syntax checking information may be incorrect. [C:\Users\C27Brandon.Sweitzer\workspace\ece383_wksp\lab2\lab2\lab2.srcs\sources_1\new\color_mapper.vhd:]
WARNING: [filemgmt 56-199] Attempt to get parsing info during refresh. "On-the-fly" syntax checking information may be incorrect. [C:\Users\C27Brandon.Sweitzer\workspace\ece383_wksp\lab2\lab2\lab2.srcs\sources_1\imports\Downloads\Lab02_cadet_code\lab2_code_for_cadets_2026\lab2.vhd:]
WARNING: [filemgmt 56-199] Attempt to get parsing info during refresh. "On-the-fly" syntax checking information may be incorrect. [C:\Users\C27Brandon.Sweitzer\workspace\ece383_wksp\lab2\lab2\lab2.srcs\sources_1\imports\Downloads\Lab02_cadet_code\lab2_code_for_cadets_2026\lab2.vhd:]
WARNING: [filemgmt 56-199] Attempt to get parsing info during refresh. "On-the-fly" syntax checking information may be incorrect. [C:\Users\C27Brandon.Sweitzer\workspace\ece383_wksp\lab2\lab2\lab2.srcs\sources_1\imports\Downloads\Lab02_cadet_code\lab2_code_for_cadets_2026\lab2.vhd:]
WARNING: [filemgmt 56-199] Attempt to get parsing info during refresh. "On-the-fly" syntax checking information may be incorrect. [C:\Users\C27Brandon.Sweitzer\workspace\ece383_wksp\lab2\lab2\lab2.srcs\sources_1\imports\Downloads\Lab02_cadet_code\lab2_code_for_cadets_2026\lab2_datapath.vhdl:]
WARNING: [filemgmt 56-199] Attempt to get parsing info during refresh. "On-the-fly" syntax checking information may be incorrect. [C:\Users\C27Brandon.Sweitzer\workspace\ece383_wksp\lab2\lab2\lab2.srcs\sources_1\imports\Downloads\Lab02_cadet_code\lab2_code_for_cadets_2026\lab2_fsm.vhdl:]
WARNING: [filemgmt 56-199] Attempt to get parsing info during refresh. "On-the-fly" syntax checking information may be incorrect. [C:\Users\C27Brandon.Sweitzer\workspace\ece383_wksp\lab2\lab2\lab2.srcs\sources_1\imports\Lab1_Cadet_Code_2026\numeric_stepper.vhd:]
WARNING: [filemgmt 56-199] Attempt to get parsing info during refresh. "On-the-fly" syntax checking information may be incorrect. [C:\Users\C27Brandon.Sweitzer\workspace\ece383_wksp\lab2\lab2\lab2.srcs\sources_1\imports\Downloads\Lab02_cadet_code\lab2_code_for_cadets_2026\trigger_detector.vhd:]
WARNING: [filemgmt 56-199] Attempt to get parsing info during refresh. "On-the-fly" syntax checking information may be incorrect. [C:\Users\C27Brandon.Sweitzer\workspace\ece383_wksp\lab2\lab2\lab2.srcs\sources_1\imports\imports\Lab1_Cadet_Code_2026\video.vhdl:]
WARNING: [filemgmt 56-199] Attempt to get parsing info during refresh. "On-the-fly" syntax checking information may be incorrect. [C:\Users\C27Brandon.Sweitzer\workspace\ece383_wksp\lab2\lab2\lab2.srcs\sources_1\imports\Lab1_Cadet_Code_2026\vga.vhd:]
WARNING: [filemgmt 56-199] Attempt to get parsing info during refresh. "On-the-fly" syntax checking information may be incorrect. [C:\Users\C27Brandon.Sweitzer\workspace\ece383_wksp\lab2\lab2\lab2.srcs\sources_1\imports\lab2_code_for_cadets_2026\ece383_pkg.vhd:]
WARNING: [filemgmt 56-199] Attempt to get parsing info during refresh. "On-the-fly" syntax checking information may be incorrect. [C:\Users\C27Brandon.Sweitzer\workspace\ece383_wksp\lab2\lab2\lab2.srcs\sources_1\new\color_mapper.vhd:]
WARNING: [filemgmt 56-199] Attempt to get parsing info during refresh. "On-the-fly" syntax checking information may be incorrect. [C:\Users\C27Brandon.Sweitzer\workspace\ece383_wksp\lab2\lab2\lab2.srcs\sources_1\imports\Downloads\Lab02_cadet_code\lab2_code_for_cadets_2026\trigger_detector.vhd:]
WARNING: [filemgmt 56-199] Attempt to get parsing info during refresh. "On-the-fly" syntax checking information may be incorrect. [C:\Users\C27Brandon.Sweitzer\workspace\ece383_wksp\lab2\lab2\lab2.srcs\sources_1\imports\Downloads\Lab02_cadet_code\lab2_code_for_cadets_2026\trigger_detector.vhd:]
WARNING: [filemgmt 56-199] Attempt to get parsing info during refresh. "On-the-fly" syntax checking information may be incorrect. [C:\Users\C27Brandon.Sweitzer\workspace\ece383_wksp\lab2\lab2\lab2.srcs\sources_1\imports\Downloads\Lab02_cadet_code\lab2_code_for_cadets_2026\lab2.vhd:]
WARNING: [filemgmt 56-199] Attempt to get parsing info during refresh. "On-the-fly" syntax checking information may be incorrect. [C:\Users\C27Brandon.Sweitzer\workspace\ece383_wksp\lab2\lab2\lab2.srcs\sources_1\imports\Downloads\Lab02_cadet_code\lab2_code_for_cadets_2026\lab2_datapath.vhdl:]
WARNING: [filemgmt 56-199] Attempt to get parsing info during refresh. "On-the-fly" syntax checking information may be incorrect. [C:\Users\C27Brandon.Sweitzer\workspace\ece383_wksp\lab2\lab2\lab2.srcs\sources_1\imports\Downloads\Lab02_cadet_code\lab2_code_for_cadets_2026\lab2_fsm.vhdl:]
WARNING: [filemgmt 56-199] Attempt to get parsing info during refresh. "On-the-fly" syntax checking information may be incorrect. [C:\Users\C27Brandon.Sweitzer\workspace\ece383_wksp\lab2\lab2\lab2.srcs\sources_1\imports\Lab1_Cadet_Code_2026\numeric_stepper.vhd:]
WARNING: [filemgmt 56-199] Attempt to get parsing info during refresh. "On-the-fly" syntax checking information may be incorrect. [C:\Users\C27Brandon.Sweitzer\workspace\ece383_wksp\lab2\lab2\lab2.srcs\sources_1\imports\Downloads\Lab02_cadet_code\lab2_code_for_cadets_2026\trigger_detector.vhd:]
WARNING: [filemgmt 56-199] Attempt to get parsing info during refresh. "On-the-fly" syntax checking information may be incorrect. [C:\Users\C27Brandon.Sweitzer\workspace\ece383_wksp\lab2\lab2\lab2.srcs\sources_1\imports\imports\Lab1_Cadet_Code_2026\video.vhdl:]
WARNING: [filemgmt 56-199] Attempt to get parsing info during refresh. "On-the-fly" syntax checking information may be incorrect. [C:\Users\C27Brandon.Sweitzer\workspace\ece383_wksp\lab2\lab2\lab2.srcs\sources_1\imports\Lab1_Cadet_Code_2026\vga.vhd:]
WARNING: [filemgmt 56-199] Attempt to get parsing info during refresh. "On-the-fly" syntax checking information may be incorrect. [C:\Users\C27Brandon.Sweitzer\workspace\ece383_wksp\lab2\lab2\lab2.srcs\sources_1\imports\lab2_code_for_cadets_2026\ece383_pkg.vhd:]
WARNING: [filemgmt 56-199] Attempt to get parsing info during refresh. "On-the-fly" syntax checking information may be incorrect. [C:\Users\C27Brandon.Sweitzer\workspace\ece383_wksp\lab2\lab2\lab2.srcs\sources_1\new\color_mapper.vhd:]
WARNING: [filemgmt 56-199] Attempt to get parsing info during refresh. "On-the-fly" syntax checking information may be incorrect. [C:\Users\C27Brandon.Sweitzer\workspace\ece383_wksp\lab2\lab2\lab2.srcs\sources_1\imports\lab2_code_for_cadets_2026\ece383_pkg.vhd:]
WARNING: [filemgmt 56-199] Attempt to get parsing info during refresh. "On-the-fly" syntax checking information may be incorrect. [C:\Users\C27Brandon.Sweitzer\workspace\ece383_wksp\lab2\lab2\lab2.srcs\sources_1\imports\lab2_code_for_cadets_2026\ece383_pkg.vhd:]
WARNING: [filemgmt 56-199] Attempt to get parsing info during refresh. "On-the-fly" syntax checking information may be incorrect. [C:\Users\C27Brandon.Sweitzer\workspace\ece383_wksp\lab2\lab2\lab2.srcs\sources_1\imports\Downloads\Lab02_cadet_code\lab2_code_for_cadets_2026\lab2.vhd:]
WARNING: [filemgmt 56-199] Attempt to get parsing info during refresh. "On-the-fly" syntax checking information may be incorrect. [C:\Users\C27Brandon.Sweitzer\workspace\ece383_wksp\lab2\lab2\lab2.srcs\sources_1\imports\Downloads\Lab02_cadet_code\lab2_code_for_cadets_2026\lab2_datapath.vhdl:]
WARNING: [filemgmt 56-199] Attempt to get parsing info during refresh. "On-the-fly" syntax checking information may be incorrect. [C:\Users\C27Brandon.Sweitzer\workspace\ece383_wksp\lab2\lab2\lab2.srcs\sources_1\imports\Downloads\Lab02_cadet_code\lab2_code_for_cadets_2026\lab2_fsm.vhdl:]
WARNING: [filemgmt 56-199] Attempt to get parsing info during refresh. "On-the-fly" syntax checking information may be incorrect. [C:\Users\C27Brandon.Sweitzer\workspace\ece383_wksp\lab2\lab2\lab2.srcs\sources_1\imports\Lab1_Cadet_Code_2026\numeric_stepper.vhd:]
WARNING: [filemgmt 56-199] Attempt to get parsing info during refresh. "On-the-fly" syntax checking information may be incorrect. [C:\Users\C27Brandon.Sweitzer\workspace\ece383_wksp\lab2\lab2\lab2.srcs\sources_1\imports\Downloads\Lab02_cadet_code\lab2_code_for_cadets_2026\trigger_detector.vhd:]
WARNING: [filemgmt 56-199] Attempt to get parsing info during refresh. "On-the-fly" syntax checking information may be incorrect. [C:\Users\C27Brandon.Sweitzer\workspace\ece383_wksp\lab2\lab2\lab2.srcs\sources_1\imports\imports\Lab1_Cadet_Code_2026\video.vhdl:]
WARNING: [filemgmt 56-199] Attempt to get parsing info during refresh. "On-the-fly" syntax checking information may be incorrect. [C:\Users\C27Brandon.Sweitzer\workspace\ece383_wksp\lab2\lab2\lab2.srcs\sources_1\imports\Lab1_Cadet_Code_2026\vga.vhd:]
WARNING: [filemgmt 56-199] Attempt to get parsing info during refresh. "On-the-fly" syntax checking information may be incorrect. [C:\Users\C27Brandon.Sweitzer\workspace\ece383_wksp\lab2\lab2\lab2.srcs\sources_1\imports\lab2_code_for_cadets_2026\ece383_pkg.vhd:]
WARNING: [filemgmt 56-199] Attempt to get parsing info during refresh. "On-the-fly" syntax checking information may be incorrect. [C:\Users\C27Brandon.Sweitzer\workspace\ece383_wksp\lab2\lab2\lab2.srcs\sources_1\new\color_mapper.vhd:]
WARNING: [filemgmt 56-199] Attempt to get parsing info during refresh. "On-the-fly" syntax checking information may be incorrect. [C:\Users\C27Brandon.Sweitzer\workspace\ece383_wksp\lab2\lab2\lab2.srcs\sources_1\imports\Lab1_Cadet_Code_2026\vga.vhd:]
WARNING: [filemgmt 56-199] Attempt to get parsing info during refresh. "On-the-fly" syntax checking information may be incorrect. [C:\Users\C27Brandon.Sweitzer\workspace\ece383_wksp\lab2\lab2\lab2.srcs\sources_1\imports\Lab1_Cadet_Code_2026\vga.vhd:]
WARNING: [filemgmt 56-199] Attempt to get parsing info during refresh. "On-the-fly" syntax checking information may be incorrect. [C:\Users\C27Brandon.Sweitzer\workspace\ece383_wksp\lab2\lab2\lab2.srcs\sources_1\imports\Downloads\Lab02_cadet_code\lab2_code_for_cadets_2026\lab2.vhd:]
WARNING: [filemgmt 56-199] Attempt to get parsing info during refresh. "On-the-fly" syntax checking information may be incorrect. [C:\Users\C27Brandon.Sweitzer\workspace\ece383_wksp\lab2\lab2\lab2.srcs\sources_1\imports\Downloads\Lab02_cadet_code\lab2_code_for_cadets_2026\lab2_datapath.vhdl:]
WARNING: [filemgmt 56-199] Attempt to get parsing info during refresh. "On-the-fly" syntax checking information may be incorrect. [C:\Users\C27Brandon.Sweitzer\workspace\ece383_wksp\lab2\lab2\lab2.srcs\sources_1\imports\Downloads\Lab02_cadet_code\lab2_code_for_cadets_2026\lab2_fsm.vhdl:]
WARNING: [filemgmt 56-199] Attempt to get parsing info during refresh. "On-the-fly" syntax checking information may be incorrect. [C:\Users\C27Brandon.Sweitzer\workspace\ece383_wksp\lab2\lab2\lab2.srcs\sources_1\imports\Lab1_Cadet_Code_2026\numeric_stepper.vhd:]
WARNING: [filemgmt 56-199] Attempt to get parsing info during refresh. "On-the-fly" syntax checking information may be incorrect. [C:\Users\C27Brandon.Sweitzer\workspace\ece383_wksp\lab2\lab2\lab2.srcs\sources_1\imports\Downloads\Lab02_cadet_code\lab2_code_for_cadets_2026\trigger_detector.vhd:]
WARNING: [filemgmt 56-199] Attempt to get parsing info during refresh. "On-the-fly" syntax checking information may be incorrect. [C:\Users\C27Brandon.Sweitzer\workspace\ece383_wksp\lab2\lab2\lab2.srcs\sources_1\imports\imports\Lab1_Cadet_Code_2026\video.vhdl:]
WARNING: [filemgmt 56-199] Attempt to get parsing info during refresh. "On-the-fly" syntax checking information may be incorrect. [C:\Users\C27Brandon.Sweitzer\workspace\ece383_wksp\lab2\lab2\lab2.srcs\sources_1\imports\Lab1_Cadet_Code_2026\vga.vhd:]
WARNING: [filemgmt 56-199] Attempt to get parsing info during refresh. "On-the-fly" syntax checking information may be incorrect. [C:\Users\C27Brandon.Sweitzer\workspace\ece383_wksp\lab2\lab2\lab2.srcs\sources_1\imports\lab2_code_for_cadets_2026\ece383_pkg.vhd:]
WARNING: [filemgmt 56-199] Attempt to get parsing info during refresh. "On-the-fly" syntax checking information may be incorrect. [C:\Users\C27Brandon.Sweitzer\workspace\ece383_wksp\lab2\lab2\lab2.srcs\sources_1\new\color_mapper.vhd:]
WARNING: [filemgmt 56-199] Attempt to get parsing info during refresh. "On-the-fly" syntax checking information may be incorrect. [C:\Users\C27Brandon.Sweitzer\workspace\ece383_wksp\lab2\lab2\lab2.srcs\sources_1\imports\imports\Lab1_Cadet_Code_2026\video.vhdl:]
WARNING: [filemgmt 56-199] Attempt to get parsing info during refresh. "On-the-fly" syntax checking information may be incorrect. [C:\Users\C27Brandon.Sweitzer\workspace\ece383_wksp\lab2\lab2\lab2.srcs\sources_1\imports\imports\Lab1_Cadet_Code_2026\video.vhdl:]
WARNING: [filemgmt 56-199] Attempt to get parsing info during refresh. "On-the-fly" syntax checking information may be incorrect. [C:\Users\C27Brandon.Sweitzer\workspace\ece383_wksp\lab2\lab2\lab2.srcs\sources_1\imports\Downloads\Lab02_cadet_code\lab2_code_for_cadets_2026\lab2.vhd:]
WARNING: [filemgmt 56-199] Attempt to get parsing info during refresh. "On-the-fly" syntax checking information may be incorrect. [C:\Users\C27Brandon.Sweitzer\workspace\ece383_wksp\lab2\lab2\lab2.srcs\sources_1\imports\Downloads\Lab02_cadet_code\lab2_code_for_cadets_2026\lab2_datapath.vhdl:]
WARNING: [filemgmt 56-199] Attempt to get parsing info during refresh. "On-the-fly" syntax checking information may be incorrect. [C:\Users\C27Brandon.Sweitzer\workspace\ece383_wksp\lab2\lab2\lab2.srcs\sources_1\imports\Downloads\Lab02_cadet_code\lab2_code_for_cadets_2026\lab2_fsm.vhdl:]
WARNING: [filemgmt 56-199] Attempt to get parsing info during refresh. "On-the-fly" syntax checking information may be incorrect. [C:\Users\C27Brandon.Sweitzer\workspace\ece383_wksp\lab2\lab2\lab2.srcs\sources_1\imports\Lab1_Cadet_Code_2026\numeric_stepper.vhd:]
WARNING: [filemgmt 56-199] Attempt to get parsing info during refresh. "On-the-fly" syntax checking information may be incorrect. [C:\Users\C27Brandon.Sweitzer\workspace\ece383_wksp\lab2\lab2\lab2.srcs\sources_1\imports\Downloads\Lab02_cadet_code\lab2_code_for_cadets_2026\trigger_detector.vhd:]
WARNING: [filemgmt 56-199] Attempt to get parsing info during refresh. "On-the-fly" syntax checking information may be incorrect. [C:\Users\C27Brandon.Sweitzer\workspace\ece383_wksp\lab2\lab2\lab2.srcs\sources_1\imports\imports\Lab1_Cadet_Code_2026\video.vhdl:]
WARNING: [filemgmt 56-199] Attempt to get parsing info during refresh. "On-the-fly" syntax checking information may be incorrect. [C:\Users\C27Brandon.Sweitzer\workspace\ece383_wksp\lab2\lab2\lab2.srcs\sources_1\imports\Lab1_Cadet_Code_2026\vga.vhd:]
WARNING: [filemgmt 56-199] Attempt to get parsing info during refresh. "On-the-fly" syntax checking information may be incorrect. [C:\Users\C27Brandon.Sweitzer\workspace\ece383_wksp\lab2\lab2\lab2.srcs\sources_1\imports\lab2_code_for_cadets_2026\ece383_pkg.vhd:]
WARNING: [filemgmt 56-199] Attempt to get parsing info during refresh. "On-the-fly" syntax checking information may be incorrect. [C:\Users\C27Brandon.Sweitzer\workspace\ece383_wksp\lab2\lab2\lab2.srcs\sources_1\new\color_mapper.vhd:]
WARNING: [filemgmt 56-199] Attempt to get parsing info during refresh. "On-the-fly" syntax checking information may be incorrect. [C:\Users\C27Brandon.Sweitzer\workspace\ece383_wksp\lab2\lab2\lab2.srcs\sources_1\imports\Lab1_Cadet_Code_2026\numeric_stepper.vhd:]
WARNING: [filemgmt 56-199] Attempt to get parsing info during refresh. "On-the-fly" syntax checking information may be incorrect. [C:\Users\C27Brandon.Sweitzer\workspace\ece383_wksp\lab2\lab2\lab2.srcs\sources_1\imports\Lab1_Cadet_Code_2026\numeric_stepper.vhd:]
WARNING: [filemgmt 56-199] Attempt to get parsing info during refresh. "On-the-fly" syntax checking information may be incorrect. [C:\Users\C27Brandon.Sweitzer\workspace\ece383_wksp\lab2\lab2\lab2.srcs\sources_1\imports\Downloads\Lab02_cadet_code\lab2_code_for_cadets_2026\lab2.vhd:]
INFO: [Common 17-14] Message 'filemgmt 56-199' appears 100 times and further instances of the messages will be disabled. Use the Tcl command set_msg_config to change the current settings.
