#-----------------------------------------------------------
# Vivado v2024.2 (64-bit)
# SW Build 5239630 on Fri Nov 08 22:35:27 MST 2024
# IP Build 5239520 on Sun Nov 10 16:12:51 MST 2024
# SharedData Build 5239561 on Fri Nov 08 14:39:27 MST 2024
# Start of session at: Thu Feb 19 13:30:15 2026
# Process ID         : 20696
# Current directory  : C:/Users/C27Brandon.Sweitzer/workspace/ece383_wksp/lab2/lab2
# Command line       : vivado.exe -gui_launcher_event rodinguilauncherevent15520 C:\Users\C27Brandon.Sweitzer\workspace\ece383_wksp\lab2\lab2\lab2.xpr
# Log file           : C:/Users/C27Brandon.Sweitzer/workspace/ece383_wksp/lab2/lab2/vivado.log
# Journal file       : C:/Users/C27Brandon.Sweitzer/workspace/ece383_wksp/lab2/lab2\vivado.jou
# Running On         : C27-5CG31328K0
# Platform           : Windows Server 2016 or Windows 10
# Operating System   : 22631
# Processor Detail   : AMD Ryzen 7 PRO 6850U with Radeon Graphics     
# CPU Frequency      : 2695 MHz
# CPU Physical cores : 8
# CPU Logical cores  : 16
# Host memory        : 16442 MB
# Swap memory        : 47185 MB
# Total Virtual      : 63628 MB
# Available Virtual  : 54382 MB
#-----------------------------------------------------------
start_gui
open_project C:/Users/C27Brandon.Sweitzer/workspace/ece383_wksp/lab2/lab2/lab2.xpr
Scanning sources...
Finished scanning sources
INFO: [IP_Flow 19-234] Refreshing IP repositories
INFO: [IP_Flow 19-1704] No user IP repositories specified
INFO: [IP_Flow 19-2313] Loaded Vivado IP repository 'C:/Xilinx/Vivado/2024.2/data/ip'.
open_project: Time (s): cpu = 00:00:07 ; elapsed = 00:00:16 . Memory (MB): peak = 1138.535 ; gain = 85.480
update_compile_order -fileset sources_1
reset_run synth_1
INFO: [Project 1-1161] Replacing file C:/Users/C27Brandon.Sweitzer/workspace/ece383_wksp/lab2/lab2/lab2.srcs/utils_1/imports/synth_1/lab2.dcp with file C:/Users/C27Brandon.Sweitzer/workspace/ece383_wksp/lab2/lab2/lab2.runs/synth_1/lab2.dcp
launch_runs impl_1 -to_step write_bitstream -jobs 8
[Thu Feb 19 13:37:39 2026] Launched synth_1...
Run output will be captured here: C:/Users/C27Brandon.Sweitzer/workspace/ece383_wksp/lab2/lab2/lab2.runs/synth_1/runme.log
[Thu Feb 19 13:37:39 2026] Launched impl_1...
Run output will be captured here: C:/Users/C27Brandon.Sweitzer/workspace/ece383_wksp/lab2/lab2/lab2.runs/impl_1/runme.log
close [ open C:/Users/C27Brandon.Sweitzer/workspace/ece383_wksp/lab2/lab2/lab2.srcs/sources_1/new/color_mapper.vhd w ]
add_files C:/Users/C27Brandon.Sweitzer/workspace/ece383_wksp/lab2/lab2/lab2.srcs/sources_1/new/color_mapper.vhd
update_compile_order -fileset sources_1
open_project C:/Users/C27Brandon.Sweitzer/workspace/ece383_wksp/Lab1-demo/Lab1-demo.xpr
Scanning sources...
Finished scanning sources
WARNING: [filemgmt 56-199] Attempt to get parsing info during refresh. "On-the-fly" syntax checking information may be incorrect. [C:\Users\C27Brandon.Sweitzer\workspace\ece383_wksp\lab2\lab2\lab2.srcs\sources_1\imports\Downloads\Lab02_cadet_code\lab2_code_for_cadets_2026\lab2.vhd:]
WARNING: [filemgmt 56-199] Attempt to get parsing info during refresh. "On-the-fly" syntax checking information may be incorrect. [C:\Users\C27Brandon.Sweitzer\workspace\ece383_wksp\lab2\lab2\lab2.srcs\sources_1\new\color_mapper.vhd:]
WARNING: [filemgmt 56-199] Attempt to get parsing info during refresh. "On-the-fly" syntax checking information may be incorrect. [C:\Users\C27Brandon.Sweitzer\workspace\ece383_wksp\lab2\lab2\lab2.srcs\sources_1\new\color_mapper.vhd:]
WARNING: [filemgmt 56-199] Attempt to get parsing info during refresh. "On-the-fly" syntax checking information may be incorrect. [C:\Users\C27Brandon.Sweitzer\workspace\ece383_wksp\lab2\lab2\lab2.srcs\sources_1\new\color_mapper.vhd:]
INFO: [IP_Flow 19-234] Refreshing IP repositories
INFO: [IP_Flow 19-1704] No user IP repositories specified
INFO: [IP_Flow 19-2313] Loaded Vivado IP repository 'C:/Xilinx/Vivado/2024.2/data/ip'.
ERROR: [Common 17-180] Spawn failed: No error
open_project: Time (s): cpu = 00:00:03 ; elapsed = 00:00:05 . Memory (MB): peak = 1197.438 ; gain = 40.121
ERROR: [Common 17-39] 'open_project' failed due to earlier errors.
current_project lab2
current_project Lab1-demo
current_project lab2
WARNING: [filemgmt 56-199] Attempt to get parsing info during refresh. "On-the-fly" syntax checking information may be incorrect. [C:\Users\C27Brandon.Sweitzer\workspace\ece383_wksp\lab2\lab2\lab2.srcs\sources_1\imports\Downloads\Lab02_cadet_code\lab2_code_for_cadets_2026\lab2.vhd:]
WARNING: [filemgmt 56-199] Attempt to get parsing info during refresh. "On-the-fly" syntax checking information may be incorrect. [C:\Users\C27Brandon.Sweitzer\workspace\ece383_wksp\lab2\lab2\lab2.srcs\sources_1\new\color_mapper.vhd:]
WARNING: [filemgmt 56-199] Attempt to get parsing info during refresh. "On-the-fly" syntax checking information may be incorrect. [C:\Users\C27Brandon.Sweitzer\workspace\ece383_wksp\lab2\lab2\lab2.srcs\sources_1\new\color_mapper.vhd:]
WARNING: [filemgmt 56-199] Attempt to get parsing info during refresh. "On-the-fly" syntax checking information may be incorrect. [C:\Users\C27Brandon.Sweitzer\workspace\ece383_wksp\lab2\lab2\lab2.srcs\sources_1\new\color_mapper.vhd:]
ERROR: [Common 17-180] Spawn failed: No error
update_compile_order -fileset sources_1
WARNING: [filemgmt 56-199] Attempt to get parsing info during refresh. "On-the-fly" syntax checking information may be incorrect. [C:\Users\C27Brandon.Sweitzer\workspace\ece383_wksp\lab2\lab2\lab2.srcs\sources_1\imports\Downloads\Lab02_cadet_code\lab2_code_for_cadets_2026\lab2.vhd:]
WARNING: [filemgmt 56-199] Attempt to get parsing info during refresh. "On-the-fly" syntax checking information may be incorrect. [C:\Users\C27Brandon.Sweitzer\workspace\ece383_wksp\lab2\lab2\lab2.srcs\sources_1\imports\Lab1_Cadet_Code_2026\vga.vhd:]
WARNING: [filemgmt 56-199] Attempt to get parsing info during refresh. "On-the-fly" syntax checking information may be incorrect. [C:\Users\C27Brandon.Sweitzer\workspace\ece383_wksp\lab2\lab2\lab2.srcs\sources_1\new\color_mapper.vhd:]
WARNING: [filemgmt 56-199] Attempt to get parsing info during refresh. "On-the-fly" syntax checking information may be incorrect. [C:\Users\C27Brandon.Sweitzer\workspace\ece383_wksp\lab2\lab2\lab2.srcs\sources_1\new\color_mapper.vhd:]
WARNING: [filemgmt 56-199] Attempt to get parsing info during refresh. "On-the-fly" syntax checking information may be incorrect. [C:\Users\C27Brandon.Sweitzer\workspace\ece383_wksp\lab2\lab2\lab2.srcs\sources_1\new\color_mapper.vhd:]
WARNING: [filemgmt 56-199] Attempt to get parsing info during refresh. "On-the-fly" syntax checking information may be incorrect. [C:\Users\C27Brandon.Sweitzer\workspace\ece383_wksp\lab2\lab2\lab2.srcs\sources_1\imports\Downloads\Lab02_cadet_code\lab2_code_for_cadets_2026\lab2.vhd:]
WARNING: [filemgmt 56-199] Attempt to get parsing info during refresh. "On-the-fly" syntax checking information may be incorrect. [C:\Users\C27Brandon.Sweitzer\workspace\ece383_wksp\lab2\lab2\lab2.srcs\sources_1\imports\Lab1_Cadet_Code_2026\vga.vhd:]
WARNING: [filemgmt 56-199] Attempt to get parsing info during refresh. "On-the-fly" syntax checking information may be incorrect. [C:\Users\C27Brandon.Sweitzer\workspace\ece383_wksp\lab2\lab2\lab2.srcs\sources_1\new\color_mapper.vhd:]
WARNING: [filemgmt 56-199] Attempt to get parsing info during refresh. "On-the-fly" syntax checking information may be incorrect. [C:\Users\C27Brandon.Sweitzer\workspace\ece383_wksp\lab2\lab2\lab2.srcs\sources_1\imports\Lab1_Cadet_Code_2026\vga.vhd:]
WARNING: [filemgmt 56-199] Attempt to get parsing info during refresh. "On-the-fly" syntax checking information may be incorrect. [C:\Users\C27Brandon.Sweitzer\workspace\ece383_wksp\lab2\lab2\lab2.srcs\sources_1\imports\Lab1_Cadet_Code_2026\vga.vhd:]
reset_run synth_1
launch_runs impl_1 -to_step write_bitstream -jobs 8
[Thu Feb 19 13:47:58 2026] Launched synth_1...
Run output will be captured here: C:/Users/C27Brandon.Sweitzer/workspace/ece383_wksp/lab2/lab2/lab2.runs/synth_1/runme.log
[Thu Feb 19 13:47:58 2026] Launched impl_1...
Run output will be captured here: C:/Users/C27Brandon.Sweitzer/workspace/ece383_wksp/lab2/lab2/lab2.runs/impl_1/runme.log
open_hw_manager
connect_hw_server -allow_non_jtag
INFO: [Labtools 27-2285] Connecting to hw_server url TCP:localhost:3121
INFO: [Labtools 27-2222] Launching hw_server...
INFO: [Labtools 27-2221] Launch Output:

****** Xilinx hw_server v2024.2
  **** Build date : Oct 29 2024 at 10:25:41
    ** Copyright 1986-2022 Xilinx, Inc. All Rights Reserved.


INFO: [Labtools 27-3415] Connecting to cs_server url TCP:localhost:0
INFO: [Labtools 27-3417] Launching cs_server...
INFO: [Labtools 27-2221] Launch Output:


******** Xilinx cs_server v2024.2.0
  ****** Build date   : Oct 30 2024-12:19:07
    **** Build number : 2024.2.1730312347
      ** Copyright 2017-2022 Xilinx, Inc. All Rights Reserved.
      ** Copyright 2022-2026 Advanced Micro Devices, Inc. All Rights Reserved.



connect_hw_server: Time (s): cpu = 00:00:00 ; elapsed = 00:00:14 . Memory (MB): peak = 1208.062 ; gain = 6.879
disconnect_hw_server localhost:3121
connect_hw_server -allow_non_jtag
INFO: [Labtools 27-2285] Connecting to hw_server url TCP:localhost:3121
INFO: [Labtools 27-3415] Connecting to cs_server url TCP:localhost:0
INFO: [Labtools 27-3417] Launching cs_server...
INFO: [Labtools 27-2221] Launch Output:


******** Xilinx cs_server v2024.2.0
  ****** Build date   : Oct 30 2024-12:19:07
    **** Build number : 2024.2.1730312347
      ** Copyright 2017-2022 Xilinx, Inc. All Rights Reserved.
      ** Copyright 2022-2026 Advanced Micro Devices, Inc. All Rights Reserved.



connect_hw_server: Time (s): cpu = 00:00:01 ; elapsed = 00:00:09 . Memory (MB): peak = 1208.062 ; gain = 0.000
disconnect_hw_server localhost:3121
connect_hw_server -allow_non_jtag
INFO: [Labtools 27-2285] Connecting to hw_server url TCP:localhost:3121
INFO: [Labtools 27-3415] Connecting to cs_server url TCP:localhost:0
INFO: [Labtools 27-3417] Launching cs_server...
INFO: [Labtools 27-2221] Launch Output:


******** Xilinx cs_server v2024.2.0
  ****** Build date   : Oct 30 2024-12:19:07
    **** Build number : 2024.2.1730312347
      ** Copyright 2017-2022 Xilinx, Inc. All Rights Reserved.
      ** Copyright 2022-2026 Advanced Micro Devices, Inc. All Rights Reserved.



connect_hw_server: Time (s): cpu = 00:00:00 ; elapsed = 00:00:11 . Memory (MB): peak = 1208.062 ; gain = 0.000
disconnect_hw_server localhost:3121
connect_hw_server -allow_non_jtag
INFO: [Labtools 27-2285] Connecting to hw_server url TCP:localhost:3121
INFO: [Labtools 27-3415] Connecting to cs_server url TCP:localhost:0
INFO: [Labtools 27-3417] Launching cs_server...
INFO: [Labtools 27-2221] Launch Output:


******** Xilinx cs_server v2024.2.0
  ****** Build date   : Oct 30 2024-12:19:07
    **** Build number : 2024.2.1730312347
      ** Copyright 2017-2022 Xilinx, Inc. All Rights Reserved.
      ** Copyright 2022-2026 Advanced Micro Devices, Inc. All Rights Reserved.



connect_hw_server: Time (s): cpu = 00:00:00 ; elapsed = 00:00:09 . Memory (MB): peak = 1208.062 ; gain = 0.000
disconnect_hw_server localhost:3121
connect_hw_server -allow_non_jtag
INFO: [Labtools 27-2285] Connecting to hw_server url TCP:localhost:3121
INFO: [Labtools 27-3415] Connecting to cs_server url TCP:localhost:0
INFO: [Labtools 27-3417] Launching cs_server...
INFO: [Labtools 27-2221] Launch Output:


******** Xilinx cs_server v2024.2.0
  ****** Build date   : Oct 30 2024-12:19:07
    **** Build number : 2024.2.1730312347
      ** Copyright 2017-2022 Xilinx, Inc. All Rights Reserved.
      ** Copyright 2022-2026 Advanced Micro Devices, Inc. All Rights Reserved.



connect_hw_server: Time (s): cpu = 00:00:01 ; elapsed = 00:00:10 . Memory (MB): peak = 1208.062 ; gain = 0.000
disconnect_hw_server localhost:3121
connect_hw_server -allow_non_jtag
INFO: [Labtools 27-2285] Connecting to hw_server url TCP:localhost:3121
INFO: [Labtools 27-3415] Connecting to cs_server url TCP:localhost:0
INFO: [Labtools 27-3417] Launching cs_server...
INFO: [Labtools 27-2221] Launch Output:


******** Xilinx cs_server v2024.2.0
  ****** Build date   : Oct 30 2024-12:19:07
    **** Build number : 2024.2.1730312347
      ** Copyright 2017-2022 Xilinx, Inc. All Rights Reserved.
      ** Copyright 2022-2026 Advanced Micro Devices, Inc. All Rights Reserved.



connect_hw_server: Time (s): cpu = 00:00:01 ; elapsed = 00:00:09 . Memory (MB): peak = 1208.062 ; gain = 0.000
disconnect_hw_server localhost:3121
connect_hw_server -allow_non_jtag
INFO: [Labtools 27-2285] Connecting to hw_server url TCP:localhost:3121
INFO: [Labtools 27-3415] Connecting to cs_server url TCP:localhost:0
INFO: [Labtools 27-3417] Launching cs_server...
INFO: [Labtools 27-2221] Launch Output:


******** Xilinx cs_server v2024.2.0
  ****** Build date   : Oct 30 2024-12:19:07
    **** Build number : 2024.2.1730312347
      ** Copyright 2017-2022 Xilinx, Inc. All Rights Reserved.
      ** Copyright 2022-2026 Advanced Micro Devices, Inc. All Rights Reserved.



connect_hw_server: Time (s): cpu = 00:00:00 ; elapsed = 00:00:10 . Memory (MB): peak = 1208.062 ; gain = 0.000
disconnect_hw_server localhost:3121
connect_hw_server -allow_non_jtag
INFO: [Labtools 27-2285] Connecting to hw_server url TCP:localhost:3121
INFO: [Labtools 27-3415] Connecting to cs_server url TCP:localhost:0
INFO: [Labtools 27-3417] Launching cs_server...
INFO: [Labtools 27-2221] Launch Output:


******** Xilinx cs_server v2024.2.0
  ****** Build date   : Oct 30 2024-12:19:07
    **** Build number : 2024.2.1730312347
      ** Copyright 2017-2022 Xilinx, Inc. All Rights Reserved.
      ** Copyright 2022-2026 Advanced Micro Devices, Inc. All Rights Reserved.



connect_hw_server: Time (s): cpu = 00:00:00 ; elapsed = 00:00:10 . Memory (MB): peak = 1208.062 ; gain = 0.000
disconnect_hw_server localhost:3121
connect_hw_server -allow_non_jtag
INFO: [Labtools 27-2285] Connecting to hw_server url TCP:localhost:3121
INFO: [Labtools 27-3415] Connecting to cs_server url TCP:localhost:0
INFO: [Labtools 27-3417] Launching cs_server...
INFO: [Labtools 27-2221] Launch Output:


******** Xilinx cs_server v2024.2.0
  ****** Build date   : Oct 30 2024-12:19:07
    **** Build number : 2024.2.1730312347
      ** Copyright 2017-2022 Xilinx, Inc. All Rights Reserved.
      ** Copyright 2022-2026 Advanced Micro Devices, Inc. All Rights Reserved.



connect_hw_server: Time (s): cpu = 00:00:00 ; elapsed = 00:00:09 . Memory (MB): peak = 1208.062 ; gain = 0.000
disconnect_hw_server localhost:3121
connect_hw_server -allow_non_jtag
INFO: [Labtools 27-2285] Connecting to hw_server url TCP:localhost:3121
INFO: [Labtools 27-3415] Connecting to cs_server url TCP:localhost:0
INFO: [Labtools 27-3417] Launching cs_server...
INFO: [Labtools 27-2221] Launch Output:


******** Xilinx cs_server v2024.2.0
  ****** Build date   : Oct 30 2024-12:19:07
    **** Build number : 2024.2.1730312347
      ** Copyright 2017-2022 Xilinx, Inc. All Rights Reserved.
      ** Copyright 2022-2026 Advanced Micro Devices, Inc. All Rights Reserved.



connect_hw_server: Time (s): cpu = 00:00:01 ; elapsed = 00:00:10 . Memory (MB): peak = 1209.340 ; gain = 0.000
WARNING: [filemgmt 56-199] Attempt to get parsing info during refresh. "On-the-fly" syntax checking information may be incorrect. [C:\Users\C27Brandon.Sweitzer\workspace\ece383_wksp\lab2\lab2\lab2.srcs\sources_1\imports\Downloads\Lab02_cadet_code\lab2_code_for_cadets_2026\lab2.vhd:]
WARNING: [filemgmt 56-199] Attempt to get parsing info during refresh. "On-the-fly" syntax checking information may be incorrect. [C:\Users\C27Brandon.Sweitzer\workspace\ece383_wksp\lab2\lab2\lab2.srcs\sources_1\imports\Downloads\Lab02_cadet_code\lab2_code_for_cadets_2026\lab2_datapath.vhdl:]
WARNING: [filemgmt 56-199] Attempt to get parsing info during refresh. "On-the-fly" syntax checking information may be incorrect. [C:\Users\C27Brandon.Sweitzer\workspace\ece383_wksp\lab2\lab2\lab2.srcs\sources_1\imports\Downloads\Lab02_cadet_code\lab2_code_for_cadets_2026\audio_init.v:]
WARNING: [filemgmt 56-199] Attempt to get parsing info during refresh. "On-the-fly" syntax checking information may be incorrect. [C:\Users\C27Brandon.Sweitzer\workspace\ece383_wksp\lab2\lab2\lab2.srcs\sources_1\imports\Downloads\Lab02_cadet_code\lab2_code_for_cadets_2026\lab2_fsm.vhdl:]
WARNING: [filemgmt 56-199] Attempt to get parsing info during refresh. "On-the-fly" syntax checking information may be incorrect. [C:\Users\C27Brandon.Sweitzer\workspace\ece383_wksp\lab2\lab2\lab2.srcs\sources_1\imports\Downloads\Lab02_cadet_code\lab2_code_for_cadets_2026\i2s_ctl.vhd:]
WARNING: [filemgmt 56-199] Attempt to get parsing info during refresh. "On-the-fly" syntax checking information may be incorrect. [C:\Users\C27Brandon.Sweitzer\workspace\ece383_wksp\lab2\lab2\lab2.srcs\sources_1\imports\Lab1_Cadet_Code_2026\vga.vhd:]
WARNING: [filemgmt 56-199] Attempt to get parsing info during refresh. "On-the-fly" syntax checking information may be incorrect. [C:\Users\C27Brandon.Sweitzer\workspace\ece383_wksp\lab2\lab2\lab2.srcs\sources_1\new\color_mapper.vhd:]
WARNING: [filemgmt 56-199] Attempt to get parsing info during refresh. "On-the-fly" syntax checking information may be incorrect. [C:\Users\C27Brandon.Sweitzer\workspace\ece383_wksp\lab2\lab2\lab2.srcs\sources_1\imports\Downloads\Lab02_cadet_code\lab2_code_for_cadets_2026\Audio_Codec_Wrapper.vhd:]
WARNING: [filemgmt 56-199] Attempt to get parsing info during refresh. "On-the-fly" syntax checking information may be incorrect. [C:\Users\C27Brandon.Sweitzer\workspace\ece383_wksp\lab2\lab2\lab2.srcs\sources_1\new\color_mapper.vhd:]
WARNING: [filemgmt 56-199] Attempt to get parsing info during refresh. "On-the-fly" syntax checking information may be incorrect. [C:\Users\C27Brandon.Sweitzer\workspace\ece383_wksp\lab2\lab2\lab2.srcs\sources_1\new\color_mapper.vhd:]
WARNING: [filemgmt 56-199] Attempt to get parsing info during refresh. "On-the-fly" syntax checking information may be incorrect. [C:\Users\C27Brandon.Sweitzer\workspace\ece383_wksp\lab2\lab2\lab2.srcs\sources_1\imports\Downloads\Lab02_cadet_code\lab2_code_for_cadets_2026\lab2.vhd:]
WARNING: [filemgmt 56-199] Attempt to get parsing info during refresh. "On-the-fly" syntax checking information may be incorrect. [C:\Users\C27Brandon.Sweitzer\workspace\ece383_wksp\lab2\lab2\lab2.srcs\sources_1\imports\Downloads\Lab02_cadet_code\lab2_code_for_cadets_2026\lab2_datapath.vhdl:]
WARNING: [filemgmt 56-199] Attempt to get parsing info during refresh. "On-the-fly" syntax checking information may be incorrect. [C:\Users\C27Brandon.Sweitzer\workspace\ece383_wksp\lab2\lab2\lab2.srcs\sources_1\imports\Downloads\Lab02_cadet_code\lab2_code_for_cadets_2026\audio_init.v:]
WARNING: [filemgmt 56-199] Attempt to get parsing info during refresh. "On-the-fly" syntax checking information may be incorrect. [C:\Users\C27Brandon.Sweitzer\workspace\ece383_wksp\lab2\lab2\lab2.srcs\sources_1\imports\Downloads\Lab02_cadet_code\lab2_code_for_cadets_2026\lab2_fsm.vhdl:]
WARNING: [filemgmt 56-199] Attempt to get parsing info during refresh. "On-the-fly" syntax checking information may be incorrect. [C:\Users\C27Brandon.Sweitzer\workspace\ece383_wksp\lab2\lab2\lab2.srcs\sources_1\imports\Downloads\Lab02_cadet_code\lab2_code_for_cadets_2026\i2s_ctl.vhd:]
WARNING: [filemgmt 56-199] Attempt to get parsing info during refresh. "On-the-fly" syntax checking information may be incorrect. [C:\Users\C27Brandon.Sweitzer\workspace\ece383_wksp\lab2\lab2\lab2.srcs\sources_1\imports\Lab1_Cadet_Code_2026\vga.vhd:]
WARNING: [filemgmt 56-199] Attempt to get parsing info during refresh. "On-the-fly" syntax checking information may be incorrect. [C:\Users\C27Brandon.Sweitzer\workspace\ece383_wksp\lab2\lab2\lab2.srcs\sources_1\new\color_mapper.vhd:]
WARNING: [filemgmt 56-199] Attempt to get parsing info during refresh. "On-the-fly" syntax checking information may be incorrect. [C:\Users\C27Brandon.Sweitzer\workspace\ece383_wksp\lab2\lab2\lab2.srcs\sources_1\imports\Downloads\Lab02_cadet_code\lab2_code_for_cadets_2026\Audio_Codec_Wrapper.vhd:]
WARNING: [filemgmt 56-199] Attempt to get parsing info during refresh. "On-the-fly" syntax checking information may be incorrect. [C:\Users\C27Brandon.Sweitzer\workspace\ece383_wksp\lab2\lab2\lab2.srcs\sources_1\imports\Downloads\Lab02_cadet_code\lab2_code_for_cadets_2026\Audio_Codec_Wrapper.vhd:]
WARNING: [filemgmt 56-199] Attempt to get parsing info during refresh. "On-the-fly" syntax checking information may be incorrect. [C:\Users\C27Brandon.Sweitzer\workspace\ece383_wksp\lab2\lab2\lab2.srcs\sources_1\imports\Downloads\Lab02_cadet_code\lab2_code_for_cadets_2026\Audio_Codec_Wrapper.vhd:]
WARNING: [filemgmt 56-199] Attempt to get parsing info during refresh. "On-the-fly" syntax checking information may be incorrect. [C:\Users\C27Brandon.Sweitzer\workspace\ece383_wksp\lab2\lab2\lab2.srcs\sources_1\imports\Downloads\Lab02_cadet_code\lab2_code_for_cadets_2026\lab2.vhd:]
WARNING: [filemgmt 56-199] Attempt to get parsing info during refresh. "On-the-fly" syntax checking information may be incorrect. [C:\Users\C27Brandon.Sweitzer\workspace\ece383_wksp\lab2\lab2\lab2.srcs\sources_1\imports\Downloads\Lab02_cadet_code\lab2_code_for_cadets_2026\lab2_datapath.vhdl:]
WARNING: [filemgmt 56-199] Attempt to get parsing info during refresh. "On-the-fly" syntax checking information may be incorrect. [C:\Users\C27Brandon.Sweitzer\workspace\ece383_wksp\lab2\lab2\lab2.srcs\sources_1\imports\Downloads\Lab02_cadet_code\lab2_code_for_cadets_2026\audio_init.v:]
WARNING: [filemgmt 56-199] Attempt to get parsing info during refresh. "On-the-fly" syntax checking information may be incorrect. [C:\Users\C27Brandon.Sweitzer\workspace\ece383_wksp\lab2\lab2\lab2.srcs\sources_1\imports\Downloads\Lab02_cadet_code\lab2_code_for_cadets_2026\lab2_fsm.vhdl:]
WARNING: [filemgmt 56-199] Attempt to get parsing info during refresh. "On-the-fly" syntax checking information may be incorrect. [C:\Users\C27Brandon.Sweitzer\workspace\ece383_wksp\lab2\lab2\lab2.srcs\sources_1\imports\Downloads\Lab02_cadet_code\lab2_code_for_cadets_2026\i2s_ctl.vhd:]
WARNING: [filemgmt 56-199] Attempt to get parsing info during refresh. "On-the-fly" syntax checking information may be incorrect. [C:\Users\C27Brandon.Sweitzer\workspace\ece383_wksp\lab2\lab2\lab2.srcs\sources_1\imports\Lab1_Cadet_Code_2026\vga.vhd:]
WARNING: [filemgmt 56-199] Attempt to get parsing info during refresh. "On-the-fly" syntax checking information may be incorrect. [C:\Users\C27Brandon.Sweitzer\workspace\ece383_wksp\lab2\lab2\lab2.srcs\sources_1\new\color_mapper.vhd:]
WARNING: [filemgmt 56-199] Attempt to get parsing info during refresh. "On-the-fly" syntax checking information may be incorrect. [C:\Users\C27Brandon.Sweitzer\workspace\ece383_wksp\lab2\lab2\lab2.srcs\sources_1\imports\Downloads\Lab02_cadet_code\lab2_code_for_cadets_2026\Audio_Codec_Wrapper.vhd:]
WARNING: [filemgmt 56-199] Attempt to get parsing info during refresh. "On-the-fly" syntax checking information may be incorrect. [C:\Users\C27Brandon.Sweitzer\workspace\ece383_wksp\lab2\lab2\lab2.srcs\sources_1\imports\Downloads\Lab02_cadet_code\lab2_code_for_cadets_2026\lab2_fsm.vhdl:]
WARNING: [filemgmt 56-199] Attempt to get parsing info during refresh. "On-the-fly" syntax checking information may be incorrect. [C:\Users\C27Brandon.Sweitzer\workspace\ece383_wksp\lab2\lab2\lab2.srcs\sources_1\imports\Downloads\Lab02_cadet_code\lab2_code_for_cadets_2026\lab2_fsm.vhdl:]
WARNING: [filemgmt 56-199] Attempt to get parsing info during refresh. "On-the-fly" syntax checking information may be incorrect. [C:\Users\C27Brandon.Sweitzer\workspace\ece383_wksp\lab2\lab2\lab2.srcs\sources_1\imports\Downloads\Lab02_cadet_code\lab2_code_for_cadets_2026\lab2.vhd:]
WARNING: [filemgmt 56-199] Attempt to get parsing info during refresh. "On-the-fly" syntax checking information may be incorrect. [C:\Users\C27Brandon.Sweitzer\workspace\ece383_wksp\lab2\lab2\lab2.srcs\sources_1\imports\Downloads\Lab02_cadet_code\lab2_code_for_cadets_2026\lab2_datapath.vhdl:]
WARNING: [filemgmt 56-199] Attempt to get parsing info during refresh. "On-the-fly" syntax checking information may be incorrect. [C:\Users\C27Brandon.Sweitzer\workspace\ece383_wksp\lab2\lab2\lab2.srcs\sources_1\imports\Downloads\Lab02_cadet_code\lab2_code_for_cadets_2026\audio_init.v:]
WARNING: [filemgmt 56-199] Attempt to get parsing info during refresh. "On-the-fly" syntax checking information may be incorrect. [C:\Users\C27Brandon.Sweitzer\workspace\ece383_wksp\lab2\lab2\lab2.srcs\sources_1\imports\Downloads\Lab02_cadet_code\lab2_code_for_cadets_2026\lab2_fsm.vhdl:]
WARNING: [filemgmt 56-199] Attempt to get parsing info during refresh. "On-the-fly" syntax checking information may be incorrect. [C:\Users\C27Brandon.Sweitzer\workspace\ece383_wksp\lab2\lab2\lab2.srcs\sources_1\imports\Downloads\Lab02_cadet_code\lab2_code_for_cadets_2026\i2s_ctl.vhd:]
WARNING: [filemgmt 56-199] Attempt to get parsing info during refresh. "On-the-fly" syntax checking information may be incorrect. [C:\Users\C27Brandon.Sweitzer\workspace\ece383_wksp\lab2\lab2\lab2.srcs\sources_1\imports\Lab1_Cadet_Code_2026\vga.vhd:]
WARNING: [filemgmt 56-199] Attempt to get parsing info during refresh. "On-the-fly" syntax checking information may be incorrect. [C:\Users\C27Brandon.Sweitzer\workspace\ece383_wksp\lab2\lab2\lab2.srcs\sources_1\new\color_mapper.vhd:]
WARNING: [filemgmt 56-199] Attempt to get parsing info during refresh. "On-the-fly" syntax checking information may be incorrect. [C:\Users\C27Brandon.Sweitzer\workspace\ece383_wksp\lab2\lab2\lab2.srcs\sources_1\imports\Downloads\Lab02_cadet_code\lab2_code_for_cadets_2026\Audio_Codec_Wrapper.vhd:]
WARNING: [filemgmt 56-199] Attempt to get parsing info during refresh. "On-the-fly" syntax checking information may be incorrect. [C:\Users\C27Brandon.Sweitzer\workspace\ece383_wksp\lab2\lab2\lab2.srcs\sources_1\imports\Downloads\Lab02_cadet_code\lab2_code_for_cadets_2026\i2s_ctl.vhd:]
WARNING: [filemgmt 56-199] Attempt to get parsing info during refresh. "On-the-fly" syntax checking information may be incorrect. [C:\Users\C27Brandon.Sweitzer\workspace\ece383_wksp\lab2\lab2\lab2.srcs\sources_1\imports\Downloads\Lab02_cadet_code\lab2_code_for_cadets_2026\i2s_ctl.vhd:]
WARNING: [filemgmt 56-199] Attempt to get parsing info during refresh. "On-the-fly" syntax checking information may be incorrect. [C:\Users\C27Brandon.Sweitzer\workspace\ece383_wksp\lab2\lab2\lab2.srcs\sources_1\imports\Downloads\Lab02_cadet_code\lab2_code_for_cadets_2026\lab2.vhd:]
WARNING: [filemgmt 56-199] Attempt to get parsing info during refresh. "On-the-fly" syntax checking information may be incorrect. [C:\Users\C27Brandon.Sweitzer\workspace\ece383_wksp\lab2\lab2\lab2.srcs\sources_1\imports\Downloads\Lab02_cadet_code\lab2_code_for_cadets_2026\lab2_datapath.vhdl:]
WARNING: [filemgmt 56-199] Attempt to get parsing info during refresh. "On-the-fly" syntax checking information may be incorrect. [C:\Users\C27Brandon.Sweitzer\workspace\ece383_wksp\lab2\lab2\lab2.srcs\sources_1\imports\Downloads\Lab02_cadet_code\lab2_code_for_cadets_2026\audio_init.v:]
WARNING: [filemgmt 56-199] Attempt to get parsing info during refresh. "On-the-fly" syntax checking information may be incorrect. [C:\Users\C27Brandon.Sweitzer\workspace\ece383_wksp\lab2\lab2\lab2.srcs\sources_1\imports\Downloads\Lab02_cadet_code\lab2_code_for_cadets_2026\lab2_fsm.vhdl:]
WARNING: [filemgmt 56-199] Attempt to get parsing info during refresh. "On-the-fly" syntax checking information may be incorrect. [C:\Users\C27Brandon.Sweitzer\workspace\ece383_wksp\lab2\lab2\lab2.srcs\sources_1\imports\Downloads\Lab02_cadet_code\lab2_code_for_cadets_2026\i2s_ctl.vhd:]
WARNING: [filemgmt 56-199] Attempt to get parsing info during refresh. "On-the-fly" syntax checking information may be incorrect. [C:\Users\C27Brandon.Sweitzer\workspace\ece383_wksp\lab2\lab2\lab2.srcs\sources_1\imports\Lab1_Cadet_Code_2026\vga.vhd:]
WARNING: [filemgmt 56-199] Attempt to get parsing info during refresh. "On-the-fly" syntax checking information may be incorrect. [C:\Users\C27Brandon.Sweitzer\workspace\ece383_wksp\lab2\lab2\lab2.srcs\sources_1\new\color_mapper.vhd:]
WARNING: [filemgmt 56-199] Attempt to get parsing info during refresh. "On-the-fly" syntax checking information may be incorrect. [C:\Users\C27Brandon.Sweitzer\workspace\ece383_wksp\lab2\lab2\lab2.srcs\sources_1\imports\Downloads\Lab02_cadet_code\lab2_code_for_cadets_2026\Audio_Codec_Wrapper.vhd:]
WARNING: [filemgmt 56-199] Attempt to get parsing info during refresh. "On-the-fly" syntax checking information may be incorrect. [C:\Users\C27Brandon.Sweitzer\workspace\ece383_wksp\lab2\lab2\lab2.srcs\sources_1\imports\Lab1_Cadet_Code_2026\vga.vhd:]
WARNING: [filemgmt 56-199] Attempt to get parsing info during refresh. "On-the-fly" syntax checking information may be incorrect. [C:\Users\C27Brandon.Sweitzer\workspace\ece383_wksp\lab2\lab2\lab2.srcs\sources_1\imports\Lab1_Cadet_Code_2026\vga.vhd:]
WARNING: [filemgmt 56-199] Attempt to get parsing info during refresh. "On-the-fly" syntax checking information may be incorrect. [C:\Users\C27Brandon.Sweitzer\workspace\ece383_wksp\lab2\lab2\lab2.srcs\sources_1\imports\Downloads\Lab02_cadet_code\lab2_code_for_cadets_2026\lab2.vhd:]
WARNING: [filemgmt 56-199] Attempt to get parsing info during refresh. "On-the-fly" syntax checking information may be incorrect. [C:\Users\C27Brandon.Sweitzer\workspace\ece383_wksp\lab2\lab2\lab2.srcs\sources_1\imports\Downloads\Lab02_cadet_code\lab2_code_for_cadets_2026\lab2_datapath.vhdl:]
WARNING: [filemgmt 56-199] Attempt to get parsing info during refresh. "On-the-fly" syntax checking information may be incorrect. [C:\Users\C27Brandon.Sweitzer\workspace\ece383_wksp\lab2\lab2\lab2.srcs\sources_1\imports\Downloads\Lab02_cadet_code\lab2_code_for_cadets_2026\audio_init.v:]
WARNING: [filemgmt 56-199] Attempt to get parsing info during refresh. "On-the-fly" syntax checking information may be incorrect. [C:\Users\C27Brandon.Sweitzer\workspace\ece383_wksp\lab2\lab2\lab2.srcs\sources_1\imports\Downloads\Lab02_cadet_code\lab2_code_for_cadets_2026\lab2_fsm.vhdl:]
WARNING: [filemgmt 56-199] Attempt to get parsing info during refresh. "On-the-fly" syntax checking information may be incorrect. [C:\Users\C27Brandon.Sweitzer\workspace\ece383_wksp\lab2\lab2\lab2.srcs\sources_1\imports\Downloads\Lab02_cadet_code\lab2_code_for_cadets_2026\i2s_ctl.vhd:]
WARNING: [filemgmt 56-199] Attempt to get parsing info during refresh. "On-the-fly" syntax checking information may be incorrect. [C:\Users\C27Brandon.Sweitzer\workspace\ece383_wksp\lab2\lab2\lab2.srcs\sources_1\imports\Lab1_Cadet_Code_2026\vga.vhd:]
WARNING: [filemgmt 56-199] Attempt to get parsing info during refresh. "On-the-fly" syntax checking information may be incorrect. [C:\Users\C27Brandon.Sweitzer\workspace\ece383_wksp\lab2\lab2\lab2.srcs\sources_1\new\color_mapper.vhd:]
WARNING: [filemgmt 56-199] Attempt to get parsing info during refresh. "On-the-fly" syntax checking information may be incorrect. [C:\Users\C27Brandon.Sweitzer\workspace\ece383_wksp\lab2\lab2\lab2.srcs\sources_1\imports\Downloads\Lab02_cadet_code\lab2_code_for_cadets_2026\Audio_Codec_Wrapper.vhd:]
WARNING: [filemgmt 56-199] Attempt to get parsing info during refresh. "On-the-fly" syntax checking information may be incorrect. [C:\Users\C27Brandon.Sweitzer\workspace\ece383_wksp\lab2\lab2\lab2.srcs\sources_1\imports\Downloads\Lab02_cadet_code\lab2_code_for_cadets_2026\lab2_datapath.vhdl:]
WARNING: [filemgmt 56-199] Attempt to get parsing info during refresh. "On-the-fly" syntax checking information may be incorrect. [C:\Users\C27Brandon.Sweitzer\workspace\ece383_wksp\lab2\lab2\lab2.srcs\sources_1\imports\Downloads\Lab02_cadet_code\lab2_code_for_cadets_2026\lab2_datapath.vhdl:]
WARNING: [filemgmt 56-199] Attempt to get parsing info during refresh. "On-the-fly" syntax checking information may be incorrect. [C:\Users\C27Brandon.Sweitzer\workspace\ece383_wksp\lab2\lab2\lab2.srcs\sources_1\imports\Downloads\Lab02_cadet_code\lab2_code_for_cadets_2026\lab2.vhd:]
WARNING: [filemgmt 56-199] Attempt to get parsing info during refresh. "On-the-fly" syntax checking information may be incorrect. [C:\Users\C27Brandon.Sweitzer\workspace\ece383_wksp\lab2\lab2\lab2.srcs\sources_1\imports\Downloads\Lab02_cadet_code\lab2_code_for_cadets_2026\lab2_datapath.vhdl:]
WARNING: [filemgmt 56-199] Attempt to get parsing info during refresh. "On-the-fly" syntax checking information may be incorrect. [C:\Users\C27Brandon.Sweitzer\workspace\ece383_wksp\lab2\lab2\lab2.srcs\sources_1\imports\Downloads\Lab02_cadet_code\lab2_code_for_cadets_2026\audio_init.v:]
WARNING: [filemgmt 56-199] Attempt to get parsing info during refresh. "On-the-fly" syntax checking information may be incorrect. [C:\Users\C27Brandon.Sweitzer\workspace\ece383_wksp\lab2\lab2\lab2.srcs\sources_1\imports\Downloads\Lab02_cadet_code\lab2_code_for_cadets_2026\lab2_fsm.vhdl:]
WARNING: [filemgmt 56-199] Attempt to get parsing info during refresh. "On-the-fly" syntax checking information may be incorrect. [C:\Users\C27Brandon.Sweitzer\workspace\ece383_wksp\lab2\lab2\lab2.srcs\sources_1\imports\Downloads\Lab02_cadet_code\lab2_code_for_cadets_2026\i2s_ctl.vhd:]
WARNING: [filemgmt 56-199] Attempt to get parsing info during refresh. "On-the-fly" syntax checking information may be incorrect. [C:\Users\C27Brandon.Sweitzer\workspace\ece383_wksp\lab2\lab2\lab2.srcs\sources_1\imports\Lab1_Cadet_Code_2026\vga.vhd:]
WARNING: [filemgmt 56-199] Attempt to get parsing info during refresh. "On-the-fly" syntax checking information may be incorrect. [C:\Users\C27Brandon.Sweitzer\workspace\ece383_wksp\lab2\lab2\lab2.srcs\sources_1\new\color_mapper.vhd:]
WARNING: [filemgmt 56-199] Attempt to get parsing info during refresh. "On-the-fly" syntax checking information may be incorrect. [C:\Users\C27Brandon.Sweitzer\workspace\ece383_wksp\lab2\lab2\lab2.srcs\sources_1\imports\Downloads\Lab02_cadet_code\lab2_code_for_cadets_2026\Audio_Codec_Wrapper.vhd:]
WARNING: [filemgmt 56-199] Attempt to get parsing info during refresh. "On-the-fly" syntax checking information may be incorrect. [C:\Users\C27Brandon.Sweitzer\workspace\ece383_wksp\lab2\lab2\lab2.srcs\sources_1\imports\Downloads\Lab02_cadet_code\lab2_code_for_cadets_2026\audio_init.v:]
WARNING: [filemgmt 56-199] Attempt to get parsing info during refresh. "On-the-fly" syntax checking information may be incorrect. [C:\Users\C27Brandon.Sweitzer\workspace\ece383_wksp\lab2\lab2\lab2.srcs\sources_1\imports\Downloads\Lab02_cadet_code\lab2_code_for_cadets_2026\audio_init.v:]
WARNING: [filemgmt 56-199] Attempt to get parsing info during refresh. "On-the-fly" syntax checking information may be incorrect. [C:\Users\C27Brandon.Sweitzer\workspace\ece383_wksp\lab2\lab2\lab2.srcs\sources_1\imports\Downloads\Lab02_cadet_code\lab2_code_for_cadets_2026\lab2.vhd:]
WARNING: [filemgmt 56-199] Attempt to get parsing info during refresh. "On-the-fly" syntax checking information may be incorrect. [C:\Users\C27Brandon.Sweitzer\workspace\ece383_wksp\lab2\lab2\lab2.srcs\sources_1\imports\Downloads\Lab02_cadet_code\lab2_code_for_cadets_2026\lab2_datapath.vhdl:]
WARNING: [filemgmt 56-199] Attempt to get parsing info during refresh. "On-the-fly" syntax checking information may be incorrect. [C:\Users\C27Brandon.Sweitzer\workspace\ece383_wksp\lab2\lab2\lab2.srcs\sources_1\imports\Downloads\Lab02_cadet_code\lab2_code_for_cadets_2026\audio_init.v:]
WARNING: [filemgmt 56-199] Attempt to get parsing info during refresh. "On-the-fly" syntax checking information may be incorrect. [C:\Users\C27Brandon.Sweitzer\workspace\ece383_wksp\lab2\lab2\lab2.srcs\sources_1\imports\Downloads\Lab02_cadet_code\lab2_code_for_cadets_2026\lab2_fsm.vhdl:]
WARNING: [filemgmt 56-199] Attempt to get parsing info during refresh. "On-the-fly" syntax checking information may be incorrect. [C:\Users\C27Brandon.Sweitzer\workspace\ece383_wksp\lab2\lab2\lab2.srcs\sources_1\imports\Downloads\Lab02_cadet_code\lab2_code_for_cadets_2026\i2s_ctl.vhd:]
WARNING: [filemgmt 56-199] Attempt to get parsing info during refresh. "On-the-fly" syntax checking information may be incorrect. [C:\Users\C27Brandon.Sweitzer\workspace\ece383_wksp\lab2\lab2\lab2.srcs\sources_1\imports\Lab1_Cadet_Code_2026\vga.vhd:]
WARNING: [filemgmt 56-199] Attempt to get parsing info during refresh. "On-the-fly" syntax checking information may be incorrect. [C:\Users\C27Brandon.Sweitzer\workspace\ece383_wksp\lab2\lab2\lab2.srcs\sources_1\new\color_mapper.vhd:]
WARNING: [filemgmt 56-199] Attempt to get parsing info during refresh. "On-the-fly" syntax checking information may be incorrect. [C:\Users\C27Brandon.Sweitzer\workspace\ece383_wksp\lab2\lab2\lab2.srcs\sources_1\imports\Downloads\Lab02_cadet_code\lab2_code_for_cadets_2026\Audio_Codec_Wrapper.vhd:]
WARNING: [filemgmt 56-199] Attempt to get parsing info during refresh. "On-the-fly" syntax checking information may be incorrect. [C:\Users\C27Brandon.Sweitzer\workspace\ece383_wksp\lab2\lab2\lab2.srcs\sources_1\new\color_mapper.vhd:]
WARNING: [filemgmt 56-199] Attempt to get parsing info during refresh. "On-the-fly" syntax checking information may be incorrect. [C:\Users\C27Brandon.Sweitzer\workspace\ece383_wksp\lab2\lab2\lab2.srcs\sources_1\new\color_mapper.vhd:]
WARNING: [filemgmt 56-199] Attempt to get parsing info during refresh. "On-the-fly" syntax checking information may be incorrect. [C:\Users\C27Brandon.Sweitzer\workspace\ece383_wksp\lab2\lab2\lab2.srcs\sources_1\imports\Downloads\Lab02_cadet_code\lab2_code_for_cadets_2026\lab2.vhd:]
WARNING: [filemgmt 56-199] Attempt to get parsing info during refresh. "On-the-fly" syntax checking information may be incorrect. [C:\Users\C27Brandon.Sweitzer\workspace\ece383_wksp\lab2\lab2\lab2.srcs\sources_1\imports\Downloads\Lab02_cadet_code\lab2_code_for_cadets_2026\lab2_datapath.vhdl:]
WARNING: [filemgmt 56-199] Attempt to get parsing info during refresh. "On-the-fly" syntax checking information may be incorrect. [C:\Users\C27Brandon.Sweitzer\workspace\ece383_wksp\lab2\lab2\lab2.srcs\sources_1\imports\Downloads\Lab02_cadet_code\lab2_code_for_cadets_2026\audio_init.v:]
WARNING: [filemgmt 56-199] Attempt to get parsing info during refresh. "On-the-fly" syntax checking information may be incorrect. [C:\Users\C27Brandon.Sweitzer\workspace\ece383_wksp\lab2\lab2\lab2.srcs\sources_1\imports\Downloads\Lab02_cadet_code\lab2_code_for_cadets_2026\lab2_fsm.vhdl:]
WARNING: [filemgmt 56-199] Attempt to get parsing info during refresh. "On-the-fly" syntax checking information may be incorrect. [C:\Users\C27Brandon.Sweitzer\workspace\ece383_wksp\lab2\lab2\lab2.srcs\sources_1\imports\Downloads\Lab02_cadet_code\lab2_code_for_cadets_2026\i2s_ctl.vhd:]
WARNING: [filemgmt 56-199] Attempt to get parsing info during refresh. "On-the-fly" syntax checking information may be incorrect. [C:\Users\C27Brandon.Sweitzer\workspace\ece383_wksp\lab2\lab2\lab2.srcs\sources_1\imports\Lab1_Cadet_Code_2026\vga.vhd:]
WARNING: [filemgmt 56-199] Attempt to get parsing info during refresh. "On-the-fly" syntax checking information may be incorrect. [C:\Users\C27Brandon.Sweitzer\workspace\ece383_wksp\lab2\lab2\lab2.srcs\sources_1\new\color_mapper.vhd:]
WARNING: [filemgmt 56-199] Attempt to get parsing info during refresh. "On-the-fly" syntax checking information may be incorrect. [C:\Users\C27Brandon.Sweitzer\workspace\ece383_wksp\lab2\lab2\lab2.srcs\sources_1\imports\Downloads\Lab02_cadet_code\lab2_code_for_cadets_2026\Audio_Codec_Wrapper.vhd:]
WARNING: [filemgmt 56-199] Attempt to get parsing info during refresh. "On-the-fly" syntax checking information may be incorrect. [C:\Users\C27Brandon.Sweitzer\workspace\ece383_wksp\lab2\lab2\lab2.srcs\sources_1\imports\Downloads\Lab02_cadet_code\lab2_code_for_cadets_2026\Audio_Codec_Wrapper.vhd:]
WARNING: [filemgmt 56-199] Attempt to get parsing info during refresh. "On-the-fly" syntax checking information may be incorrect. [C:\Users\C27Brandon.Sweitzer\workspace\ece383_wksp\lab2\lab2\lab2.srcs\sources_1\imports\Downloads\Lab02_cadet_code\lab2_code_for_cadets_2026\Audio_Codec_Wrapper.vhd:]
WARNING: [filemgmt 56-199] Attempt to get parsing info during refresh. "On-the-fly" syntax checking information may be incorrect. [C:\Users\C27Brandon.Sweitzer\workspace\ece383_wksp\lab2\lab2\lab2.srcs\sources_1\imports\Downloads\Lab02_cadet_code\lab2_code_for_cadets_2026\lab2.vhd:]
WARNING: [filemgmt 56-199] Attempt to get parsing info during refresh. "On-the-fly" syntax checking information may be incorrect. [C:\Users\C27Brandon.Sweitzer\workspace\ece383_wksp\lab2\lab2\lab2.srcs\sources_1\imports\Downloads\Lab02_cadet_code\lab2_code_for_cadets_2026\lab2_datapath.vhdl:]
WARNING: [filemgmt 56-199] Attempt to get parsing info during refresh. "On-the-fly" syntax checking information may be incorrect. [C:\Users\C27Brandon.Sweitzer\workspace\ece383_wksp\lab2\lab2\lab2.srcs\sources_1\imports\Downloads\Lab02_cadet_code\lab2_code_for_cadets_2026\audio_init.v:]
WARNING: [filemgmt 56-199] Attempt to get parsing info during refresh. "On-the-fly" syntax checking information may be incorrect. [C:\Users\C27Brandon.Sweitzer\workspace\ece383_wksp\lab2\lab2\lab2.srcs\sources_1\imports\Downloads\Lab02_cadet_code\lab2_code_for_cadets_2026\lab2_fsm.vhdl:]
WARNING: [filemgmt 56-199] Attempt to get parsing info during refresh. "On-the-fly" syntax checking information may be incorrect. [C:\Users\C27Brandon.Sweitzer\workspace\ece383_wksp\lab2\lab2\lab2.srcs\sources_1\imports\Downloads\Lab02_cadet_code\lab2_code_for_cadets_2026\i2s_ctl.vhd:]
WARNING: [filemgmt 56-199] Attempt to get parsing info during refresh. "On-the-fly" syntax checking information may be incorrect. [C:\Users\C27Brandon.Sweitzer\workspace\ece383_wksp\lab2\lab2\lab2.srcs\sources_1\imports\Lab1_Cadet_Code_2026\vga.vhd:]
WARNING: [filemgmt 56-199] Attempt to get parsing info during refresh. "On-the-fly" syntax checking information may be incorrect. [C:\Users\C27Brandon.Sweitzer\workspace\ece383_wksp\lab2\lab2\lab2.srcs\sources_1\new\color_mapper.vhd:]
WARNING: [filemgmt 56-199] Attempt to get parsing info during refresh. "On-the-fly" syntax checking information may be incorrect. [C:\Users\C27Brandon.Sweitzer\workspace\ece383_wksp\lab2\lab2\lab2.srcs\sources_1\imports\Downloads\Lab02_cadet_code\lab2_code_for_cadets_2026\Audio_Codec_Wrapper.vhd:]
WARNING: [filemgmt 56-199] Attempt to get parsing info during refresh. "On-the-fly" syntax checking information may be incorrect. [C:\Users\C27Brandon.Sweitzer\workspace\ece383_wksp\lab2\lab2\lab2.srcs\sources_1\imports\Downloads\Lab02_cadet_code\lab2_code_for_cadets_2026\lab2_fsm.vhdl:]
WARNING: [filemgmt 56-199] Attempt to get parsing info during refresh. "On-the-fly" syntax checking information may be incorrect. [C:\Users\C27Brandon.Sweitzer\workspace\ece383_wksp\lab2\lab2\lab2.srcs\sources_1\imports\Downloads\Lab02_cadet_code\lab2_code_for_cadets_2026\lab2_fsm.vhdl:]
WARNING: [filemgmt 56-199] Attempt to get parsing info during refresh. "On-the-fly" syntax checking information may be incorrect. [C:\Users\C27Brandon.Sweitzer\workspace\ece383_wksp\lab2\lab2\lab2.srcs\sources_1\imports\Downloads\Lab02_cadet_code\lab2_code_for_cadets_2026\lab2.vhd:]
WARNING: [filemgmt 56-199] Attempt to get parsing info during refresh. "On-the-fly" syntax checking information may be incorrect. [C:\Users\C27Brandon.Sweitzer\workspace\ece383_wksp\lab2\lab2\lab2.srcs\sources_1\imports\Downloads\Lab02_cadet_code\lab2_code_for_cadets_2026\lab2_datapath.vhdl:]
WARNING: [filemgmt 56-199] Attempt to get parsing info during refresh. "On-the-fly" syntax checking information may be incorrect. [C:\Users\C27Brandon.Sweitzer\workspace\ece383_wksp\lab2\lab2\lab2.srcs\sources_1\imports\Downloads\Lab02_cadet_code\lab2_code_for_cadets_2026\audio_init.v:]
WARNING: [filemgmt 56-199] Attempt to get parsing info during refresh. "On-the-fly" syntax checking information may be incorrect. [C:\Users\C27Brandon.Sweitzer\workspace\ece383_wksp\lab2\lab2\lab2.srcs\sources_1\imports\Downloads\Lab02_cadet_code\lab2_code_for_cadets_2026\lab2_fsm.vhdl:]
WARNING: [filemgmt 56-199] Attempt to get parsing info during refresh. "On-the-fly" syntax checking information may be incorrect. [C:\Users\C27Brandon.Sweitzer\workspace\ece383_wksp\lab2\lab2\lab2.srcs\sources_1\imports\Downloads\Lab02_cadet_code\lab2_code_for_cadets_2026\i2s_ctl.vhd:]
WARNING: [filemgmt 56-199] Attempt to get parsing info during refresh. "On-the-fly" syntax checking information may be incorrect. [C:\Users\C27Brandon.Sweitzer\workspace\ece383_wksp\lab2\lab2\lab2.srcs\sources_1\imports\Lab1_Cadet_Code_2026\vga.vhd:]
WARNING: [filemgmt 56-199] Attempt to get parsing info during refresh. "On-the-fly" syntax checking information may be incorrect. [C:\Users\C27Brandon.Sweitzer\workspace\ece383_wksp\lab2\lab2\lab2.srcs\sources_1\new\color_mapper.vhd:]
WARNING: [filemgmt 56-199] Attempt to get parsing info during refresh. "On-the-fly" syntax checking information may be incorrect. [C:\Users\C27Brandon.Sweitzer\workspace\ece383_wksp\lab2\lab2\lab2.srcs\sources_1\imports\Downloads\Lab02_cadet_code\lab2_code_for_cadets_2026\Audio_Codec_Wrapper.vhd:]
WARNING: [filemgmt 56-199] Attempt to get parsing info during refresh. "On-the-fly" syntax checking information may be incorrect. [C:\Users\C27Brandon.Sweitzer\workspace\ece383_wksp\lab2\lab2\lab2.srcs\sources_1\imports\Downloads\Lab02_cadet_code\lab2_code_for_cadets_2026\lab2_datapath.vhdl:]
WARNING: [filemgmt 56-199] Attempt to get parsing info during refresh. "On-the-fly" syntax checking information may be incorrect. [C:\Users\C27Brandon.Sweitzer\workspace\ece383_wksp\lab2\lab2\lab2.srcs\sources_1\imports\Downloads\Lab02_cadet_code\lab2_code_for_cadets_2026\lab2_datapath.vhdl:]
WARNING: [filemgmt 56-199] Attempt to get parsing info during refresh. "On-the-fly" syntax checking information may be incorrect. [C:\Users\C27Brandon.Sweitzer\workspace\ece383_wksp\lab2\lab2\lab2.srcs\sources_1\imports\Downloads\Lab02_cadet_code\lab2_code_for_cadets_2026\lab2.vhd:]
WARNING: [filemgmt 56-199] Attempt to get parsing info during refresh. "On-the-fly" syntax checking information may be incorrect. [C:\Users\C27Brandon.Sweitzer\workspace\ece383_wksp\lab2\lab2\lab2.srcs\sources_1\imports\Downloads\Lab02_cadet_code\lab2_code_for_cadets_2026\lab2_datapath.vhdl:]
WARNING: [filemgmt 56-199] Attempt to get parsing info during refresh. "On-the-fly" syntax checking information may be incorrect. [C:\Users\C27Brandon.Sweitzer\workspace\ece383_wksp\lab2\lab2\lab2.srcs\sources_1\imports\Downloads\Lab02_cadet_code\lab2_code_for_cadets_2026\audio_init.v:]
WARNING: [filemgmt 56-199] Attempt to get parsing info during refresh. "On-the-fly" syntax checking information may be incorrect. [C:\Users\C27Brandon.Sweitzer\workspace\ece383_wksp\lab2\lab2\lab2.srcs\sources_1\imports\Downloads\Lab02_cadet_code\lab2_code_for_cadets_2026\lab2_fsm.vhdl:]
WARNING: [filemgmt 56-199] Attempt to get parsing info during refresh. "On-the-fly" syntax checking information may be incorrect. [C:\Users\C27Brandon.Sweitzer\workspace\ece383_wksp\lab2\lab2\lab2.srcs\sources_1\imports\Downloads\Lab02_cadet_code\lab2_code_for_cadets_2026\i2s_ctl.vhd:]
WARNING: [filemgmt 56-199] Attempt to get parsing info during refresh. "On-the-fly" syntax checking information may be incorrect. [C:\Users\C27Brandon.Sweitzer\workspace\ece383_wksp\lab2\lab2\lab2.srcs\sources_1\imports\Lab1_Cadet_Code_2026\vga.vhd:]
WARNING: [filemgmt 56-199] Attempt to get parsing info during refresh. "On-the-fly" syntax checking information may be incorrect. [C:\Users\C27Brandon.Sweitzer\workspace\ece383_wksp\lab2\lab2\lab2.srcs\sources_1\new\color_mapper.vhd:]
WARNING: [filemgmt 56-199] Attempt to get parsing info during refresh. "On-the-fly" syntax checking information may be incorrect. [C:\Users\C27Brandon.Sweitzer\workspace\ece383_wksp\lab2\lab2\lab2.srcs\sources_1\imports\Downloads\Lab02_cadet_code\lab2_code_for_cadets_2026\Audio_Codec_Wrapper.vhd:]
WARNING: [filemgmt 56-199] Attempt to get parsing info during refresh. "On-the-fly" syntax checking information may be incorrect. [C:\Users\C27Brandon.Sweitzer\workspace\ece383_wksp\lab2\lab2\lab2.srcs\sources_1\imports\Lab1_Cadet_Code_2026\vga.vhd:]
WARNING: [filemgmt 56-199] Attempt to get parsing info during refresh. "On-the-fly" syntax checking information may be incorrect. [C:\Users\C27Brandon.Sweitzer\workspace\ece383_wksp\lab2\lab2\lab2.srcs\sources_1\imports\Lab1_Cadet_Code_2026\vga.vhd:]
ERROR: [Common 17-180] Spawn failed: No error
WARNING: [filemgmt 56-199] Attempt to get parsing info during refresh. "On-the-fly" syntax checking information may be incorrect. [C:\Users\C27Brandon.Sweitzer\workspace\ece383_wksp\lab2\lab2\lab2.srcs\sources_1\imports\Downloads\Lab02_cadet_code\lab2_code_for_cadets_2026\lab2.vhd:]
WARNING: [filemgmt 56-199] Attempt to get parsing info during refresh. "On-the-fly" syntax checking information may be incorrect. [C:\Users\C27Brandon.Sweitzer\workspace\ece383_wksp\lab2\lab2\lab2.srcs\sources_1\imports\Downloads\Lab02_cadet_code\lab2_code_for_cadets_2026\lab2_datapath.vhdl:]
WARNING: [filemgmt 56-199] Attempt to get parsing info during refresh. "On-the-fly" syntax checking information may be incorrect. [C:\Users\C27Brandon.Sweitzer\workspace\ece383_wksp\lab2\lab2\lab2.srcs\sources_1\imports\Downloads\Lab02_cadet_code\lab2_code_for_cadets_2026\audio_init.v:]
WARNING: [filemgmt 56-199] Attempt to get parsing info during refresh. "On-the-fly" syntax checking information may be incorrect. [C:\Users\C27Brandon.Sweitzer\workspace\ece383_wksp\lab2\lab2\lab2.srcs\sources_1\imports\Downloads\Lab02_cadet_code\lab2_code_for_cadets_2026\lab2_fsm.vhdl:]
WARNING: [filemgmt 56-199] Attempt to get parsing info during refresh. "On-the-fly" syntax checking information may be incorrect. [C:\Users\C27Brandon.Sweitzer\workspace\ece383_wksp\lab2\lab2\lab2.srcs\sources_1\imports\Downloads\Lab02_cadet_code\lab2_code_for_cadets_2026\i2s_ctl.vhd:]
WARNING: [filemgmt 56-199] Attempt to get parsing info during refresh. "On-the-fly" syntax checking information may be incorrect. [C:\Users\C27Brandon.Sweitzer\workspace\ece383_wksp\lab2\lab2\lab2.srcs\sources_1\imports\Lab1_Cadet_Code_2026\vga.vhd:]
WARNING: [filemgmt 56-199] Attempt to get parsing info during refresh. "On-the-fly" syntax checking information may be incorrect. [C:\Users\C27Brandon.Sweitzer\workspace\ece383_wksp\lab2\lab2\lab2.srcs\sources_1\new\color_mapper.vhd:]
WARNING: [filemgmt 56-199] Attempt to get parsing info during refresh. "On-the-fly" syntax checking information may be incorrect. [C:\Users\C27Brandon.Sweitzer\workspace\ece383_wksp\lab2\lab2\lab2.srcs\sources_1\imports\Downloads\Lab02_cadet_code\lab2_code_for_cadets_2026\Audio_Codec_Wrapper.vhd:]
WARNING: [filemgmt 56-199] Attempt to get parsing info during refresh. "On-the-fly" syntax checking information may be incorrect. [C:\Users\C27Brandon.Sweitzer\workspace\ece383_wksp\lab2\lab2\lab2.srcs\sources_1\imports\Downloads\Lab02_cadet_code\lab2_code_for_cadets_2026\i2s_ctl.vhd:]
WARNING: [filemgmt 56-199] Attempt to get parsing info during refresh. "On-the-fly" syntax checking information may be incorrect. [C:\Users\C27Brandon.Sweitzer\workspace\ece383_wksp\lab2\lab2\lab2.srcs\sources_1\imports\Downloads\Lab02_cadet_code\lab2_code_for_cadets_2026\i2s_ctl.vhd:]
WARNING: [filemgmt 56-199] Attempt to get parsing info during refresh. "On-the-fly" syntax checking information may be incorrect. [C:\Users\C27Brandon.Sweitzer\workspace\ece383_wksp\lab2\lab2\lab2.srcs\sources_1\imports\Downloads\Lab02_cadet_code\lab2_code_for_cadets_2026\lab2.vhd:]
WARNING: [filemgmt 56-199] Attempt to get parsing info during refresh. "On-the-fly" syntax checking information may be incorrect. [C:\Users\C27Brandon.Sweitzer\workspace\ece383_wksp\lab2\lab2\lab2.srcs\sources_1\imports\Downloads\Lab02_cadet_code\lab2_code_for_cadets_2026\lab2_datapath.vhdl:]
WARNING: [filemgmt 56-199] Attempt to get parsing info during refresh. "On-the-fly" syntax checking information may be incorrect. [C:\Users\C27Brandon.Sweitzer\workspace\ece383_wksp\lab2\lab2\lab2.srcs\sources_1\imports\Downloads\Lab02_cadet_code\lab2_code_for_cadets_2026\audio_init.v:]
WARNING: [filemgmt 56-199] Attempt to get parsing info during refresh. "On-the-fly" syntax checking information may be incorrect. [C:\Users\C27Brandon.Sweitzer\workspace\ece383_wksp\lab2\lab2\lab2.srcs\sources_1\imports\Downloads\Lab02_cadet_code\lab2_code_for_cadets_2026\lab2_fsm.vhdl:]
WARNING: [filemgmt 56-199] Attempt to get parsing info during refresh. "On-the-fly" syntax checking information may be incorrect. [C:\Users\C27Brandon.Sweitzer\workspace\ece383_wksp\lab2\lab2\lab2.srcs\sources_1\imports\Downloads\Lab02_cadet_code\lab2_code_for_cadets_2026\i2s_ctl.vhd:]
WARNING: [filemgmt 56-199] Attempt to get parsing info during refresh. "On-the-fly" syntax checking information may be incorrect. [C:\Users\C27Brandon.Sweitzer\workspace\ece383_wksp\lab2\lab2\lab2.srcs\sources_1\imports\Lab1_Cadet_Code_2026\vga.vhd:]
WARNING: [filemgmt 56-199] Attempt to get parsing info during refresh. "On-the-fly" syntax checking information may be incorrect. [C:\Users\C27Brandon.Sweitzer\workspace\ece383_wksp\lab2\lab2\lab2.srcs\sources_1\new\color_mapper.vhd:]
WARNING: [filemgmt 56-199] Attempt to get parsing info during refresh. "On-the-fly" syntax checking information may be incorrect. [C:\Users\C27Brandon.Sweitzer\workspace\ece383_wksp\lab2\lab2\lab2.srcs\sources_1\imports\Downloads\Lab02_cadet_code\lab2_code_for_cadets_2026\Audio_Codec_Wrapper.vhd:]
WARNING: [filemgmt 56-199] Attempt to get parsing info during refresh. "On-the-fly" syntax checking information may be incorrect. [C:\Users\C27Brandon.Sweitzer\workspace\ece383_wksp\lab2\lab2\lab2.srcs\sources_1\imports\Downloads\Lab02_cadet_code\lab2_code_for_cadets_2026\audio_init.v:]
WARNING: [filemgmt 56-199] Attempt to get parsing info during refresh. "On-the-fly" syntax checking information may be incorrect. [C:\Users\C27Brandon.Sweitzer\workspace\ece383_wksp\lab2\lab2\lab2.srcs\sources_1\imports\Downloads\Lab02_cadet_code\lab2_code_for_cadets_2026\audio_init.v:]
WARNING: [filemgmt 56-199] Attempt to get parsing info during refresh. "On-the-fly" syntax checking information may be incorrect. [C:\Users\C27Brandon.Sweitzer\workspace\ece383_wksp\lab2\lab2\lab2.srcs\sources_1\imports\Downloads\Lab02_cadet_code\lab2_code_for_cadets_2026\lab2.vhd:]
WARNING: [filemgmt 56-199] Attempt to get parsing info during refresh. "On-the-fly" syntax checking information may be incorrect. [C:\Users\C27Brandon.Sweitzer\workspace\ece383_wksp\lab2\lab2\lab2.srcs\sources_1\imports\Downloads\Lab02_cadet_code\lab2_code_for_cadets_2026\lab2_datapath.vhdl:]
WARNING: [filemgmt 56-199] Attempt to get parsing info during refresh. "On-the-fly" syntax checking information may be incorrect. [C:\Users\C27Brandon.Sweitzer\workspace\ece383_wksp\lab2\lab2\lab2.srcs\sources_1\imports\Downloads\Lab02_cadet_code\lab2_code_for_cadets_2026\audio_init.v:]
WARNING: [filemgmt 56-199] Attempt to get parsing info during refresh. "On-the-fly" syntax checking information may be incorrect. [C:\Users\C27Brandon.Sweitzer\workspace\ece383_wksp\lab2\lab2\lab2.srcs\sources_1\imports\Downloads\Lab02_cadet_code\lab2_code_for_cadets_2026\lab2_fsm.vhdl:]
WARNING: [filemgmt 56-199] Attempt to get parsing info during refresh. "On-the-fly" syntax checking information may be incorrect. [C:\Users\C27Brandon.Sweitzer\workspace\ece383_wksp\lab2\lab2\lab2.srcs\sources_1\imports\Downloads\Lab02_cadet_code\lab2_code_for_cadets_2026\i2s_ctl.vhd:]
WARNING: [filemgmt 56-199] Attempt to get parsing info during refresh. "On-the-fly" syntax checking information may be incorrect. [C:\Users\C27Brandon.Sweitzer\workspace\ece383_wksp\lab2\lab2\lab2.srcs\sources_1\imports\Lab1_Cadet_Code_2026\vga.vhd:]
WARNING: [filemgmt 56-199] Attempt to get parsing info during refresh. "On-the-fly" syntax checking information may be incorrect. [C:\Users\C27Brandon.Sweitzer\workspace\ece383_wksp\lab2\lab2\lab2.srcs\sources_1\new\color_mapper.vhd:]
WARNING: [filemgmt 56-199] Attempt to get parsing info during refresh. "On-the-fly" syntax checking information may be incorrect. [C:\Users\C27Brandon.Sweitzer\workspace\ece383_wksp\lab2\lab2\lab2.srcs\sources_1\imports\Downloads\Lab02_cadet_code\lab2_code_for_cadets_2026\Audio_Codec_Wrapper.vhd:]
WARNING: [filemgmt 56-199] Attempt to get parsing info during refresh. "On-the-fly" syntax checking information may be incorrect. [C:\Users\C27Brandon.Sweitzer\workspace\ece383_wksp\lab2\lab2\lab2.srcs\sources_1\imports\Downloads\Lab02_cadet_code\lab2_code_for_cadets_2026\lab2.vhd:]
WARNING: [filemgmt 56-199] Attempt to get parsing info during refresh. "On-the-fly" syntax checking information may be incorrect. [C:\Users\C27Brandon.Sweitzer\workspace\ece383_wksp\lab2\lab2\lab2.srcs\sources_1\imports\Downloads\Lab02_cadet_code\lab2_code_for_cadets_2026\lab2.vhd:]
WARNING: [filemgmt 56-199] Attempt to get parsing info during refresh. "On-the-fly" syntax checking information may be incorrect. [C:\Users\C27Brandon.Sweitzer\workspace\ece383_wksp\lab2\lab2\lab2.srcs\sources_1\imports\Downloads\Lab02_cadet_code\lab2_code_for_cadets_2026\lab2.vhd:]
WARNING: [filemgmt 56-199] Attempt to get parsing info during refresh. "On-the-fly" syntax checking information may be incorrect. [C:\Users\C27Brandon.Sweitzer\workspace\ece383_wksp\lab2\lab2\lab2.srcs\sources_1\imports\Downloads\Lab02_cadet_code\lab2_code_for_cadets_2026\lab2_datapath.vhdl:]
WARNING: [filemgmt 56-199] Attempt to get parsing info during refresh. "On-the-fly" syntax checking information may be incorrect. [C:\Users\C27Brandon.Sweitzer\workspace\ece383_wksp\lab2\lab2\lab2.srcs\sources_1\imports\Downloads\Lab02_cadet_code\lab2_code_for_cadets_2026\audio_init.v:]
WARNING: [filemgmt 56-199] Attempt to get parsing info during refresh. "On-the-fly" syntax checking information may be incorrect. [C:\Users\C27Brandon.Sweitzer\workspace\ece383_wksp\lab2\lab2\lab2.srcs\sources_1\imports\Downloads\Lab02_cadet_code\lab2_code_for_cadets_2026\lab2_fsm.vhdl:]
WARNING: [filemgmt 56-199] Attempt to get parsing info during refresh. "On-the-fly" syntax checking information may be incorrect. [C:\Users\C27Brandon.Sweitzer\workspace\ece383_wksp\lab2\lab2\lab2.srcs\sources_1\imports\Downloads\Lab02_cadet_code\lab2_code_for_cadets_2026\i2s_ctl.vhd:]
WARNING: [filemgmt 56-199] Attempt to get parsing info during refresh. "On-the-fly" syntax checking information may be incorrect. [C:\Users\C27Brandon.Sweitzer\workspace\ece383_wksp\lab2\lab2\lab2.srcs\sources_1\imports\Lab1_Cadet_Code_2026\vga.vhd:]
WARNING: [filemgmt 56-199] Attempt to get parsing info during refresh. "On-the-fly" syntax checking information may be incorrect. [C:\Users\C27Brandon.Sweitzer\workspace\ece383_wksp\lab2\lab2\lab2.srcs\sources_1\new\color_mapper.vhd:]
WARNING: [filemgmt 56-199] Attempt to get parsing info during refresh. "On-the-fly" syntax checking information may be incorrect. [C:\Users\C27Brandon.Sweitzer\workspace\ece383_wksp\lab2\lab2\lab2.srcs\sources_1\imports\Downloads\Lab02_cadet_code\lab2_code_for_cadets_2026\Audio_Codec_Wrapper.vhd:]
WARNING: [filemgmt 56-199] Attempt to get parsing info during refresh. "On-the-fly" syntax checking information may be incorrect. [C:\Users\C27Brandon.Sweitzer\workspace\ece383_wksp\lab2\lab2\lab2.srcs\sources_1\imports\Downloads\Lab02_cadet_code\lab2_code_for_cadets_2026\Audio_Codec_Wrapper.vhd:]
WARNING: [filemgmt 56-199] Attempt to get parsing info during refresh. "On-the-fly" syntax checking information may be incorrect. [C:\Users\C27Brandon.Sweitzer\workspace\ece383_wksp\lab2\lab2\lab2.srcs\sources_1\imports\Downloads\Lab02_cadet_code\lab2_code_for_cadets_2026\Audio_Codec_Wrapper.vhd:]
WARNING: [filemgmt 56-199] Attempt to get parsing info during refresh. "On-the-fly" syntax checking information may be incorrect. [C:\Users\C27Brandon.Sweitzer\workspace\ece383_wksp\lab2\lab2\lab2.srcs\sources_1\imports\Downloads\Lab02_cadet_code\lab2_code_for_cadets_2026\lab2.vhd:]
WARNING: [filemgmt 56-199] Attempt to get parsing info during refresh. "On-the-fly" syntax checking information may be incorrect. [C:\Users\C27Brandon.Sweitzer\workspace\ece383_wksp\lab2\lab2\lab2.srcs\sources_1\imports\Downloads\Lab02_cadet_code\lab2_code_for_cadets_2026\lab2_datapath.vhdl:]
WARNING: [filemgmt 56-199] Attempt to get parsing info during refresh. "On-the-fly" syntax checking information may be incorrect. [C:\Users\C27Brandon.Sweitzer\workspace\ece383_wksp\lab2\lab2\lab2.srcs\sources_1\imports\Downloads\Lab02_cadet_code\lab2_code_for_cadets_2026\audio_init.v:]
WARNING: [filemgmt 56-199] Attempt to get parsing info during refresh. "On-the-fly" syntax checking information may be incorrect. [C:\Users\C27Brandon.Sweitzer\workspace\ece383_wksp\lab2\lab2\lab2.srcs\sources_1\imports\Downloads\Lab02_cadet_code\lab2_code_for_cadets_2026\lab2_fsm.vhdl:]
WARNING: [filemgmt 56-199] Attempt to get parsing info during refresh. "On-the-fly" syntax checking information may be incorrect. [C:\Users\C27Brandon.Sweitzer\workspace\ece383_wksp\lab2\lab2\lab2.srcs\sources_1\imports\Downloads\Lab02_cadet_code\lab2_code_for_cadets_2026\i2s_ctl.vhd:]
WARNING: [filemgmt 56-199] Attempt to get parsing info during refresh. "On-the-fly" syntax checking information may be incorrect. [C:\Users\C27Brandon.Sweitzer\workspace\ece383_wksp\lab2\lab2\lab2.srcs\sources_1\imports\Lab1_Cadet_Code_2026\vga.vhd:]
WARNING: [filemgmt 56-199] Attempt to get parsing info during refresh. "On-the-fly" syntax checking information may be incorrect. [C:\Users\C27Brandon.Sweitzer\workspace\ece383_wksp\lab2\lab2\lab2.srcs\sources_1\new\color_mapper.vhd:]
WARNING: [filemgmt 56-199] Attempt to get parsing info during refresh. "On-the-fly" syntax checking information may be incorrect. [C:\Users\C27Brandon.Sweitzer\workspace\ece383_wksp\lab2\lab2\lab2.srcs\sources_1\imports\Downloads\Lab02_cadet_code\lab2_code_for_cadets_2026\Audio_Codec_Wrapper.vhd:]
WARNING: [filemgmt 56-199] Attempt to get parsing info during refresh. "On-the-fly" syntax checking information may be incorrect. [C:\Users\C27Brandon.Sweitzer\workspace\ece383_wksp\lab2\lab2\lab2.srcs\sources_1\imports\Downloads\Lab02_cadet_code\lab2_code_for_cadets_2026\audio_init.v:]
WARNING: [filemgmt 56-199] Attempt to get parsing info during refresh. "On-the-fly" syntax checking information may be incorrect. [C:\Users\C27Brandon.Sweitzer\workspace\ece383_wksp\lab2\lab2\lab2.srcs\sources_1\imports\Downloads\Lab02_cadet_code\lab2_code_for_cadets_2026\audio_init.v:]
WARNING: [filemgmt 56-199] Attempt to get parsing info during refresh. "On-the-fly" syntax checking information may be incorrect. [C:\Users\C27Brandon.Sweitzer\workspace\ece383_wksp\lab2\lab2\lab2.srcs\sources_1\imports\Downloads\Lab02_cadet_code\lab2_code_for_cadets_2026\lab2.vhd:]
WARNING: [filemgmt 56-199] Attempt to get parsing info during refresh. "On-the-fly" syntax checking information may be incorrect. [C:\Users\C27Brandon.Sweitzer\workspace\ece383_wksp\lab2\lab2\lab2.srcs\sources_1\imports\Downloads\Lab02_cadet_code\lab2_code_for_cadets_2026\lab2_datapath.vhdl:]
WARNING: [filemgmt 56-199] Attempt to get parsing info during refresh. "On-the-fly" syntax checking information may be incorrect. [C:\Users\C27Brandon.Sweitzer\workspace\ece383_wksp\lab2\lab2\lab2.srcs\sources_1\imports\Downloads\Lab02_cadet_code\lab2_code_for_cadets_2026\audio_init.v:]
WARNING: [filemgmt 56-199] Attempt to get parsing info during refresh. "On-the-fly" syntax checking information may be incorrect. [C:\Users\C27Brandon.Sweitzer\workspace\ece383_wksp\lab2\lab2\lab2.srcs\sources_1\imports\Downloads\Lab02_cadet_code\lab2_code_for_cadets_2026\lab2_fsm.vhdl:]
WARNING: [filemgmt 56-199] Attempt to get parsing info during refresh. "On-the-fly" syntax checking information may be incorrect. [C:\Users\C27Brandon.Sweitzer\workspace\ece383_wksp\lab2\lab2\lab2.srcs\sources_1\imports\Downloads\Lab02_cadet_code\lab2_code_for_cadets_2026\i2s_ctl.vhd:]
WARNING: [filemgmt 56-199] Attempt to get parsing info during refresh. "On-the-fly" syntax checking information may be incorrect. [C:\Users\C27Brandon.Sweitzer\workspace\ece383_wksp\lab2\lab2\lab2.srcs\sources_1\imports\Lab1_Cadet_Code_2026\vga.vhd:]
WARNING: [filemgmt 56-199] Attempt to get parsing info during refresh. "On-the-fly" syntax checking information may be incorrect. [C:\Users\C27Brandon.Sweitzer\workspace\ece383_wksp\lab2\lab2\lab2.srcs\sources_1\new\color_mapper.vhd:]
WARNING: [filemgmt 56-199] Attempt to get parsing info during refresh. "On-the-fly" syntax checking information may be incorrect. [C:\Users\C27Brandon.Sweitzer\workspace\ece383_wksp\lab2\lab2\lab2.srcs\sources_1\imports\Downloads\Lab02_cadet_code\lab2_code_for_cadets_2026\Audio_Codec_Wrapper.vhd:]
WARNING: [filemgmt 56-199] Attempt to get parsing info during refresh. "On-the-fly" syntax checking information may be incorrect. [C:\Users\C27Brandon.Sweitzer\workspace\ece383_wksp\lab2\lab2\lab2.srcs\sources_1\imports\Downloads\Lab02_cadet_code\lab2_code_for_cadets_2026\lab2_fsm.vhdl:]
WARNING: [filemgmt 56-199] Attempt to get parsing info during refresh. "On-the-fly" syntax checking information may be incorrect. [C:\Users\C27Brandon.Sweitzer\workspace\ece383_wksp\lab2\lab2\lab2.srcs\sources_1\imports\Downloads\Lab02_cadet_code\lab2_code_for_cadets_2026\lab2_fsm.vhdl:]
WARNING: [filemgmt 56-199] Attempt to get parsing info during refresh. "On-the-fly" syntax checking information may be incorrect. [C:\Users\C27Brandon.Sweitzer\workspace\ece383_wksp\lab2\lab2\lab2.srcs\sources_1\imports\Downloads\Lab02_cadet_code\lab2_code_for_cadets_2026\lab2.vhd:]
WARNING: [filemgmt 56-199] Attempt to get parsing info during refresh. "On-the-fly" syntax checking information may be incorrect. [C:\Users\C27Brandon.Sweitzer\workspace\ece383_wksp\lab2\lab2\lab2.srcs\sources_1\imports\Downloads\Lab02_cadet_code\lab2_code_for_cadets_2026\lab2_datapath.vhdl:]
WARNING: [filemgmt 56-199] Attempt to get parsing info during refresh. "On-the-fly" syntax checking information may be incorrect. [C:\Users\C27Brandon.Sweitzer\workspace\ece383_wksp\lab2\lab2\lab2.srcs\sources_1\imports\Downloads\Lab02_cadet_code\lab2_code_for_cadets_2026\audio_init.v:]
WARNING: [filemgmt 56-199] Attempt to get parsing info during refresh. "On-the-fly" syntax checking information may be incorrect. [C:\Users\C27Brandon.Sweitzer\workspace\ece383_wksp\lab2\lab2\lab2.srcs\sources_1\imports\Downloads\Lab02_cadet_code\lab2_code_for_cadets_2026\lab2_fsm.vhdl:]
WARNING: [filemgmt 56-199] Attempt to get parsing info during refresh. "On-the-fly" syntax checking information may be incorrect. [C:\Users\C27Brandon.Sweitzer\workspace\ece383_wksp\lab2\lab2\lab2.srcs\sources_1\imports\Downloads\Lab02_cadet_code\lab2_code_for_cadets_2026\i2s_ctl.vhd:]
WARNING: [filemgmt 56-199] Attempt to get parsing info during refresh. "On-the-fly" syntax checking information may be incorrect. [C:\Users\C27Brandon.Sweitzer\workspace\ece383_wksp\lab2\lab2\lab2.srcs\sources_1\imports\Lab1_Cadet_Code_2026\vga.vhd:]
WARNING: [filemgmt 56-199] Attempt to get parsing info during refresh. "On-the-fly" syntax checking information may be incorrect. [C:\Users\C27Brandon.Sweitzer\workspace\ece383_wksp\lab2\lab2\lab2.srcs\sources_1\new\color_mapper.vhd:]
WARNING: [filemgmt 56-199] Attempt to get parsing info during refresh. "On-the-fly" syntax checking information may be incorrect. [C:\Users\C27Brandon.Sweitzer\workspace\ece383_wksp\lab2\lab2\lab2.srcs\sources_1\imports\Downloads\Lab02_cadet_code\lab2_code_for_cadets_2026\Audio_Codec_Wrapper.vhd:]
WARNING: [filemgmt 56-199] Attempt to get parsing info during refresh. "On-the-fly" syntax checking information may be incorrect. [C:\Users\C27Brandon.Sweitzer\workspace\ece383_wksp\lab2\lab2\lab2.srcs\sources_1\imports\Downloads\Lab02_cadet_code\lab2_code_for_cadets_2026\lab2_datapath.vhdl:]
WARNING: [filemgmt 56-199] Attempt to get parsing info during refresh. "On-the-fly" syntax checking information may be incorrect. [C:\Users\C27Brandon.Sweitzer\workspace\ece383_wksp\lab2\lab2\lab2.srcs\sources_1\imports\Downloads\Lab02_cadet_code\lab2_code_for_cadets_2026\lab2_datapath.vhdl:]
ERROR: [Common 17-180] Spawn failed: No error
WARNING: [filemgmt 56-199] Attempt to get parsing info during refresh. "On-the-fly" syntax checking information may be incorrect. [C:\Users\C27Brandon.Sweitzer\workspace\ece383_wksp\lab2\lab2\lab2.srcs\sources_1\imports\Downloads\Lab02_cadet_code\lab2_code_for_cadets_2026\lab2.vhd:]
WARNING: [filemgmt 56-199] Attempt to get parsing info during refresh. "On-the-fly" syntax checking information may be incorrect. [C:\Users\C27Brandon.Sweitzer\workspace\ece383_wksp\lab2\lab2\lab2.srcs\sources_1\imports\Downloads\Lab02_cadet_code\lab2_code_for_cadets_2026\lab2_datapath.vhdl:]
WARNING: [filemgmt 56-199] Attempt to get parsing info during refresh. "On-the-fly" syntax checking information may be incorrect. [C:\Users\C27Brandon.Sweitzer\workspace\ece383_wksp\lab2\lab2\lab2.srcs\sources_1\imports\Downloads\Lab02_cadet_code\lab2_code_for_cadets_2026\audio_init.v:]
ERROR: [Common 17-180] Spawn failed: No error
WARNING: [filemgmt 56-199] Attempt to get parsing info during refresh. "On-the-fly" syntax checking information may be incorrect. [C:\Users\C27Brandon.Sweitzer\workspace\ece383_wksp\lab2\lab2\lab2.srcs\sources_1\imports\Downloads\Lab02_cadet_code\lab2_code_for_cadets_2026\lab2_fsm.vhdl:]
WARNING: [filemgmt 56-199] Attempt to get parsing info during refresh. "On-the-fly" syntax checking information may be incorrect. [C:\Users\C27Brandon.Sweitzer\workspace\ece383_wksp\lab2\lab2\lab2.srcs\sources_1\imports\Downloads\Lab02_cadet_code\lab2_code_for_cadets_2026\i2s_ctl.vhd:]
WARNING: [filemgmt 56-199] Attempt to get parsing info during refresh. "On-the-fly" syntax checking information may be incorrect. [C:\Users\C27Brandon.Sweitzer\workspace\ece383_wksp\lab2\lab2\lab2.srcs\sources_1\imports\Lab1_Cadet_Code_2026\vga.vhd:]
WARNING: [filemgmt 56-199] Attempt to get parsing info during refresh. "On-the-fly" syntax checking information may be incorrect. [C:\Users\C27Brandon.Sweitzer\workspace\ece383_wksp\lab2\lab2\lab2.srcs\sources_1\new\color_mapper.vhd:]
WARNING: [filemgmt 56-199] Attempt to get parsing info during refresh. "On-the-fly" syntax checking information may be incorrect. [C:\Users\C27Brandon.Sweitzer\workspace\ece383_wksp\lab2\lab2\lab2.srcs\sources_1\imports\Downloads\Lab02_cadet_code\lab2_code_for_cadets_2026\Audio_Codec_Wrapper.vhd:]
WARNING: [filemgmt 56-199] Attempt to get parsing info during refresh. "On-the-fly" syntax checking information may be incorrect. [C:\Users\C27Brandon.Sweitzer\workspace\ece383_wksp\lab2\lab2\lab2.srcs\sources_1\new\color_mapper.vhd:]
WARNING: [filemgmt 56-199] Attempt to get parsing info during refresh. "On-the-fly" syntax checking information may be incorrect. [C:\Users\C27Brandon.Sweitzer\workspace\ece383_wksp\lab2\lab2\lab2.srcs\sources_1\new\color_mapper.vhd:]
WARNING: [filemgmt 56-199] Attempt to get parsing info during refresh. "On-the-fly" syntax checking information may be incorrect. [C:\Users\C27Brandon.Sweitzer\workspace\ece383_wksp\lab2\lab2\lab2.srcs\sources_1\imports\Downloads\Lab02_cadet_code\lab2_code_for_cadets_2026\lab2.vhd:]
WARNING: [filemgmt 56-199] Attempt to get parsing info during refresh. "On-the-fly" syntax checking information may be incorrect. [C:\Users\C27Brandon.Sweitzer\workspace\ece383_wksp\lab2\lab2\lab2.srcs\sources_1\imports\Downloads\Lab02_cadet_code\lab2_code_for_cadets_2026\lab2_datapath.vhdl:]
WARNING: [filemgmt 56-199] Attempt to get parsing info during refresh. "On-the-fly" syntax checking information may be incorrect. [C:\Users\C27Brandon.Sweitzer\workspace\ece383_wksp\lab2\lab2\lab2.srcs\sources_1\imports\Downloads\Lab02_cadet_code\lab2_code_for_cadets_2026\audio_init.v:]
WARNING: [filemgmt 56-199] Attempt to get parsing info during refresh. "On-the-fly" syntax checking information may be incorrect. [C:\Users\C27Brandon.Sweitzer\workspace\ece383_wksp\lab2\lab2\lab2.srcs\sources_1\imports\Downloads\Lab02_cadet_code\lab2_code_for_cadets_2026\lab2_fsm.vhdl:]
WARNING: [filemgmt 56-199] Attempt to get parsing info during refresh. "On-the-fly" syntax checking information may be incorrect. [C:\Users\C27Brandon.Sweitzer\workspace\ece383_wksp\lab2\lab2\lab2.srcs\sources_1\imports\Downloads\Lab02_cadet_code\lab2_code_for_cadets_2026\i2s_ctl.vhd:]
WARNING: [filemgmt 56-199] Attempt to get parsing info during refresh. "On-the-fly" syntax checking information may be incorrect. [C:\Users\C27Brandon.Sweitzer\workspace\ece383_wksp\lab2\lab2\lab2.srcs\sources_1\imports\Lab1_Cadet_Code_2026\vga.vhd:]
WARNING: [filemgmt 56-199] Attempt to get parsing info during refresh. "On-the-fly" syntax checking information may be incorrect. [C:\Users\C27Brandon.Sweitzer\workspace\ece383_wksp\lab2\lab2\lab2.srcs\sources_1\new\color_mapper.vhd:]
WARNING: [filemgmt 56-199] Attempt to get parsing info during refresh. "On-the-fly" syntax checking information may be incorrect. [C:\Users\C27Brandon.Sweitzer\workspace\ece383_wksp\lab2\lab2\lab2.srcs\sources_1\imports\Downloads\Lab02_cadet_code\lab2_code_for_cadets_2026\Audio_Codec_Wrapper.vhd:]
WARNING: [filemgmt 56-199] Attempt to get parsing info during refresh. "On-the-fly" syntax checking information may be incorrect. [C:\Users\C27Brandon.Sweitzer\workspace\ece383_wksp\lab2\lab2\lab2.srcs\sources_1\imports\Lab1_Cadet_Code_2026\vga.vhd:]
WARNING: [filemgmt 56-199] Attempt to get parsing info during refresh. "On-the-fly" syntax checking information may be incorrect. [C:\Users\C27Brandon.Sweitzer\workspace\ece383_wksp\lab2\lab2\lab2.srcs\sources_1\imports\Lab1_Cadet_Code_2026\vga.vhd:]
ERROR: [Common 17-180] Spawn failed: No error
WARNING: [filemgmt 56-199] Attempt to get parsing info during refresh. "On-the-fly" syntax checking information may be incorrect. [C:\Users\C27Brandon.Sweitzer\workspace\ece383_wksp\lab2\lab2\lab2.srcs\sources_1\imports\Downloads\Lab02_cadet_code\lab2_code_for_cadets_2026\lab2.vhd:]
WARNING: [filemgmt 56-199] Attempt to get parsing info during refresh. "On-the-fly" syntax checking information may be incorrect. [C:\Users\C27Brandon.Sweitzer\workspace\ece383_wksp\lab2\lab2\lab2.srcs\sources_1\imports\Downloads\Lab02_cadet_code\lab2_code_for_cadets_2026\lab2_datapath.vhdl:]
WARNING: [filemgmt 56-199] Attempt to get parsing info during refresh. "On-the-fly" syntax checking information may be incorrect. [C:\Users\C27Brandon.Sweitzer\workspace\ece383_wksp\lab2\lab2\lab2.srcs\sources_1\imports\Downloads\Lab02_cadet_code\lab2_code_for_cadets_2026\audio_init.v:]
WARNING: [filemgmt 56-199] Attempt to get parsing info during refresh. "On-the-fly" syntax checking information may be incorrect. [C:\Users\C27Brandon.Sweitzer\workspace\ece383_wksp\lab2\lab2\lab2.srcs\sources_1\imports\Downloads\Lab02_cadet_code\lab2_code_for_cadets_2026\lab2_fsm.vhdl:]
WARNING: [filemgmt 56-199] Attempt to get parsing info during refresh. "On-the-fly" syntax checking information may be incorrect. [C:\Users\C27Brandon.Sweitzer\workspace\ece383_wksp\lab2\lab2\lab2.srcs\sources_1\imports\Downloads\Lab02_cadet_code\lab2_code_for_cadets_2026\i2s_ctl.vhd:]
WARNING: [filemgmt 56-199] Attempt to get parsing info during refresh. "On-the-fly" syntax checking information may be incorrect. [C:\Users\C27Brandon.Sweitzer\workspace\ece383_wksp\lab2\lab2\lab2.srcs\sources_1\imports\Lab1_Cadet_Code_2026\vga.vhd:]
WARNING: [filemgmt 56-199] Attempt to get parsing info during refresh. "On-the-fly" syntax checking information may be incorrect. [C:\Users\C27Brandon.Sweitzer\workspace\ece383_wksp\lab2\lab2\lab2.srcs\sources_1\new\color_mapper.vhd:]
WARNING: [filemgmt 56-199] Attempt to get parsing info during refresh. "On-the-fly" syntax checking information may be incorrect. [C:\Users\C27Brandon.Sweitzer\workspace\ece383_wksp\lab2\lab2\lab2.srcs\sources_1\imports\Downloads\Lab02_cadet_code\lab2_code_for_cadets_2026\Audio_Codec_Wrapper.vhd:]
WARNING: [filemgmt 56-199] Attempt to get parsing info during refresh. "On-the-fly" syntax checking information may be incorrect. [C:\Users\C27Brandon.Sweitzer\workspace\ece383_wksp\lab2\lab2\lab2.srcs\sources_1\new\color_mapper.vhd:]
WARNING: [filemgmt 56-199] Attempt to get parsing info during refresh. "On-the-fly" syntax checking information may be incorrect. [C:\Users\C27Brandon.Sweitzer\workspace\ece383_wksp\lab2\lab2\lab2.srcs\sources_1\new\color_mapper.vhd:]
WARNING: [filemgmt 56-199] Attempt to get parsing info during refresh. "On-the-fly" syntax checking information may be incorrect. [C:\Users\C27Brandon.Sweitzer\workspace\ece383_wksp\lab2\lab2\lab2.srcs\sources_1\imports\Downloads\Lab02_cadet_code\lab2_code_for_cadets_2026\lab2.vhd:]
WARNING: [filemgmt 56-199] Attempt to get parsing info during refresh. "On-the-fly" syntax checking information may be incorrect. [C:\Users\C27Brandon.Sweitzer\workspace\ece383_wksp\lab2\lab2\lab2.srcs\sources_1\imports\Downloads\Lab02_cadet_code\lab2_code_for_cadets_2026\lab2_datapath.vhdl:]
WARNING: [filemgmt 56-199] Attempt to get parsing info during refresh. "On-the-fly" syntax checking information may be incorrect. [C:\Users\C27Brandon.Sweitzer\workspace\ece383_wksp\lab2\lab2\lab2.srcs\sources_1\imports\Downloads\Lab02_cadet_code\lab2_code_for_cadets_2026\audio_init.v:]
WARNING: [filemgmt 56-199] Attempt to get parsing info during refresh. "On-the-fly" syntax checking information may be incorrect. [C:\Users\C27Brandon.Sweitzer\workspace\ece383_wksp\lab2\lab2\lab2.srcs\sources_1\imports\Downloads\Lab02_cadet_code\lab2_code_for_cadets_2026\lab2_fsm.vhdl:]
WARNING: [filemgmt 56-199] Attempt to get parsing info during refresh. "On-the-fly" syntax checking information may be incorrect. [C:\Users\C27Brandon.Sweitzer\workspace\ece383_wksp\lab2\lab2\lab2.srcs\sources_1\imports\Downloads\Lab02_cadet_code\lab2_code_for_cadets_2026\i2s_ctl.vhd:]
WARNING: [filemgmt 56-199] Attempt to get parsing info during refresh. "On-the-fly" syntax checking information may be incorrect. [C:\Users\C27Brandon.Sweitzer\workspace\ece383_wksp\lab2\lab2\lab2.srcs\sources_1\imports\Lab1_Cadet_Code_2026\vga.vhd:]
WARNING: [filemgmt 56-199] Attempt to get parsing info during refresh. "On-the-fly" syntax checking information may be incorrect. [C:\Users\C27Brandon.Sweitzer\workspace\ece383_wksp\lab2\lab2\lab2.srcs\sources_1\new\color_mapper.vhd:]
WARNING: [filemgmt 56-199] Attempt to get parsing info during refresh. "On-the-fly" syntax checking information may be incorrect. [C:\Users\C27Brandon.Sweitzer\workspace\ece383_wksp\lab2\lab2\lab2.srcs\sources_1\imports\Downloads\Lab02_cadet_code\lab2_code_for_cadets_2026\Audio_Codec_Wrapper.vhd:]
WARNING: [filemgmt 56-199] Attempt to get parsing info during refresh. "On-the-fly" syntax checking information may be incorrect. [C:\Users\C27Brandon.Sweitzer\workspace\ece383_wksp\lab2\lab2\lab2.srcs\sources_1\imports\Downloads\Lab02_cadet_code\lab2_code_for_cadets_2026\Audio_Codec_Wrapper.vhd:]
WARNING: [filemgmt 56-199] Attempt to get parsing info during refresh. "On-the-fly" syntax checking information may be incorrect. [C:\Users\C27Brandon.Sweitzer\workspace\ece383_wksp\lab2\lab2\lab2.srcs\sources_1\imports\Downloads\Lab02_cadet_code\lab2_code_for_cadets_2026\Audio_Codec_Wrapper.vhd:]
WARNING: [filemgmt 56-199] Attempt to get parsing info during refresh. "On-the-fly" syntax checking information may be incorrect. [C:\Users\C27Brandon.Sweitzer\workspace\ece383_wksp\lab2\lab2\lab2.srcs\sources_1\imports\Downloads\Lab02_cadet_code\lab2_code_for_cadets_2026\lab2.vhd:]
WARNING: [filemgmt 56-199] Attempt to get parsing info during refresh. "On-the-fly" syntax checking information may be incorrect. [C:\Users\C27Brandon.Sweitzer\workspace\ece383_wksp\lab2\lab2\lab2.srcs\sources_1\imports\Downloads\Lab02_cadet_code\lab2_code_for_cadets_2026\lab2_datapath.vhdl:]
WARNING: [filemgmt 56-199] Attempt to get parsing info during refresh. "On-the-fly" syntax checking information may be incorrect. [C:\Users\C27Brandon.Sweitzer\workspace\ece383_wksp\lab2\lab2\lab2.srcs\sources_1\imports\Downloads\Lab02_cadet_code\lab2_code_for_cadets_2026\audio_init.v:]
WARNING: [filemgmt 56-199] Attempt to get parsing info during refresh. "On-the-fly" syntax checking information may be incorrect. [C:\Users\C27Brandon.Sweitzer\workspace\ece383_wksp\lab2\lab2\lab2.srcs\sources_1\imports\Downloads\Lab02_cadet_code\lab2_code_for_cadets_2026\lab2_fsm.vhdl:]
WARNING: [filemgmt 56-199] Attempt to get parsing info during refresh. "On-the-fly" syntax checking information may be incorrect. [C:\Users\C27Brandon.Sweitzer\workspace\ece383_wksp\lab2\lab2\lab2.srcs\sources_1\imports\Downloads\Lab02_cadet_code\lab2_code_for_cadets_2026\i2s_ctl.vhd:]
WARNING: [filemgmt 56-199] Attempt to get parsing info during refresh. "On-the-fly" syntax checking information may be incorrect. [C:\Users\C27Brandon.Sweitzer\workspace\ece383_wksp\lab2\lab2\lab2.srcs\sources_1\imports\Lab1_Cadet_Code_2026\vga.vhd:]
WARNING: [filemgmt 56-199] Attempt to get parsing info during refresh. "On-the-fly" syntax checking information may be incorrect. [C:\Users\C27Brandon.Sweitzer\workspace\ece383_wksp\lab2\lab2\lab2.srcs\sources_1\new\color_mapper.vhd:]
WARNING: [filemgmt 56-199] Attempt to get parsing info during refresh. "On-the-fly" syntax checking information may be incorrect. [C:\Users\C27Brandon.Sweitzer\workspace\ece383_wksp\lab2\lab2\lab2.srcs\sources_1\imports\Downloads\Lab02_cadet_code\lab2_code_for_cadets_2026\Audio_Codec_Wrapper.vhd:]
WARNING: [filemgmt 56-199] Attempt to get parsing info during refresh. "On-the-fly" syntax checking information may be incorrect. [C:\Users\C27Brandon.Sweitzer\workspace\ece383_wksp\lab2\lab2\lab2.srcs\sources_1\imports\Downloads\Lab02_cadet_code\lab2_code_for_cadets_2026\lab2_fsm.vhdl:]
WARNING: [filemgmt 56-199] Attempt to get parsing info during refresh. "On-the-fly" syntax checking information may be incorrect. [C:\Users\C27Brandon.Sweitzer\workspace\ece383_wksp\lab2\lab2\lab2.srcs\sources_1\imports\Downloads\Lab02_cadet_code\lab2_code_for_cadets_2026\lab2_fsm.vhdl:]
WARNING: [filemgmt 56-199] Attempt to get parsing info during refresh. "On-the-fly" syntax checking information may be incorrect. [C:\Users\C27Brandon.Sweitzer\workspace\ece383_wksp\lab2\lab2\lab2.srcs\sources_1\imports\Downloads\Lab02_cadet_code\lab2_code_for_cadets_2026\lab2.vhd:]
WARNING: [filemgmt 56-199] Attempt to get parsing info during refresh. "On-the-fly" syntax checking information may be incorrect. [C:\Users\C27Brandon.Sweitzer\workspace\ece383_wksp\lab2\lab2\lab2.srcs\sources_1\imports\Downloads\Lab02_cadet_code\lab2_code_for_cadets_2026\lab2_datapath.vhdl:]
WARNING: [filemgmt 56-199] Attempt to get parsing info during refresh. "On-the-fly" syntax checking information may be incorrect. [C:\Users\C27Brandon.Sweitzer\workspace\ece383_wksp\lab2\lab2\lab2.srcs\sources_1\imports\Downloads\Lab02_cadet_code\lab2_code_for_cadets_2026\audio_init.v:]
WARNING: [filemgmt 56-199] Attempt to get parsing info during refresh. "On-the-fly" syntax checking information may be incorrect. [C:\Users\C27Brandon.Sweitzer\workspace\ece383_wksp\lab2\lab2\lab2.srcs\sources_1\imports\Downloads\Lab02_cadet_code\lab2_code_for_cadets_2026\lab2_fsm.vhdl:]
WARNING: [filemgmt 56-199] Attempt to get parsing info during refresh. "On-the-fly" syntax checking information may be incorrect. [C:\Users\C27Brandon.Sweitzer\workspace\ece383_wksp\lab2\lab2\lab2.srcs\sources_1\imports\Downloads\Lab02_cadet_code\lab2_code_for_cadets_2026\i2s_ctl.vhd:]
WARNING: [filemgmt 56-199] Attempt to get parsing info during refresh. "On-the-fly" syntax checking information may be incorrect. [C:\Users\C27Brandon.Sweitzer\workspace\ece383_wksp\lab2\lab2\lab2.srcs\sources_1\imports\Lab1_Cadet_Code_2026\vga.vhd:]
WARNING: [filemgmt 56-199] Attempt to get parsing info during refresh. "On-the-fly" syntax checking information may be incorrect. [C:\Users\C27Brandon.Sweitzer\workspace\ece383_wksp\lab2\lab2\lab2.srcs\sources_1\new\color_mapper.vhd:]
WARNING: [filemgmt 56-199] Attempt to get parsing info during refresh. "On-the-fly" syntax checking information may be incorrect. [C:\Users\C27Brandon.Sweitzer\workspace\ece383_wksp\lab2\lab2\lab2.srcs\sources_1\imports\Downloads\Lab02_cadet_code\lab2_code_for_cadets_2026\Audio_Codec_Wrapper.vhd:]
WARNING: [filemgmt 56-199] Attempt to get parsing info during refresh. "On-the-fly" syntax checking information may be incorrect. [C:\Users\C27Brandon.Sweitzer\workspace\ece383_wksp\lab2\lab2\lab2.srcs\sources_1\imports\Downloads\Lab02_cadet_code\lab2_code_for_cadets_2026\i2s_ctl.vhd:]
WARNING: [filemgmt 56-199] Attempt to get parsing info during refresh. "On-the-fly" syntax checking information may be incorrect. [C:\Users\C27Brandon.Sweitzer\workspace\ece383_wksp\lab2\lab2\lab2.srcs\sources_1\imports\Downloads\Lab02_cadet_code\lab2_code_for_cadets_2026\i2s_ctl.vhd:]
WARNING: [filemgmt 56-199] Attempt to get parsing info during refresh. "On-the-fly" syntax checking information may be incorrect. [C:\Users\C27Brandon.Sweitzer\workspace\ece383_wksp\lab2\lab2\lab2.srcs\sources_1\imports\Downloads\Lab02_cadet_code\lab2_code_for_cadets_2026\lab2.vhd:]
WARNING: [filemgmt 56-199] Attempt to get parsing info during refresh. "On-the-fly" syntax checking information may be incorrect. [C:\Users\C27Brandon.Sweitzer\workspace\ece383_wksp\lab2\lab2\lab2.srcs\sources_1\imports\Downloads\Lab02_cadet_code\lab2_code_for_cadets_2026\lab2_datapath.vhdl:]
WARNING: [filemgmt 56-199] Attempt to get parsing info during refresh. "On-the-fly" syntax checking information may be incorrect. [C:\Users\C27Brandon.Sweitzer\workspace\ece383_wksp\lab2\lab2\lab2.srcs\sources_1\imports\Downloads\Lab02_cadet_code\lab2_code_for_cadets_2026\audio_init.v:]
WARNING: [filemgmt 56-199] Attempt to get parsing info during refresh. "On-the-fly" syntax checking information may be incorrect. [C:\Users\C27Brandon.Sweitzer\workspace\ece383_wksp\lab2\lab2\lab2.srcs\sources_1\imports\Downloads\Lab02_cadet_code\lab2_code_for_cadets_2026\lab2_fsm.vhdl:]
WARNING: [filemgmt 56-199] Attempt to get parsing info during refresh. "On-the-fly" syntax checking information may be incorrect. [C:\Users\C27Brandon.Sweitzer\workspace\ece383_wksp\lab2\lab2\lab2.srcs\sources_1\imports\Downloads\Lab02_cadet_code\lab2_code_for_cadets_2026\i2s_ctl.vhd:]
WARNING: [filemgmt 56-199] Attempt to get parsing info during refresh. "On-the-fly" syntax checking information may be incorrect. [C:\Users\C27Brandon.Sweitzer\workspace\ece383_wksp\lab2\lab2\lab2.srcs\sources_1\imports\Lab1_Cadet_Code_2026\vga.vhd:]
WARNING: [filemgmt 56-199] Attempt to get parsing info during refresh. "On-the-fly" syntax checking information may be incorrect. [C:\Users\C27Brandon.Sweitzer\workspace\ece383_wksp\lab2\lab2\lab2.srcs\sources_1\new\color_mapper.vhd:]
WARNING: [filemgmt 56-199] Attempt to get parsing info during refresh. "On-the-fly" syntax checking information may be incorrect. [C:\Users\C27Brandon.Sweitzer\workspace\ece383_wksp\lab2\lab2\lab2.srcs\sources_1\imports\Downloads\Lab02_cadet_code\lab2_code_for_cadets_2026\Audio_Codec_Wrapper.vhd:]
WARNING: [filemgmt 56-199] Attempt to get parsing info during refresh. "On-the-fly" syntax checking information may be incorrect. [C:\Users\C27Brandon.Sweitzer\workspace\ece383_wksp\lab2\lab2\lab2.srcs\sources_1\imports\Downloads\Lab02_cadet_code\lab2_code_for_cadets_2026\audio_init.v:]
WARNING: [filemgmt 56-199] Attempt to get parsing info during refresh. "On-the-fly" syntax checking information may be incorrect. [C:\Users\C27Brandon.Sweitzer\workspace\ece383_wksp\lab2\lab2\lab2.srcs\sources_1\imports\Downloads\Lab02_cadet_code\lab2_code_for_cadets_2026\audio_init.v:]
WARNING: [filemgmt 56-199] Attempt to get parsing info during refresh. "On-the-fly" syntax checking information may be incorrect. [C:\Users\C27Brandon.Sweitzer\workspace\ece383_wksp\lab2\lab2\lab2.srcs\sources_1\imports\Downloads\Lab02_cadet_code\lab2_code_for_cadets_2026\lab2.vhd:]
WARNING: [filemgmt 56-199] Attempt to get parsing info during refresh. "On-the-fly" syntax checking information may be incorrect. [C:\Users\C27Brandon.Sweitzer\workspace\ece383_wksp\lab2\lab2\lab2.srcs\sources_1\imports\Downloads\Lab02_cadet_code\lab2_code_for_cadets_2026\lab2_datapath.vhdl:]
WARNING: [filemgmt 56-199] Attempt to get parsing info during refresh. "On-the-fly" syntax checking information may be incorrect. [C:\Users\C27Brandon.Sweitzer\workspace\ece383_wksp\lab2\lab2\lab2.srcs\sources_1\imports\Downloads\Lab02_cadet_code\lab2_code_for_cadets_2026\audio_init.v:]
WARNING: [filemgmt 56-199] Attempt to get parsing info during refresh. "On-the-fly" syntax checking information may be incorrect. [C:\Users\C27Brandon.Sweitzer\workspace\ece383_wksp\lab2\lab2\lab2.srcs\sources_1\imports\Downloads\Lab02_cadet_code\lab2_code_for_cadets_2026\lab2_fsm.vhdl:]
WARNING: [filemgmt 56-199] Attempt to get parsing info during refresh. "On-the-fly" syntax checking information may be incorrect. [C:\Users\C27Brandon.Sweitzer\workspace\ece383_wksp\lab2\lab2\lab2.srcs\sources_1\imports\Downloads\Lab02_cadet_code\lab2_code_for_cadets_2026\i2s_ctl.vhd:]
WARNING: [filemgmt 56-199] Attempt to get parsing info during refresh. "On-the-fly" syntax checking information may be incorrect. [C:\Users\C27Brandon.Sweitzer\workspace\ece383_wksp\lab2\lab2\lab2.srcs\sources_1\imports\Lab1_Cadet_Code_2026\vga.vhd:]
WARNING: [filemgmt 56-199] Attempt to get parsing info during refresh. "On-the-fly" syntax checking information may be incorrect. [C:\Users\C27Brandon.Sweitzer\workspace\ece383_wksp\lab2\lab2\lab2.srcs\sources_1\new\color_mapper.vhd:]
WARNING: [filemgmt 56-199] Attempt to get parsing info during refresh. "On-the-fly" syntax checking information may be incorrect. [C:\Users\C27Brandon.Sweitzer\workspace\ece383_wksp\lab2\lab2\lab2.srcs\sources_1\imports\Downloads\Lab02_cadet_code\lab2_code_for_cadets_2026\Audio_Codec_Wrapper.vhd:]
WARNING: [filemgmt 56-199] Attempt to get parsing info during refresh. "On-the-fly" syntax checking information may be incorrect. [C:\Users\C27Brandon.Sweitzer\workspace\ece383_wksp\lab2\lab2\lab2.srcs\sources_1\imports\Lab1_Cadet_Code_2026\vga.vhd:]
WARNING: [filemgmt 56-199] Attempt to get parsing info during refresh. "On-the-fly" syntax checking information may be incorrect. [C:\Users\C27Brandon.Sweitzer\workspace\ece383_wksp\lab2\lab2\lab2.srcs\sources_1\imports\Lab1_Cadet_Code_2026\vga.vhd:]
ERROR: [Common 17-180] Spawn failed: No error
WARNING: [filemgmt 56-199] Attempt to get parsing info during refresh. "On-the-fly" syntax checking information may be incorrect. [C:\Users\C27Brandon.Sweitzer\workspace\ece383_wksp\lab2\lab2\lab2.srcs\sources_1\imports\Downloads\Lab02_cadet_code\lab2_code_for_cadets_2026\lab2.vhd:]
WARNING: [filemgmt 56-199] Attempt to get parsing info during refresh. "On-the-fly" syntax checking information may be incorrect. [C:\Users\C27Brandon.Sweitzer\workspace\ece383_wksp\lab2\lab2\lab2.srcs\sources_1\imports\Downloads\Lab02_cadet_code\lab2_code_for_cadets_2026\lab2_datapath.vhdl:]
WARNING: [filemgmt 56-199] Attempt to get parsing info during refresh. "On-the-fly" syntax checking information may be incorrect. [C:\Users\C27Brandon.Sweitzer\workspace\ece383_wksp\lab2\lab2\lab2.srcs\sources_1\imports\Downloads\Lab02_cadet_code\lab2_code_for_cadets_2026\audio_init.v:]
WARNING: [filemgmt 56-199] Attempt to get parsing info during refresh. "On-the-fly" syntax checking information may be incorrect. [C:\Users\C27Brandon.Sweitzer\workspace\ece383_wksp\lab2\lab2\lab2.srcs\sources_1\imports\Downloads\Lab02_cadet_code\lab2_code_for_cadets_2026\lab2_fsm.vhdl:]
WARNING: [filemgmt 56-199] Attempt to get parsing info during refresh. "On-the-fly" syntax checking information may be incorrect. [C:\Users\C27Brandon.Sweitzer\workspace\ece383_wksp\lab2\lab2\lab2.srcs\sources_1\imports\Downloads\Lab02_cadet_code\lab2_code_for_cadets_2026\i2s_ctl.vhd:]
WARNING: [filemgmt 56-199] Attempt to get parsing info during refresh. "On-the-fly" syntax checking information may be incorrect. [C:\Users\C27Brandon.Sweitzer\workspace\ece383_wksp\lab2\lab2\lab2.srcs\sources_1\imports\Lab1_Cadet_Code_2026\vga.vhd:]
WARNING: [filemgmt 56-199] Attempt to get parsing info during refresh. "On-the-fly" syntax checking information may be incorrect. [C:\Users\C27Brandon.Sweitzer\workspace\ece383_wksp\lab2\lab2\lab2.srcs\sources_1\new\color_mapper.vhd:]
WARNING: [filemgmt 56-199] Attempt to get parsing info during refresh. "On-the-fly" syntax checking information may be incorrect. [C:\Users\C27Brandon.Sweitzer\workspace\ece383_wksp\lab2\lab2\lab2.srcs\sources_1\imports\Downloads\Lab02_cadet_code\lab2_code_for_cadets_2026\Audio_Codec_Wrapper.vhd:]
WARNING: [filemgmt 56-199] Attempt to get parsing info during refresh. "On-the-fly" syntax checking information may be incorrect. [C:\Users\C27Brandon.Sweitzer\workspace\ece383_wksp\lab2\lab2\lab2.srcs\sources_1\imports\Downloads\Lab02_cadet_code\lab2_code_for_cadets_2026\lab2_datapath.vhdl:]
WARNING: [filemgmt 56-199] Attempt to get parsing info during refresh. "On-the-fly" syntax checking information may be incorrect. [C:\Users\C27Brandon.Sweitzer\workspace\ece383_wksp\lab2\lab2\lab2.srcs\sources_1\imports\Downloads\Lab02_cadet_code\lab2_code_for_cadets_2026\lab2_datapath.vhdl:]
disconnect_hw_server localhost:3121
connect_hw_server -allow_non_jtag
INFO: [Labtools 27-2285] Connecting to hw_server url TCP:localhost:3121
INFO: [Labtools 27-3415] Connecting to cs_server url TCP:localhost:0
INFO: [Labtools 27-3417] Launching cs_server...
INFO: [Labtools 27-2221] Launch Output:


******** Xilinx cs_server v2024.2.0
  ****** Build date   : Oct 30 2024-12:19:07
    **** Build number : 2024.2.1730312347
      ** Copyright 2017-2022 Xilinx, Inc. All Rights Reserved.
      ** Copyright 2022-2026 Advanced Micro Devices, Inc. All Rights Reserved.



connect_hw_server: Time (s): cpu = 00:00:00 ; elapsed = 00:00:10 . Memory (MB): peak = 1209.340 ; gain = 0.000
WARNING: [filemgmt 56-199] Attempt to get parsing info during refresh. "On-the-fly" syntax checking information may be incorrect. [C:\Users\C27Brandon.Sweitzer\workspace\ece383_wksp\lab2\lab2\lab2.srcs\sources_1\imports\Downloads\Lab02_cadet_code\lab2_code_for_cadets_2026\lab2.vhd:]
WARNING: [filemgmt 56-199] Attempt to get parsing info during refresh. "On-the-fly" syntax checking information may be incorrect. [C:\Users\C27Brandon.Sweitzer\workspace\ece383_wksp\lab2\lab2\lab2.srcs\sources_1\imports\Downloads\Lab02_cadet_code\lab2_code_for_cadets_2026\lab2_datapath.vhdl:]
WARNING: [filemgmt 56-199] Attempt to get parsing info during refresh. "On-the-fly" syntax checking information may be incorrect. [C:\Users\C27Brandon.Sweitzer\workspace\ece383_wksp\lab2\lab2\lab2.srcs\sources_1\imports\Downloads\Lab02_cadet_code\lab2_code_for_cadets_2026\audio_init.v:]
WARNING: [filemgmt 56-199] Attempt to get parsing info during refresh. "On-the-fly" syntax checking information may be incorrect. [C:\Users\C27Brandon.Sweitzer\workspace\ece383_wksp\lab2\lab2\lab2.srcs\sources_1\imports\Downloads\Lab02_cadet_code\lab2_code_for_cadets_2026\lab2_fsm.vhdl:]
WARNING: [filemgmt 56-199] Attempt to get parsing info during refresh. "On-the-fly" syntax checking information may be incorrect. [C:\Users\C27Brandon.Sweitzer\workspace\ece383_wksp\lab2\lab2\lab2.srcs\sources_1\imports\Downloads\Lab02_cadet_code\lab2_code_for_cadets_2026\i2s_ctl.vhd:]
WARNING: [filemgmt 56-199] Attempt to get parsing info during refresh. "On-the-fly" syntax checking information may be incorrect. [C:\Users\C27Brandon.Sweitzer\workspace\ece383_wksp\lab2\lab2\lab2.srcs\sources_1\imports\Lab1_Cadet_Code_2026\vga.vhd:]
WARNING: [filemgmt 56-199] Attempt to get parsing info during refresh. "On-the-fly" syntax checking information may be incorrect. [C:\Users\C27Brandon.Sweitzer\workspace\ece383_wksp\lab2\lab2\lab2.srcs\sources_1\new\color_mapper.vhd:]
WARNING: [filemgmt 56-199] Attempt to get parsing info during refresh. "On-the-fly" syntax checking information may be incorrect. [C:\Users\C27Brandon.Sweitzer\workspace\ece383_wksp\lab2\lab2\lab2.srcs\sources_1\imports\Downloads\Lab02_cadet_code\lab2_code_for_cadets_2026\Audio_Codec_Wrapper.vhd:]
WARNING: [filemgmt 56-199] Attempt to get parsing info during refresh. "On-the-fly" syntax checking information may be incorrect. [C:\Users\C27Brandon.Sweitzer\workspace\ece383_wksp\lab2\lab2\lab2.srcs\sources_1\imports\imports\381572701\counter.vhdl:]
WARNING: [filemgmt 56-199] Attempt to get parsing info during refresh. "On-the-fly" syntax checking information may be incorrect. [C:\Users\C27Brandon.Sweitzer\workspace\ece383_wksp\lab2\lab2\lab2.srcs\sources_1\imports\new\lec10.vhdl:]
WARNING: [filemgmt 56-199] Attempt to get parsing info during refresh. "On-the-fly" syntax checking information may be incorrect. [C:\Users\C27Brandon.Sweitzer\workspace\ece383_wksp\lab2\lab2\lab2.srcs\sources_1\new\color_mapper.vhd:]
WARNING: [filemgmt 56-199] Attempt to get parsing info during refresh. "On-the-fly" syntax checking information may be incorrect. [C:\Users\C27Brandon.Sweitzer\workspace\ece383_wksp\lab2\lab2\lab2.srcs\sources_1\new\color_mapper.vhd:]
WARNING: [filemgmt 56-199] Attempt to get parsing info during refresh. "On-the-fly" syntax checking information may be incorrect. [C:\Users\C27Brandon.Sweitzer\workspace\ece383_wksp\lab2\lab2\lab2.srcs\sources_1\imports\Downloads\Lab02_cadet_code\lab2_code_for_cadets_2026\lab2.vhd:]
WARNING: [filemgmt 56-199] Attempt to get parsing info during refresh. "On-the-fly" syntax checking information may be incorrect. [C:\Users\C27Brandon.Sweitzer\workspace\ece383_wksp\lab2\lab2\lab2.srcs\sources_1\imports\Downloads\Lab02_cadet_code\lab2_code_for_cadets_2026\lab2_datapath.vhdl:]
WARNING: [filemgmt 56-199] Attempt to get parsing info during refresh. "On-the-fly" syntax checking information may be incorrect. [C:\Users\C27Brandon.Sweitzer\workspace\ece383_wksp\lab2\lab2\lab2.srcs\sources_1\imports\Downloads\Lab02_cadet_code\lab2_code_for_cadets_2026\audio_init.v:]
WARNING: [filemgmt 56-199] Attempt to get parsing info during refresh. "On-the-fly" syntax checking information may be incorrect. [C:\Users\C27Brandon.Sweitzer\workspace\ece383_wksp\lab2\lab2\lab2.srcs\sources_1\imports\Downloads\Lab02_cadet_code\lab2_code_for_cadets_2026\lab2_fsm.vhdl:]
WARNING: [filemgmt 56-199] Attempt to get parsing info during refresh. "On-the-fly" syntax checking information may be incorrect. [C:\Users\C27Brandon.Sweitzer\workspace\ece383_wksp\lab2\lab2\lab2.srcs\sources_1\imports\Downloads\Lab02_cadet_code\lab2_code_for_cadets_2026\i2s_ctl.vhd:]
WARNING: [filemgmt 56-199] Attempt to get parsing info during refresh. "On-the-fly" syntax checking information may be incorrect. [C:\Users\C27Brandon.Sweitzer\workspace\ece383_wksp\lab2\lab2\lab2.srcs\sources_1\imports\Lab1_Cadet_Code_2026\vga.vhd:]
WARNING: [filemgmt 56-199] Attempt to get parsing info during refresh. "On-the-fly" syntax checking information may be incorrect. [C:\Users\C27Brandon.Sweitzer\workspace\ece383_wksp\lab2\lab2\lab2.srcs\sources_1\new\color_mapper.vhd:]
WARNING: [filemgmt 56-199] Attempt to get parsing info during refresh. "On-the-fly" syntax checking information may be incorrect. [C:\Users\C27Brandon.Sweitzer\workspace\ece383_wksp\lab2\lab2\lab2.srcs\sources_1\imports\Downloads\Lab02_cadet_code\lab2_code_for_cadets_2026\Audio_Codec_Wrapper.vhd:]
WARNING: [filemgmt 56-199] Attempt to get parsing info during refresh. "On-the-fly" syntax checking information may be incorrect. [C:\Users\C27Brandon.Sweitzer\workspace\ece383_wksp\lab2\lab2\lab2.srcs\sources_1\imports\imports\381572701\counter.vhdl:]
WARNING: [filemgmt 56-199] Attempt to get parsing info during refresh. "On-the-fly" syntax checking information may be incorrect. [C:\Users\C27Brandon.Sweitzer\workspace\ece383_wksp\lab2\lab2\lab2.srcs\sources_1\imports\new\lec10.vhdl:]
WARNING: [filemgmt 56-199] Attempt to get parsing info during refresh. "On-the-fly" syntax checking information may be incorrect. [C:\Users\C27Brandon.Sweitzer\workspace\ece383_wksp\lab2\lab2\lab2.srcs\sources_1\imports\Downloads\Lab02_cadet_code\lab2_code_for_cadets_2026\audio_init.v:]
WARNING: [filemgmt 56-199] Attempt to get parsing info during refresh. "On-the-fly" syntax checking information may be incorrect. [C:\Users\C27Brandon.Sweitzer\workspace\ece383_wksp\lab2\lab2\lab2.srcs\sources_1\imports\Downloads\Lab02_cadet_code\lab2_code_for_cadets_2026\audio_init.v:]
WARNING: [filemgmt 56-199] Attempt to get parsing info during refresh. "On-the-fly" syntax checking information may be incorrect. [C:\Users\C27Brandon.Sweitzer\workspace\ece383_wksp\lab2\lab2\lab2.srcs\sources_1\imports\Downloads\Lab02_cadet_code\lab2_code_for_cadets_2026\lab2.vhd:]
WARNING: [filemgmt 56-199] Attempt to get parsing info during refresh. "On-the-fly" syntax checking information may be incorrect. [C:\Users\C27Brandon.Sweitzer\workspace\ece383_wksp\lab2\lab2\lab2.srcs\sources_1\imports\Downloads\Lab02_cadet_code\lab2_code_for_cadets_2026\lab2_datapath.vhdl:]
WARNING: [filemgmt 56-199] Attempt to get parsing info during refresh. "On-the-fly" syntax checking information may be incorrect. [C:\Users\C27Brandon.Sweitzer\workspace\ece383_wksp\lab2\lab2\lab2.srcs\sources_1\imports\Downloads\Lab02_cadet_code\lab2_code_for_cadets_2026\audio_init.v:]
WARNING: [filemgmt 56-199] Attempt to get parsing info during refresh. "On-the-fly" syntax checking information may be incorrect. [C:\Users\C27Brandon.Sweitzer\workspace\ece383_wksp\lab2\lab2\lab2.srcs\sources_1\imports\Downloads\Lab02_cadet_code\lab2_code_for_cadets_2026\lab2_fsm.vhdl:]
WARNING: [filemgmt 56-199] Attempt to get parsing info during refresh. "On-the-fly" syntax checking information may be incorrect. [C:\Users\C27Brandon.Sweitzer\workspace\ece383_wksp\lab2\lab2\lab2.srcs\sources_1\imports\Downloads\Lab02_cadet_code\lab2_code_for_cadets_2026\i2s_ctl.vhd:]
WARNING: [filemgmt 56-199] Attempt to get parsing info during refresh. "On-the-fly" syntax checking information may be incorrect. [C:\Users\C27Brandon.Sweitzer\workspace\ece383_wksp\lab2\lab2\lab2.srcs\sources_1\imports\Lab1_Cadet_Code_2026\vga.vhd:]
WARNING: [filemgmt 56-199] Attempt to get parsing info during refresh. "On-the-fly" syntax checking information may be incorrect. [C:\Users\C27Brandon.Sweitzer\workspace\ece383_wksp\lab2\lab2\lab2.srcs\sources_1\new\color_mapper.vhd:]
WARNING: [filemgmt 56-199] Attempt to get parsing info during refresh. "On-the-fly" syntax checking information may be incorrect. [C:\Users\C27Brandon.Sweitzer\workspace\ece383_wksp\lab2\lab2\lab2.srcs\sources_1\imports\Downloads\Lab02_cadet_code\lab2_code_for_cadets_2026\Audio_Codec_Wrapper.vhd:]
WARNING: [filemgmt 56-199] Attempt to get parsing info during refresh. "On-the-fly" syntax checking information may be incorrect. [C:\Users\C27Brandon.Sweitzer\workspace\ece383_wksp\lab2\lab2\lab2.srcs\sources_1\imports\imports\381572701\counter.vhdl:]
WARNING: [filemgmt 56-199] Attempt to get parsing info during refresh. "On-the-fly" syntax checking information may be incorrect. [C:\Users\C27Brandon.Sweitzer\workspace\ece383_wksp\lab2\lab2\lab2.srcs\sources_1\imports\new\lec10.vhdl:]
WARNING: [filemgmt 56-199] Attempt to get parsing info during refresh. "On-the-fly" syntax checking information may be incorrect. [C:\Users\C27Brandon.Sweitzer\workspace\ece383_wksp\lab2\lab2\lab2.srcs\sources_1\imports\Downloads\Lab02_cadet_code\lab2_code_for_cadets_2026\lab2_fsm.vhdl:]
WARNING: [filemgmt 56-199] Attempt to get parsing info during refresh. "On-the-fly" syntax checking information may be incorrect. [C:\Users\C27Brandon.Sweitzer\workspace\ece383_wksp\lab2\lab2\lab2.srcs\sources_1\imports\Downloads\Lab02_cadet_code\lab2_code_for_cadets_2026\lab2_fsm.vhdl:]
WARNING: [filemgmt 56-199] Attempt to get parsing info during refresh. "On-the-fly" syntax checking information may be incorrect. [C:\Users\C27Brandon.Sweitzer\workspace\ece383_wksp\lab2\lab2\lab2.srcs\sources_1\imports\Downloads\Lab02_cadet_code\lab2_code_for_cadets_2026\lab2.vhd:]
WARNING: [filemgmt 56-199] Attempt to get parsing info during refresh. "On-the-fly" syntax checking information may be incorrect. [C:\Users\C27Brandon.Sweitzer\workspace\ece383_wksp\lab2\lab2\lab2.srcs\sources_1\imports\Downloads\Lab02_cadet_code\lab2_code_for_cadets_2026\lab2_datapath.vhdl:]
WARNING: [filemgmt 56-199] Attempt to get parsing info during refresh. "On-the-fly" syntax checking information may be incorrect. [C:\Users\C27Brandon.Sweitzer\workspace\ece383_wksp\lab2\lab2\lab2.srcs\sources_1\imports\Downloads\Lab02_cadet_code\lab2_code_for_cadets_2026\audio_init.v:]
WARNING: [filemgmt 56-199] Attempt to get parsing info during refresh. "On-the-fly" syntax checking information may be incorrect. [C:\Users\C27Brandon.Sweitzer\workspace\ece383_wksp\lab2\lab2\lab2.srcs\sources_1\imports\Downloads\Lab02_cadet_code\lab2_code_for_cadets_2026\lab2_fsm.vhdl:]
WARNING: [filemgmt 56-199] Attempt to get parsing info during refresh. "On-the-fly" syntax checking information may be incorrect. [C:\Users\C27Brandon.Sweitzer\workspace\ece383_wksp\lab2\lab2\lab2.srcs\sources_1\imports\Downloads\Lab02_cadet_code\lab2_code_for_cadets_2026\i2s_ctl.vhd:]
WARNING: [filemgmt 56-199] Attempt to get parsing info during refresh. "On-the-fly" syntax checking information may be incorrect. [C:\Users\C27Brandon.Sweitzer\workspace\ece383_wksp\lab2\lab2\lab2.srcs\sources_1\imports\Lab1_Cadet_Code_2026\vga.vhd:]
WARNING: [filemgmt 56-199] Attempt to get parsing info during refresh. "On-the-fly" syntax checking information may be incorrect. [C:\Users\C27Brandon.Sweitzer\workspace\ece383_wksp\lab2\lab2\lab2.srcs\sources_1\new\color_mapper.vhd:]
WARNING: [filemgmt 56-199] Attempt to get parsing info during refresh. "On-the-fly" syntax checking information may be incorrect. [C:\Users\C27Brandon.Sweitzer\workspace\ece383_wksp\lab2\lab2\lab2.srcs\sources_1\imports\Downloads\Lab02_cadet_code\lab2_code_for_cadets_2026\Audio_Codec_Wrapper.vhd:]
WARNING: [filemgmt 56-199] Attempt to get parsing info during refresh. "On-the-fly" syntax checking information may be incorrect. [C:\Users\C27Brandon.Sweitzer\workspace\ece383_wksp\lab2\lab2\lab2.srcs\sources_1\imports\imports\381572701\counter.vhdl:]
WARNING: [filemgmt 56-199] Attempt to get parsing info during refresh. "On-the-fly" syntax checking information may be incorrect. [C:\Users\C27Brandon.Sweitzer\workspace\ece383_wksp\lab2\lab2\lab2.srcs\sources_1\imports\new\lec10.vhdl:]
WARNING: [filemgmt 56-199] Attempt to get parsing info during refresh. "On-the-fly" syntax checking information may be incorrect. [C:\Users\C27Brandon.Sweitzer\workspace\ece383_wksp\lab2\lab2\lab2.srcs\sources_1\imports\imports\381572701\counter.vhdl:]
WARNING: [filemgmt 56-199] Attempt to get parsing info during refresh. "On-the-fly" syntax checking information may be incorrect. [C:\Users\C27Brandon.Sweitzer\workspace\ece383_wksp\lab2\lab2\lab2.srcs\sources_1\imports\imports\381572701\counter.vhdl:]
WARNING: [filemgmt 56-199] Attempt to get parsing info during refresh. "On-the-fly" syntax checking information may be incorrect. [C:\Users\C27Brandon.Sweitzer\workspace\ece383_wksp\lab2\lab2\lab2.srcs\sources_1\imports\Downloads\Lab02_cadet_code\lab2_code_for_cadets_2026\lab2.vhd:]
WARNING: [filemgmt 56-199] Attempt to get parsing info during refresh. "On-the-fly" syntax checking information may be incorrect. [C:\Users\C27Brandon.Sweitzer\workspace\ece383_wksp\lab2\lab2\lab2.srcs\sources_1\imports\Downloads\Lab02_cadet_code\lab2_code_for_cadets_2026\lab2_datapath.vhdl:]
WARNING: [filemgmt 56-199] Attempt to get parsing info during refresh. "On-the-fly" syntax checking information may be incorrect. [C:\Users\C27Brandon.Sweitzer\workspace\ece383_wksp\lab2\lab2\lab2.srcs\sources_1\imports\Downloads\Lab02_cadet_code\lab2_code_for_cadets_2026\audio_init.v:]
WARNING: [filemgmt 56-199] Attempt to get parsing info during refresh. "On-the-fly" syntax checking information may be incorrect. [C:\Users\C27Brandon.Sweitzer\workspace\ece383_wksp\lab2\lab2\lab2.srcs\sources_1\imports\Downloads\Lab02_cadet_code\lab2_code_for_cadets_2026\lab2_fsm.vhdl:]
WARNING: [filemgmt 56-199] Attempt to get parsing info during refresh. "On-the-fly" syntax checking information may be incorrect. [C:\Users\C27Brandon.Sweitzer\workspace\ece383_wksp\lab2\lab2\lab2.srcs\sources_1\imports\Downloads\Lab02_cadet_code\lab2_code_for_cadets_2026\i2s_ctl.vhd:]
WARNING: [filemgmt 56-199] Attempt to get parsing info during refresh. "On-the-fly" syntax checking information may be incorrect. [C:\Users\C27Brandon.Sweitzer\workspace\ece383_wksp\lab2\lab2\lab2.srcs\sources_1\imports\Lab1_Cadet_Code_2026\vga.vhd:]
WARNING: [filemgmt 56-199] Attempt to get parsing info during refresh. "On-the-fly" syntax checking information may be incorrect. [C:\Users\C27Brandon.Sweitzer\workspace\ece383_wksp\lab2\lab2\lab2.srcs\sources_1\new\color_mapper.vhd:]
WARNING: [filemgmt 56-199] Attempt to get parsing info during refresh. "On-the-fly" syntax checking information may be incorrect. [C:\Users\C27Brandon.Sweitzer\workspace\ece383_wksp\lab2\lab2\lab2.srcs\sources_1\imports\Downloads\Lab02_cadet_code\lab2_code_for_cadets_2026\Audio_Codec_Wrapper.vhd:]
WARNING: [filemgmt 56-199] Attempt to get parsing info during refresh. "On-the-fly" syntax checking information may be incorrect. [C:\Users\C27Brandon.Sweitzer\workspace\ece383_wksp\lab2\lab2\lab2.srcs\sources_1\imports\imports\381572701\counter.vhdl:]
WARNING: [filemgmt 56-199] Attempt to get parsing info during refresh. "On-the-fly" syntax checking information may be incorrect. [C:\Users\C27Brandon.Sweitzer\workspace\ece383_wksp\lab2\lab2\lab2.srcs\sources_1\imports\new\lec10.vhdl:]
WARNING: [filemgmt 56-199] Attempt to get parsing info during refresh. "On-the-fly" syntax checking information may be incorrect. [C:\Users\C27Brandon.Sweitzer\workspace\ece383_wksp\lab2\lab2\lab2.srcs\sources_1\imports\Lab1_Cadet_Code_2026\vga.vhd:]
WARNING: [filemgmt 56-199] Attempt to get parsing info during refresh. "On-the-fly" syntax checking information may be incorrect. [C:\Users\C27Brandon.Sweitzer\workspace\ece383_wksp\lab2\lab2\lab2.srcs\sources_1\imports\Lab1_Cadet_Code_2026\vga.vhd:]
WARNING: [filemgmt 56-199] Attempt to get parsing info during refresh. "On-the-fly" syntax checking information may be incorrect. [C:\Users\C27Brandon.Sweitzer\workspace\ece383_wksp\lab2\lab2\lab2.srcs\sources_1\imports\Downloads\Lab02_cadet_code\lab2_code_for_cadets_2026\lab2.vhd:]
WARNING: [filemgmt 56-199] Attempt to get parsing info during refresh. "On-the-fly" syntax checking information may be incorrect. [C:\Users\C27Brandon.Sweitzer\workspace\ece383_wksp\lab2\lab2\lab2.srcs\sources_1\imports\Downloads\Lab02_cadet_code\lab2_code_for_cadets_2026\lab2_datapath.vhdl:]
WARNING: [filemgmt 56-199] Attempt to get parsing info during refresh. "On-the-fly" syntax checking information may be incorrect. [C:\Users\C27Brandon.Sweitzer\workspace\ece383_wksp\lab2\lab2\lab2.srcs\sources_1\imports\new\button_debounce.vhdl:]
WARNING: [filemgmt 56-199] Attempt to get parsing info during refresh. "On-the-fly" syntax checking information may be incorrect. [C:\Users\C27Brandon.Sweitzer\workspace\ece383_wksp\lab2\lab2\lab2.srcs\sources_1\imports\Downloads\Lab02_cadet_code\lab2_code_for_cadets_2026\audio_init.v:]
WARNING: [filemgmt 56-199] Attempt to get parsing info during refresh. "On-the-fly" syntax checking information may be incorrect. [C:\Users\C27Brandon.Sweitzer\workspace\ece383_wksp\lab2\lab2\lab2.srcs\sources_1\imports\Downloads\Lab02_cadet_code\lab2_code_for_cadets_2026\lab2_fsm.vhdl:]
WARNING: [filemgmt 56-199] Attempt to get parsing info during refresh. "On-the-fly" syntax checking information may be incorrect. [C:\Users\C27Brandon.Sweitzer\workspace\ece383_wksp\lab2\lab2\lab2.srcs\sources_1\imports\Downloads\Lab02_cadet_code\lab2_code_for_cadets_2026\i2s_ctl.vhd:]
WARNING: [filemgmt 56-199] Attempt to get parsing info during refresh. "On-the-fly" syntax checking information may be incorrect. [C:\Users\C27Brandon.Sweitzer\workspace\ece383_wksp\lab2\lab2\lab2.srcs\sources_1\imports\Lab1_Cadet_Code_2026\vga.vhd:]
WARNING: [filemgmt 56-199] Attempt to get parsing info during refresh. "On-the-fly" syntax checking information may be incorrect. [C:\Users\C27Brandon.Sweitzer\workspace\ece383_wksp\lab2\lab2\lab2.srcs\sources_1\new\color_mapper.vhd:]
WARNING: [filemgmt 56-199] Attempt to get parsing info during refresh. "On-the-fly" syntax checking information may be incorrect. [C:\Users\C27Brandon.Sweitzer\workspace\ece383_wksp\lab2\lab2\lab2.srcs\sources_1\imports\Downloads\Lab02_cadet_code\lab2_code_for_cadets_2026\Audio_Codec_Wrapper.vhd:]
WARNING: [filemgmt 56-199] Attempt to get parsing info during refresh. "On-the-fly" syntax checking information may be incorrect. [C:\Users\C27Brandon.Sweitzer\workspace\ece383_wksp\lab2\lab2\lab2.srcs\sources_1\imports\imports\381572701\counter.vhdl:]
WARNING: [filemgmt 56-199] Attempt to get parsing info during refresh. "On-the-fly" syntax checking information may be incorrect. [C:\Users\C27Brandon.Sweitzer\workspace\ece383_wksp\lab2\lab2\lab2.srcs\sources_1\imports\new\lec10.vhdl:]
WARNING: [filemgmt 56-199] Attempt to get parsing info during refresh. "On-the-fly" syntax checking information may be incorrect. [C:\Users\C27Brandon.Sweitzer\workspace\ece383_wksp\lab2\lab2\lab2.srcs\sources_1\imports\Downloads\Lab02_cadet_code\lab2_code_for_cadets_2026\Audio_Codec_Wrapper.vhd:]
WARNING: [filemgmt 56-199] Attempt to get parsing info during refresh. "On-the-fly" syntax checking information may be incorrect. [C:\Users\C27Brandon.Sweitzer\workspace\ece383_wksp\lab2\lab2\lab2.srcs\sources_1\imports\Downloads\Lab02_cadet_code\lab2_code_for_cadets_2026\Audio_Codec_Wrapper.vhd:]
WARNING: [filemgmt 56-199] Attempt to get parsing info during refresh. "On-the-fly" syntax checking information may be incorrect. [C:\Users\C27Brandon.Sweitzer\workspace\ece383_wksp\lab2\lab2\lab2.srcs\sources_1\imports\Downloads\Lab02_cadet_code\lab2_code_for_cadets_2026\lab2.vhd:]
WARNING: [filemgmt 56-199] Attempt to get parsing info during refresh. "On-the-fly" syntax checking information may be incorrect. [C:\Users\C27Brandon.Sweitzer\workspace\ece383_wksp\lab2\lab2\lab2.srcs\sources_1\imports\Downloads\Lab02_cadet_code\lab2_code_for_cadets_2026\lab2_datapath.vhdl:]
WARNING: [filemgmt 56-199] Attempt to get parsing info during refresh. "On-the-fly" syntax checking information may be incorrect. [C:\Users\C27Brandon.Sweitzer\workspace\ece383_wksp\lab2\lab2\lab2.srcs\sources_1\imports\new\button_debounce.vhdl:]
WARNING: [filemgmt 56-199] Attempt to get parsing info during refresh. "On-the-fly" syntax checking information may be incorrect. [C:\Users\C27Brandon.Sweitzer\workspace\ece383_wksp\lab2\lab2\lab2.srcs\sources_1\imports\Downloads\Lab02_cadet_code\lab2_code_for_cadets_2026\audio_init.v:]
WARNING: [filemgmt 56-199] Attempt to get parsing info during refresh. "On-the-fly" syntax checking information may be incorrect. [C:\Users\C27Brandon.Sweitzer\workspace\ece383_wksp\lab2\lab2\lab2.srcs\sources_1\imports\Downloads\Lab02_cadet_code\lab2_code_for_cadets_2026\lab2_fsm.vhdl:]
WARNING: [filemgmt 56-199] Attempt to get parsing info during refresh. "On-the-fly" syntax checking information may be incorrect. [C:\Users\C27Brandon.Sweitzer\workspace\ece383_wksp\lab2\lab2\lab2.srcs\sources_1\imports\Downloads\Lab02_cadet_code\lab2_code_for_cadets_2026\i2s_ctl.vhd:]
WARNING: [filemgmt 56-199] Attempt to get parsing info during refresh. "On-the-fly" syntax checking information may be incorrect. [C:\Users\C27Brandon.Sweitzer\workspace\ece383_wksp\lab2\lab2\lab2.srcs\sources_1\imports\Lab1_Cadet_Code_2026\vga.vhd:]
WARNING: [filemgmt 56-199] Attempt to get parsing info during refresh. "On-the-fly" syntax checking information may be incorrect. [C:\Users\C27Brandon.Sweitzer\workspace\ece383_wksp\lab2\lab2\lab2.srcs\sources_1\new\color_mapper.vhd:]
WARNING: [filemgmt 56-199] Attempt to get parsing info during refresh. "On-the-fly" syntax checking information may be incorrect. [C:\Users\C27Brandon.Sweitzer\workspace\ece383_wksp\lab2\lab2\lab2.srcs\sources_1\imports\Downloads\Lab02_cadet_code\lab2_code_for_cadets_2026\Audio_Codec_Wrapper.vhd:]
WARNING: [filemgmt 56-199] Attempt to get parsing info during refresh. "On-the-fly" syntax checking information may be incorrect. [C:\Users\C27Brandon.Sweitzer\workspace\ece383_wksp\lab2\lab2\lab2.srcs\sources_1\imports\imports\381572701\counter.vhdl:]
WARNING: [filemgmt 56-199] Attempt to get parsing info during refresh. "On-the-fly" syntax checking information may be incorrect. [C:\Users\C27Brandon.Sweitzer\workspace\ece383_wksp\lab2\lab2\lab2.srcs\sources_1\imports\new\lec10.vhdl:]
WARNING: [filemgmt 56-199] Attempt to get parsing info during refresh. "On-the-fly" syntax checking information may be incorrect. [C:\Users\C27Brandon.Sweitzer\workspace\ece383_wksp\lab2\lab2\lab2.srcs\sources_1\imports\Downloads\Lab02_cadet_code\lab2_code_for_cadets_2026\i2s_ctl.vhd:]
WARNING: [filemgmt 56-199] Attempt to get parsing info during refresh. "On-the-fly" syntax checking information may be incorrect. [C:\Users\C27Brandon.Sweitzer\workspace\ece383_wksp\lab2\lab2\lab2.srcs\sources_1\imports\Downloads\Lab02_cadet_code\lab2_code_for_cadets_2026\i2s_ctl.vhd:]
WARNING: [filemgmt 56-199] Attempt to get parsing info during refresh. "On-the-fly" syntax checking information may be incorrect. [C:\Users\C27Brandon.Sweitzer\workspace\ece383_wksp\lab2\lab2\lab2.srcs\sources_1\imports\Downloads\Lab02_cadet_code\lab2_code_for_cadets_2026\lab2.vhd:]
WARNING: [filemgmt 56-199] Attempt to get parsing info during refresh. "On-the-fly" syntax checking information may be incorrect. [C:\Users\C27Brandon.Sweitzer\workspace\ece383_wksp\lab2\lab2\lab2.srcs\sources_1\imports\Downloads\Lab02_cadet_code\lab2_code_for_cadets_2026\lab2_datapath.vhdl:]
WARNING: [filemgmt 56-199] Attempt to get parsing info during refresh. "On-the-fly" syntax checking information may be incorrect. [C:\Users\C27Brandon.Sweitzer\workspace\ece383_wksp\lab2\lab2\lab2.srcs\sources_1\imports\new\button_debounce.vhdl:]
WARNING: [filemgmt 56-199] Attempt to get parsing info during refresh. "On-the-fly" syntax checking information may be incorrect. [C:\Users\C27Brandon.Sweitzer\workspace\ece383_wksp\lab2\lab2\lab2.srcs\sources_1\imports\Downloads\Lab02_cadet_code\lab2_code_for_cadets_2026\audio_init.v:]
WARNING: [filemgmt 56-199] Attempt to get parsing info during refresh. "On-the-fly" syntax checking information may be incorrect. [C:\Users\C27Brandon.Sweitzer\workspace\ece383_wksp\lab2\lab2\lab2.srcs\sources_1\imports\Downloads\Lab02_cadet_code\lab2_code_for_cadets_2026\lab2_fsm.vhdl:]
WARNING: [filemgmt 56-199] Attempt to get parsing info during refresh. "On-the-fly" syntax checking information may be incorrect. [C:\Users\C27Brandon.Sweitzer\workspace\ece383_wksp\lab2\lab2\lab2.srcs\sources_1\imports\Downloads\Lab02_cadet_code\lab2_code_for_cadets_2026\i2s_ctl.vhd:]
WARNING: [filemgmt 56-199] Attempt to get parsing info during refresh. "On-the-fly" syntax checking information may be incorrect. [C:\Users\C27Brandon.Sweitzer\workspace\ece383_wksp\lab2\lab2\lab2.srcs\sources_1\imports\Lab1_Cadet_Code_2026\vga.vhd:]
WARNING: [filemgmt 56-199] Attempt to get parsing info during refresh. "On-the-fly" syntax checking information may be incorrect. [C:\Users\C27Brandon.Sweitzer\workspace\ece383_wksp\lab2\lab2\lab2.srcs\sources_1\new\color_mapper.vhd:]
WARNING: [filemgmt 56-199] Attempt to get parsing info during refresh. "On-the-fly" syntax checking information may be incorrect. [C:\Users\C27Brandon.Sweitzer\workspace\ece383_wksp\lab2\lab2\lab2.srcs\sources_1\imports\Downloads\Lab02_cadet_code\lab2_code_for_cadets_2026\Audio_Codec_Wrapper.vhd:]
WARNING: [filemgmt 56-199] Attempt to get parsing info during refresh. "On-the-fly" syntax checking information may be incorrect. [C:\Users\C27Brandon.Sweitzer\workspace\ece383_wksp\lab2\lab2\lab2.srcs\sources_1\imports\imports\381572701\counter.vhdl:]
WARNING: [filemgmt 56-199] Attempt to get parsing info during refresh. "On-the-fly" syntax checking information may be incorrect. [C:\Users\C27Brandon.Sweitzer\workspace\ece383_wksp\lab2\lab2\lab2.srcs\sources_1\imports\new\lec10.vhdl:]
WARNING: [filemgmt 56-199] Attempt to get parsing info during refresh. "On-the-fly" syntax checking information may be incorrect. [C:\Users\C27Brandon.Sweitzer\workspace\ece383_wksp\lab2\lab2\lab2.srcs\sources_1\imports\new\lec10.vhdl:]
WARNING: [filemgmt 56-199] Attempt to get parsing info during refresh. "On-the-fly" syntax checking information may be incorrect. [C:\Users\C27Brandon.Sweitzer\workspace\ece383_wksp\lab2\lab2\lab2.srcs\sources_1\imports\new\lec10.vhdl:]
WARNING: [filemgmt 56-199] Attempt to get parsing info during refresh. "On-the-fly" syntax checking information may be incorrect. [C:\Users\C27Brandon.Sweitzer\workspace\ece383_wksp\lab2\lab2\lab2.srcs\sources_1\imports\Downloads\Lab02_cadet_code\lab2_code_for_cadets_2026\lab2.vhd:]
INFO: [Common 17-14] Message 'filemgmt 56-199' appears 100 times and further instances of the messages will be disabled. Use the Tcl command set_msg_config to change the current settings.
ERROR: [Common 17-180] Spawn failed: No error
update_compile_order -fileset sources_1
WARNING: [filemgmt 56-199] Attempt to get parsing info during refresh. "On-the-fly" syntax checking information may be incorrect. [C:\Users\C27Brandon.Sweitzer\workspace\ece383_wksp\lab2\lab2\lab2.srcs\sources_1\imports\Downloads\Lab02_cadet_code\lab2_code_for_cadets_2026\lab2.vhd:]
WARNING: [filemgmt 56-199] Attempt to get parsing info during refresh. "On-the-fly" syntax checking information may be incorrect. [C:\Users\C27Brandon.Sweitzer\workspace\ece383_wksp\lab2\lab2\lab2.srcs\sources_1\imports\Downloads\Lab02_cadet_code\lab2_code_for_cadets_2026\lab2_datapath.vhdl:]
WARNING: [filemgmt 56-199] Attempt to get parsing info during refresh. "On-the-fly" syntax checking information may be incorrect. [C:\Users\C27Brandon.Sweitzer\workspace\ece383_wksp\lab2\lab2\lab2.srcs\sources_1\imports\new\button_debounce.vhdl:]
WARNING: [filemgmt 56-199] Attempt to get parsing info during refresh. "On-the-fly" syntax checking information may be incorrect. [C:\Users\C27Brandon.Sweitzer\workspace\ece383_wksp\lab2\lab2\lab2.srcs\sources_1\imports\Downloads\Lab02_cadet_code\lab2_code_for_cadets_2026\audio_init.v:]
WARNING: [filemgmt 56-199] Attempt to get parsing info during refresh. "On-the-fly" syntax checking information may be incorrect. [C:\Users\C27Brandon.Sweitzer\workspace\ece383_wksp\lab2\lab2\lab2.srcs\sources_1\imports\Downloads\Lab02_cadet_code\lab2_code_for_cadets_2026\lab2_fsm.vhdl:]
WARNING: [filemgmt 56-199] Attempt to get parsing info during refresh. "On-the-fly" syntax checking information may be incorrect. [C:\Users\C27Brandon.Sweitzer\workspace\ece383_wksp\lab2\lab2\lab2.srcs\sources_1\imports\Downloads\Lab02_cadet_code\lab2_code_for_cadets_2026\i2s_ctl.vhd:]
WARNING: [filemgmt 56-199] Attempt to get parsing info during refresh. "On-the-fly" syntax checking information may be incorrect. [C:\Users\C27Brandon.Sweitzer\workspace\ece383_wksp\lab2\lab2\lab2.srcs\sources_1\imports\Lab1_Cadet_Code_2026\vga.vhd:]
WARNING: [filemgmt 56-199] Attempt to get parsing info during refresh. "On-the-fly" syntax checking information may be incorrect. [C:\Users\C27Brandon.Sweitzer\workspace\ece383_wksp\lab2\lab2\lab2.srcs\sources_1\new\color_mapper.vhd:]
WARNING: [filemgmt 56-199] Attempt to get parsing info during refresh. "On-the-fly" syntax checking information may be incorrect. [C:\Users\C27Brandon.Sweitzer\workspace\ece383_wksp\lab2\lab2\lab2.srcs\sources_1\imports\Downloads\Lab02_cadet_code\lab2_code_for_cadets_2026\Audio_Codec_Wrapper.vhd:]
WARNING: [filemgmt 56-199] Attempt to get parsing info during refresh. "On-the-fly" syntax checking information may be incorrect. [C:\Users\C27Brandon.Sweitzer\workspace\ece383_wksp\lab2\lab2\lab2.srcs\sources_1\imports\imports\381572701\counter.vhdl:]
WARNING: [filemgmt 56-199] Attempt to get parsing info during refresh. "On-the-fly" syntax checking information may be incorrect. [C:\Users\C27Brandon.Sweitzer\workspace\ece383_wksp\lab2\lab2\lab2.srcs\sources_1\imports\new\lec10.vhdl:]
WARNING: [filemgmt 56-199] Attempt to get parsing info during refresh. "On-the-fly" syntax checking information may be incorrect. [C:\Users\C27Brandon.Sweitzer\workspace\ece383_wksp\lab2\lab2\lab2.srcs\sources_1\new\color_mapper.vhd:]
WARNING: [filemgmt 56-199] Attempt to get parsing info during refresh. "On-the-fly" syntax checking information may be incorrect. [C:\Users\C27Brandon.Sweitzer\workspace\ece383_wksp\lab2\lab2\lab2.srcs\sources_1\new\color_mapper.vhd:]
WARNING: [filemgmt 56-199] Attempt to get parsing info during refresh. "On-the-fly" syntax checking information may be incorrect. [C:\Users\C27Brandon.Sweitzer\workspace\ece383_wksp\lab2\lab2\lab2.srcs\sources_1\imports\Downloads\Lab02_cadet_code\lab2_code_for_cadets_2026\lab2.vhd:]
WARNING: [filemgmt 56-199] Attempt to get parsing info during refresh. "On-the-fly" syntax checking information may be incorrect. [C:\Users\C27Brandon.Sweitzer\workspace\ece383_wksp\lab2\lab2\lab2.srcs\sources_1\imports\Downloads\Lab02_cadet_code\lab2_code_for_cadets_2026\lab2_datapath.vhdl:]
WARNING: [filemgmt 56-199] Attempt to get parsing info during refresh. "On-the-fly" syntax checking information may be incorrect. [C:\Users\C27Brandon.Sweitzer\workspace\ece383_wksp\lab2\lab2\lab2.srcs\sources_1\imports\new\button_debounce.vhdl:]
WARNING: [filemgmt 56-199] Attempt to get parsing info during refresh. "On-the-fly" syntax checking information may be incorrect. [C:\Users\C27Brandon.Sweitzer\workspace\ece383_wksp\lab2\lab2\lab2.srcs\sources_1\imports\Downloads\Lab02_cadet_code\lab2_code_for_cadets_2026\audio_init.v:]
WARNING: [filemgmt 56-199] Attempt to get parsing info during refresh. "On-the-fly" syntax checking information may be incorrect. [C:\Users\C27Brandon.Sweitzer\workspace\ece383_wksp\lab2\lab2\lab2.srcs\sources_1\imports\Downloads\Lab02_cadet_code\lab2_code_for_cadets_2026\lab2_fsm.vhdl:]
WARNING: [filemgmt 56-199] Attempt to get parsing info during refresh. "On-the-fly" syntax checking information may be incorrect. [C:\Users\C27Brandon.Sweitzer\workspace\ece383_wksp\lab2\lab2\lab2.srcs\sources_1\imports\Downloads\Lab02_cadet_code\lab2_code_for_cadets_2026\i2s_ctl.vhd:]
WARNING: [filemgmt 56-199] Attempt to get parsing info during refresh. "On-the-fly" syntax checking information may be incorrect. [C:\Users\C27Brandon.Sweitzer\workspace\ece383_wksp\lab2\lab2\lab2.srcs\sources_1\imports\Lab1_Cadet_Code_2026\vga.vhd:]
WARNING: [filemgmt 56-199] Attempt to get parsing info during refresh. "On-the-fly" syntax checking information may be incorrect. [C:\Users\C27Brandon.Sweitzer\workspace\ece383_wksp\lab2\lab2\lab2.srcs\sources_1\new\color_mapper.vhd:]
WARNING: [filemgmt 56-199] Attempt to get parsing info during refresh. "On-the-fly" syntax checking information may be incorrect. [C:\Users\C27Brandon.Sweitzer\workspace\ece383_wksp\lab2\lab2\lab2.srcs\sources_1\imports\Downloads\Lab02_cadet_code\lab2_code_for_cadets_2026\Audio_Codec_Wrapper.vhd:]
WARNING: [filemgmt 56-199] Attempt to get parsing info during refresh. "On-the-fly" syntax checking information may be incorrect. [C:\Users\C27Brandon.Sweitzer\workspace\ece383_wksp\lab2\lab2\lab2.srcs\sources_1\imports\imports\381572701\counter.vhdl:]
WARNING: [filemgmt 56-199] Attempt to get parsing info during refresh. "On-the-fly" syntax checking information may be incorrect. [C:\Users\C27Brandon.Sweitzer\workspace\ece383_wksp\lab2\lab2\lab2.srcs\sources_1\imports\new\lec10.vhdl:]
WARNING: [filemgmt 56-199] Attempt to get parsing info during refresh. "On-the-fly" syntax checking information may be incorrect. [C:\Users\C27Brandon.Sweitzer\workspace\ece383_wksp\lab2\lab2\lab2.srcs\sources_1\imports\Downloads\Lab02_cadet_code\lab2_code_for_cadets_2026\Audio_Codec_Wrapper.vhd:]
WARNING: [filemgmt 56-199] Attempt to get parsing info during refresh. "On-the-fly" syntax checking information may be incorrect. [C:\Users\C27Brandon.Sweitzer\workspace\ece383_wksp\lab2\lab2\lab2.srcs\sources_1\imports\Downloads\Lab02_cadet_code\lab2_code_for_cadets_2026\Audio_Codec_Wrapper.vhd:]
WARNING: [filemgmt 56-199] Attempt to get parsing info during refresh. "On-the-fly" syntax checking information may be incorrect. [C:\Users\C27Brandon.Sweitzer\workspace\ece383_wksp\lab2\lab2\lab2.srcs\sources_1\imports\Downloads\Lab02_cadet_code\lab2_code_for_cadets_2026\lab2.vhd:]
WARNING: [filemgmt 56-199] Attempt to get parsing info during refresh. "On-the-fly" syntax checking information may be incorrect. [C:\Users\C27Brandon.Sweitzer\workspace\ece383_wksp\lab2\lab2\lab2.srcs\sources_1\imports\Downloads\Lab02_cadet_code\lab2_code_for_cadets_2026\lab2_datapath.vhdl:]
WARNING: [filemgmt 56-199] Attempt to get parsing info during refresh. "On-the-fly" syntax checking information may be incorrect. [C:\Users\C27Brandon.Sweitzer\workspace\ece383_wksp\lab2\lab2\lab2.srcs\sources_1\imports\new\button_debounce.vhdl:]
WARNING: [filemgmt 56-199] Attempt to get parsing info during refresh. "On-the-fly" syntax checking information may be incorrect. [C:\Users\C27Brandon.Sweitzer\workspace\ece383_wksp\lab2\lab2\lab2.srcs\sources_1\imports\Downloads\Lab02_cadet_code\lab2_code_for_cadets_2026\audio_init.v:]
WARNING: [filemgmt 56-199] Attempt to get parsing info during refresh. "On-the-fly" syntax checking information may be incorrect. [C:\Users\C27Brandon.Sweitzer\workspace\ece383_wksp\lab2\lab2\lab2.srcs\sources_1\imports\Downloads\Lab02_cadet_code\lab2_code_for_cadets_2026\lab2_fsm.vhdl:]
WARNING: [filemgmt 56-199] Attempt to get parsing info during refresh. "On-the-fly" syntax checking information may be incorrect. [C:\Users\C27Brandon.Sweitzer\workspace\ece383_wksp\lab2\lab2\lab2.srcs\sources_1\imports\Downloads\Lab02_cadet_code\lab2_code_for_cadets_2026\i2s_ctl.vhd:]
WARNING: [filemgmt 56-199] Attempt to get parsing info during refresh. "On-the-fly" syntax checking information may be incorrect. [C:\Users\C27Brandon.Sweitzer\workspace\ece383_wksp\lab2\lab2\lab2.srcs\sources_1\imports\Lab1_Cadet_Code_2026\vga.vhd:]
WARNING: [filemgmt 56-199] Attempt to get parsing info during refresh. "On-the-fly" syntax checking information may be incorrect. [C:\Users\C27Brandon.Sweitzer\workspace\ece383_wksp\lab2\lab2\lab2.srcs\sources_1\new\color_mapper.vhd:]
WARNING: [filemgmt 56-199] Attempt to get parsing info during refresh. "On-the-fly" syntax checking information may be incorrect. [C:\Users\C27Brandon.Sweitzer\workspace\ece383_wksp\lab2\lab2\lab2.srcs\sources_1\imports\Downloads\Lab02_cadet_code\lab2_code_for_cadets_2026\Audio_Codec_Wrapper.vhd:]
WARNING: [filemgmt 56-199] Attempt to get parsing info during refresh. "On-the-fly" syntax checking information may be incorrect. [C:\Users\C27Brandon.Sweitzer\workspace\ece383_wksp\lab2\lab2\lab2.srcs\sources_1\imports\imports\381572701\counter.vhdl:]
WARNING: [filemgmt 56-199] Attempt to get parsing info during refresh. "On-the-fly" syntax checking information may be incorrect. [C:\Users\C27Brandon.Sweitzer\workspace\ece383_wksp\lab2\lab2\lab2.srcs\sources_1\imports\new\lec10.vhdl:]
WARNING: [filemgmt 56-199] Attempt to get parsing info during refresh. "On-the-fly" syntax checking information may be incorrect. [C:\Users\C27Brandon.Sweitzer\workspace\ece383_wksp\lab2\lab2\lab2.srcs\sources_1\imports\Downloads\Lab02_cadet_code\lab2_code_for_cadets_2026\lab2_fsm.vhdl:]
WARNING: [filemgmt 56-199] Attempt to get parsing info during refresh. "On-the-fly" syntax checking information may be incorrect. [C:\Users\C27Brandon.Sweitzer\workspace\ece383_wksp\lab2\lab2\lab2.srcs\sources_1\imports\Downloads\Lab02_cadet_code\lab2_code_for_cadets_2026\lab2_fsm.vhdl:]
WARNING: [filemgmt 56-199] Attempt to get parsing info during refresh. "On-the-fly" syntax checking information may be incorrect. [C:\Users\C27Brandon.Sweitzer\workspace\ece383_wksp\lab2\lab2\lab2.srcs\sources_1\imports\Downloads\Lab02_cadet_code\lab2_code_for_cadets_2026\lab2.vhd:]
WARNING: [filemgmt 56-199] Attempt to get parsing info during refresh. "On-the-fly" syntax checking information may be incorrect. [C:\Users\C27Brandon.Sweitzer\workspace\ece383_wksp\lab2\lab2\lab2.srcs\sources_1\imports\Downloads\Lab02_cadet_code\lab2_code_for_cadets_2026\lab2_datapath.vhdl:]
WARNING: [filemgmt 56-199] Attempt to get parsing info during refresh. "On-the-fly" syntax checking information may be incorrect. [C:\Users\C27Brandon.Sweitzer\workspace\ece383_wksp\lab2\lab2\lab2.srcs\sources_1\imports\new\button_debounce.vhdl:]
WARNING: [filemgmt 56-199] Attempt to get parsing info during refresh. "On-the-fly" syntax checking information may be incorrect. [C:\Users\C27Brandon.Sweitzer\workspace\ece383_wksp\lab2\lab2\lab2.srcs\sources_1\imports\Downloads\Lab02_cadet_code\lab2_code_for_cadets_2026\audio_init.v:]
WARNING: [filemgmt 56-199] Attempt to get parsing info during refresh. "On-the-fly" syntax checking information may be incorrect. [C:\Users\C27Brandon.Sweitzer\workspace\ece383_wksp\lab2\lab2\lab2.srcs\sources_1\imports\Downloads\Lab02_cadet_code\lab2_code_for_cadets_2026\lab2_fsm.vhdl:]
WARNING: [filemgmt 56-199] Attempt to get parsing info during refresh. "On-the-fly" syntax checking information may be incorrect. [C:\Users\C27Brandon.Sweitzer\workspace\ece383_wksp\lab2\lab2\lab2.srcs\sources_1\imports\Downloads\Lab02_cadet_code\lab2_code_for_cadets_2026\i2s_ctl.vhd:]
WARNING: [filemgmt 56-199] Attempt to get parsing info during refresh. "On-the-fly" syntax checking information may be incorrect. [C:\Users\C27Brandon.Sweitzer\workspace\ece383_wksp\lab2\lab2\lab2.srcs\sources_1\imports\Lab1_Cadet_Code_2026\vga.vhd:]
WARNING: [filemgmt 56-199] Attempt to get parsing info during refresh. "On-the-fly" syntax checking information may be incorrect. [C:\Users\C27Brandon.Sweitzer\workspace\ece383_wksp\lab2\lab2\lab2.srcs\sources_1\new\color_mapper.vhd:]
WARNING: [filemgmt 56-199] Attempt to get parsing info during refresh. "On-the-fly" syntax checking information may be incorrect. [C:\Users\C27Brandon.Sweitzer\workspace\ece383_wksp\lab2\lab2\lab2.srcs\sources_1\imports\Downloads\Lab02_cadet_code\lab2_code_for_cadets_2026\Audio_Codec_Wrapper.vhd:]
WARNING: [filemgmt 56-199] Attempt to get parsing info during refresh. "On-the-fly" syntax checking information may be incorrect. [C:\Users\C27Brandon.Sweitzer\workspace\ece383_wksp\lab2\lab2\lab2.srcs\sources_1\imports\imports\381572701\counter.vhdl:]
WARNING: [filemgmt 56-199] Attempt to get parsing info during refresh. "On-the-fly" syntax checking information may be incorrect. [C:\Users\C27Brandon.Sweitzer\workspace\ece383_wksp\lab2\lab2\lab2.srcs\sources_1\imports\new\lec10.vhdl:]
WARNING: [filemgmt 56-199] Attempt to get parsing info during refresh. "On-the-fly" syntax checking information may be incorrect. [C:\Users\C27Brandon.Sweitzer\workspace\ece383_wksp\lab2\lab2\lab2.srcs\sources_1\imports\Lab1_Cadet_Code_2026\vga.vhd:]
WARNING: [filemgmt 56-199] Attempt to get parsing info during refresh. "On-the-fly" syntax checking information may be incorrect. [C:\Users\C27Brandon.Sweitzer\workspace\ece383_wksp\lab2\lab2\lab2.srcs\sources_1\imports\Lab1_Cadet_Code_2026\vga.vhd:]
WARNING: [filemgmt 56-199] Attempt to get parsing info during refresh. "On-the-fly" syntax checking information may be incorrect. [C:\Users\C27Brandon.Sweitzer\workspace\ece383_wksp\lab2\lab2\lab2.srcs\sources_1\imports\Downloads\Lab02_cadet_code\lab2_code_for_cadets_2026\lab2.vhd:]
WARNING: [filemgmt 56-199] Attempt to get parsing info during refresh. "On-the-fly" syntax checking information may be incorrect. [C:\Users\C27Brandon.Sweitzer\workspace\ece383_wksp\lab2\lab2\lab2.srcs\sources_1\imports\Downloads\Lab02_cadet_code\lab2_code_for_cadets_2026\lab2_datapath.vhdl:]
WARNING: [filemgmt 56-199] Attempt to get parsing info during refresh. "On-the-fly" syntax checking information may be incorrect. [C:\Users\C27Brandon.Sweitzer\workspace\ece383_wksp\lab2\lab2\lab2.srcs\sources_1\imports\new\button_debounce.vhdl:]
WARNING: [filemgmt 56-199] Attempt to get parsing info during refresh. "On-the-fly" syntax checking information may be incorrect. [C:\Users\C27Brandon.Sweitzer\workspace\ece383_wksp\lab2\lab2\lab2.srcs\sources_1\imports\Downloads\Lab02_cadet_code\lab2_code_for_cadets_2026\audio_init.v:]
WARNING: [filemgmt 56-199] Attempt to get parsing info during refresh. "On-the-fly" syntax checking information may be incorrect. [C:\Users\C27Brandon.Sweitzer\workspace\ece383_wksp\lab2\lab2\lab2.srcs\sources_1\imports\Downloads\Lab02_cadet_code\lab2_code_for_cadets_2026\lab2_fsm.vhdl:]
WARNING: [filemgmt 56-199] Attempt to get parsing info during refresh. "On-the-fly" syntax checking information may be incorrect. [C:\Users\C27Brandon.Sweitzer\workspace\ece383_wksp\lab2\lab2\lab2.srcs\sources_1\imports\Downloads\Lab02_cadet_code\lab2_code_for_cadets_2026\i2s_ctl.vhd:]
WARNING: [filemgmt 56-199] Attempt to get parsing info during refresh. "On-the-fly" syntax checking information may be incorrect. [C:\Users\C27Brandon.Sweitzer\workspace\ece383_wksp\lab2\lab2\lab2.srcs\sources_1\imports\Lab1_Cadet_Code_2026\vga.vhd:]
WARNING: [filemgmt 56-199] Attempt to get parsing info during refresh. "On-the-fly" syntax checking information may be incorrect. [C:\Users\C27Brandon.Sweitzer\workspace\ece383_wksp\lab2\lab2\lab2.srcs\sources_1\new\color_mapper.vhd:]
WARNING: [filemgmt 56-199] Attempt to get parsing info during refresh. "On-the-fly" syntax checking information may be incorrect. [C:\Users\C27Brandon.Sweitzer\workspace\ece383_wksp\lab2\lab2\lab2.srcs\sources_1\imports\Downloads\Lab02_cadet_code\lab2_code_for_cadets_2026\Audio_Codec_Wrapper.vhd:]
WARNING: [filemgmt 56-199] Attempt to get parsing info during refresh. "On-the-fly" syntax checking information may be incorrect. [C:\Users\C27Brandon.Sweitzer\workspace\ece383_wksp\lab2\lab2\lab2.srcs\sources_1\imports\imports\381572701\counter.vhdl:]
WARNING: [filemgmt 56-199] Attempt to get parsing info during refresh. "On-the-fly" syntax checking information may be incorrect. [C:\Users\C27Brandon.Sweitzer\workspace\ece383_wksp\lab2\lab2\lab2.srcs\sources_1\imports\new\lec10.vhdl:]
WARNING: [filemgmt 56-199] Attempt to get parsing info during refresh. "On-the-fly" syntax checking information may be incorrect. [C:\Users\C27Brandon.Sweitzer\workspace\ece383_wksp\lab2\lab2\lab2.srcs\sources_1\imports\Downloads\Lab02_cadet_code\lab2_code_for_cadets_2026\i2s_ctl.vhd:]
WARNING: [filemgmt 56-199] Attempt to get parsing info during refresh. "On-the-fly" syntax checking information may be incorrect. [C:\Users\C27Brandon.Sweitzer\workspace\ece383_wksp\lab2\lab2\lab2.srcs\sources_1\imports\Downloads\Lab02_cadet_code\lab2_code_for_cadets_2026\i2s_ctl.vhd:]
WARNING: [filemgmt 56-199] Attempt to get parsing info during refresh. "On-the-fly" syntax checking information may be incorrect. [C:\Users\C27Brandon.Sweitzer\workspace\ece383_wksp\lab2\lab2\lab2.srcs\sources_1\imports\Downloads\Lab02_cadet_code\lab2_code_for_cadets_2026\lab2.vhd:]
WARNING: [filemgmt 56-199] Attempt to get parsing info during refresh. "On-the-fly" syntax checking information may be incorrect. [C:\Users\C27Brandon.Sweitzer\workspace\ece383_wksp\lab2\lab2\lab2.srcs\sources_1\imports\Downloads\Lab02_cadet_code\lab2_code_for_cadets_2026\lab2_datapath.vhdl:]
WARNING: [filemgmt 56-199] Attempt to get parsing info during refresh. "On-the-fly" syntax checking information may be incorrect. [C:\Users\C27Brandon.Sweitzer\workspace\ece383_wksp\lab2\lab2\lab2.srcs\sources_1\imports\new\button_debounce.vhdl:]
WARNING: [filemgmt 56-199] Attempt to get parsing info during refresh. "On-the-fly" syntax checking information may be incorrect. [C:\Users\C27Brandon.Sweitzer\workspace\ece383_wksp\lab2\lab2\lab2.srcs\sources_1\imports\Downloads\Lab02_cadet_code\lab2_code_for_cadets_2026\audio_init.v:]
WARNING: [filemgmt 56-199] Attempt to get parsing info during refresh. "On-the-fly" syntax checking information may be incorrect. [C:\Users\C27Brandon.Sweitzer\workspace\ece383_wksp\lab2\lab2\lab2.srcs\sources_1\imports\Downloads\Lab02_cadet_code\lab2_code_for_cadets_2026\lab2_fsm.vhdl:]
WARNING: [filemgmt 56-199] Attempt to get parsing info during refresh. "On-the-fly" syntax checking information may be incorrect. [C:\Users\C27Brandon.Sweitzer\workspace\ece383_wksp\lab2\lab2\lab2.srcs\sources_1\imports\Downloads\Lab02_cadet_code\lab2_code_for_cadets_2026\i2s_ctl.vhd:]
WARNING: [filemgmt 56-199] Attempt to get parsing info during refresh. "On-the-fly" syntax checking information may be incorrect. [C:\Users\C27Brandon.Sweitzer\workspace\ece383_wksp\lab2\lab2\lab2.srcs\sources_1\imports\Lab1_Cadet_Code_2026\vga.vhd:]
WARNING: [filemgmt 56-199] Attempt to get parsing info during refresh. "On-the-fly" syntax checking information may be incorrect. [C:\Users\C27Brandon.Sweitzer\workspace\ece383_wksp\lab2\lab2\lab2.srcs\sources_1\new\color_mapper.vhd:]
WARNING: [filemgmt 56-199] Attempt to get parsing info during refresh. "On-the-fly" syntax checking information may be incorrect. [C:\Users\C27Brandon.Sweitzer\workspace\ece383_wksp\lab2\lab2\lab2.srcs\sources_1\imports\Downloads\Lab02_cadet_code\lab2_code_for_cadets_2026\Audio_Codec_Wrapper.vhd:]
WARNING: [filemgmt 56-199] Attempt to get parsing info during refresh. "On-the-fly" syntax checking information may be incorrect. [C:\Users\C27Brandon.Sweitzer\workspace\ece383_wksp\lab2\lab2\lab2.srcs\sources_1\imports\imports\381572701\counter.vhdl:]
WARNING: [filemgmt 56-199] Attempt to get parsing info during refresh. "On-the-fly" syntax checking information may be incorrect. [C:\Users\C27Brandon.Sweitzer\workspace\ece383_wksp\lab2\lab2\lab2.srcs\sources_1\imports\new\lec10.vhdl:]
WARNING: [filemgmt 56-199] Attempt to get parsing info during refresh. "On-the-fly" syntax checking information may be incorrect. [C:\Users\C27Brandon.Sweitzer\workspace\ece383_wksp\lab2\lab2\lab2.srcs\sources_1\imports\new\lec10.vhdl:]
WARNING: [filemgmt 56-199] Attempt to get parsing info during refresh. "On-the-fly" syntax checking information may be incorrect. [C:\Users\C27Brandon.Sweitzer\workspace\ece383_wksp\lab2\lab2\lab2.srcs\sources_1\imports\new\lec10.vhdl:]
WARNING: [filemgmt 56-199] Attempt to get parsing info during refresh. "On-the-fly" syntax checking information may be incorrect. [C:\Users\C27Brandon.Sweitzer\workspace\ece383_wksp\lab2\lab2\lab2.srcs\sources_1\imports\Downloads\Lab02_cadet_code\lab2_code_for_cadets_2026\lab2.vhd:]
WARNING: [filemgmt 56-199] Attempt to get parsing info during refresh. "On-the-fly" syntax checking information may be incorrect. [C:\Users\C27Brandon.Sweitzer\workspace\ece383_wksp\lab2\lab2\lab2.srcs\sources_1\imports\Downloads\Lab02_cadet_code\lab2_code_for_cadets_2026\lab2_datapath.vhdl:]
WARNING: [filemgmt 56-199] Attempt to get parsing info during refresh. "On-the-fly" syntax checking information may be incorrect. [C:\Users\C27Brandon.Sweitzer\workspace\ece383_wksp\lab2\lab2\lab2.srcs\sources_1\imports\new\button_debounce.vhdl:]
WARNING: [filemgmt 56-199] Attempt to get parsing info during refresh. "On-the-fly" syntax checking information may be incorrect. [C:\Users\C27Brandon.Sweitzer\workspace\ece383_wksp\lab2\lab2\lab2.srcs\sources_1\imports\Downloads\Lab02_cadet_code\lab2_code_for_cadets_2026\audio_init.v:]
WARNING: [filemgmt 56-199] Attempt to get parsing info during refresh. "On-the-fly" syntax checking information may be incorrect. [C:\Users\C27Brandon.Sweitzer\workspace\ece383_wksp\lab2\lab2\lab2.srcs\sources_1\imports\Downloads\Lab02_cadet_code\lab2_code_for_cadets_2026\lab2_fsm.vhdl:]
WARNING: [filemgmt 56-199] Attempt to get parsing info during refresh. "On-the-fly" syntax checking information may be incorrect. [C:\Users\C27Brandon.Sweitzer\workspace\ece383_wksp\lab2\lab2\lab2.srcs\sources_1\imports\Downloads\Lab02_cadet_code\lab2_code_for_cadets_2026\i2s_ctl.vhd:]
WARNING: [filemgmt 56-199] Attempt to get parsing info during refresh. "On-the-fly" syntax checking information may be incorrect. [C:\Users\C27Brandon.Sweitzer\workspace\ece383_wksp\lab2\lab2\lab2.srcs\sources_1\imports\Lab1_Cadet_Code_2026\vga.vhd:]
WARNING: [filemgmt 56-199] Attempt to get parsing info during refresh. "On-the-fly" syntax checking information may be incorrect. [C:\Users\C27Brandon.Sweitzer\workspace\ece383_wksp\lab2\lab2\lab2.srcs\sources_1\new\color_mapper.vhd:]
WARNING: [filemgmt 56-199] Attempt to get parsing info during refresh. "On-the-fly" syntax checking information may be incorrect. [C:\Users\C27Brandon.Sweitzer\workspace\ece383_wksp\lab2\lab2\lab2.srcs\sources_1\imports\Downloads\Lab02_cadet_code\lab2_code_for_cadets_2026\Audio_Codec_Wrapper.vhd:]
WARNING: [filemgmt 56-199] Attempt to get parsing info during refresh. "On-the-fly" syntax checking information may be incorrect. [C:\Users\C27Brandon.Sweitzer\workspace\ece383_wksp\lab2\lab2\lab2.srcs\sources_1\imports\imports\381572701\counter.vhdl:]
WARNING: [filemgmt 56-199] Attempt to get parsing info during refresh. "On-the-fly" syntax checking information may be incorrect. [C:\Users\C27Brandon.Sweitzer\workspace\ece383_wksp\lab2\lab2\lab2.srcs\sources_1\imports\new\lec10.vhdl:]
WARNING: [filemgmt 56-199] Attempt to get parsing info during refresh. "On-the-fly" syntax checking information may be incorrect. [C:\Users\C27Brandon.Sweitzer\workspace\ece383_wksp\lab2\lab2\lab2.srcs\sources_1\imports\Downloads\Lab02_cadet_code\lab2_code_for_cadets_2026\audio_init.v:]
WARNING: [filemgmt 56-199] Attempt to get parsing info during refresh. "On-the-fly" syntax checking information may be incorrect. [C:\Users\C27Brandon.Sweitzer\workspace\ece383_wksp\lab2\lab2\lab2.srcs\sources_1\imports\Downloads\Lab02_cadet_code\lab2_code_for_cadets_2026\audio_init.v:]
WARNING: [filemgmt 56-199] Attempt to get parsing info during refresh. "On-the-fly" syntax checking information may be incorrect. [C:\Users\C27Brandon.Sweitzer\workspace\ece383_wksp\lab2\lab2\lab2.srcs\sources_1\imports\Downloads\Lab02_cadet_code\lab2_code_for_cadets_2026\lab2.vhd:]
WARNING: [filemgmt 56-199] Attempt to get parsing info during refresh. "On-the-fly" syntax checking information may be incorrect. [C:\Users\C27Brandon.Sweitzer\workspace\ece383_wksp\lab2\lab2\lab2.srcs\sources_1\imports\Downloads\Lab02_cadet_code\lab2_code_for_cadets_2026\lab2_datapath.vhdl:]
WARNING: [filemgmt 56-199] Attempt to get parsing info during refresh. "On-the-fly" syntax checking information may be incorrect. [C:\Users\C27Brandon.Sweitzer\workspace\ece383_wksp\lab2\lab2\lab2.srcs\sources_1\imports\new\button_debounce.vhdl:]
WARNING: [filemgmt 56-199] Attempt to get parsing info during refresh. "On-the-fly" syntax checking information may be incorrect. [C:\Users\C27Brandon.Sweitzer\workspace\ece383_wksp\lab2\lab2\lab2.srcs\sources_1\imports\Downloads\Lab02_cadet_code\lab2_code_for_cadets_2026\audio_init.v:]
WARNING: [filemgmt 56-199] Attempt to get parsing info during refresh. "On-the-fly" syntax checking information may be incorrect. [C:\Users\C27Brandon.Sweitzer\workspace\ece383_wksp\lab2\lab2\lab2.srcs\sources_1\imports\Downloads\Lab02_cadet_code\lab2_code_for_cadets_2026\lab2_fsm.vhdl:]
WARNING: [filemgmt 56-199] Attempt to get parsing info during refresh. "On-the-fly" syntax checking information may be incorrect. [C:\Users\C27Brandon.Sweitzer\workspace\ece383_wksp\lab2\lab2\lab2.srcs\sources_1\imports\Downloads\Lab02_cadet_code\lab2_code_for_cadets_2026\i2s_ctl.vhd:]
WARNING: [filemgmt 56-199] Attempt to get parsing info during refresh. "On-the-fly" syntax checking information may be incorrect. [C:\Users\C27Brandon.Sweitzer\workspace\ece383_wksp\lab2\lab2\lab2.srcs\sources_1\imports\Lab1_Cadet_Code_2026\vga.vhd:]
WARNING: [filemgmt 56-199] Attempt to get parsing info during refresh. "On-the-fly" syntax checking information may be incorrect. [C:\Users\C27Brandon.Sweitzer\workspace\ece383_wksp\lab2\lab2\lab2.srcs\sources_1\new\color_mapper.vhd:]
WARNING: [filemgmt 56-199] Attempt to get parsing info during refresh. "On-the-fly" syntax checking information may be incorrect. [C:\Users\C27Brandon.Sweitzer\workspace\ece383_wksp\lab2\lab2\lab2.srcs\sources_1\imports\Downloads\Lab02_cadet_code\lab2_code_for_cadets_2026\Audio_Codec_Wrapper.vhd:]
INFO: [Common 17-14] Message 'filemgmt 56-199' appears 100 times and further instances of the messages will be disabled. Use the Tcl command set_msg_config to change the current settings.
ERROR: [Common 17-180] Spawn failed: No error
ERROR: [Common 17-180] Spawn failed: No error
WARNING: [filemgmt 56-199] Attempt to get parsing info during refresh. "On-the-fly" syntax checking information may be incorrect. [C:\Users\C27Brandon.Sweitzer\workspace\ece383_wksp\lab2\lab2\lab2.srcs\sources_1\imports\Downloads\Lab02_cadet_code\lab2_code_for_cadets_2026\lab2.vhd:]
WARNING: [filemgmt 56-199] Attempt to get parsing info during refresh. "On-the-fly" syntax checking information may be incorrect. [C:\Users\C27Brandon.Sweitzer\workspace\ece383_wksp\lab2\lab2\lab2.srcs\sources_1\imports\Downloads\Lab02_cadet_code\lab2_code_for_cadets_2026\lab2_datapath.vhdl:]
WARNING: [filemgmt 56-199] Attempt to get parsing info during refresh. "On-the-fly" syntax checking information may be incorrect. [C:\Users\C27Brandon.Sweitzer\workspace\ece383_wksp\lab2\lab2\lab2.srcs\sources_1\imports\new\button_debounce.vhdl:]
WARNING: [filemgmt 56-199] Attempt to get parsing info during refresh. "On-the-fly" syntax checking information may be incorrect. [C:\Users\C27Brandon.Sweitzer\workspace\ece383_wksp\lab2\lab2\lab2.srcs\sources_1\imports\Downloads\Lab02_cadet_code\lab2_code_for_cadets_2026\audio_init.v:]
WARNING: [filemgmt 56-199] Attempt to get parsing info during refresh. "On-the-fly" syntax checking information may be incorrect. [C:\Users\C27Brandon.Sweitzer\workspace\ece383_wksp\lab2\lab2\lab2.srcs\sources_1\imports\Downloads\Lab02_cadet_code\lab2_code_for_cadets_2026\lab2_fsm.vhdl:]
WARNING: [filemgmt 56-199] Attempt to get parsing info during refresh. "On-the-fly" syntax checking information may be incorrect. [C:\Users\C27Brandon.Sweitzer\workspace\ece383_wksp\lab2\lab2\lab2.srcs\sources_1\imports\Downloads\Lab02_cadet_code\lab2_code_for_cadets_2026\i2s_ctl.vhd:]
WARNING: [filemgmt 56-199] Attempt to get parsing info during refresh. "On-the-fly" syntax checking information may be incorrect. [C:\Users\C27Brandon.Sweitzer\workspace\ece383_wksp\lab2\lab2\lab2.srcs\sources_1\imports\Lab1_Cadet_Code_2026\vga.vhd:]
WARNING: [filemgmt 56-199] Attempt to get parsing info during refresh. "On-the-fly" syntax checking information may be incorrect. [C:\Users\C27Brandon.Sweitzer\workspace\ece383_wksp\lab2\lab2\lab2.srcs\sources_1\new\color_mapper.vhd:]
WARNING: [filemgmt 56-199] Attempt to get parsing info during refresh. "On-the-fly" syntax checking information may be incorrect. [C:\Users\C27Brandon.Sweitzer\workspace\ece383_wksp\lab2\lab2\lab2.srcs\sources_1\imports\Downloads\Lab02_cadet_code\lab2_code_for_cadets_2026\Audio_Codec_Wrapper.vhd:]
WARNING: [filemgmt 56-199] Attempt to get parsing info during refresh. "On-the-fly" syntax checking information may be incorrect. [C:\Users\C27Brandon.Sweitzer\workspace\ece383_wksp\lab2\lab2\lab2.srcs\sources_1\imports\imports\381572701\counter.vhdl:]
WARNING: [filemgmt 56-199] Attempt to get parsing info during refresh. "On-the-fly" syntax checking information may be incorrect. [C:\Users\C27Brandon.Sweitzer\workspace\ece383_wksp\lab2\lab2\lab2.srcs\sources_1\imports\new\lec10.vhdl:]
WARNING: [filemgmt 56-199] Attempt to get parsing info during refresh. "On-the-fly" syntax checking information may be incorrect. [C:\Users\C27Brandon.Sweitzer\workspace\ece383_wksp\lab2\lab2\lab2.srcs\sources_1\new\color_mapper.vhd:]
WARNING: [filemgmt 56-199] Attempt to get parsing info during refresh. "On-the-fly" syntax checking information may be incorrect. [C:\Users\C27Brandon.Sweitzer\workspace\ece383_wksp\lab2\lab2\lab2.srcs\sources_1\new\color_mapper.vhd:]
WARNING: [filemgmt 56-199] Attempt to get parsing info during refresh. "On-the-fly" syntax checking information may be incorrect. [C:\Users\C27Brandon.Sweitzer\workspace\ece383_wksp\lab2\lab2\lab2.srcs\sources_1\imports\Downloads\Lab02_cadet_code\lab2_code_for_cadets_2026\lab2.vhd:]
WARNING: [filemgmt 56-199] Attempt to get parsing info during refresh. "On-the-fly" syntax checking information may be incorrect. [C:\Users\C27Brandon.Sweitzer\workspace\ece383_wksp\lab2\lab2\lab2.srcs\sources_1\imports\Downloads\Lab02_cadet_code\lab2_code_for_cadets_2026\lab2_datapath.vhdl:]
WARNING: [filemgmt 56-199] Attempt to get parsing info during refresh. "On-the-fly" syntax checking information may be incorrect. [C:\Users\C27Brandon.Sweitzer\workspace\ece383_wksp\lab2\lab2\lab2.srcs\sources_1\imports\new\button_debounce.vhdl:]
WARNING: [filemgmt 56-199] Attempt to get parsing info during refresh. "On-the-fly" syntax checking information may be incorrect. [C:\Users\C27Brandon.Sweitzer\workspace\ece383_wksp\lab2\lab2\lab2.srcs\sources_1\imports\Downloads\Lab02_cadet_code\lab2_code_for_cadets_2026\audio_init.v:]
WARNING: [filemgmt 56-199] Attempt to get parsing info during refresh. "On-the-fly" syntax checking information may be incorrect. [C:\Users\C27Brandon.Sweitzer\workspace\ece383_wksp\lab2\lab2\lab2.srcs\sources_1\imports\Downloads\Lab02_cadet_code\lab2_code_for_cadets_2026\lab2_fsm.vhdl:]
WARNING: [filemgmt 56-199] Attempt to get parsing info during refresh. "On-the-fly" syntax checking information may be incorrect. [C:\Users\C27Brandon.Sweitzer\workspace\ece383_wksp\lab2\lab2\lab2.srcs\sources_1\imports\Downloads\Lab02_cadet_code\lab2_code_for_cadets_2026\i2s_ctl.vhd:]
WARNING: [filemgmt 56-199] Attempt to get parsing info during refresh. "On-the-fly" syntax checking information may be incorrect. [C:\Users\C27Brandon.Sweitzer\workspace\ece383_wksp\lab2\lab2\lab2.srcs\sources_1\imports\Lab1_Cadet_Code_2026\vga.vhd:]
WARNING: [filemgmt 56-199] Attempt to get parsing info during refresh. "On-the-fly" syntax checking information may be incorrect. [C:\Users\C27Brandon.Sweitzer\workspace\ece383_wksp\lab2\lab2\lab2.srcs\sources_1\new\color_mapper.vhd:]
WARNING: [filemgmt 56-199] Attempt to get parsing info during refresh. "On-the-fly" syntax checking information may be incorrect. [C:\Users\C27Brandon.Sweitzer\workspace\ece383_wksp\lab2\lab2\lab2.srcs\sources_1\imports\Downloads\Lab02_cadet_code\lab2_code_for_cadets_2026\Audio_Codec_Wrapper.vhd:]
WARNING: [filemgmt 56-199] Attempt to get parsing info during refresh. "On-the-fly" syntax checking information may be incorrect. [C:\Users\C27Brandon.Sweitzer\workspace\ece383_wksp\lab2\lab2\lab2.srcs\sources_1\imports\imports\381572701\counter.vhdl:]
WARNING: [filemgmt 56-199] Attempt to get parsing info during refresh. "On-the-fly" syntax checking information may be incorrect. [C:\Users\C27Brandon.Sweitzer\workspace\ece383_wksp\lab2\lab2\lab2.srcs\sources_1\imports\new\lec10.vhdl:]
WARNING: [filemgmt 56-199] Attempt to get parsing info during refresh. "On-the-fly" syntax checking information may be incorrect. [C:\Users\C27Brandon.Sweitzer\workspace\ece383_wksp\lab2\lab2\lab2.srcs\sources_1\imports\Downloads\Lab02_cadet_code\lab2_code_for_cadets_2026\Audio_Codec_Wrapper.vhd:]
WARNING: [filemgmt 56-199] Attempt to get parsing info during refresh. "On-the-fly" syntax checking information may be incorrect. [C:\Users\C27Brandon.Sweitzer\workspace\ece383_wksp\lab2\lab2\lab2.srcs\sources_1\imports\Downloads\Lab02_cadet_code\lab2_code_for_cadets_2026\Audio_Codec_Wrapper.vhd:]
WARNING: [filemgmt 56-199] Attempt to get parsing info during refresh. "On-the-fly" syntax checking information may be incorrect. [C:\Users\C27Brandon.Sweitzer\workspace\ece383_wksp\lab2\lab2\lab2.srcs\sources_1\imports\Downloads\Lab02_cadet_code\lab2_code_for_cadets_2026\lab2.vhd:]
WARNING: [filemgmt 56-199] Attempt to get parsing info during refresh. "On-the-fly" syntax checking information may be incorrect. [C:\Users\C27Brandon.Sweitzer\workspace\ece383_wksp\lab2\lab2\lab2.srcs\sources_1\imports\Downloads\Lab02_cadet_code\lab2_code_for_cadets_2026\lab2_datapath.vhdl:]
WARNING: [filemgmt 56-199] Attempt to get parsing info during refresh. "On-the-fly" syntax checking information may be incorrect. [C:\Users\C27Brandon.Sweitzer\workspace\ece383_wksp\lab2\lab2\lab2.srcs\sources_1\imports\new\button_debounce.vhdl:]
WARNING: [filemgmt 56-199] Attempt to get parsing info during refresh. "On-the-fly" syntax checking information may be incorrect. [C:\Users\C27Brandon.Sweitzer\workspace\ece383_wksp\lab2\lab2\lab2.srcs\sources_1\imports\Downloads\Lab02_cadet_code\lab2_code_for_cadets_2026\audio_init.v:]
WARNING: [filemgmt 56-199] Attempt to get parsing info during refresh. "On-the-fly" syntax checking information may be incorrect. [C:\Users\C27Brandon.Sweitzer\workspace\ece383_wksp\lab2\lab2\lab2.srcs\sources_1\imports\Downloads\Lab02_cadet_code\lab2_code_for_cadets_2026\lab2_fsm.vhdl:]
WARNING: [filemgmt 56-199] Attempt to get parsing info during refresh. "On-the-fly" syntax checking information may be incorrect. [C:\Users\C27Brandon.Sweitzer\workspace\ece383_wksp\lab2\lab2\lab2.srcs\sources_1\imports\Downloads\Lab02_cadet_code\lab2_code_for_cadets_2026\i2s_ctl.vhd:]
WARNING: [filemgmt 56-199] Attempt to get parsing info during refresh. "On-the-fly" syntax checking information may be incorrect. [C:\Users\C27Brandon.Sweitzer\workspace\ece383_wksp\lab2\lab2\lab2.srcs\sources_1\imports\Lab1_Cadet_Code_2026\vga.vhd:]
WARNING: [filemgmt 56-199] Attempt to get parsing info during refresh. "On-the-fly" syntax checking information may be incorrect. [C:\Users\C27Brandon.Sweitzer\workspace\ece383_wksp\lab2\lab2\lab2.srcs\sources_1\new\color_mapper.vhd:]
WARNING: [filemgmt 56-199] Attempt to get parsing info during refresh. "On-the-fly" syntax checking information may be incorrect. [C:\Users\C27Brandon.Sweitzer\workspace\ece383_wksp\lab2\lab2\lab2.srcs\sources_1\imports\Downloads\Lab02_cadet_code\lab2_code_for_cadets_2026\Audio_Codec_Wrapper.vhd:]
WARNING: [filemgmt 56-199] Attempt to get parsing info during refresh. "On-the-fly" syntax checking information may be incorrect. [C:\Users\C27Brandon.Sweitzer\workspace\ece383_wksp\lab2\lab2\lab2.srcs\sources_1\imports\imports\381572701\counter.vhdl:]
WARNING: [filemgmt 56-199] Attempt to get parsing info during refresh. "On-the-fly" syntax checking information may be incorrect. [C:\Users\C27Brandon.Sweitzer\workspace\ece383_wksp\lab2\lab2\lab2.srcs\sources_1\imports\new\lec10.vhdl:]
WARNING: [filemgmt 56-199] Attempt to get parsing info during refresh. "On-the-fly" syntax checking information may be incorrect. [C:\Users\C27Brandon.Sweitzer\workspace\ece383_wksp\lab2\lab2\lab2.srcs\sources_1\imports\Downloads\Lab02_cadet_code\lab2_code_for_cadets_2026\i2s_ctl.vhd:]
WARNING: [filemgmt 56-199] Attempt to get parsing info during refresh. "On-the-fly" syntax checking information may be incorrect. [C:\Users\C27Brandon.Sweitzer\workspace\ece383_wksp\lab2\lab2\lab2.srcs\sources_1\imports\Downloads\Lab02_cadet_code\lab2_code_for_cadets_2026\i2s_ctl.vhd:]
WARNING: [filemgmt 56-199] Attempt to get parsing info during refresh. "On-the-fly" syntax checking information may be incorrect. [C:\Users\C27Brandon.Sweitzer\workspace\ece383_wksp\lab2\lab2\lab2.srcs\sources_1\imports\Downloads\Lab02_cadet_code\lab2_code_for_cadets_2026\lab2.vhd:]
WARNING: [filemgmt 56-199] Attempt to get parsing info during refresh. "On-the-fly" syntax checking information may be incorrect. [C:\Users\C27Brandon.Sweitzer\workspace\ece383_wksp\lab2\lab2\lab2.srcs\sources_1\imports\Downloads\Lab02_cadet_code\lab2_code_for_cadets_2026\lab2_datapath.vhdl:]
WARNING: [filemgmt 56-199] Attempt to get parsing info during refresh. "On-the-fly" syntax checking information may be incorrect. [C:\Users\C27Brandon.Sweitzer\workspace\ece383_wksp\lab2\lab2\lab2.srcs\sources_1\imports\new\button_debounce.vhdl:]
WARNING: [filemgmt 56-199] Attempt to get parsing info during refresh. "On-the-fly" syntax checking information may be incorrect. [C:\Users\C27Brandon.Sweitzer\workspace\ece383_wksp\lab2\lab2\lab2.srcs\sources_1\imports\Downloads\Lab02_cadet_code\lab2_code_for_cadets_2026\audio_init.v:]
WARNING: [filemgmt 56-199] Attempt to get parsing info during refresh. "On-the-fly" syntax checking information may be incorrect. [C:\Users\C27Brandon.Sweitzer\workspace\ece383_wksp\lab2\lab2\lab2.srcs\sources_1\imports\Downloads\Lab02_cadet_code\lab2_code_for_cadets_2026\lab2_fsm.vhdl:]
WARNING: [filemgmt 56-199] Attempt to get parsing info during refresh. "On-the-fly" syntax checking information may be incorrect. [C:\Users\C27Brandon.Sweitzer\workspace\ece383_wksp\lab2\lab2\lab2.srcs\sources_1\imports\Downloads\Lab02_cadet_code\lab2_code_for_cadets_2026\i2s_ctl.vhd:]
WARNING: [filemgmt 56-199] Attempt to get parsing info during refresh. "On-the-fly" syntax checking information may be incorrect. [C:\Users\C27Brandon.Sweitzer\workspace\ece383_wksp\lab2\lab2\lab2.srcs\sources_1\imports\Lab1_Cadet_Code_2026\vga.vhd:]
WARNING: [filemgmt 56-199] Attempt to get parsing info during refresh. "On-the-fly" syntax checking information may be incorrect. [C:\Users\C27Brandon.Sweitzer\workspace\ece383_wksp\lab2\lab2\lab2.srcs\sources_1\new\color_mapper.vhd:]
WARNING: [filemgmt 56-199] Attempt to get parsing info during refresh. "On-the-fly" syntax checking information may be incorrect. [C:\Users\C27Brandon.Sweitzer\workspace\ece383_wksp\lab2\lab2\lab2.srcs\sources_1\imports\Downloads\Lab02_cadet_code\lab2_code_for_cadets_2026\Audio_Codec_Wrapper.vhd:]
WARNING: [filemgmt 56-199] Attempt to get parsing info during refresh. "On-the-fly" syntax checking information may be incorrect. [C:\Users\C27Brandon.Sweitzer\workspace\ece383_wksp\lab2\lab2\lab2.srcs\sources_1\imports\imports\381572701\counter.vhdl:]
WARNING: [filemgmt 56-199] Attempt to get parsing info during refresh. "On-the-fly" syntax checking information may be incorrect. [C:\Users\C27Brandon.Sweitzer\workspace\ece383_wksp\lab2\lab2\lab2.srcs\sources_1\imports\new\lec10.vhdl:]
WARNING: [filemgmt 56-199] Attempt to get parsing info during refresh. "On-the-fly" syntax checking information may be incorrect. [C:\Users\C27Brandon.Sweitzer\workspace\ece383_wksp\lab2\lab2\lab2.srcs\sources_1\imports\Downloads\Lab02_cadet_code\lab2_code_for_cadets_2026\lab2_fsm.vhdl:]
WARNING: [filemgmt 56-199] Attempt to get parsing info during refresh. "On-the-fly" syntax checking information may be incorrect. [C:\Users\C27Brandon.Sweitzer\workspace\ece383_wksp\lab2\lab2\lab2.srcs\sources_1\imports\Downloads\Lab02_cadet_code\lab2_code_for_cadets_2026\lab2_fsm.vhdl:]
WARNING: [filemgmt 56-199] Attempt to get parsing info during refresh. "On-the-fly" syntax checking information may be incorrect. [C:\Users\C27Brandon.Sweitzer\workspace\ece383_wksp\lab2\lab2\lab2.srcs\sources_1\imports\Downloads\Lab02_cadet_code\lab2_code_for_cadets_2026\lab2.vhd:]
WARNING: [filemgmt 56-199] Attempt to get parsing info during refresh. "On-the-fly" syntax checking information may be incorrect. [C:\Users\C27Brandon.Sweitzer\workspace\ece383_wksp\lab2\lab2\lab2.srcs\sources_1\imports\Downloads\Lab02_cadet_code\lab2_code_for_cadets_2026\lab2_datapath.vhdl:]
WARNING: [filemgmt 56-199] Attempt to get parsing info during refresh. "On-the-fly" syntax checking information may be incorrect. [C:\Users\C27Brandon.Sweitzer\workspace\ece383_wksp\lab2\lab2\lab2.srcs\sources_1\imports\new\button_debounce.vhdl:]
WARNING: [filemgmt 56-199] Attempt to get parsing info during refresh. "On-the-fly" syntax checking information may be incorrect. [C:\Users\C27Brandon.Sweitzer\workspace\ece383_wksp\lab2\lab2\lab2.srcs\sources_1\imports\Downloads\Lab02_cadet_code\lab2_code_for_cadets_2026\audio_init.v:]
WARNING: [filemgmt 56-199] Attempt to get parsing info during refresh. "On-the-fly" syntax checking information may be incorrect. [C:\Users\C27Brandon.Sweitzer\workspace\ece383_wksp\lab2\lab2\lab2.srcs\sources_1\imports\Downloads\Lab02_cadet_code\lab2_code_for_cadets_2026\lab2_fsm.vhdl:]
WARNING: [filemgmt 56-199] Attempt to get parsing info during refresh. "On-the-fly" syntax checking information may be incorrect. [C:\Users\C27Brandon.Sweitzer\workspace\ece383_wksp\lab2\lab2\lab2.srcs\sources_1\imports\Downloads\Lab02_cadet_code\lab2_code_for_cadets_2026\i2s_ctl.vhd:]
WARNING: [filemgmt 56-199] Attempt to get parsing info during refresh. "On-the-fly" syntax checking information may be incorrect. [C:\Users\C27Brandon.Sweitzer\workspace\ece383_wksp\lab2\lab2\lab2.srcs\sources_1\imports\Lab1_Cadet_Code_2026\vga.vhd:]
WARNING: [filemgmt 56-199] Attempt to get parsing info during refresh. "On-the-fly" syntax checking information may be incorrect. [C:\Users\C27Brandon.Sweitzer\workspace\ece383_wksp\lab2\lab2\lab2.srcs\sources_1\new\color_mapper.vhd:]
WARNING: [filemgmt 56-199] Attempt to get parsing info during refresh. "On-the-fly" syntax checking information may be incorrect. [C:\Users\C27Brandon.Sweitzer\workspace\ece383_wksp\lab2\lab2\lab2.srcs\sources_1\imports\Downloads\Lab02_cadet_code\lab2_code_for_cadets_2026\Audio_Codec_Wrapper.vhd:]
WARNING: [filemgmt 56-199] Attempt to get parsing info during refresh. "On-the-fly" syntax checking information may be incorrect. [C:\Users\C27Brandon.Sweitzer\workspace\ece383_wksp\lab2\lab2\lab2.srcs\sources_1\imports\imports\381572701\counter.vhdl:]
WARNING: [filemgmt 56-199] Attempt to get parsing info during refresh. "On-the-fly" syntax checking information may be incorrect. [C:\Users\C27Brandon.Sweitzer\workspace\ece383_wksp\lab2\lab2\lab2.srcs\sources_1\imports\new\lec10.vhdl:]
WARNING: [filemgmt 56-199] Attempt to get parsing info during refresh. "On-the-fly" syntax checking information may be incorrect. [C:\Users\C27Brandon.Sweitzer\workspace\ece383_wksp\lab2\lab2\lab2.srcs\sources_1\imports\new\lec10.vhdl:]
WARNING: [filemgmt 56-199] Attempt to get parsing info during refresh. "On-the-fly" syntax checking information may be incorrect. [C:\Users\C27Brandon.Sweitzer\workspace\ece383_wksp\lab2\lab2\lab2.srcs\sources_1\imports\new\lec10.vhdl:]
WARNING: [filemgmt 56-199] Attempt to get parsing info during refresh. "On-the-fly" syntax checking information may be incorrect. [C:\Users\C27Brandon.Sweitzer\workspace\ece383_wksp\lab2\lab2\lab2.srcs\sources_1\imports\Downloads\Lab02_cadet_code\lab2_code_for_cadets_2026\lab2.vhd:]
WARNING: [filemgmt 56-199] Attempt to get parsing info during refresh. "On-the-fly" syntax checking information may be incorrect. [C:\Users\C27Brandon.Sweitzer\workspace\ece383_wksp\lab2\lab2\lab2.srcs\sources_1\imports\Downloads\Lab02_cadet_code\lab2_code_for_cadets_2026\lab2_datapath.vhdl:]
WARNING: [filemgmt 56-199] Attempt to get parsing info during refresh. "On-the-fly" syntax checking information may be incorrect. [C:\Users\C27Brandon.Sweitzer\workspace\ece383_wksp\lab2\lab2\lab2.srcs\sources_1\imports\new\button_debounce.vhdl:]
WARNING: [filemgmt 56-199] Attempt to get parsing info during refresh. "On-the-fly" syntax checking information may be incorrect. [C:\Users\C27Brandon.Sweitzer\workspace\ece383_wksp\lab2\lab2\lab2.srcs\sources_1\imports\Downloads\Lab02_cadet_code\lab2_code_for_cadets_2026\audio_init.v:]
WARNING: [filemgmt 56-199] Attempt to get parsing info during refresh. "On-the-fly" syntax checking information may be incorrect. [C:\Users\C27Brandon.Sweitzer\workspace\ece383_wksp\lab2\lab2\lab2.srcs\sources_1\imports\Downloads\Lab02_cadet_code\lab2_code_for_cadets_2026\lab2_fsm.vhdl:]
WARNING: [filemgmt 56-199] Attempt to get parsing info during refresh. "On-the-fly" syntax checking information may be incorrect. [C:\Users\C27Brandon.Sweitzer\workspace\ece383_wksp\lab2\lab2\lab2.srcs\sources_1\imports\Downloads\Lab02_cadet_code\lab2_code_for_cadets_2026\i2s_ctl.vhd:]
WARNING: [filemgmt 56-199] Attempt to get parsing info during refresh. "On-the-fly" syntax checking information may be incorrect. [C:\Users\C27Brandon.Sweitzer\workspace\ece383_wksp\lab2\lab2\lab2.srcs\sources_1\imports\Lab1_Cadet_Code_2026\vga.vhd:]
WARNING: [filemgmt 56-199] Attempt to get parsing info during refresh. "On-the-fly" syntax checking information may be incorrect. [C:\Users\C27Brandon.Sweitzer\workspace\ece383_wksp\lab2\lab2\lab2.srcs\sources_1\new\color_mapper.vhd:]
WARNING: [filemgmt 56-199] Attempt to get parsing info during refresh. "On-the-fly" syntax checking information may be incorrect. [C:\Users\C27Brandon.Sweitzer\workspace\ece383_wksp\lab2\lab2\lab2.srcs\sources_1\imports\Downloads\Lab02_cadet_code\lab2_code_for_cadets_2026\Audio_Codec_Wrapper.vhd:]
WARNING: [filemgmt 56-199] Attempt to get parsing info during refresh. "On-the-fly" syntax checking information may be incorrect. [C:\Users\C27Brandon.Sweitzer\workspace\ece383_wksp\lab2\lab2\lab2.srcs\sources_1\imports\imports\381572701\counter.vhdl:]
WARNING: [filemgmt 56-199] Attempt to get parsing info during refresh. "On-the-fly" syntax checking information may be incorrect. [C:\Users\C27Brandon.Sweitzer\workspace\ece383_wksp\lab2\lab2\lab2.srcs\sources_1\imports\new\lec10.vhdl:]
WARNING: [filemgmt 56-199] Attempt to get parsing info during refresh. "On-the-fly" syntax checking information may be incorrect. [C:\Users\C27Brandon.Sweitzer\workspace\ece383_wksp\lab2\lab2\lab2.srcs\sources_1\imports\Lab1_Cadet_Code_2026\vga.vhd:]
WARNING: [filemgmt 56-199] Attempt to get parsing info during refresh. "On-the-fly" syntax checking information may be incorrect. [C:\Users\C27Brandon.Sweitzer\workspace\ece383_wksp\lab2\lab2\lab2.srcs\sources_1\imports\Lab1_Cadet_Code_2026\vga.vhd:]
WARNING: [filemgmt 56-199] Attempt to get parsing info during refresh. "On-the-fly" syntax checking information may be incorrect. [C:\Users\C27Brandon.Sweitzer\workspace\ece383_wksp\lab2\lab2\lab2.srcs\sources_1\imports\Downloads\Lab02_cadet_code\lab2_code_for_cadets_2026\lab2.vhd:]
WARNING: [filemgmt 56-199] Attempt to get parsing info during refresh. "On-the-fly" syntax checking information may be incorrect. [C:\Users\C27Brandon.Sweitzer\workspace\ece383_wksp\lab2\lab2\lab2.srcs\sources_1\imports\Downloads\Lab02_cadet_code\lab2_code_for_cadets_2026\lab2_datapath.vhdl:]
WARNING: [filemgmt 56-199] Attempt to get parsing info during refresh. "On-the-fly" syntax checking information may be incorrect. [C:\Users\C27Brandon.Sweitzer\workspace\ece383_wksp\lab2\lab2\lab2.srcs\sources_1\imports\new\button_debounce.vhdl:]
WARNING: [filemgmt 56-199] Attempt to get parsing info during refresh. "On-the-fly" syntax checking information may be incorrect. [C:\Users\C27Brandon.Sweitzer\workspace\ece383_wksp\lab2\lab2\lab2.srcs\sources_1\imports\Downloads\Lab02_cadet_code\lab2_code_for_cadets_2026\audio_init.v:]
WARNING: [filemgmt 56-199] Attempt to get parsing info during refresh. "On-the-fly" syntax checking information may be incorrect. [C:\Users\C27Brandon.Sweitzer\workspace\ece383_wksp\lab2\lab2\lab2.srcs\sources_1\imports\Downloads\Lab02_cadet_code\lab2_code_for_cadets_2026\lab2_fsm.vhdl:]
WARNING: [filemgmt 56-199] Attempt to get parsing info during refresh. "On-the-fly" syntax checking information may be incorrect. [C:\Users\C27Brandon.Sweitzer\workspace\ece383_wksp\lab2\lab2\lab2.srcs\sources_1\imports\Downloads\Lab02_cadet_code\lab2_code_for_cadets_2026\i2s_ctl.vhd:]
WARNING: [filemgmt 56-199] Attempt to get parsing info during refresh. "On-the-fly" syntax checking information may be incorrect. [C:\Users\C27Brandon.Sweitzer\workspace\ece383_wksp\lab2\lab2\lab2.srcs\sources_1\imports\Lab1_Cadet_Code_2026\vga.vhd:]
WARNING: [filemgmt 56-199] Attempt to get parsing info during refresh. "On-the-fly" syntax checking information may be incorrect. [C:\Users\C27Brandon.Sweitzer\workspace\ece383_wksp\lab2\lab2\lab2.srcs\sources_1\new\color_mapper.vhd:]
WARNING: [filemgmt 56-199] Attempt to get parsing info during refresh. "On-the-fly" syntax checking information may be incorrect. [C:\Users\C27Brandon.Sweitzer\workspace\ece383_wksp\lab2\lab2\lab2.srcs\sources_1\imports\Downloads\Lab02_cadet_code\lab2_code_for_cadets_2026\Audio_Codec_Wrapper.vhd:]
WARNING: [filemgmt 56-199] Attempt to get parsing info during refresh. "On-the-fly" syntax checking information may be incorrect. [C:\Users\C27Brandon.Sweitzer\workspace\ece383_wksp\lab2\lab2\lab2.srcs\sources_1\imports\imports\381572701\counter.vhdl:]
WARNING: [filemgmt 56-199] Attempt to get parsing info during refresh. "On-the-fly" syntax checking information may be incorrect. [C:\Users\C27Brandon.Sweitzer\workspace\ece383_wksp\lab2\lab2\lab2.srcs\sources_1\imports\new\lec10.vhdl:]
WARNING: [filemgmt 56-199] Attempt to get parsing info during refresh. "On-the-fly" syntax checking information may be incorrect. [C:\Users\C27Brandon.Sweitzer\workspace\ece383_wksp\lab2\lab2\lab2.srcs\sources_1\imports\Downloads\Lab02_cadet_code\lab2_code_for_cadets_2026\lab2_datapath.vhdl:]
WARNING: [filemgmt 56-199] Attempt to get parsing info during refresh. "On-the-fly" syntax checking information may be incorrect. [C:\Users\C27Brandon.Sweitzer\workspace\ece383_wksp\lab2\lab2\lab2.srcs\sources_1\imports\Downloads\Lab02_cadet_code\lab2_code_for_cadets_2026\lab2_datapath.vhdl:]
WARNING: [filemgmt 56-199] Attempt to get parsing info during refresh. "On-the-fly" syntax checking information may be incorrect. [C:\Users\C27Brandon.Sweitzer\workspace\ece383_wksp\lab2\lab2\lab2.srcs\sources_1\imports\Downloads\Lab02_cadet_code\lab2_code_for_cadets_2026\lab2.vhd:]
WARNING: [filemgmt 56-199] Attempt to get parsing info during refresh. "On-the-fly" syntax checking information may be incorrect. [C:\Users\C27Brandon.Sweitzer\workspace\ece383_wksp\lab2\lab2\lab2.srcs\sources_1\imports\Downloads\Lab02_cadet_code\lab2_code_for_cadets_2026\lab2_datapath.vhdl:]
WARNING: [filemgmt 56-199] Attempt to get parsing info during refresh. "On-the-fly" syntax checking information may be incorrect. [C:\Users\C27Brandon.Sweitzer\workspace\ece383_wksp\lab2\lab2\lab2.srcs\sources_1\imports\new\button_debounce.vhdl:]
WARNING: [filemgmt 56-199] Attempt to get parsing info during refresh. "On-the-fly" syntax checking information may be incorrect. [C:\Users\C27Brandon.Sweitzer\workspace\ece383_wksp\lab2\lab2\lab2.srcs\sources_1\imports\Downloads\Lab02_cadet_code\lab2_code_for_cadets_2026\audio_init.v:]
WARNING: [filemgmt 56-199] Attempt to get parsing info during refresh. "On-the-fly" syntax checking information may be incorrect. [C:\Users\C27Brandon.Sweitzer\workspace\ece383_wksp\lab2\lab2\lab2.srcs\sources_1\imports\Downloads\Lab02_cadet_code\lab2_code_for_cadets_2026\lab2_fsm.vhdl:]
WARNING: [filemgmt 56-199] Attempt to get parsing info during refresh. "On-the-fly" syntax checking information may be incorrect. [C:\Users\C27Brandon.Sweitzer\workspace\ece383_wksp\lab2\lab2\lab2.srcs\sources_1\imports\Downloads\Lab02_cadet_code\lab2_code_for_cadets_2026\i2s_ctl.vhd:]
WARNING: [filemgmt 56-199] Attempt to get parsing info during refresh. "On-the-fly" syntax checking information may be incorrect. [C:\Users\C27Brandon.Sweitzer\workspace\ece383_wksp\lab2\lab2\lab2.srcs\sources_1\imports\Lab1_Cadet_Code_2026\vga.vhd:]
WARNING: [filemgmt 56-199] Attempt to get parsing info during refresh. "On-the-fly" syntax checking information may be incorrect. [C:\Users\C27Brandon.Sweitzer\workspace\ece383_wksp\lab2\lab2\lab2.srcs\sources_1\new\color_mapper.vhd:]
WARNING: [filemgmt 56-199] Attempt to get parsing info during refresh. "On-the-fly" syntax checking information may be incorrect. [C:\Users\C27Brandon.Sweitzer\workspace\ece383_wksp\lab2\lab2\lab2.srcs\sources_1\imports\Downloads\Lab02_cadet_code\lab2_code_for_cadets_2026\Audio_Codec_Wrapper.vhd:]
INFO: [Common 17-14] Message 'filemgmt 56-199' appears 100 times and further instances of the messages will be disabled. Use the Tcl command set_msg_config to change the current settings.
ERROR: [Common 17-180] Spawn failed: No error
WARNING: [filemgmt 56-199] Attempt to get parsing info during refresh. "On-the-fly" syntax checking information may be incorrect. [C:\Users\C27Brandon.Sweitzer\workspace\ece383_wksp\lab2\lab2\lab2.srcs\sources_1\imports\Downloads\Lab02_cadet_code\lab2_code_for_cadets_2026\lab2.vhd:]
WARNING: [filemgmt 56-199] Attempt to get parsing info during refresh. "On-the-fly" syntax checking information may be incorrect. [C:\Users\C27Brandon.Sweitzer\workspace\ece383_wksp\lab2\lab2\lab2.srcs\sources_1\imports\Downloads\Lab02_cadet_code\lab2_code_for_cadets_2026\lab2_datapath.vhdl:]
WARNING: [filemgmt 56-199] Attempt to get parsing info during refresh. "On-the-fly" syntax checking information may be incorrect. [C:\Users\C27Brandon.Sweitzer\workspace\ece383_wksp\lab2\lab2\lab2.srcs\sources_1\imports\new\button_debounce.vhdl:]
WARNING: [filemgmt 56-199] Attempt to get parsing info during refresh. "On-the-fly" syntax checking information may be incorrect. [C:\Users\C27Brandon.Sweitzer\workspace\ece383_wksp\lab2\lab2\lab2.srcs\sources_1\imports\Downloads\Lab02_cadet_code\lab2_code_for_cadets_2026\audio_init.v:]
WARNING: [filemgmt 56-199] Attempt to get parsing info during refresh. "On-the-fly" syntax checking information may be incorrect. [C:\Users\C27Brandon.Sweitzer\workspace\ece383_wksp\lab2\lab2\lab2.srcs\sources_1\imports\Downloads\Lab02_cadet_code\lab2_code_for_cadets_2026\lab2_fsm.vhdl:]
WARNING: [filemgmt 56-199] Attempt to get parsing info during refresh. "On-the-fly" syntax checking information may be incorrect. [C:\Users\C27Brandon.Sweitzer\workspace\ece383_wksp\lab2\lab2\lab2.srcs\sources_1\imports\Downloads\Lab02_cadet_code\lab2_code_for_cadets_2026\i2s_ctl.vhd:]
WARNING: [filemgmt 56-199] Attempt to get parsing info during refresh. "On-the-fly" syntax checking information may be incorrect. [C:\Users\C27Brandon.Sweitzer\workspace\ece383_wksp\lab2\lab2\lab2.srcs\sources_1\imports\Lab1_Cadet_Code_2026\vga.vhd:]
WARNING: [filemgmt 56-199] Attempt to get parsing info during refresh. "On-the-fly" syntax checking information may be incorrect. [C:\Users\C27Brandon.Sweitzer\workspace\ece383_wksp\lab2\lab2\lab2.srcs\sources_1\new\color_mapper.vhd:]
WARNING: [filemgmt 56-199] Attempt to get parsing info during refresh. "On-the-fly" syntax checking information may be incorrect. [C:\Users\C27Brandon.Sweitzer\workspace\ece383_wksp\lab2\lab2\lab2.srcs\sources_1\imports\Downloads\Lab02_cadet_code\lab2_code_for_cadets_2026\Audio_Codec_Wrapper.vhd:]
WARNING: [filemgmt 56-199] Attempt to get parsing info during refresh. "On-the-fly" syntax checking information may be incorrect. [C:\Users\C27Brandon.Sweitzer\workspace\ece383_wksp\lab2\lab2\lab2.srcs\sources_1\imports\imports\381572701\counter.vhdl:]
WARNING: [filemgmt 56-199] Attempt to get parsing info during refresh. "On-the-fly" syntax checking information may be incorrect. [C:\Users\C27Brandon.Sweitzer\workspace\ece383_wksp\lab2\lab2\lab2.srcs\sources_1\imports\new\lec10.vhdl:]
WARNING: [filemgmt 56-199] Attempt to get parsing info during refresh. "On-the-fly" syntax checking information may be incorrect. [C:\Users\C27Brandon.Sweitzer\workspace\ece383_wksp\lab2\lab2\lab2.srcs\sources_1\imports\new\button_debounce.vhdl:]
WARNING: [filemgmt 56-199] Attempt to get parsing info during refresh. "On-the-fly" syntax checking information may be incorrect. [C:\Users\C27Brandon.Sweitzer\workspace\ece383_wksp\lab2\lab2\lab2.srcs\sources_1\imports\new\button_debounce.vhdl:]
reset_run synth_1
INFO: [Project 1-1161] Replacing file C:/Users/C27Brandon.Sweitzer/workspace/ece383_wksp/lab2/lab2/lab2.srcs/utils_1/imports/synth_1/lab2.dcp with file C:/Users/C27Brandon.Sweitzer/workspace/ece383_wksp/lab2/lab2/lab2.runs/synth_1/lab2.dcp
WARNING: [filemgmt 56-199] Attempt to get parsing info during refresh. "On-the-fly" syntax checking information may be incorrect. [C:\Users\C27Brandon.Sweitzer\workspace\ece383_wksp\lab2\lab2\lab2.srcs\sources_1\imports\Downloads\Lab02_cadet_code\lab2_code_for_cadets_2026\lab2.vhd:]
WARNING: [filemgmt 56-199] Attempt to get parsing info during refresh. "On-the-fly" syntax checking information may be incorrect. [C:\Users\C27Brandon.Sweitzer\workspace\ece383_wksp\lab2\lab2\lab2.srcs\sources_1\imports\Downloads\Lab02_cadet_code\lab2_code_for_cadets_2026\lab2_datapath.vhdl:]
WARNING: [filemgmt 56-199] Attempt to get parsing info during refresh. "On-the-fly" syntax checking information may be incorrect. [C:\Users\C27Brandon.Sweitzer\workspace\ece383_wksp\lab2\lab2\lab2.srcs\sources_1\imports\new\button_debounce.vhdl:]
WARNING: [filemgmt 56-199] Attempt to get parsing info during refresh. "On-the-fly" syntax checking information may be incorrect. [C:\Users\C27Brandon.Sweitzer\workspace\ece383_wksp\lab2\lab2\lab2.srcs\sources_1\imports\Downloads\Lab02_cadet_code\lab2_code_for_cadets_2026\audio_init.v:]
WARNING: [filemgmt 56-199] Attempt to get parsing info during refresh. "On-the-fly" syntax checking information may be incorrect. [C:\Users\C27Brandon.Sweitzer\workspace\ece383_wksp\lab2\lab2\lab2.srcs\sources_1\imports\Downloads\Lab02_cadet_code\lab2_code_for_cadets_2026\lab2_fsm.vhdl:]
WARNING: [filemgmt 56-199] Attempt to get parsing info during refresh. "On-the-fly" syntax checking information may be incorrect. [C:\Users\C27Brandon.Sweitzer\workspace\ece383_wksp\lab2\lab2\lab2.srcs\sources_1\imports\Downloads\Lab02_cadet_code\lab2_code_for_cadets_2026\i2s_ctl.vhd:]
WARNING: [filemgmt 56-199] Attempt to get parsing info during refresh. "On-the-fly" syntax checking information may be incorrect. [C:\Users\C27Brandon.Sweitzer\workspace\ece383_wksp\lab2\lab2\lab2.srcs\sources_1\imports\Lab1_Cadet_Code_2026\vga.vhd:]
WARNING: [filemgmt 56-199] Attempt to get parsing info during refresh. "On-the-fly" syntax checking information may be incorrect. [C:\Users\C27Brandon.Sweitzer\workspace\ece383_wksp\lab2\lab2\lab2.srcs\sources_1\new\color_mapper.vhd:]
WARNING: [filemgmt 56-199] Attempt to get parsing info during refresh. "On-the-fly" syntax checking information may be incorrect. [C:\Users\C27Brandon.Sweitzer\workspace\ece383_wksp\lab2\lab2\lab2.srcs\sources_1\imports\Downloads\Lab02_cadet_code\lab2_code_for_cadets_2026\Audio_Codec_Wrapper.vhd:]
WARNING: [filemgmt 56-199] Attempt to get parsing info during refresh. "On-the-fly" syntax checking information may be incorrect. [C:\Users\C27Brandon.Sweitzer\workspace\ece383_wksp\lab2\lab2\lab2.srcs\sources_1\imports\imports\381572701\counter.vhdl:]
WARNING: [filemgmt 56-199] Attempt to get parsing info during refresh. "On-the-fly" syntax checking information may be incorrect. [C:\Users\C27Brandon.Sweitzer\workspace\ece383_wksp\lab2\lab2\lab2.srcs\sources_1\imports\new\lec10.vhdl:]
WARNING: [filemgmt 56-199] Attempt to get parsing info during refresh. "On-the-fly" syntax checking information may be incorrect. [C:\Users\C27Brandon.Sweitzer\workspace\ece383_wksp\lab2\lab2\lab2.srcs\sources_1\new\color_mapper.vhd:]
WARNING: [filemgmt 56-199] Attempt to get parsing info during refresh. "On-the-fly" syntax checking information may be incorrect. [C:\Users\C27Brandon.Sweitzer\workspace\ece383_wksp\lab2\lab2\lab2.srcs\sources_1\new\color_mapper.vhd:]
WARNING: [filemgmt 56-199] Attempt to get parsing info during refresh. "On-the-fly" syntax checking information may be incorrect. [C:\Users\C27Brandon.Sweitzer\workspace\ece383_wksp\lab2\lab2\lab2.srcs\sources_1\imports\Downloads\Lab02_cadet_code\lab2_code_for_cadets_2026\lab2.vhd:]
WARNING: [filemgmt 56-199] Attempt to get parsing info during refresh. "On-the-fly" syntax checking information may be incorrect. [C:\Users\C27Brandon.Sweitzer\workspace\ece383_wksp\lab2\lab2\lab2.srcs\sources_1\imports\Downloads\Lab02_cadet_code\lab2_code_for_cadets_2026\lab2_datapath.vhdl:]
WARNING: [filemgmt 56-199] Attempt to get parsing info during refresh. "On-the-fly" syntax checking information may be incorrect. [C:\Users\C27Brandon.Sweitzer\workspace\ece383_wksp\lab2\lab2\lab2.srcs\sources_1\imports\new\button_debounce.vhdl:]
WARNING: [filemgmt 56-199] Attempt to get parsing info during refresh. "On-the-fly" syntax checking information may be incorrect. [C:\Users\C27Brandon.Sweitzer\workspace\ece383_wksp\lab2\lab2\lab2.srcs\sources_1\imports\Downloads\Lab02_cadet_code\lab2_code_for_cadets_2026\audio_init.v:]
WARNING: [filemgmt 56-199] Attempt to get parsing info during refresh. "On-the-fly" syntax checking information may be incorrect. [C:\Users\C27Brandon.Sweitzer\workspace\ece383_wksp\lab2\lab2\lab2.srcs\sources_1\imports\Downloads\Lab02_cadet_code\lab2_code_for_cadets_2026\lab2_fsm.vhdl:]
WARNING: [filemgmt 56-199] Attempt to get parsing info during refresh. "On-the-fly" syntax checking information may be incorrect. [C:\Users\C27Brandon.Sweitzer\workspace\ece383_wksp\lab2\lab2\lab2.srcs\sources_1\imports\Downloads\Lab02_cadet_code\lab2_code_for_cadets_2026\i2s_ctl.vhd:]
WARNING: [filemgmt 56-199] Attempt to get parsing info during refresh. "On-the-fly" syntax checking information may be incorrect. [C:\Users\C27Brandon.Sweitzer\workspace\ece383_wksp\lab2\lab2\lab2.srcs\sources_1\imports\Lab1_Cadet_Code_2026\vga.vhd:]
WARNING: [filemgmt 56-199] Attempt to get parsing info during refresh. "On-the-fly" syntax checking information may be incorrect. [C:\Users\C27Brandon.Sweitzer\workspace\ece383_wksp\lab2\lab2\lab2.srcs\sources_1\new\color_mapper.vhd:]
WARNING: [filemgmt 56-199] Attempt to get parsing info during refresh. "On-the-fly" syntax checking information may be incorrect. [C:\Users\C27Brandon.Sweitzer\workspace\ece383_wksp\lab2\lab2\lab2.srcs\sources_1\imports\Downloads\Lab02_cadet_code\lab2_code_for_cadets_2026\Audio_Codec_Wrapper.vhd:]
WARNING: [filemgmt 56-199] Attempt to get parsing info during refresh. "On-the-fly" syntax checking information may be incorrect. [C:\Users\C27Brandon.Sweitzer\workspace\ece383_wksp\lab2\lab2\lab2.srcs\sources_1\imports\imports\381572701\counter.vhdl:]
WARNING: [filemgmt 56-199] Attempt to get parsing info during refresh. "On-the-fly" syntax checking information may be incorrect. [C:\Users\C27Brandon.Sweitzer\workspace\ece383_wksp\lab2\lab2\lab2.srcs\sources_1\imports\new\lec10.vhdl:]
WARNING: [filemgmt 56-199] Attempt to get parsing info during refresh. "On-the-fly" syntax checking information may be incorrect. [C:\Users\C27Brandon.Sweitzer\workspace\ece383_wksp\lab2\lab2\lab2.srcs\sources_1\imports\Lab1_Cadet_Code_2026\vga.vhd:]
WARNING: [filemgmt 56-199] Attempt to get parsing info during refresh. "On-the-fly" syntax checking information may be incorrect. [C:\Users\C27Brandon.Sweitzer\workspace\ece383_wksp\lab2\lab2\lab2.srcs\sources_1\imports\Lab1_Cadet_Code_2026\vga.vhd:]
WARNING: [filemgmt 56-199] Attempt to get parsing info during refresh. "On-the-fly" syntax checking information may be incorrect. [C:\Users\C27Brandon.Sweitzer\workspace\ece383_wksp\lab2\lab2\lab2.srcs\sources_1\imports\Downloads\Lab02_cadet_code\lab2_code_for_cadets_2026\lab2.vhd:]
WARNING: [filemgmt 56-199] Attempt to get parsing info during refresh. "On-the-fly" syntax checking information may be incorrect. [C:\Users\C27Brandon.Sweitzer\workspace\ece383_wksp\lab2\lab2\lab2.srcs\sources_1\imports\Downloads\Lab02_cadet_code\lab2_code_for_cadets_2026\lab2_datapath.vhdl:]
WARNING: [filemgmt 56-199] Attempt to get parsing info during refresh. "On-the-fly" syntax checking information may be incorrect. [C:\Users\C27Brandon.Sweitzer\workspace\ece383_wksp\lab2\lab2\lab2.srcs\sources_1\imports\new\button_debounce.vhdl:]
WARNING: [filemgmt 56-199] Attempt to get parsing info during refresh. "On-the-fly" syntax checking information may be incorrect. [C:\Users\C27Brandon.Sweitzer\workspace\ece383_wksp\lab2\lab2\lab2.srcs\sources_1\imports\Downloads\Lab02_cadet_code\lab2_code_for_cadets_2026\audio_init.v:]
WARNING: [filemgmt 56-199] Attempt to get parsing info during refresh. "On-the-fly" syntax checking information may be incorrect. [C:\Users\C27Brandon.Sweitzer\workspace\ece383_wksp\lab2\lab2\lab2.srcs\sources_1\imports\Downloads\Lab02_cadet_code\lab2_code_for_cadets_2026\lab2_fsm.vhdl:]
WARNING: [filemgmt 56-199] Attempt to get parsing info during refresh. "On-the-fly" syntax checking information may be incorrect. [C:\Users\C27Brandon.Sweitzer\workspace\ece383_wksp\lab2\lab2\lab2.srcs\sources_1\imports\Downloads\Lab02_cadet_code\lab2_code_for_cadets_2026\i2s_ctl.vhd:]
WARNING: [filemgmt 56-199] Attempt to get parsing info during refresh. "On-the-fly" syntax checking information may be incorrect. [C:\Users\C27Brandon.Sweitzer\workspace\ece383_wksp\lab2\lab2\lab2.srcs\sources_1\imports\Lab1_Cadet_Code_2026\vga.vhd:]
WARNING: [filemgmt 56-199] Attempt to get parsing info during refresh. "On-the-fly" syntax checking information may be incorrect. [C:\Users\C27Brandon.Sweitzer\workspace\ece383_wksp\lab2\lab2\lab2.srcs\sources_1\new\color_mapper.vhd:]
WARNING: [filemgmt 56-199] Attempt to get parsing info during refresh. "On-the-fly" syntax checking information may be incorrect. [C:\Users\C27Brandon.Sweitzer\workspace\ece383_wksp\lab2\lab2\lab2.srcs\sources_1\imports\Downloads\Lab02_cadet_code\lab2_code_for_cadets_2026\Audio_Codec_Wrapper.vhd:]
WARNING: [filemgmt 56-199] Attempt to get parsing info during refresh. "On-the-fly" syntax checking information may be incorrect. [C:\Users\C27Brandon.Sweitzer\workspace\ece383_wksp\lab2\lab2\lab2.srcs\sources_1\imports\imports\381572701\counter.vhdl:]
WARNING: [filemgmt 56-199] Attempt to get parsing info during refresh. "On-the-fly" syntax checking information may be incorrect. [C:\Users\C27Brandon.Sweitzer\workspace\ece383_wksp\lab2\lab2\lab2.srcs\sources_1\imports\new\lec10.vhdl:]
WARNING: [filemgmt 56-199] Attempt to get parsing info during refresh. "On-the-fly" syntax checking information may be incorrect. [C:\Users\C27Brandon.Sweitzer\workspace\ece383_wksp\lab2\lab2\lab2.srcs\sources_1\imports\Downloads\Lab02_cadet_code\lab2_code_for_cadets_2026\audio_init.v:]
WARNING: [filemgmt 56-199] Attempt to get parsing info during refresh. "On-the-fly" syntax checking information may be incorrect. [C:\Users\C27Brandon.Sweitzer\workspace\ece383_wksp\lab2\lab2\lab2.srcs\sources_1\imports\Downloads\Lab02_cadet_code\lab2_code_for_cadets_2026\audio_init.v:]
WARNING: [filemgmt 56-199] Attempt to get parsing info during refresh. "On-the-fly" syntax checking information may be incorrect. [C:\Users\C27Brandon.Sweitzer\workspace\ece383_wksp\lab2\lab2\lab2.srcs\sources_1\imports\Downloads\Lab02_cadet_code\lab2_code_for_cadets_2026\lab2.vhd:]
WARNING: [filemgmt 56-199] Attempt to get parsing info during refresh. "On-the-fly" syntax checking information may be incorrect. [C:\Users\C27Brandon.Sweitzer\workspace\ece383_wksp\lab2\lab2\lab2.srcs\sources_1\imports\Downloads\Lab02_cadet_code\lab2_code_for_cadets_2026\lab2_datapath.vhdl:]
WARNING: [filemgmt 56-199] Attempt to get parsing info during refresh. "On-the-fly" syntax checking information may be incorrect. [C:\Users\C27Brandon.Sweitzer\workspace\ece383_wksp\lab2\lab2\lab2.srcs\sources_1\imports\new\button_debounce.vhdl:]
WARNING: [filemgmt 56-199] Attempt to get parsing info during refresh. "On-the-fly" syntax checking information may be incorrect. [C:\Users\C27Brandon.Sweitzer\workspace\ece383_wksp\lab2\lab2\lab2.srcs\sources_1\imports\Downloads\Lab02_cadet_code\lab2_code_for_cadets_2026\audio_init.v:]
WARNING: [filemgmt 56-199] Attempt to get parsing info during refresh. "On-the-fly" syntax checking information may be incorrect. [C:\Users\C27Brandon.Sweitzer\workspace\ece383_wksp\lab2\lab2\lab2.srcs\sources_1\imports\Downloads\Lab02_cadet_code\lab2_code_for_cadets_2026\lab2_fsm.vhdl:]
WARNING: [filemgmt 56-199] Attempt to get parsing info during refresh. "On-the-fly" syntax checking information may be incorrect. [C:\Users\C27Brandon.Sweitzer\workspace\ece383_wksp\lab2\lab2\lab2.srcs\sources_1\imports\Downloads\Lab02_cadet_code\lab2_code_for_cadets_2026\i2s_ctl.vhd:]
WARNING: [filemgmt 56-199] Attempt to get parsing info during refresh. "On-the-fly" syntax checking information may be incorrect. [C:\Users\C27Brandon.Sweitzer\workspace\ece383_wksp\lab2\lab2\lab2.srcs\sources_1\imports\Lab1_Cadet_Code_2026\vga.vhd:]
WARNING: [filemgmt 56-199] Attempt to get parsing info during refresh. "On-the-fly" syntax checking information may be incorrect. [C:\Users\C27Brandon.Sweitzer\workspace\ece383_wksp\lab2\lab2\lab2.srcs\sources_1\new\color_mapper.vhd:]
WARNING: [filemgmt 56-199] Attempt to get parsing info during refresh. "On-the-fly" syntax checking information may be incorrect. [C:\Users\C27Brandon.Sweitzer\workspace\ece383_wksp\lab2\lab2\lab2.srcs\sources_1\imports\Downloads\Lab02_cadet_code\lab2_code_for_cadets_2026\Audio_Codec_Wrapper.vhd:]
WARNING: [filemgmt 56-199] Attempt to get parsing info during refresh. "On-the-fly" syntax checking information may be incorrect. [C:\Users\C27Brandon.Sweitzer\workspace\ece383_wksp\lab2\lab2\lab2.srcs\sources_1\imports\imports\381572701\counter.vhdl:]
WARNING: [filemgmt 56-199] Attempt to get parsing info during refresh. "On-the-fly" syntax checking information may be incorrect. [C:\Users\C27Brandon.Sweitzer\workspace\ece383_wksp\lab2\lab2\lab2.srcs\sources_1\imports\new\lec10.vhdl:]
WARNING: [filemgmt 56-199] Attempt to get parsing info during refresh. "On-the-fly" syntax checking information may be incorrect. [C:\Users\C27Brandon.Sweitzer\workspace\ece383_wksp\lab2\lab2\lab2.srcs\sources_1\imports\Downloads\Lab02_cadet_code\lab2_code_for_cadets_2026\lab2_fsm.vhdl:]
WARNING: [filemgmt 56-199] Attempt to get parsing info during refresh. "On-the-fly" syntax checking information may be incorrect. [C:\Users\C27Brandon.Sweitzer\workspace\ece383_wksp\lab2\lab2\lab2.srcs\sources_1\imports\Downloads\Lab02_cadet_code\lab2_code_for_cadets_2026\lab2_fsm.vhdl:]
WARNING: [filemgmt 56-199] Attempt to get parsing info during refresh. "On-the-fly" syntax checking information may be incorrect. [C:\Users\C27Brandon.Sweitzer\workspace\ece383_wksp\lab2\lab2\lab2.srcs\sources_1\imports\Downloads\Lab02_cadet_code\lab2_code_for_cadets_2026\lab2.vhd:]
WARNING: [filemgmt 56-199] Attempt to get parsing info during refresh. "On-the-fly" syntax checking information may be incorrect. [C:\Users\C27Brandon.Sweitzer\workspace\ece383_wksp\lab2\lab2\lab2.srcs\sources_1\imports\Downloads\Lab02_cadet_code\lab2_code_for_cadets_2026\lab2_datapath.vhdl:]
WARNING: [filemgmt 56-199] Attempt to get parsing info during refresh. "On-the-fly" syntax checking information may be incorrect. [C:\Users\C27Brandon.Sweitzer\workspace\ece383_wksp\lab2\lab2\lab2.srcs\sources_1\imports\new\button_debounce.vhdl:]
WARNING: [filemgmt 56-199] Attempt to get parsing info during refresh. "On-the-fly" syntax checking information may be incorrect. [C:\Users\C27Brandon.Sweitzer\workspace\ece383_wksp\lab2\lab2\lab2.srcs\sources_1\imports\Downloads\Lab02_cadet_code\lab2_code_for_cadets_2026\audio_init.v:]
WARNING: [filemgmt 56-199] Attempt to get parsing info during refresh. "On-the-fly" syntax checking information may be incorrect. [C:\Users\C27Brandon.Sweitzer\workspace\ece383_wksp\lab2\lab2\lab2.srcs\sources_1\imports\Downloads\Lab02_cadet_code\lab2_code_for_cadets_2026\lab2_fsm.vhdl:]
WARNING: [filemgmt 56-199] Attempt to get parsing info during refresh. "On-the-fly" syntax checking information may be incorrect. [C:\Users\C27Brandon.Sweitzer\workspace\ece383_wksp\lab2\lab2\lab2.srcs\sources_1\imports\Downloads\Lab02_cadet_code\lab2_code_for_cadets_2026\i2s_ctl.vhd:]
WARNING: [filemgmt 56-199] Attempt to get parsing info during refresh. "On-the-fly" syntax checking information may be incorrect. [C:\Users\C27Brandon.Sweitzer\workspace\ece383_wksp\lab2\lab2\lab2.srcs\sources_1\imports\Lab1_Cadet_Code_2026\vga.vhd:]
WARNING: [filemgmt 56-199] Attempt to get parsing info during refresh. "On-the-fly" syntax checking information may be incorrect. [C:\Users\C27Brandon.Sweitzer\workspace\ece383_wksp\lab2\lab2\lab2.srcs\sources_1\new\color_mapper.vhd:]
WARNING: [filemgmt 56-199] Attempt to get parsing info during refresh. "On-the-fly" syntax checking information may be incorrect. [C:\Users\C27Brandon.Sweitzer\workspace\ece383_wksp\lab2\lab2\lab2.srcs\sources_1\imports\Downloads\Lab02_cadet_code\lab2_code_for_cadets_2026\Audio_Codec_Wrapper.vhd:]
WARNING: [filemgmt 56-199] Attempt to get parsing info during refresh. "On-the-fly" syntax checking information may be incorrect. [C:\Users\C27Brandon.Sweitzer\workspace\ece383_wksp\lab2\lab2\lab2.srcs\sources_1\imports\imports\381572701\counter.vhdl:]
WARNING: [filemgmt 56-199] Attempt to get parsing info during refresh. "On-the-fly" syntax checking information may be incorrect. [C:\Users\C27Brandon.Sweitzer\workspace\ece383_wksp\lab2\lab2\lab2.srcs\sources_1\imports\new\lec10.vhdl:]
WARNING: [filemgmt 56-199] Attempt to get parsing info during refresh. "On-the-fly" syntax checking information may be incorrect. [C:\Users\C27Brandon.Sweitzer\workspace\ece383_wksp\lab2\lab2\lab2.srcs\sources_1\imports\Downloads\Lab02_cadet_code\lab2_code_for_cadets_2026\i2s_ctl.vhd:]
WARNING: [filemgmt 56-199] Attempt to get parsing info during refresh. "On-the-fly" syntax checking information may be incorrect. [C:\Users\C27Brandon.Sweitzer\workspace\ece383_wksp\lab2\lab2\lab2.srcs\sources_1\imports\Downloads\Lab02_cadet_code\lab2_code_for_cadets_2026\i2s_ctl.vhd:]
launch_runs synth_1 -jobs 8
WARNING: [filemgmt 56-199] Attempt to get parsing info during refresh. "On-the-fly" syntax checking information may be incorrect. [C:\Users\C27Brandon.Sweitzer\workspace\ece383_wksp\lab2\lab2\lab2.srcs\sources_1\imports\Downloads\Lab02_cadet_code\lab2_code_for_cadets_2026\lab2.vhd:]
WARNING: [filemgmt 56-199] Attempt to get parsing info during refresh. "On-the-fly" syntax checking information may be incorrect. [C:\Users\C27Brandon.Sweitzer\workspace\ece383_wksp\lab2\lab2\lab2.srcs\sources_1\imports\Downloads\Lab02_cadet_code\lab2_code_for_cadets_2026\lab2_datapath.vhdl:]
WARNING: [filemgmt 56-199] Attempt to get parsing info during refresh. "On-the-fly" syntax checking information may be incorrect. [C:\Users\C27Brandon.Sweitzer\workspace\ece383_wksp\lab2\lab2\lab2.srcs\sources_1\imports\new\button_debounce.vhdl:]
WARNING: [filemgmt 56-199] Attempt to get parsing info during refresh. "On-the-fly" syntax checking information may be incorrect. [C:\Users\C27Brandon.Sweitzer\workspace\ece383_wksp\lab2\lab2\lab2.srcs\sources_1\imports\Downloads\Lab02_cadet_code\lab2_code_for_cadets_2026\audio_init.v:]
WARNING: [filemgmt 56-199] Attempt to get parsing info during refresh. "On-the-fly" syntax checking information may be incorrect. [C:\Users\C27Brandon.Sweitzer\workspace\ece383_wksp\lab2\lab2\lab2.srcs\sources_1\imports\Downloads\Lab02_cadet_code\lab2_code_for_cadets_2026\lab2_fsm.vhdl:]
WARNING: [filemgmt 56-199] Attempt to get parsing info during refresh. "On-the-fly" syntax checking information may be incorrect. [C:\Users\C27Brandon.Sweitzer\workspace\ece383_wksp\lab2\lab2\lab2.srcs\sources_1\imports\Downloads\Lab02_cadet_code\lab2_code_for_cadets_2026\i2s_ctl.vhd:]
WARNING: [filemgmt 56-199] Attempt to get parsing info during refresh. "On-the-fly" syntax checking information may be incorrect. [C:\Users\C27Brandon.Sweitzer\workspace\ece383_wksp\lab2\lab2\lab2.srcs\sources_1\imports\Lab1_Cadet_Code_2026\vga.vhd:]
WARNING: [filemgmt 56-199] Attempt to get parsing info during refresh. "On-the-fly" syntax checking information may be incorrect. [C:\Users\C27Brandon.Sweitzer\workspace\ece383_wksp\lab2\lab2\lab2.srcs\sources_1\new\color_mapper.vhd:]
WARNING: [filemgmt 56-199] Attempt to get parsing info during refresh. "On-the-fly" syntax checking information may be incorrect. [C:\Users\C27Brandon.Sweitzer\workspace\ece383_wksp\lab2\lab2\lab2.srcs\sources_1\imports\Downloads\Lab02_cadet_code\lab2_code_for_cadets_2026\Audio_Codec_Wrapper.vhd:]
WARNING: [filemgmt 56-199] Attempt to get parsing info during refresh. "On-the-fly" syntax checking information may be incorrect. [C:\Users\C27Brandon.Sweitzer\workspace\ece383_wksp\lab2\lab2\lab2.srcs\sources_1\imports\imports\381572701\counter.vhdl:]
WARNING: [filemgmt 56-199] Attempt to get parsing info during refresh. "On-the-fly" syntax checking information may be incorrect. [C:\Users\C27Brandon.Sweitzer\workspace\ece383_wksp\lab2\lab2\lab2.srcs\sources_1\imports\new\lec10.vhdl:]
WARNING: [filemgmt 56-199] Attempt to get parsing info during refresh. "On-the-fly" syntax checking information may be incorrect. [C:\Users\C27Brandon.Sweitzer\workspace\ece383_wksp\lab2\lab2\lab2.srcs\sources_1\imports\imports\381572701\counter.vhdl:]
WARNING: [filemgmt 56-199] Attempt to get parsing info during refresh. "On-the-fly" syntax checking information may be incorrect. [C:\Users\C27Brandon.Sweitzer\workspace\ece383_wksp\lab2\lab2\lab2.srcs\sources_1\imports\imports\381572701\counter.vhdl:]
WARNING: [filemgmt 56-199] Attempt to get parsing info during refresh. "On-the-fly" syntax checking information may be incorrect. [C:\Users\C27Brandon.Sweitzer\workspace\ece383_wksp\lab2\lab2\lab2.srcs\sources_1\imports\Downloads\Lab02_cadet_code\lab2_code_for_cadets_2026\lab2.vhd:]
WARNING: [filemgmt 56-199] Attempt to get parsing info during refresh. "On-the-fly" syntax checking information may be incorrect. [C:\Users\C27Brandon.Sweitzer\workspace\ece383_wksp\lab2\lab2\lab2.srcs\sources_1\imports\Downloads\Lab02_cadet_code\lab2_code_for_cadets_2026\lab2_datapath.vhdl:]
WARNING: [filemgmt 56-199] Attempt to get parsing info during refresh. "On-the-fly" syntax checking information may be incorrect. [C:\Users\C27Brandon.Sweitzer\workspace\ece383_wksp\lab2\lab2\lab2.srcs\sources_1\imports\new\button_debounce.vhdl:]
WARNING: [filemgmt 56-199] Attempt to get parsing info during refresh. "On-the-fly" syntax checking information may be incorrect. [C:\Users\C27Brandon.Sweitzer\workspace\ece383_wksp\lab2\lab2\lab2.srcs\sources_1\imports\Downloads\Lab02_cadet_code\lab2_code_for_cadets_2026\audio_init.v:]
WARNING: [filemgmt 56-199] Attempt to get parsing info during refresh. "On-the-fly" syntax checking information may be incorrect. [C:\Users\C27Brandon.Sweitzer\workspace\ece383_wksp\lab2\lab2\lab2.srcs\sources_1\imports\Downloads\Lab02_cadet_code\lab2_code_for_cadets_2026\lab2_fsm.vhdl:]
WARNING: [filemgmt 56-199] Attempt to get parsing info during refresh. "On-the-fly" syntax checking information may be incorrect. [C:\Users\C27Brandon.Sweitzer\workspace\ece383_wksp\lab2\lab2\lab2.srcs\sources_1\imports\Downloads\Lab02_cadet_code\lab2_code_for_cadets_2026\i2s_ctl.vhd:]
WARNING: [filemgmt 56-199] Attempt to get parsing info during refresh. "On-the-fly" syntax checking information may be incorrect. [C:\Users\C27Brandon.Sweitzer\workspace\ece383_wksp\lab2\lab2\lab2.srcs\sources_1\imports\Lab1_Cadet_Code_2026\vga.vhd:]
WARNING: [filemgmt 56-199] Attempt to get parsing info during refresh. "On-the-fly" syntax checking information may be incorrect. [C:\Users\C27Brandon.Sweitzer\workspace\ece383_wksp\lab2\lab2\lab2.srcs\sources_1\new\color_mapper.vhd:]
WARNING: [filemgmt 56-199] Attempt to get parsing info during refresh. "On-the-fly" syntax checking information may be incorrect. [C:\Users\C27Brandon.Sweitzer\workspace\ece383_wksp\lab2\lab2\lab2.srcs\sources_1\imports\Downloads\Lab02_cadet_code\lab2_code_for_cadets_2026\Audio_Codec_Wrapper.vhd:]
INFO: [Common 17-14] Message 'filemgmt 56-199' appears 100 times and further instances of the messages will be disabled. Use the Tcl command set_msg_config to change the current settings.
ERROR: [Common 17-180] Spawn failed: No error
ERROR: [Common 17-180] Spawn failed: No error
ERROR: [Common 17-180] Spawn failed: No error
ERROR: [Common 17-180] Spawn failed: No error
ERROR: [Common 17-180] Spawn failed: No error
ERROR: [Common 17-180] Spawn failed: No error
ERROR: [Common 17-180] Spawn failed: No error
ERROR: [Common 17-180] Spawn failed: No error
ERROR: [Common 17-180] Spawn failed: No error
ERROR: [Common 17-180] Spawn failed: No error
WARNING: [filemgmt 20-1318] Duplicate Design Unit 'TDMS_encoder(Behavioral)' found in library 'xil_defaultlib'
	(Active) Duplicate found at line 22 of file C:/Users/C27Brandon.Sweitzer/workspace/ece383_wksp/lab2/lab2/lab2.srcs/sources_1/imports/Downloads/Lab02_cadet_code/lab2_code_for_cadets_2026/tdms.vhdl
Duplicate found in file C:/Users/C27Brandon.Sweitzer/workspace/ece383_wksp/lab2/lab2/lab2.srcs/sources_1/imports/imports/Lab1_Cadet_Code_2026/tdms.vhdl
ERROR: [Vivado 12-4756] Launch of runs aborted due to earlier errors while preparing sub-designs for run execution.
launch_runs synth_1 -jobs 8
WARNING: [filemgmt 20-1318] Duplicate Design Unit 'TDMS_encoder(Behavioral)' found in library 'xil_defaultlib'
	(Active) Duplicate found at line 22 of file C:/Users/C27Brandon.Sweitzer/workspace/ece383_wksp/lab2/lab2/lab2.srcs/sources_1/imports/Downloads/Lab02_cadet_code/lab2_code_for_cadets_2026/tdms.vhdl
Duplicate found in file C:/Users/C27Brandon.Sweitzer/workspace/ece383_wksp/lab2/lab2/lab2.srcs/sources_1/imports/imports/Lab1_Cadet_Code_2026/tdms.vhdl
[Thu Feb 19 19:32:00 2026] Launched synth_1...
Run output will be captured here: C:/Users/C27Brandon.Sweitzer/workspace/ece383_wksp/lab2/lab2/lab2.runs/synth_1/runme.log
current_project Lab1-demo
close_project
