#-----------------------------------------------------------
# Vivado v2024.2 (64-bit)
# SW Build 5239630 on Fri Nov 08 22:35:27 MST 2024
# IP Build 5239520 on Sun Nov 10 16:12:51 MST 2024
# SharedData Build 5239561 on Fri Nov 08 14:39:27 MST 2024
# Start of session at: Wed Mar  4 22:03:43 2026
# Process ID         : 20464
# Current directory  : C:/Users/C27Brandon.Sweitzer/workspace/ece383_wksp/lab2/lab2
# Command line       : vivado.exe -gui_launcher_event rodinguilauncherevent18792 C:\Users\C27Brandon.Sweitzer\workspace\ece383_wksp\lab2\lab2\lab2.xpr
# Log file           : C:/Users/C27Brandon.Sweitzer/workspace/ece383_wksp/lab2/lab2/vivado.log
# Journal file       : C:/Users/C27Brandon.Sweitzer/workspace/ece383_wksp/lab2/lab2\vivado.jou
# Running On         : C27-5CG31328K0
# Platform           : Windows Server 2016 or Windows 10
# Operating System   : 22631
# Processor Detail   : AMD Ryzen 7 PRO 6850U with Radeon Graphics     
# CPU Frequency      : 2695 MHz
# CPU Physical cores : 8
# CPU Logical cores  : 16
# Host memory        : 16442 MB
# Swap memory        : 47185 MB
# Total Virtual      : 63628 MB
# Available Virtual  : 50937 MB
#-----------------------------------------------------------
start_gui
open_project C:/Users/C27Brandon.Sweitzer/workspace/ece383_wksp/lab2/lab2/lab2.xpr
Scanning sources...
Finished scanning sources
INFO: [IP_Flow 19-234] Refreshing IP repositories
INFO: [IP_Flow 19-1704] No user IP repositories specified
INFO: [IP_Flow 19-2313] Loaded Vivado IP repository 'C:/Xilinx/Vivado/2024.2/data/ip'.
open_project: Time (s): cpu = 00:00:03 ; elapsed = 00:00:16 . Memory (MB): peak = 1157.801 ; gain = 103.195
update_compile_order -fileset sources_1
WARNING: [filemgmt 56-199] Attempt to get parsing info during refresh. "On-the-fly" syntax checking information may be incorrect. [C:\Users\C27Brandon.Sweitzer\workspace\ece383_wksp\lab2\lab2\lab2.srcs\sources_1\imports\Downloads\Lab02_cadet_code\lab2_code_for_cadets_2026\lab2.vhd:]
WARNING: [filemgmt 56-199] Attempt to get parsing info during refresh. "On-the-fly" syntax checking information may be incorrect. [C:\Users\C27Brandon.Sweitzer\workspace\ece383_wksp\lab2\lab2\lab2.srcs\sources_1\imports\Downloads\Lab02_cadet_code\lab2_code_for_cadets_2026\lab2_datapath.vhdl:]
WARNING: [filemgmt 56-199] Attempt to get parsing info during refresh. "On-the-fly" syntax checking information may be incorrect. [C:\Users\C27Brandon.Sweitzer\workspace\ece383_wksp\lab2\lab2\lab2.srcs\sources_1\imports\Downloads\Lab02_cadet_code\lab2_code_for_cadets_2026\lab2_fsm.vhdl:]
WARNING: [filemgmt 56-199] Attempt to get parsing info during refresh. "On-the-fly" syntax checking information may be incorrect. [C:\Users\C27Brandon.Sweitzer\workspace\ece383_wksp\lab2\lab2\lab2.srcs\sources_1\imports\Downloads\Lab02_cadet_code\lab2_code_for_cadets_2026\lab2_fsm.vhdl:]
WARNING: [filemgmt 56-199] Attempt to get parsing info during refresh. "On-the-fly" syntax checking information may be incorrect. [C:\Users\C27Brandon.Sweitzer\workspace\ece383_wksp\lab2\lab2\lab2.srcs\sources_1\imports\Downloads\Lab02_cadet_code\lab2_code_for_cadets_2026\lab2_fsm.vhdl:]
WARNING: [filemgmt 56-199] Attempt to get parsing info during refresh. "On-the-fly" syntax checking information may be incorrect. [C:\Users\C27Brandon.Sweitzer\workspace\ece383_wksp\lab2\lab2\lab2.srcs\sources_1\imports\Downloads\Lab02_cadet_code\lab2_code_for_cadets_2026\lab2.vhd:]
WARNING: [filemgmt 56-199] Attempt to get parsing info during refresh. "On-the-fly" syntax checking information may be incorrect. [C:\Users\C27Brandon.Sweitzer\workspace\ece383_wksp\lab2\lab2\lab2.srcs\sources_1\imports\Downloads\Lab02_cadet_code\lab2_code_for_cadets_2026\lab2_datapath.vhdl:]
WARNING: [filemgmt 56-199] Attempt to get parsing info during refresh. "On-the-fly" syntax checking information may be incorrect. [C:\Users\C27Brandon.Sweitzer\workspace\ece383_wksp\lab2\lab2\lab2.srcs\sources_1\imports\Downloads\Lab02_cadet_code\lab2_code_for_cadets_2026\lab2_fsm.vhdl:]
WARNING: [filemgmt 56-199] Attempt to get parsing info during refresh. "On-the-fly" syntax checking information may be incorrect. [C:\Users\C27Brandon.Sweitzer\workspace\ece383_wksp\lab2\lab2\lab2.srcs\sources_1\imports\Downloads\Lab02_cadet_code\lab2_code_for_cadets_2026\lab2_datapath.vhdl:]
WARNING: [filemgmt 56-199] Attempt to get parsing info during refresh. "On-the-fly" syntax checking information may be incorrect. [C:\Users\C27Brandon.Sweitzer\workspace\ece383_wksp\lab2\lab2\lab2.srcs\sources_1\imports\Downloads\Lab02_cadet_code\lab2_code_for_cadets_2026\lab2_datapath.vhdl:]
WARNING: [filemgmt 56-199] Attempt to get parsing info during refresh. "On-the-fly" syntax checking information may be incorrect. [C:\Users\C27Brandon.Sweitzer\workspace\ece383_wksp\lab2\lab2\lab2.srcs\sources_1\imports\Downloads\Lab02_cadet_code\lab2_code_for_cadets_2026\lab2.vhd:]
WARNING: [filemgmt 56-199] Attempt to get parsing info during refresh. "On-the-fly" syntax checking information may be incorrect. [C:\Users\C27Brandon.Sweitzer\workspace\ece383_wksp\lab2\lab2\lab2.srcs\sources_1\imports\Downloads\Lab02_cadet_code\lab2_code_for_cadets_2026\lab2_datapath.vhdl:]
WARNING: [filemgmt 56-199] Attempt to get parsing info during refresh. "On-the-fly" syntax checking information may be incorrect. [C:\Users\C27Brandon.Sweitzer\workspace\ece383_wksp\lab2\lab2\lab2.srcs\sources_1\imports\Downloads\Lab02_cadet_code\lab2_code_for_cadets_2026\lab2_fsm.vhdl:]
WARNING: [filemgmt 56-199] Attempt to get parsing info during refresh. "On-the-fly" syntax checking information may be incorrect. [C:\Users\C27Brandon.Sweitzer\workspace\ece383_wksp\lab2\lab2\lab2.srcs\sources_1\imports\lab2_code_for_cadets_2026\ece383_pkg.vhd:]
WARNING: [filemgmt 56-199] Attempt to get parsing info during refresh. "On-the-fly" syntax checking information may be incorrect. [C:\Users\C27Brandon.Sweitzer\workspace\ece383_wksp\lab2\lab2\lab2.srcs\sources_1\imports\Downloads\Lab02_cadet_code\lab2_code_for_cadets_2026\lab2_fsm.vhdl:]
WARNING: [filemgmt 56-199] Attempt to get parsing info during refresh. "On-the-fly" syntax checking information may be incorrect. [C:\Users\C27Brandon.Sweitzer\workspace\ece383_wksp\lab2\lab2\lab2.srcs\sources_1\imports\Downloads\Lab02_cadet_code\lab2_code_for_cadets_2026\lab2_fsm.vhdl:]
WARNING: [filemgmt 56-199] Attempt to get parsing info during refresh. "On-the-fly" syntax checking information may be incorrect. [C:\Users\C27Brandon.Sweitzer\workspace\ece383_wksp\lab2\lab2\lab2.srcs\sources_1\imports\Downloads\Lab02_cadet_code\lab2_code_for_cadets_2026\lab2.vhd:]
WARNING: [filemgmt 56-199] Attempt to get parsing info during refresh. "On-the-fly" syntax checking information may be incorrect. [C:\Users\C27Brandon.Sweitzer\workspace\ece383_wksp\lab2\lab2\lab2.srcs\sources_1\imports\Downloads\Lab02_cadet_code\lab2_code_for_cadets_2026\lab2_datapath.vhdl:]
WARNING: [filemgmt 56-199] Attempt to get parsing info during refresh. "On-the-fly" syntax checking information may be incorrect. [C:\Users\C27Brandon.Sweitzer\workspace\ece383_wksp\lab2\lab2\lab2.srcs\sources_1\imports\Downloads\Lab02_cadet_code\lab2_code_for_cadets_2026\lab2_fsm.vhdl:]
WARNING: [filemgmt 56-199] Attempt to get parsing info during refresh. "On-the-fly" syntax checking information may be incorrect. [C:\Users\C27Brandon.Sweitzer\workspace\ece383_wksp\lab2\lab2\lab2.srcs\sources_1\imports\lab2_code_for_cadets_2026\ece383_pkg.vhd:]
WARNING: [filemgmt 56-199] Attempt to get parsing info during refresh. "On-the-fly" syntax checking information may be incorrect. [C:\Users\C27Brandon.Sweitzer\workspace\ece383_wksp\lab2\lab2\lab2.srcs\sources_1\imports\lab2_code_for_cadets_2026\ece383_pkg.vhd:]
WARNING: [filemgmt 56-199] Attempt to get parsing info during refresh. "On-the-fly" syntax checking information may be incorrect. [C:\Users\C27Brandon.Sweitzer\workspace\ece383_wksp\lab2\lab2\lab2.srcs\sources_1\imports\lab2_code_for_cadets_2026\ece383_pkg.vhd:]
ERROR: [Common 17-180] Spawn failed: No error
WARNING: [filemgmt 56-199] Attempt to get parsing info during refresh. "On-the-fly" syntax checking information may be incorrect. [C:\Users\C27Brandon.Sweitzer\workspace\ece383_wksp\lab2\lab2\lab2.srcs\sources_1\imports\Downloads\Lab02_cadet_code\lab2_code_for_cadets_2026\lab2.vhd:]
WARNING: [filemgmt 56-199] Attempt to get parsing info during refresh. "On-the-fly" syntax checking information may be incorrect. [C:\Users\C27Brandon.Sweitzer\workspace\ece383_wksp\lab2\lab2\lab2.srcs\sources_1\imports\Downloads\Lab02_cadet_code\lab2_code_for_cadets_2026\lab2_datapath.vhdl:]
WARNING: [filemgmt 56-199] Attempt to get parsing info during refresh. "On-the-fly" syntax checking information may be incorrect. [C:\Users\C27Brandon.Sweitzer\workspace\ece383_wksp\lab2\lab2\lab2.srcs\sources_1\imports\Downloads\Lab02_cadet_code\lab2_code_for_cadets_2026\lab2_fsm.vhdl:]
WARNING: [filemgmt 56-199] Attempt to get parsing info during refresh. "On-the-fly" syntax checking information may be incorrect. [C:\Users\C27Brandon.Sweitzer\workspace\ece383_wksp\lab2\lab2\lab2.srcs\sources_1\imports\lab2_code_for_cadets_2026\ece383_pkg.vhd:]
WARNING: [filemgmt 56-199] Attempt to get parsing info during refresh. "On-the-fly" syntax checking information may be incorrect. [C:\Users\C27Brandon.Sweitzer\workspace\ece383_wksp\lab2\lab2\lab2.srcs\sources_1\imports\Downloads\Lab02_cadet_code\lab2_code_for_cadets_2026\lab2_datapath.vhdl:]
WARNING: [filemgmt 56-199] Attempt to get parsing info during refresh. "On-the-fly" syntax checking information may be incorrect. [C:\Users\C27Brandon.Sweitzer\workspace\ece383_wksp\lab2\lab2\lab2.srcs\sources_1\imports\Downloads\Lab02_cadet_code\lab2_code_for_cadets_2026\lab2_datapath.vhdl:]
ERROR: [Common 17-180] Spawn failed: No error
WARNING: [filemgmt 56-199] Attempt to get parsing info during refresh. "On-the-fly" syntax checking information may be incorrect. [C:\Users\C27Brandon.Sweitzer\workspace\ece383_wksp\lab2\lab2\lab2.srcs\sources_1\imports\Downloads\Lab02_cadet_code\lab2_code_for_cadets_2026\lab2.vhd:]
WARNING: [filemgmt 56-199] Attempt to get parsing info during refresh. "On-the-fly" syntax checking information may be incorrect. [C:\Users\C27Brandon.Sweitzer\workspace\ece383_wksp\lab2\lab2\lab2.srcs\sources_1\imports\Downloads\Lab02_cadet_code\lab2_code_for_cadets_2026\lab2_datapath.vhdl:]
WARNING: [filemgmt 56-199] Attempt to get parsing info during refresh. "On-the-fly" syntax checking information may be incorrect. [C:\Users\C27Brandon.Sweitzer\workspace\ece383_wksp\lab2\lab2\lab2.srcs\sources_1\imports\Downloads\Lab02_cadet_code\lab2_code_for_cadets_2026\lab2_fsm.vhdl:]
WARNING: [filemgmt 56-199] Attempt to get parsing info during refresh. "On-the-fly" syntax checking information may be incorrect. [C:\Users\C27Brandon.Sweitzer\workspace\ece383_wksp\lab2\lab2\lab2.srcs\sources_1\imports\lab2_code_for_cadets_2026\ece383_pkg.vhd:]
WARNING: [filemgmt 56-199] Attempt to get parsing info during refresh. "On-the-fly" syntax checking information may be incorrect. [C:\Users\C27Brandon.Sweitzer\workspace\ece383_wksp\lab2\lab2\lab2.srcs\sources_1\imports\Downloads\Lab02_cadet_code\lab2_code_for_cadets_2026\lab2_fsm.vhdl:]
WARNING: [filemgmt 56-199] Attempt to get parsing info during refresh. "On-the-fly" syntax checking information may be incorrect. [C:\Users\C27Brandon.Sweitzer\workspace\ece383_wksp\lab2\lab2\lab2.srcs\sources_1\imports\Downloads\Lab02_cadet_code\lab2_code_for_cadets_2026\lab2_fsm.vhdl:]
WARNING: [filemgmt 56-199] Attempt to get parsing info during refresh. "On-the-fly" syntax checking information may be incorrect. [C:\Users\C27Brandon.Sweitzer\workspace\ece383_wksp\lab2\lab2\lab2.srcs\sources_1\imports\Downloads\Lab02_cadet_code\lab2_code_for_cadets_2026\lab2.vhd:]
WARNING: [filemgmt 56-199] Attempt to get parsing info during refresh. "On-the-fly" syntax checking information may be incorrect. [C:\Users\C27Brandon.Sweitzer\workspace\ece383_wksp\lab2\lab2\lab2.srcs\sources_1\imports\Downloads\Lab02_cadet_code\lab2_code_for_cadets_2026\lab2_datapath.vhdl:]
WARNING: [filemgmt 56-199] Attempt to get parsing info during refresh. "On-the-fly" syntax checking information may be incorrect. [C:\Users\C27Brandon.Sweitzer\workspace\ece383_wksp\lab2\lab2\lab2.srcs\sources_1\imports\Downloads\Lab02_cadet_code\lab2_code_for_cadets_2026\lab2_fsm.vhdl:]
WARNING: [filemgmt 56-199] Attempt to get parsing info during refresh. "On-the-fly" syntax checking information may be incorrect. [C:\Users\C27Brandon.Sweitzer\workspace\ece383_wksp\lab2\lab2\lab2.srcs\sources_1\imports\lab2_code_for_cadets_2026\ece383_pkg.vhd:]
WARNING: [filemgmt 56-199] Attempt to get parsing info during refresh. "On-the-fly" syntax checking information may be incorrect. [C:\Users\C27Brandon.Sweitzer\workspace\ece383_wksp\lab2\lab2\lab2.srcs\sources_1\imports\lab2_code_for_cadets_2026\ece383_pkg.vhd:]
WARNING: [filemgmt 56-199] Attempt to get parsing info during refresh. "On-the-fly" syntax checking information may be incorrect. [C:\Users\C27Brandon.Sweitzer\workspace\ece383_wksp\lab2\lab2\lab2.srcs\sources_1\imports\lab2_code_for_cadets_2026\ece383_pkg.vhd:]
ERROR: [Common 17-180] Spawn failed: No error
WARNING: [filemgmt 56-199] Attempt to get parsing info during refresh. "On-the-fly" syntax checking information may be incorrect. [C:\Users\C27Brandon.Sweitzer\workspace\ece383_wksp\lab2\lab2\lab2.srcs\sources_1\imports\Downloads\Lab02_cadet_code\lab2_code_for_cadets_2026\lab2.vhd:]
WARNING: [filemgmt 56-199] Attempt to get parsing info during refresh. "On-the-fly" syntax checking information may be incorrect. [C:\Users\C27Brandon.Sweitzer\workspace\ece383_wksp\lab2\lab2\lab2.srcs\sources_1\imports\Downloads\Lab02_cadet_code\lab2_code_for_cadets_2026\lab2_datapath.vhdl:]
WARNING: [filemgmt 56-199] Attempt to get parsing info during refresh. "On-the-fly" syntax checking information may be incorrect. [C:\Users\C27Brandon.Sweitzer\workspace\ece383_wksp\lab2\lab2\lab2.srcs\sources_1\imports\Downloads\Lab02_cadet_code\lab2_code_for_cadets_2026\lab2_fsm.vhdl:]
WARNING: [filemgmt 56-199] Attempt to get parsing info during refresh. "On-the-fly" syntax checking information may be incorrect. [C:\Users\C27Brandon.Sweitzer\workspace\ece383_wksp\lab2\lab2\lab2.srcs\sources_1\imports\lab2_code_for_cadets_2026\ece383_pkg.vhd:]
WARNING: [filemgmt 56-199] Attempt to get parsing info during refresh. "On-the-fly" syntax checking information may be incorrect. [C:\Users\C27Brandon.Sweitzer\workspace\ece383_wksp\lab2\lab2\lab2.srcs\sources_1\imports\Downloads\Lab02_cadet_code\lab2_code_for_cadets_2026\lab2_datapath.vhdl:]
WARNING: [filemgmt 56-199] Attempt to get parsing info during refresh. "On-the-fly" syntax checking information may be incorrect. [C:\Users\C27Brandon.Sweitzer\workspace\ece383_wksp\lab2\lab2\lab2.srcs\sources_1\imports\Downloads\Lab02_cadet_code\lab2_code_for_cadets_2026\lab2_datapath.vhdl:]
ERROR: [Common 17-180] Spawn failed: No error
WARNING: [filemgmt 56-199] Attempt to get parsing info during refresh. "On-the-fly" syntax checking information may be incorrect. [C:\Users\C27Brandon.Sweitzer\workspace\ece383_wksp\lab2\lab2\lab2.srcs\sources_1\imports\Downloads\Lab02_cadet_code\lab2_code_for_cadets_2026\lab2.vhd:]
WARNING: [filemgmt 56-199] Attempt to get parsing info during refresh. "On-the-fly" syntax checking information may be incorrect. [C:\Users\C27Brandon.Sweitzer\workspace\ece383_wksp\lab2\lab2\lab2.srcs\sources_1\imports\Downloads\Lab02_cadet_code\lab2_code_for_cadets_2026\lab2_datapath.vhdl:]
WARNING: [filemgmt 56-199] Attempt to get parsing info during refresh. "On-the-fly" syntax checking information may be incorrect. [C:\Users\C27Brandon.Sweitzer\workspace\ece383_wksp\lab2\lab2\lab2.srcs\sources_1\imports\Downloads\Lab02_cadet_code\lab2_code_for_cadets_2026\lab2_fsm.vhdl:]
WARNING: [filemgmt 56-199] Attempt to get parsing info during refresh. "On-the-fly" syntax checking information may be incorrect. [C:\Users\C27Brandon.Sweitzer\workspace\ece383_wksp\lab2\lab2\lab2.srcs\sources_1\imports\lab2_code_for_cadets_2026\ece383_pkg.vhd:]
WARNING: [filemgmt 56-199] Attempt to get parsing info during refresh. "On-the-fly" syntax checking information may be incorrect. [C:\Users\C27Brandon.Sweitzer\workspace\ece383_wksp\lab2\lab2\lab2.srcs\sources_1\imports\Downloads\Lab02_cadet_code\lab2_code_for_cadets_2026\lab2_fsm.vhdl:]
WARNING: [filemgmt 56-199] Attempt to get parsing info during refresh. "On-the-fly" syntax checking information may be incorrect. [C:\Users\C27Brandon.Sweitzer\workspace\ece383_wksp\lab2\lab2\lab2.srcs\sources_1\imports\Downloads\Lab02_cadet_code\lab2_code_for_cadets_2026\lab2_fsm.vhdl:]
WARNING: [filemgmt 56-199] Attempt to get parsing info during refresh. "On-the-fly" syntax checking information may be incorrect. [C:\Users\C27Brandon.Sweitzer\workspace\ece383_wksp\lab2\lab2\lab2.srcs\sources_1\imports\Downloads\Lab02_cadet_code\lab2_code_for_cadets_2026\lab2.vhd:]
WARNING: [filemgmt 56-199] Attempt to get parsing info during refresh. "On-the-fly" syntax checking information may be incorrect. [C:\Users\C27Brandon.Sweitzer\workspace\ece383_wksp\lab2\lab2\lab2.srcs\sources_1\imports\Downloads\Lab02_cadet_code\lab2_code_for_cadets_2026\lab2_datapath.vhdl:]
WARNING: [filemgmt 56-199] Attempt to get parsing info during refresh. "On-the-fly" syntax checking information may be incorrect. [C:\Users\C27Brandon.Sweitzer\workspace\ece383_wksp\lab2\lab2\lab2.srcs\sources_1\imports\Downloads\Lab02_cadet_code\lab2_code_for_cadets_2026\lab2_fsm.vhdl:]
WARNING: [filemgmt 56-199] Attempt to get parsing info during refresh. "On-the-fly" syntax checking information may be incorrect. [C:\Users\C27Brandon.Sweitzer\workspace\ece383_wksp\lab2\lab2\lab2.srcs\sources_1\imports\lab2_code_for_cadets_2026\ece383_pkg.vhd:]
WARNING: [filemgmt 56-199] Attempt to get parsing info during refresh. "On-the-fly" syntax checking information may be incorrect. [C:\Users\C27Brandon.Sweitzer\workspace\ece383_wksp\lab2\lab2\lab2.srcs\sources_1\imports\lab2_code_for_cadets_2026\ece383_pkg.vhd:]
WARNING: [filemgmt 56-199] Attempt to get parsing info during refresh. "On-the-fly" syntax checking information may be incorrect. [C:\Users\C27Brandon.Sweitzer\workspace\ece383_wksp\lab2\lab2\lab2.srcs\sources_1\imports\lab2_code_for_cadets_2026\ece383_pkg.vhd:]
ERROR: [Common 17-180] Spawn failed: No error
ERROR: [Common 17-180] Spawn failed: No error
WARNING: [filemgmt 56-199] Attempt to get parsing info during refresh. "On-the-fly" syntax checking information may be incorrect. [C:\Users\C27Brandon.Sweitzer\workspace\ece383_wksp\lab2\lab2\lab2.srcs\sources_1\imports\Downloads\Lab02_cadet_code\lab2_code_for_cadets_2026\lab2.vhd:]
reset_run synth_1
INFO: [Project 1-1161] Replacing file C:/Users/C27Brandon.Sweitzer/workspace/ece383_wksp/lab2/lab2/lab2.srcs/utils_1/imports/synth_1/lab2.dcp with file C:/Users/C27Brandon.Sweitzer/workspace/ece383_wksp/lab2/lab2/lab2.runs/synth_1/lab2.dcp
launch_runs impl_1 -to_step write_bitstream -jobs 8
WARNING: [filemgmt 56-199] Attempt to get parsing info during refresh. "On-the-fly" syntax checking information may be incorrect. [C:\Users\C27Brandon.Sweitzer\workspace\ece383_wksp\lab2\lab2\lab2.srcs\sources_1\imports\Downloads\Lab02_cadet_code\lab2_code_for_cadets_2026\lab2.vhd:]
WARNING: [filemgmt 56-199] Attempt to get parsing info during refresh. "On-the-fly" syntax checking information may be incorrect. [C:\Users\C27Brandon.Sweitzer\workspace\ece383_wksp\lab2\lab2\lab2.srcs\sources_1\imports\Downloads\Lab02_cadet_code\lab2_code_for_cadets_2026\lab2_datapath.vhdl:]
WARNING: [filemgmt 56-199] Attempt to get parsing info during refresh. "On-the-fly" syntax checking information may be incorrect. [C:\Users\C27Brandon.Sweitzer\workspace\ece383_wksp\lab2\lab2\lab2.srcs\sources_1\imports\Downloads\Lab02_cadet_code\lab2_code_for_cadets_2026\lab2_fsm.vhdl:]
WARNING: [filemgmt 56-199] Attempt to get parsing info during refresh. "On-the-fly" syntax checking information may be incorrect. [C:\Users\C27Brandon.Sweitzer\workspace\ece383_wksp\lab2\lab2\lab2.srcs\sources_1\imports\lab2_code_for_cadets_2026\ece383_pkg.vhd:]
WARNING: [filemgmt 56-199] Attempt to get parsing info during refresh. "On-the-fly" syntax checking information may be incorrect. [C:\Users\C27Brandon.Sweitzer\workspace\ece383_wksp\lab2\lab2\lab2.srcs\sources_1\imports\lab2_code_for_cadets_2026\ece383_pkg.vhd:]
WARNING: [filemgmt 56-199] Attempt to get parsing info during refresh. "On-the-fly" syntax checking information may be incorrect. [C:\Users\C27Brandon.Sweitzer\workspace\ece383_wksp\lab2\lab2\lab2.srcs\sources_1\imports\lab2_code_for_cadets_2026\ece383_pkg.vhd:]
WARNING: [filemgmt 56-199] Attempt to get parsing info during refresh. "On-the-fly" syntax checking information may be incorrect. [C:\Users\C27Brandon.Sweitzer\workspace\ece383_wksp\lab2\lab2\lab2.srcs\sources_1\imports\Downloads\Lab02_cadet_code\lab2_code_for_cadets_2026\lab2.vhd:]
WARNING: [filemgmt 56-199] Attempt to get parsing info during refresh. "On-the-fly" syntax checking information may be incorrect. [C:\Users\C27Brandon.Sweitzer\workspace\ece383_wksp\lab2\lab2\lab2.srcs\sources_1\imports\Downloads\Lab02_cadet_code\lab2_code_for_cadets_2026\lab2_datapath.vhdl:]
WARNING: [filemgmt 56-199] Attempt to get parsing info during refresh. "On-the-fly" syntax checking information may be incorrect. [C:\Users\C27Brandon.Sweitzer\workspace\ece383_wksp\lab2\lab2\lab2.srcs\sources_1\imports\Downloads\Lab02_cadet_code\lab2_code_for_cadets_2026\lab2_fsm.vhdl:]
WARNING: [filemgmt 56-199] Attempt to get parsing info during refresh. "On-the-fly" syntax checking information may be incorrect. [C:\Users\C27Brandon.Sweitzer\workspace\ece383_wksp\lab2\lab2\lab2.srcs\sources_1\imports\lab2_code_for_cadets_2026\ece383_pkg.vhd:]
WARNING: [filemgmt 56-199] Attempt to get parsing info during refresh. "On-the-fly" syntax checking information may be incorrect. [C:\Users\C27Brandon.Sweitzer\workspace\ece383_wksp\lab2\lab2\lab2.srcs\sources_1\imports\Downloads\Lab02_cadet_code\lab2_code_for_cadets_2026\lab2_fsm.vhdl:]
WARNING: [filemgmt 56-199] Attempt to get parsing info during refresh. "On-the-fly" syntax checking information may be incorrect. [C:\Users\C27Brandon.Sweitzer\workspace\ece383_wksp\lab2\lab2\lab2.srcs\sources_1\imports\Downloads\Lab02_cadet_code\lab2_code_for_cadets_2026\lab2_fsm.vhdl:]
WARNING: [filemgmt 56-199] Attempt to get parsing info during refresh. "On-the-fly" syntax checking information may be incorrect. [C:\Users\C27Brandon.Sweitzer\workspace\ece383_wksp\lab2\lab2\lab2.srcs\sources_1\imports\Downloads\Lab02_cadet_code\lab2_code_for_cadets_2026\lab2.vhd:]
WARNING: [filemgmt 56-199] Attempt to get parsing info during refresh. "On-the-fly" syntax checking information may be incorrect. [C:\Users\C27Brandon.Sweitzer\workspace\ece383_wksp\lab2\lab2\lab2.srcs\sources_1\imports\Downloads\Lab02_cadet_code\lab2_code_for_cadets_2026\lab2_datapath.vhdl:]
WARNING: [filemgmt 56-199] Attempt to get parsing info during refresh. "On-the-fly" syntax checking information may be incorrect. [C:\Users\C27Brandon.Sweitzer\workspace\ece383_wksp\lab2\lab2\lab2.srcs\sources_1\imports\Downloads\Lab02_cadet_code\lab2_code_for_cadets_2026\lab2_fsm.vhdl:]
WARNING: [filemgmt 56-199] Attempt to get parsing info during refresh. "On-the-fly" syntax checking information may be incorrect. [C:\Users\C27Brandon.Sweitzer\workspace\ece383_wksp\lab2\lab2\lab2.srcs\sources_1\imports\lab2_code_for_cadets_2026\ece383_pkg.vhd:]
WARNING: [filemgmt 56-199] Attempt to get parsing info during refresh. "On-the-fly" syntax checking information may be incorrect. [C:\Users\C27Brandon.Sweitzer\workspace\ece383_wksp\lab2\lab2\lab2.srcs\sources_1\imports\Downloads\Lab02_cadet_code\lab2_code_for_cadets_2026\lab2_datapath.vhdl:]
WARNING: [filemgmt 56-199] Attempt to get parsing info during refresh. "On-the-fly" syntax checking information may be incorrect. [C:\Users\C27Brandon.Sweitzer\workspace\ece383_wksp\lab2\lab2\lab2.srcs\sources_1\imports\Downloads\Lab02_cadet_code\lab2_code_for_cadets_2026\lab2_datapath.vhdl:]
[Wed Mar  4 23:06:36 2026] Launched synth_1...
Run output will be captured here: C:/Users/C27Brandon.Sweitzer/workspace/ece383_wksp/lab2/lab2/lab2.runs/synth_1/runme.log
[Wed Mar  4 23:06:36 2026] Launched impl_1...
Run output will be captured here: C:/Users/C27Brandon.Sweitzer/workspace/ece383_wksp/lab2/lab2/lab2.runs/impl_1/runme.log
ERROR: [Common 17-180] Spawn failed: No error
WARNING: [filemgmt 56-199] Attempt to get parsing info during refresh. "On-the-fly" syntax checking information may be incorrect. [C:\Users\C27Brandon.Sweitzer\workspace\ece383_wksp\lab2\lab2\lab2.srcs\sources_1\imports\Downloads\Lab02_cadet_code\lab2_code_for_cadets_2026\lab2.vhd:]
WARNING: [filemgmt 56-199] Attempt to get parsing info during refresh. "On-the-fly" syntax checking information may be incorrect. [C:\Users\C27Brandon.Sweitzer\workspace\ece383_wksp\lab2\lab2\lab2.srcs\sources_1\imports\Downloads\Lab02_cadet_code\lab2_code_for_cadets_2026\lab2_datapath.vhdl:]
WARNING: [filemgmt 56-199] Attempt to get parsing info during refresh. "On-the-fly" syntax checking information may be incorrect. [C:\Users\C27Brandon.Sweitzer\workspace\ece383_wksp\lab2\lab2\lab2.srcs\sources_1\imports\Downloads\Lab02_cadet_code\lab2_code_for_cadets_2026\lab2_fsm.vhdl:]
WARNING: [filemgmt 56-199] Attempt to get parsing info during refresh. "On-the-fly" syntax checking information may be incorrect. [C:\Users\C27Brandon.Sweitzer\workspace\ece383_wksp\lab2\lab2\lab2.srcs\sources_1\imports\Downloads\Lab02_cadet_code\lab2_code_for_cadets_2026\trigger_detector.vhd:]
WARNING: [filemgmt 56-199] Attempt to get parsing info during refresh. "On-the-fly" syntax checking information may be incorrect. [C:\Users\C27Brandon.Sweitzer\workspace\ece383_wksp\lab2\lab2\lab2.srcs\sources_1\imports\lab2_code_for_cadets_2026\ece383_pkg.vhd:]
WARNING: [filemgmt 56-199] Attempt to get parsing info during refresh. "On-the-fly" syntax checking information may be incorrect. [C:\Users\C27Brandon.Sweitzer\workspace\ece383_wksp\lab2\lab2\lab2.srcs\sources_1\imports\Downloads\Lab02_cadet_code\lab2_code_for_cadets_2026\lab2_fsm.vhdl:]
WARNING: [filemgmt 56-199] Attempt to get parsing info during refresh. "On-the-fly" syntax checking information may be incorrect. [C:\Users\C27Brandon.Sweitzer\workspace\ece383_wksp\lab2\lab2\lab2.srcs\sources_1\imports\Downloads\Lab02_cadet_code\lab2_code_for_cadets_2026\lab2_fsm.vhdl:]
WARNING: [filemgmt 56-199] Attempt to get parsing info during refresh. "On-the-fly" syntax checking information may be incorrect. [C:\Users\C27Brandon.Sweitzer\workspace\ece383_wksp\lab2\lab2\lab2.srcs\sources_1\imports\Downloads\Lab02_cadet_code\lab2_code_for_cadets_2026\lab2.vhd:]
WARNING: [filemgmt 56-199] Attempt to get parsing info during refresh. "On-the-fly" syntax checking information may be incorrect. [C:\Users\C27Brandon.Sweitzer\workspace\ece383_wksp\lab2\lab2\lab2.srcs\sources_1\imports\Downloads\Lab02_cadet_code\lab2_code_for_cadets_2026\lab2_datapath.vhdl:]
WARNING: [filemgmt 56-199] Attempt to get parsing info during refresh. "On-the-fly" syntax checking information may be incorrect. [C:\Users\C27Brandon.Sweitzer\workspace\ece383_wksp\lab2\lab2\lab2.srcs\sources_1\imports\Downloads\Lab02_cadet_code\lab2_code_for_cadets_2026\lab2_fsm.vhdl:]
WARNING: [filemgmt 56-199] Attempt to get parsing info during refresh. "On-the-fly" syntax checking information may be incorrect. [C:\Users\C27Brandon.Sweitzer\workspace\ece383_wksp\lab2\lab2\lab2.srcs\sources_1\imports\Downloads\Lab02_cadet_code\lab2_code_for_cadets_2026\trigger_detector.vhd:]
WARNING: [filemgmt 56-199] Attempt to get parsing info during refresh. "On-the-fly" syntax checking information may be incorrect. [C:\Users\C27Brandon.Sweitzer\workspace\ece383_wksp\lab2\lab2\lab2.srcs\sources_1\imports\lab2_code_for_cadets_2026\ece383_pkg.vhd:]
WARNING: [filemgmt 56-199] Attempt to get parsing info during refresh. "On-the-fly" syntax checking information may be incorrect. [C:\Users\C27Brandon.Sweitzer\workspace\ece383_wksp\lab2\lab2\lab2.srcs\sources_1\imports\lab2_code_for_cadets_2026\ece383_pkg.vhd:]
WARNING: [filemgmt 56-199] Attempt to get parsing info during refresh. "On-the-fly" syntax checking information may be incorrect. [C:\Users\C27Brandon.Sweitzer\workspace\ece383_wksp\lab2\lab2\lab2.srcs\sources_1\imports\lab2_code_for_cadets_2026\ece383_pkg.vhd:]
WARNING: [filemgmt 56-199] Attempt to get parsing info during refresh. "On-the-fly" syntax checking information may be incorrect. [C:\Users\C27Brandon.Sweitzer\workspace\ece383_wksp\lab2\lab2\lab2.srcs\sources_1\imports\Downloads\Lab02_cadet_code\lab2_code_for_cadets_2026\lab2.vhd:]
WARNING: [filemgmt 56-199] Attempt to get parsing info during refresh. "On-the-fly" syntax checking information may be incorrect. [C:\Users\C27Brandon.Sweitzer\workspace\ece383_wksp\lab2\lab2\lab2.srcs\sources_1\imports\Downloads\Lab02_cadet_code\lab2_code_for_cadets_2026\lab2_datapath.vhdl:]
WARNING: [filemgmt 56-199] Attempt to get parsing info during refresh. "On-the-fly" syntax checking information may be incorrect. [C:\Users\C27Brandon.Sweitzer\workspace\ece383_wksp\lab2\lab2\lab2.srcs\sources_1\imports\Downloads\Lab02_cadet_code\lab2_code_for_cadets_2026\lab2_fsm.vhdl:]
WARNING: [filemgmt 56-199] Attempt to get parsing info during refresh. "On-the-fly" syntax checking information may be incorrect. [C:\Users\C27Brandon.Sweitzer\workspace\ece383_wksp\lab2\lab2\lab2.srcs\sources_1\imports\Downloads\Lab02_cadet_code\lab2_code_for_cadets_2026\trigger_detector.vhd:]
WARNING: [filemgmt 56-199] Attempt to get parsing info during refresh. "On-the-fly" syntax checking information may be incorrect. [C:\Users\C27Brandon.Sweitzer\workspace\ece383_wksp\lab2\lab2\lab2.srcs\sources_1\imports\lab2_code_for_cadets_2026\ece383_pkg.vhd:]
WARNING: [filemgmt 56-199] Attempt to get parsing info during refresh. "On-the-fly" syntax checking information may be incorrect. [C:\Users\C27Brandon.Sweitzer\workspace\ece383_wksp\lab2\lab2\lab2.srcs\sources_1\imports\Downloads\Lab02_cadet_code\lab2_code_for_cadets_2026\lab2_datapath.vhdl:]
WARNING: [filemgmt 56-199] Attempt to get parsing info during refresh. "On-the-fly" syntax checking information may be incorrect. [C:\Users\C27Brandon.Sweitzer\workspace\ece383_wksp\lab2\lab2\lab2.srcs\sources_1\imports\Downloads\Lab02_cadet_code\lab2_code_for_cadets_2026\lab2_datapath.vhdl:]
WARNING: [filemgmt 56-199] Attempt to get parsing info during refresh. "On-the-fly" syntax checking information may be incorrect. [C:\Users\C27Brandon.Sweitzer\workspace\ece383_wksp\lab2\lab2\lab2.srcs\sources_1\imports\Downloads\Lab02_cadet_code\lab2_code_for_cadets_2026\lab2.vhd:]
WARNING: [filemgmt 56-199] Attempt to get parsing info during refresh. "On-the-fly" syntax checking information may be incorrect. [C:\Users\C27Brandon.Sweitzer\workspace\ece383_wksp\lab2\lab2\lab2.srcs\sources_1\imports\Downloads\Lab02_cadet_code\lab2_code_for_cadets_2026\lab2_datapath.vhdl:]
WARNING: [filemgmt 56-199] Attempt to get parsing info during refresh. "On-the-fly" syntax checking information may be incorrect. [C:\Users\C27Brandon.Sweitzer\workspace\ece383_wksp\lab2\lab2\lab2.srcs\sources_1\imports\Downloads\Lab02_cadet_code\lab2_code_for_cadets_2026\lab2_fsm.vhdl:]
WARNING: [filemgmt 56-199] Attempt to get parsing info during refresh. "On-the-fly" syntax checking information may be incorrect. [C:\Users\C27Brandon.Sweitzer\workspace\ece383_wksp\lab2\lab2\lab2.srcs\sources_1\imports\Downloads\Lab02_cadet_code\lab2_code_for_cadets_2026\trigger_detector.vhd:]
WARNING: [filemgmt 56-199] Attempt to get parsing info during refresh. "On-the-fly" syntax checking information may be incorrect. [C:\Users\C27Brandon.Sweitzer\workspace\ece383_wksp\lab2\lab2\lab2.srcs\sources_1\imports\lab2_code_for_cadets_2026\ece383_pkg.vhd:]
WARNING: [filemgmt 56-199] Attempt to get parsing info during refresh. "On-the-fly" syntax checking information may be incorrect. [C:\Users\C27Brandon.Sweitzer\workspace\ece383_wksp\lab2\lab2\lab2.srcs\sources_1\imports\Downloads\Lab02_cadet_code\lab2_code_for_cadets_2026\trigger_detector.vhd:]
WARNING: [filemgmt 56-199] Attempt to get parsing info during refresh. "On-the-fly" syntax checking information may be incorrect. [C:\Users\C27Brandon.Sweitzer\workspace\ece383_wksp\lab2\lab2\lab2.srcs\sources_1\imports\Downloads\Lab02_cadet_code\lab2_code_for_cadets_2026\trigger_detector.vhd:]
WARNING: [filemgmt 56-199] Attempt to get parsing info during refresh. "On-the-fly" syntax checking information may be incorrect. [C:\Users\C27Brandon.Sweitzer\workspace\ece383_wksp\lab2\lab2\lab2.srcs\sources_1\imports\Downloads\Lab02_cadet_code\lab2_code_for_cadets_2026\lab2.vhd:]
WARNING: [filemgmt 56-199] Attempt to get parsing info during refresh. "On-the-fly" syntax checking information may be incorrect. [C:\Users\C27Brandon.Sweitzer\workspace\ece383_wksp\lab2\lab2\lab2.srcs\sources_1\imports\Downloads\Lab02_cadet_code\lab2_code_for_cadets_2026\lab2_datapath.vhdl:]
WARNING: [filemgmt 56-199] Attempt to get parsing info during refresh. "On-the-fly" syntax checking information may be incorrect. [C:\Users\C27Brandon.Sweitzer\workspace\ece383_wksp\lab2\lab2\lab2.srcs\sources_1\imports\Downloads\Lab02_cadet_code\lab2_code_for_cadets_2026\lab2_fsm.vhdl:]
WARNING: [filemgmt 56-199] Attempt to get parsing info during refresh. "On-the-fly" syntax checking information may be incorrect. [C:\Users\C27Brandon.Sweitzer\workspace\ece383_wksp\lab2\lab2\lab2.srcs\sources_1\imports\Downloads\Lab02_cadet_code\lab2_code_for_cadets_2026\trigger_detector.vhd:]
WARNING: [filemgmt 56-199] Attempt to get parsing info during refresh. "On-the-fly" syntax checking information may be incorrect. [C:\Users\C27Brandon.Sweitzer\workspace\ece383_wksp\lab2\lab2\lab2.srcs\sources_1\imports\lab2_code_for_cadets_2026\ece383_pkg.vhd:]
WARNING: [filemgmt 56-199] Attempt to get parsing info during refresh. "On-the-fly" syntax checking information may be incorrect. [C:\Users\C27Brandon.Sweitzer\workspace\ece383_wksp\lab2\lab2\lab2.srcs\sources_1\imports\Downloads\Lab02_cadet_code\lab2_code_for_cadets_2026\lab2_fsm.vhdl:]
WARNING: [filemgmt 56-199] Attempt to get parsing info during refresh. "On-the-fly" syntax checking information may be incorrect. [C:\Users\C27Brandon.Sweitzer\workspace\ece383_wksp\lab2\lab2\lab2.srcs\sources_1\imports\Downloads\Lab02_cadet_code\lab2_code_for_cadets_2026\lab2_fsm.vhdl:]
WARNING: [filemgmt 56-199] Attempt to get parsing info during refresh. "On-the-fly" syntax checking information may be incorrect. [C:\Users\C27Brandon.Sweitzer\workspace\ece383_wksp\lab2\lab2\lab2.srcs\sources_1\imports\Downloads\Lab02_cadet_code\lab2_code_for_cadets_2026\lab2.vhd:]
WARNING: [filemgmt 56-199] Attempt to get parsing info during refresh. "On-the-fly" syntax checking information may be incorrect. [C:\Users\C27Brandon.Sweitzer\workspace\ece383_wksp\lab2\lab2\lab2.srcs\sources_1\imports\Downloads\Lab02_cadet_code\lab2_code_for_cadets_2026\lab2_datapath.vhdl:]
WARNING: [filemgmt 56-199] Attempt to get parsing info during refresh. "On-the-fly" syntax checking information may be incorrect. [C:\Users\C27Brandon.Sweitzer\workspace\ece383_wksp\lab2\lab2\lab2.srcs\sources_1\imports\Downloads\Lab02_cadet_code\lab2_code_for_cadets_2026\lab2_fsm.vhdl:]
WARNING: [filemgmt 56-199] Attempt to get parsing info during refresh. "On-the-fly" syntax checking information may be incorrect. [C:\Users\C27Brandon.Sweitzer\workspace\ece383_wksp\lab2\lab2\lab2.srcs\sources_1\imports\Downloads\Lab02_cadet_code\lab2_code_for_cadets_2026\trigger_detector.vhd:]
WARNING: [filemgmt 56-199] Attempt to get parsing info during refresh. "On-the-fly" syntax checking information may be incorrect. [C:\Users\C27Brandon.Sweitzer\workspace\ece383_wksp\lab2\lab2\lab2.srcs\sources_1\imports\lab2_code_for_cadets_2026\ece383_pkg.vhd:]
WARNING: [filemgmt 56-199] Attempt to get parsing info during refresh. "On-the-fly" syntax checking information may be incorrect. [C:\Users\C27Brandon.Sweitzer\workspace\ece383_wksp\lab2\lab2\lab2.srcs\sources_1\imports\lab2_code_for_cadets_2026\ece383_pkg.vhd:]
WARNING: [filemgmt 56-199] Attempt to get parsing info during refresh. "On-the-fly" syntax checking information may be incorrect. [C:\Users\C27Brandon.Sweitzer\workspace\ece383_wksp\lab2\lab2\lab2.srcs\sources_1\imports\lab2_code_for_cadets_2026\ece383_pkg.vhd:]
WARNING: [filemgmt 56-199] Attempt to get parsing info during refresh. "On-the-fly" syntax checking information may be incorrect. [C:\Users\C27Brandon.Sweitzer\workspace\ece383_wksp\lab2\lab2\lab2.srcs\sources_1\imports\Downloads\Lab02_cadet_code\lab2_code_for_cadets_2026\lab2.vhd:]
WARNING: [filemgmt 56-199] Attempt to get parsing info during refresh. "On-the-fly" syntax checking information may be incorrect. [C:\Users\C27Brandon.Sweitzer\workspace\ece383_wksp\lab2\lab2\lab2.srcs\sources_1\imports\Downloads\Lab02_cadet_code\lab2_code_for_cadets_2026\lab2_datapath.vhdl:]
WARNING: [filemgmt 56-199] Attempt to get parsing info during refresh. "On-the-fly" syntax checking information may be incorrect. [C:\Users\C27Brandon.Sweitzer\workspace\ece383_wksp\lab2\lab2\lab2.srcs\sources_1\imports\Downloads\Lab02_cadet_code\lab2_code_for_cadets_2026\lab2_fsm.vhdl:]
WARNING: [filemgmt 56-199] Attempt to get parsing info during refresh. "On-the-fly" syntax checking information may be incorrect. [C:\Users\C27Brandon.Sweitzer\workspace\ece383_wksp\lab2\lab2\lab2.srcs\sources_1\imports\Downloads\Lab02_cadet_code\lab2_code_for_cadets_2026\trigger_detector.vhd:]
WARNING: [filemgmt 56-199] Attempt to get parsing info during refresh. "On-the-fly" syntax checking information may be incorrect. [C:\Users\C27Brandon.Sweitzer\workspace\ece383_wksp\lab2\lab2\lab2.srcs\sources_1\imports\lab2_code_for_cadets_2026\ece383_pkg.vhd:]
WARNING: [filemgmt 56-199] Attempt to get parsing info during refresh. "On-the-fly" syntax checking information may be incorrect. [C:\Users\C27Brandon.Sweitzer\workspace\ece383_wksp\lab2\lab2\lab2.srcs\sources_1\imports\Downloads\Lab02_cadet_code\lab2_code_for_cadets_2026\lab2.vhd:]
WARNING: [filemgmt 56-199] Attempt to get parsing info during refresh. "On-the-fly" syntax checking information may be incorrect. [C:\Users\C27Brandon.Sweitzer\workspace\ece383_wksp\lab2\lab2\lab2.srcs\sources_1\imports\Downloads\Lab02_cadet_code\lab2_code_for_cadets_2026\lab2.vhd:]
WARNING: [filemgmt 56-199] Attempt to get parsing info during refresh. "On-the-fly" syntax checking information may be incorrect. [C:\Users\C27Brandon.Sweitzer\workspace\ece383_wksp\lab2\lab2\lab2.srcs\sources_1\imports\Downloads\Lab02_cadet_code\lab2_code_for_cadets_2026\lab2.vhd:]
WARNING: [filemgmt 56-199] Attempt to get parsing info during refresh. "On-the-fly" syntax checking information may be incorrect. [C:\Users\C27Brandon.Sweitzer\workspace\ece383_wksp\lab2\lab2\lab2.srcs\sources_1\imports\Downloads\Lab02_cadet_code\lab2_code_for_cadets_2026\lab2_datapath.vhdl:]
WARNING: [filemgmt 56-199] Attempt to get parsing info during refresh. "On-the-fly" syntax checking information may be incorrect. [C:\Users\C27Brandon.Sweitzer\workspace\ece383_wksp\lab2\lab2\lab2.srcs\sources_1\imports\Downloads\Lab02_cadet_code\lab2_code_for_cadets_2026\lab2_fsm.vhdl:]
WARNING: [filemgmt 56-199] Attempt to get parsing info during refresh. "On-the-fly" syntax checking information may be incorrect. [C:\Users\C27Brandon.Sweitzer\workspace\ece383_wksp\lab2\lab2\lab2.srcs\sources_1\imports\Downloads\Lab02_cadet_code\lab2_code_for_cadets_2026\trigger_detector.vhd:]
WARNING: [filemgmt 56-199] Attempt to get parsing info during refresh. "On-the-fly" syntax checking information may be incorrect. [C:\Users\C27Brandon.Sweitzer\workspace\ece383_wksp\lab2\lab2\lab2.srcs\sources_1\imports\lab2_code_for_cadets_2026\ece383_pkg.vhd:]
WARNING: [filemgmt 56-199] Attempt to get parsing info during refresh. "On-the-fly" syntax checking information may be incorrect. [C:\Users\C27Brandon.Sweitzer\workspace\ece383_wksp\lab2\lab2\lab2.srcs\sources_1\imports\Downloads\Lab02_cadet_code\lab2_code_for_cadets_2026\trigger_detector.vhd:]
WARNING: [filemgmt 56-199] Attempt to get parsing info during refresh. "On-the-fly" syntax checking information may be incorrect. [C:\Users\C27Brandon.Sweitzer\workspace\ece383_wksp\lab2\lab2\lab2.srcs\sources_1\imports\Downloads\Lab02_cadet_code\lab2_code_for_cadets_2026\trigger_detector.vhd:]
reset_run synth_1
launch_runs impl_1 -to_step write_bitstream -jobs 8
[Wed Mar  4 23:13:21 2026] Launched synth_1...
Run output will be captured here: C:/Users/C27Brandon.Sweitzer/workspace/ece383_wksp/lab2/lab2/lab2.runs/synth_1/runme.log
[Wed Mar  4 23:13:21 2026] Launched impl_1...
Run output will be captured here: C:/Users/C27Brandon.Sweitzer/workspace/ece383_wksp/lab2/lab2/lab2.runs/impl_1/runme.log
WARNING: [filemgmt 56-199] Attempt to get parsing info during refresh. "On-the-fly" syntax checking information may be incorrect. [C:\Users\C27Brandon.Sweitzer\workspace\ece383_wksp\lab2\lab2\lab2.srcs\sources_1\imports\Downloads\Lab02_cadet_code\lab2_code_for_cadets_2026\lab2.vhd:]
WARNING: [filemgmt 56-199] Attempt to get parsing info during refresh. "On-the-fly" syntax checking information may be incorrect. [C:\Users\C27Brandon.Sweitzer\workspace\ece383_wksp\lab2\lab2\lab2.srcs\sources_1\imports\Downloads\Lab02_cadet_code\lab2_code_for_cadets_2026\lab2_datapath.vhdl:]
WARNING: [filemgmt 56-199] Attempt to get parsing info during refresh. "On-the-fly" syntax checking information may be incorrect. [C:\Users\C27Brandon.Sweitzer\workspace\ece383_wksp\lab2\lab2\lab2.srcs\sources_1\imports\Downloads\Lab02_cadet_code\lab2_code_for_cadets_2026\lab2_fsm.vhdl:]
WARNING: [filemgmt 56-199] Attempt to get parsing info during refresh. "On-the-fly" syntax checking information may be incorrect. [C:\Users\C27Brandon.Sweitzer\workspace\ece383_wksp\lab2\lab2\lab2.srcs\sources_1\imports\Downloads\Lab02_cadet_code\lab2_code_for_cadets_2026\trigger_detector.vhd:]
WARNING: [filemgmt 56-199] Attempt to get parsing info during refresh. "On-the-fly" syntax checking information may be incorrect. [C:\Users\C27Brandon.Sweitzer\workspace\ece383_wksp\lab2\lab2\lab2.srcs\sources_1\imports\lab2_code_for_cadets_2026\ece383_pkg.vhd:]
WARNING: [filemgmt 56-199] Attempt to get parsing info during refresh. "On-the-fly" syntax checking information may be incorrect. [C:\Users\C27Brandon.Sweitzer\workspace\ece383_wksp\lab2\lab2\lab2.srcs\sources_1\imports\Downloads\Lab02_cadet_code\lab2_code_for_cadets_2026\lab2_fsm.vhdl:]
WARNING: [filemgmt 56-199] Attempt to get parsing info during refresh. "On-the-fly" syntax checking information may be incorrect. [C:\Users\C27Brandon.Sweitzer\workspace\ece383_wksp\lab2\lab2\lab2.srcs\sources_1\imports\Downloads\Lab02_cadet_code\lab2_code_for_cadets_2026\lab2_fsm.vhdl:]
WARNING: [filemgmt 56-199] Attempt to get parsing info during refresh. "On-the-fly" syntax checking information may be incorrect. [C:\Users\C27Brandon.Sweitzer\workspace\ece383_wksp\lab2\lab2\lab2.srcs\sources_1\imports\Downloads\Lab02_cadet_code\lab2_code_for_cadets_2026\lab2.vhd:]
WARNING: [filemgmt 56-199] Attempt to get parsing info during refresh. "On-the-fly" syntax checking information may be incorrect. [C:\Users\C27Brandon.Sweitzer\workspace\ece383_wksp\lab2\lab2\lab2.srcs\sources_1\imports\Downloads\Lab02_cadet_code\lab2_code_for_cadets_2026\lab2_datapath.vhdl:]
WARNING: [filemgmt 56-199] Attempt to get parsing info during refresh. "On-the-fly" syntax checking information may be incorrect. [C:\Users\C27Brandon.Sweitzer\workspace\ece383_wksp\lab2\lab2\lab2.srcs\sources_1\imports\Downloads\Lab02_cadet_code\lab2_code_for_cadets_2026\lab2_fsm.vhdl:]
WARNING: [filemgmt 56-199] Attempt to get parsing info during refresh. "On-the-fly" syntax checking information may be incorrect. [C:\Users\C27Brandon.Sweitzer\workspace\ece383_wksp\lab2\lab2\lab2.srcs\sources_1\imports\Downloads\Lab02_cadet_code\lab2_code_for_cadets_2026\trigger_detector.vhd:]
WARNING: [filemgmt 56-199] Attempt to get parsing info during refresh. "On-the-fly" syntax checking information may be incorrect. [C:\Users\C27Brandon.Sweitzer\workspace\ece383_wksp\lab2\lab2\lab2.srcs\sources_1\imports\lab2_code_for_cadets_2026\ece383_pkg.vhd:]
WARNING: [filemgmt 56-199] Attempt to get parsing info during refresh. "On-the-fly" syntax checking information may be incorrect. [C:\Users\C27Brandon.Sweitzer\workspace\ece383_wksp\lab2\lab2\lab2.srcs\sources_1\imports\lab2_code_for_cadets_2026\ece383_pkg.vhd:]
WARNING: [filemgmt 56-199] Attempt to get parsing info during refresh. "On-the-fly" syntax checking information may be incorrect. [C:\Users\C27Brandon.Sweitzer\workspace\ece383_wksp\lab2\lab2\lab2.srcs\sources_1\imports\lab2_code_for_cadets_2026\ece383_pkg.vhd:]
reset_run synth_1
launch_runs synth_1 -jobs 8
WARNING: [filemgmt 56-199] Attempt to get parsing info during refresh. "On-the-fly" syntax checking information may be incorrect. [C:\Users\C27Brandon.Sweitzer\workspace\ece383_wksp\lab2\lab2\lab2.srcs\sources_1\imports\Downloads\Lab02_cadet_code\lab2_code_for_cadets_2026\lab2.vhd:]
WARNING: [filemgmt 56-199] Attempt to get parsing info during refresh. "On-the-fly" syntax checking information may be incorrect. [C:\Users\C27Brandon.Sweitzer\workspace\ece383_wksp\lab2\lab2\lab2.srcs\sources_1\imports\Downloads\Lab02_cadet_code\lab2_code_for_cadets_2026\lab2_datapath.vhdl:]
WARNING: [filemgmt 56-199] Attempt to get parsing info during refresh. "On-the-fly" syntax checking information may be incorrect. [C:\Users\C27Brandon.Sweitzer\workspace\ece383_wksp\lab2\lab2\lab2.srcs\sources_1\imports\Downloads\Lab02_cadet_code\lab2_code_for_cadets_2026\lab2_fsm.vhdl:]
WARNING: [filemgmt 56-199] Attempt to get parsing info during refresh. "On-the-fly" syntax checking information may be incorrect. [C:\Users\C27Brandon.Sweitzer\workspace\ece383_wksp\lab2\lab2\lab2.srcs\sources_1\imports\Downloads\Lab02_cadet_code\lab2_code_for_cadets_2026\trigger_detector.vhd:]
WARNING: [filemgmt 56-199] Attempt to get parsing info during refresh. "On-the-fly" syntax checking information may be incorrect. [C:\Users\C27Brandon.Sweitzer\workspace\ece383_wksp\lab2\lab2\lab2.srcs\sources_1\imports\lab2_code_for_cadets_2026\ece383_pkg.vhd:]
WARNING: [filemgmt 56-199] Attempt to get parsing info during refresh. "On-the-fly" syntax checking information may be incorrect. [C:\Users\C27Brandon.Sweitzer\workspace\ece383_wksp\lab2\lab2\lab2.srcs\sources_1\imports\Downloads\Lab02_cadet_code\lab2_code_for_cadets_2026\lab2.vhd:]
WARNING: [filemgmt 56-199] Attempt to get parsing info during refresh. "On-the-fly" syntax checking information may be incorrect. [C:\Users\C27Brandon.Sweitzer\workspace\ece383_wksp\lab2\lab2\lab2.srcs\sources_1\imports\Downloads\Lab02_cadet_code\lab2_code_for_cadets_2026\lab2.vhd:]
WARNING: [filemgmt 56-199] Attempt to get parsing info during refresh. "On-the-fly" syntax checking information may be incorrect. [C:\Users\C27Brandon.Sweitzer\workspace\ece383_wksp\lab2\lab2\lab2.srcs\sources_1\imports\Downloads\Lab02_cadet_code\lab2_code_for_cadets_2026\lab2.vhd:]
WARNING: [filemgmt 56-199] Attempt to get parsing info during refresh. "On-the-fly" syntax checking information may be incorrect. [C:\Users\C27Brandon.Sweitzer\workspace\ece383_wksp\lab2\lab2\lab2.srcs\sources_1\imports\Downloads\Lab02_cadet_code\lab2_code_for_cadets_2026\lab2_datapath.vhdl:]
WARNING: [filemgmt 56-199] Attempt to get parsing info during refresh. "On-the-fly" syntax checking information may be incorrect. [C:\Users\C27Brandon.Sweitzer\workspace\ece383_wksp\lab2\lab2\lab2.srcs\sources_1\imports\Downloads\Lab02_cadet_code\lab2_code_for_cadets_2026\lab2_fsm.vhdl:]
WARNING: [filemgmt 56-199] Attempt to get parsing info during refresh. "On-the-fly" syntax checking information may be incorrect. [C:\Users\C27Brandon.Sweitzer\workspace\ece383_wksp\lab2\lab2\lab2.srcs\sources_1\imports\Downloads\Lab02_cadet_code\lab2_code_for_cadets_2026\trigger_detector.vhd:]
WARNING: [filemgmt 56-199] Attempt to get parsing info during refresh. "On-the-fly" syntax checking information may be incorrect. [C:\Users\C27Brandon.Sweitzer\workspace\ece383_wksp\lab2\lab2\lab2.srcs\sources_1\imports\lab2_code_for_cadets_2026\ece383_pkg.vhd:]
WARNING: [filemgmt 56-199] Attempt to get parsing info during refresh. "On-the-fly" syntax checking information may be incorrect. [C:\Users\C27Brandon.Sweitzer\workspace\ece383_wksp\lab2\lab2\lab2.srcs\sources_1\imports\Downloads\Lab02_cadet_code\lab2_code_for_cadets_2026\trigger_detector.vhd:]
WARNING: [filemgmt 56-199] Attempt to get parsing info during refresh. "On-the-fly" syntax checking information may be incorrect. [C:\Users\C27Brandon.Sweitzer\workspace\ece383_wksp\lab2\lab2\lab2.srcs\sources_1\imports\Downloads\Lab02_cadet_code\lab2_code_for_cadets_2026\trigger_detector.vhd:]
WARNING: [filemgmt 20-1318] Duplicate Design Unit 'TDMS_encoder(Behavioral)' found in library 'xil_defaultlib'
	(Active) Duplicate found at line 22 of file C:/Users/C27Brandon.Sweitzer/workspace/ece383_wksp/lab2/lab2/lab2.srcs/sources_1/imports/Downloads/Lab02_cadet_code/lab2_code_for_cadets_2026/tdms.vhdl
Duplicate found in file C:/Users/C27Brandon.Sweitzer/workspace/ece383_wksp/lab2/lab2/lab2.srcs/sources_1/imports/imports/Lab1_Cadet_Code_2026/tdms.vhdl
[Wed Mar  4 23:23:41 2026] Launched synth_1...
Run output will be captured here: C:/Users/C27Brandon.Sweitzer/workspace/ece383_wksp/lab2/lab2/lab2.runs/synth_1/runme.log
WARNING: [filemgmt 56-199] Attempt to get parsing info during refresh. "On-the-fly" syntax checking information may be incorrect. [C:\Users\C27Brandon.Sweitzer\workspace\ece383_wksp\lab2\lab2\lab2.srcs\sources_1\imports\Downloads\Lab02_cadet_code\lab2_code_for_cadets_2026\lab2.vhd:]
WARNING: [filemgmt 56-199] Attempt to get parsing info during refresh. "On-the-fly" syntax checking information may be incorrect. [C:\Users\C27Brandon.Sweitzer\workspace\ece383_wksp\lab2\lab2\lab2.srcs\sources_1\imports\Downloads\Lab02_cadet_code\lab2_code_for_cadets_2026\lab2_datapath.vhdl:]
WARNING: [filemgmt 56-199] Attempt to get parsing info during refresh. "On-the-fly" syntax checking information may be incorrect. [C:\Users\C27Brandon.Sweitzer\workspace\ece383_wksp\lab2\lab2\lab2.srcs\sources_1\imports\Downloads\Lab02_cadet_code\lab2_code_for_cadets_2026\lab2_fsm.vhdl:]
WARNING: [filemgmt 56-199] Attempt to get parsing info during refresh. "On-the-fly" syntax checking information may be incorrect. [C:\Users\C27Brandon.Sweitzer\workspace\ece383_wksp\lab2\lab2\lab2.srcs\sources_1\imports\Downloads\Lab02_cadet_code\lab2_code_for_cadets_2026\trigger_detector.vhd:]
WARNING: [filemgmt 56-199] Attempt to get parsing info during refresh. "On-the-fly" syntax checking information may be incorrect. [C:\Users\C27Brandon.Sweitzer\workspace\ece383_wksp\lab2\lab2\lab2.srcs\sources_1\imports\lab2_code_for_cadets_2026\ece383_pkg.vhd:]
WARNING: [filemgmt 56-199] Attempt to get parsing info during refresh. "On-the-fly" syntax checking information may be incorrect. [C:\Users\C27Brandon.Sweitzer\workspace\ece383_wksp\lab2\lab2\lab2.srcs\sources_1\imports\Downloads\Lab02_cadet_code\lab2_code_for_cadets_2026\lab2_fsm.vhdl:]
WARNING: [filemgmt 56-199] Attempt to get parsing info during refresh. "On-the-fly" syntax checking information may be incorrect. [C:\Users\C27Brandon.Sweitzer\workspace\ece383_wksp\lab2\lab2\lab2.srcs\sources_1\imports\Downloads\Lab02_cadet_code\lab2_code_for_cadets_2026\lab2_fsm.vhdl:]
WARNING: [filemgmt 56-199] Attempt to get parsing info during refresh. "On-the-fly" syntax checking information may be incorrect. [C:\Users\C27Brandon.Sweitzer\workspace\ece383_wksp\lab2\lab2\lab2.srcs\sources_1\imports\Downloads\Lab02_cadet_code\lab2_code_for_cadets_2026\lab2.vhd:]
WARNING: [filemgmt 56-199] Attempt to get parsing info during refresh. "On-the-fly" syntax checking information may be incorrect. [C:\Users\C27Brandon.Sweitzer\workspace\ece383_wksp\lab2\lab2\lab2.srcs\sources_1\imports\Downloads\Lab02_cadet_code\lab2_code_for_cadets_2026\lab2_datapath.vhdl:]
WARNING: [filemgmt 56-199] Attempt to get parsing info during refresh. "On-the-fly" syntax checking information may be incorrect. [C:\Users\C27Brandon.Sweitzer\workspace\ece383_wksp\lab2\lab2\lab2.srcs\sources_1\imports\Downloads\Lab02_cadet_code\lab2_code_for_cadets_2026\lab2_fsm.vhdl:]
WARNING: [filemgmt 56-199] Attempt to get parsing info during refresh. "On-the-fly" syntax checking information may be incorrect. [C:\Users\C27Brandon.Sweitzer\workspace\ece383_wksp\lab2\lab2\lab2.srcs\sources_1\imports\Downloads\Lab02_cadet_code\lab2_code_for_cadets_2026\trigger_detector.vhd:]
WARNING: [filemgmt 56-199] Attempt to get parsing info during refresh. "On-the-fly" syntax checking information may be incorrect. [C:\Users\C27Brandon.Sweitzer\workspace\ece383_wksp\lab2\lab2\lab2.srcs\sources_1\imports\lab2_code_for_cadets_2026\ece383_pkg.vhd:]
WARNING: [filemgmt 56-199] Attempt to get parsing info during refresh. "On-the-fly" syntax checking information may be incorrect. [C:\Users\C27Brandon.Sweitzer\workspace\ece383_wksp\lab2\lab2\lab2.srcs\sources_1\imports\lab2_code_for_cadets_2026\ece383_pkg.vhd:]
WARNING: [filemgmt 56-199] Attempt to get parsing info during refresh. "On-the-fly" syntax checking information may be incorrect. [C:\Users\C27Brandon.Sweitzer\workspace\ece383_wksp\lab2\lab2\lab2.srcs\sources_1\imports\lab2_code_for_cadets_2026\ece383_pkg.vhd:]
reset_run synth_1
launch_runs synth_1 -jobs 8
WARNING: [filemgmt 56-199] Attempt to get parsing info during refresh. "On-the-fly" syntax checking information may be incorrect. [C:\Users\C27Brandon.Sweitzer\workspace\ece383_wksp\lab2\lab2\lab2.srcs\sources_1\imports\Downloads\Lab02_cadet_code\lab2_code_for_cadets_2026\lab2.vhd:]
WARNING: [filemgmt 56-199] Attempt to get parsing info during refresh. "On-the-fly" syntax checking information may be incorrect. [C:\Users\C27Brandon.Sweitzer\workspace\ece383_wksp\lab2\lab2\lab2.srcs\sources_1\imports\Downloads\Lab02_cadet_code\lab2_code_for_cadets_2026\lab2_datapath.vhdl:]
WARNING: [filemgmt 56-199] Attempt to get parsing info during refresh. "On-the-fly" syntax checking information may be incorrect. [C:\Users\C27Brandon.Sweitzer\workspace\ece383_wksp\lab2\lab2\lab2.srcs\sources_1\imports\Downloads\Lab02_cadet_code\lab2_code_for_cadets_2026\lab2_fsm.vhdl:]
WARNING: [filemgmt 56-199] Attempt to get parsing info during refresh. "On-the-fly" syntax checking information may be incorrect. [C:\Users\C27Brandon.Sweitzer\workspace\ece383_wksp\lab2\lab2\lab2.srcs\sources_1\imports\Downloads\Lab02_cadet_code\lab2_code_for_cadets_2026\trigger_detector.vhd:]
WARNING: [filemgmt 56-199] Attempt to get parsing info during refresh. "On-the-fly" syntax checking information may be incorrect. [C:\Users\C27Brandon.Sweitzer\workspace\ece383_wksp\lab2\lab2\lab2.srcs\sources_1\imports\lab2_code_for_cadets_2026\ece383_pkg.vhd:]
WARNING: [filemgmt 56-199] Attempt to get parsing info during refresh. "On-the-fly" syntax checking information may be incorrect. [C:\Users\C27Brandon.Sweitzer\workspace\ece383_wksp\lab2\lab2\lab2.srcs\sources_1\imports\Downloads\Lab02_cadet_code\lab2_code_for_cadets_2026\trigger_detector.vhd:]
WARNING: [filemgmt 56-199] Attempt to get parsing info during refresh. "On-the-fly" syntax checking information may be incorrect. [C:\Users\C27Brandon.Sweitzer\workspace\ece383_wksp\lab2\lab2\lab2.srcs\sources_1\imports\Downloads\Lab02_cadet_code\lab2_code_for_cadets_2026\trigger_detector.vhd:]
WARNING: [filemgmt 56-199] Attempt to get parsing info during refresh. "On-the-fly" syntax checking information may be incorrect. [C:\Users\C27Brandon.Sweitzer\workspace\ece383_wksp\lab2\lab2\lab2.srcs\sources_1\imports\Downloads\Lab02_cadet_code\lab2_code_for_cadets_2026\lab2.vhd:]
WARNING: [filemgmt 56-199] Attempt to get parsing info during refresh. "On-the-fly" syntax checking information may be incorrect. [C:\Users\C27Brandon.Sweitzer\workspace\ece383_wksp\lab2\lab2\lab2.srcs\sources_1\imports\Downloads\Lab02_cadet_code\lab2_code_for_cadets_2026\lab2_datapath.vhdl:]
WARNING: [filemgmt 56-199] Attempt to get parsing info during refresh. "On-the-fly" syntax checking information may be incorrect. [C:\Users\C27Brandon.Sweitzer\workspace\ece383_wksp\lab2\lab2\lab2.srcs\sources_1\imports\Downloads\Lab02_cadet_code\lab2_code_for_cadets_2026\lab2_fsm.vhdl:]
WARNING: [filemgmt 56-199] Attempt to get parsing info during refresh. "On-the-fly" syntax checking information may be incorrect. [C:\Users\C27Brandon.Sweitzer\workspace\ece383_wksp\lab2\lab2\lab2.srcs\sources_1\imports\Downloads\Lab02_cadet_code\lab2_code_for_cadets_2026\trigger_detector.vhd:]
WARNING: [filemgmt 56-199] Attempt to get parsing info during refresh. "On-the-fly" syntax checking information may be incorrect. [C:\Users\C27Brandon.Sweitzer\workspace\ece383_wksp\lab2\lab2\lab2.srcs\sources_1\imports\lab2_code_for_cadets_2026\ece383_pkg.vhd:]
WARNING: [filemgmt 56-199] Attempt to get parsing info during refresh. "On-the-fly" syntax checking information may be incorrect. [C:\Users\C27Brandon.Sweitzer\workspace\ece383_wksp\lab2\lab2\lab2.srcs\sources_1\imports\Downloads\Lab02_cadet_code\lab2_code_for_cadets_2026\lab2.vhd:]
WARNING: [filemgmt 56-199] Attempt to get parsing info during refresh. "On-the-fly" syntax checking information may be incorrect. [C:\Users\C27Brandon.Sweitzer\workspace\ece383_wksp\lab2\lab2\lab2.srcs\sources_1\imports\Downloads\Lab02_cadet_code\lab2_code_for_cadets_2026\lab2.vhd:]
WARNING: [filemgmt 20-1318] Duplicate Design Unit 'TDMS_encoder(Behavioral)' found in library 'xil_defaultlib'
	(Active) Duplicate found at line 22 of file C:/Users/C27Brandon.Sweitzer/workspace/ece383_wksp/lab2/lab2/lab2.srcs/sources_1/imports/Downloads/Lab02_cadet_code/lab2_code_for_cadets_2026/tdms.vhdl
Duplicate found in file C:/Users/C27Brandon.Sweitzer/workspace/ece383_wksp/lab2/lab2/lab2.srcs/sources_1/imports/imports/Lab1_Cadet_Code_2026/tdms.vhdl
[Wed Mar  4 23:30:50 2026] Launched synth_1...
Run output will be captured here: C:/Users/C27Brandon.Sweitzer/workspace/ece383_wksp/lab2/lab2/lab2.runs/synth_1/runme.log
WARNING: [filemgmt 56-199] Attempt to get parsing info during refresh. "On-the-fly" syntax checking information may be incorrect. [C:\Users\C27Brandon.Sweitzer\workspace\ece383_wksp\lab2\lab2\lab2.srcs\sources_1\imports\Downloads\Lab02_cadet_code\lab2_code_for_cadets_2026\lab2.vhd:]
WARNING: [filemgmt 56-199] Attempt to get parsing info during refresh. "On-the-fly" syntax checking information may be incorrect. [C:\Users\C27Brandon.Sweitzer\workspace\ece383_wksp\lab2\lab2\lab2.srcs\sources_1\imports\Downloads\Lab02_cadet_code\lab2_code_for_cadets_2026\lab2_datapath.vhdl:]
WARNING: [filemgmt 56-199] Attempt to get parsing info during refresh. "On-the-fly" syntax checking information may be incorrect. [C:\Users\C27Brandon.Sweitzer\workspace\ece383_wksp\lab2\lab2\lab2.srcs\sources_1\imports\Downloads\Lab02_cadet_code\lab2_code_for_cadets_2026\lab2_fsm.vhdl:]
WARNING: [filemgmt 56-199] Attempt to get parsing info during refresh. "On-the-fly" syntax checking information may be incorrect. [C:\Users\C27Brandon.Sweitzer\workspace\ece383_wksp\lab2\lab2\lab2.srcs\sources_1\imports\Downloads\Lab02_cadet_code\lab2_code_for_cadets_2026\trigger_detector.vhd:]
WARNING: [filemgmt 56-199] Attempt to get parsing info during refresh. "On-the-fly" syntax checking information may be incorrect. [C:\Users\C27Brandon.Sweitzer\workspace\ece383_wksp\lab2\lab2\lab2.srcs\sources_1\imports\lab2_code_for_cadets_2026\ece383_pkg.vhd:]
WARNING: [filemgmt 56-199] Attempt to get parsing info during refresh. "On-the-fly" syntax checking information may be incorrect. [C:\Users\C27Brandon.Sweitzer\workspace\ece383_wksp\lab2\lab2\lab2.srcs\sources_1\imports\Downloads\Lab02_cadet_code\lab2_code_for_cadets_2026\lab2_fsm.vhdl:]
WARNING: [filemgmt 56-199] Attempt to get parsing info during refresh. "On-the-fly" syntax checking information may be incorrect. [C:\Users\C27Brandon.Sweitzer\workspace\ece383_wksp\lab2\lab2\lab2.srcs\sources_1\imports\Downloads\Lab02_cadet_code\lab2_code_for_cadets_2026\lab2_fsm.vhdl:]
WARNING: [filemgmt 56-199] Attempt to get parsing info during refresh. "On-the-fly" syntax checking information may be incorrect. [C:\Users\C27Brandon.Sweitzer\workspace\ece383_wksp\lab2\lab2\lab2.srcs\sources_1\imports\Downloads\Lab02_cadet_code\lab2_code_for_cadets_2026\lab2.vhd:]
WARNING: [filemgmt 56-199] Attempt to get parsing info during refresh. "On-the-fly" syntax checking information may be incorrect. [C:\Users\C27Brandon.Sweitzer\workspace\ece383_wksp\lab2\lab2\lab2.srcs\sources_1\imports\Downloads\Lab02_cadet_code\lab2_code_for_cadets_2026\lab2_datapath.vhdl:]
WARNING: [filemgmt 56-199] Attempt to get parsing info during refresh. "On-the-fly" syntax checking information may be incorrect. [C:\Users\C27Brandon.Sweitzer\workspace\ece383_wksp\lab2\lab2\lab2.srcs\sources_1\imports\Downloads\Lab02_cadet_code\lab2_code_for_cadets_2026\lab2_fsm.vhdl:]
WARNING: [filemgmt 56-199] Attempt to get parsing info during refresh. "On-the-fly" syntax checking information may be incorrect. [C:\Users\C27Brandon.Sweitzer\workspace\ece383_wksp\lab2\lab2\lab2.srcs\sources_1\imports\Downloads\Lab02_cadet_code\lab2_code_for_cadets_2026\trigger_detector.vhd:]
WARNING: [filemgmt 56-199] Attempt to get parsing info during refresh. "On-the-fly" syntax checking information may be incorrect. [C:\Users\C27Brandon.Sweitzer\workspace\ece383_wksp\lab2\lab2\lab2.srcs\sources_1\imports\lab2_code_for_cadets_2026\ece383_pkg.vhd:]
WARNING: [filemgmt 56-199] Attempt to get parsing info during refresh. "On-the-fly" syntax checking information may be incorrect. [C:\Users\C27Brandon.Sweitzer\workspace\ece383_wksp\lab2\lab2\lab2.srcs\sources_1\imports\lab2_code_for_cadets_2026\ece383_pkg.vhd:]
WARNING: [filemgmt 56-199] Attempt to get parsing info during refresh. "On-the-fly" syntax checking information may be incorrect. [C:\Users\C27Brandon.Sweitzer\workspace\ece383_wksp\lab2\lab2\lab2.srcs\sources_1\imports\lab2_code_for_cadets_2026\ece383_pkg.vhd:]
WARNING: [filemgmt 56-199] Attempt to get parsing info during refresh. "On-the-fly" syntax checking information may be incorrect. [C:\Users\C27Brandon.Sweitzer\workspace\ece383_wksp\lab2\lab2\lab2.srcs\sources_1\imports\Downloads\Lab02_cadet_code\lab2_code_for_cadets_2026\lab2.vhd:]
WARNING: [filemgmt 56-199] Attempt to get parsing info during refresh. "On-the-fly" syntax checking information may be incorrect. [C:\Users\C27Brandon.Sweitzer\workspace\ece383_wksp\lab2\lab2\lab2.srcs\sources_1\imports\Downloads\Lab02_cadet_code\lab2_code_for_cadets_2026\lab2_datapath.vhdl:]
WARNING: [filemgmt 56-199] Attempt to get parsing info during refresh. "On-the-fly" syntax checking information may be incorrect. [C:\Users\C27Brandon.Sweitzer\workspace\ece383_wksp\lab2\lab2\lab2.srcs\sources_1\imports\Downloads\Lab02_cadet_code\lab2_code_for_cadets_2026\lab2_fsm.vhdl:]
WARNING: [filemgmt 56-199] Attempt to get parsing info during refresh. "On-the-fly" syntax checking information may be incorrect. [C:\Users\C27Brandon.Sweitzer\workspace\ece383_wksp\lab2\lab2\lab2.srcs\sources_1\imports\Downloads\Lab02_cadet_code\lab2_code_for_cadets_2026\trigger_detector.vhd:]
WARNING: [filemgmt 56-199] Attempt to get parsing info during refresh. "On-the-fly" syntax checking information may be incorrect. [C:\Users\C27Brandon.Sweitzer\workspace\ece383_wksp\lab2\lab2\lab2.srcs\sources_1\imports\lab2_code_for_cadets_2026\ece383_pkg.vhd:]
WARNING: [filemgmt 56-199] Attempt to get parsing info during refresh. "On-the-fly" syntax checking information may be incorrect. [C:\Users\C27Brandon.Sweitzer\workspace\ece383_wksp\lab2\lab2\lab2.srcs\sources_1\imports\Downloads\Lab02_cadet_code\lab2_code_for_cadets_2026\lab2_datapath.vhdl:]
WARNING: [filemgmt 56-199] Attempt to get parsing info during refresh. "On-the-fly" syntax checking information may be incorrect. [C:\Users\C27Brandon.Sweitzer\workspace\ece383_wksp\lab2\lab2\lab2.srcs\sources_1\imports\Downloads\Lab02_cadet_code\lab2_code_for_cadets_2026\lab2_datapath.vhdl:]
WARNING: [filemgmt 56-199] Attempt to get parsing info during refresh. "On-the-fly" syntax checking information may be incorrect. [C:\Users\C27Brandon.Sweitzer\workspace\ece383_wksp\lab2\lab2\lab2.srcs\sources_1\imports\Downloads\Lab02_cadet_code\lab2_code_for_cadets_2026\lab2.vhd:]
WARNING: [filemgmt 56-199] Attempt to get parsing info during refresh. "On-the-fly" syntax checking information may be incorrect. [C:\Users\C27Brandon.Sweitzer\workspace\ece383_wksp\lab2\lab2\lab2.srcs\sources_1\imports\Downloads\Lab02_cadet_code\lab2_code_for_cadets_2026\lab2_datapath.vhdl:]
WARNING: [filemgmt 56-199] Attempt to get parsing info during refresh. "On-the-fly" syntax checking information may be incorrect. [C:\Users\C27Brandon.Sweitzer\workspace\ece383_wksp\lab2\lab2\lab2.srcs\sources_1\imports\Downloads\Lab02_cadet_code\lab2_code_for_cadets_2026\lab2_fsm.vhdl:]
WARNING: [filemgmt 56-199] Attempt to get parsing info during refresh. "On-the-fly" syntax checking information may be incorrect. [C:\Users\C27Brandon.Sweitzer\workspace\ece383_wksp\lab2\lab2\lab2.srcs\sources_1\imports\Downloads\Lab02_cadet_code\lab2_code_for_cadets_2026\trigger_detector.vhd:]
WARNING: [filemgmt 56-199] Attempt to get parsing info during refresh. "On-the-fly" syntax checking information may be incorrect. [C:\Users\C27Brandon.Sweitzer\workspace\ece383_wksp\lab2\lab2\lab2.srcs\sources_1\imports\lab2_code_for_cadets_2026\ece383_pkg.vhd:]
WARNING: [filemgmt 56-199] Attempt to get parsing info during refresh. "On-the-fly" syntax checking information may be incorrect. [C:\Users\C27Brandon.Sweitzer\workspace\ece383_wksp\lab2\lab2\lab2.srcs\sources_1\imports\Downloads\Lab02_cadet_code\lab2_code_for_cadets_2026\trigger_detector.vhd:]
WARNING: [filemgmt 56-199] Attempt to get parsing info during refresh. "On-the-fly" syntax checking information may be incorrect. [C:\Users\C27Brandon.Sweitzer\workspace\ece383_wksp\lab2\lab2\lab2.srcs\sources_1\imports\Downloads\Lab02_cadet_code\lab2_code_for_cadets_2026\trigger_detector.vhd:]
reset_run synth_1
launch_runs synth_1 -jobs 8
WARNING: [filemgmt 20-1318] Duplicate Design Unit 'TDMS_encoder(Behavioral)' found in library 'xil_defaultlib'
	(Active) Duplicate found at line 22 of file C:/Users/C27Brandon.Sweitzer/workspace/ece383_wksp/lab2/lab2/lab2.srcs/sources_1/imports/Downloads/Lab02_cadet_code/lab2_code_for_cadets_2026/tdms.vhdl
Duplicate found in file C:/Users/C27Brandon.Sweitzer/workspace/ece383_wksp/lab2/lab2/lab2.srcs/sources_1/imports/imports/Lab1_Cadet_Code_2026/tdms.vhdl
[Wed Mar  4 23:36:51 2026] Launched synth_1...
Run output will be captured here: C:/Users/C27Brandon.Sweitzer/workspace/ece383_wksp/lab2/lab2/lab2.runs/synth_1/runme.log
WARNING: [filemgmt 56-199] Attempt to get parsing info during refresh. "On-the-fly" syntax checking information may be incorrect. [C:\Users\C27Brandon.Sweitzer\workspace\ece383_wksp\lab2\lab2\lab2.srcs\sources_1\imports\Downloads\Lab02_cadet_code\lab2_code_for_cadets_2026\lab2.vhd:]
WARNING: [filemgmt 56-199] Attempt to get parsing info during refresh. "On-the-fly" syntax checking information may be incorrect. [C:\Users\C27Brandon.Sweitzer\workspace\ece383_wksp\lab2\lab2\lab2.srcs\sources_1\imports\Downloads\Lab02_cadet_code\lab2_code_for_cadets_2026\lab2_datapath.vhdl:]
WARNING: [filemgmt 56-199] Attempt to get parsing info during refresh. "On-the-fly" syntax checking information may be incorrect. [C:\Users\C27Brandon.Sweitzer\workspace\ece383_wksp\lab2\lab2\lab2.srcs\sources_1\imports\Downloads\Lab02_cadet_code\lab2_code_for_cadets_2026\lab2_fsm.vhdl:]
WARNING: [filemgmt 56-199] Attempt to get parsing info during refresh. "On-the-fly" syntax checking information may be incorrect. [C:\Users\C27Brandon.Sweitzer\workspace\ece383_wksp\lab2\lab2\lab2.srcs\sources_1\imports\Downloads\Lab02_cadet_code\lab2_code_for_cadets_2026\trigger_detector.vhd:]
WARNING: [filemgmt 56-199] Attempt to get parsing info during refresh. "On-the-fly" syntax checking information may be incorrect. [C:\Users\C27Brandon.Sweitzer\workspace\ece383_wksp\lab2\lab2\lab2.srcs\sources_1\imports\lab2_code_for_cadets_2026\ece383_pkg.vhd:]
WARNING: [filemgmt 56-199] Attempt to get parsing info during refresh. "On-the-fly" syntax checking information may be incorrect. [C:\Users\C27Brandon.Sweitzer\workspace\ece383_wksp\lab2\lab2\lab2.srcs\sources_1\imports\Downloads\Lab02_cadet_code\lab2_code_for_cadets_2026\lab2_fsm.vhdl:]
WARNING: [filemgmt 56-199] Attempt to get parsing info during refresh. "On-the-fly" syntax checking information may be incorrect. [C:\Users\C27Brandon.Sweitzer\workspace\ece383_wksp\lab2\lab2\lab2.srcs\sources_1\imports\Downloads\Lab02_cadet_code\lab2_code_for_cadets_2026\lab2_fsm.vhdl:]
WARNING: [filemgmt 56-199] Attempt to get parsing info during refresh. "On-the-fly" syntax checking information may be incorrect. [C:\Users\C27Brandon.Sweitzer\workspace\ece383_wksp\lab2\lab2\lab2.srcs\sources_1\imports\Downloads\Lab02_cadet_code\lab2_code_for_cadets_2026\lab2.vhd:]
WARNING: [filemgmt 56-199] Attempt to get parsing info during refresh. "On-the-fly" syntax checking information may be incorrect. [C:\Users\C27Brandon.Sweitzer\workspace\ece383_wksp\lab2\lab2\lab2.srcs\sources_1\imports\Downloads\Lab02_cadet_code\lab2_code_for_cadets_2026\lab2_datapath.vhdl:]
WARNING: [filemgmt 56-199] Attempt to get parsing info during refresh. "On-the-fly" syntax checking information may be incorrect. [C:\Users\C27Brandon.Sweitzer\workspace\ece383_wksp\lab2\lab2\lab2.srcs\sources_1\imports\Downloads\Lab02_cadet_code\lab2_code_for_cadets_2026\lab2_fsm.vhdl:]
WARNING: [filemgmt 56-199] Attempt to get parsing info during refresh. "On-the-fly" syntax checking information may be incorrect. [C:\Users\C27Brandon.Sweitzer\workspace\ece383_wksp\lab2\lab2\lab2.srcs\sources_1\imports\Downloads\Lab02_cadet_code\lab2_code_for_cadets_2026\trigger_detector.vhd:]
WARNING: [filemgmt 56-199] Attempt to get parsing info during refresh. "On-the-fly" syntax checking information may be incorrect. [C:\Users\C27Brandon.Sweitzer\workspace\ece383_wksp\lab2\lab2\lab2.srcs\sources_1\imports\lab2_code_for_cadets_2026\ece383_pkg.vhd:]
WARNING: [filemgmt 56-199] Attempt to get parsing info during refresh. "On-the-fly" syntax checking information may be incorrect. [C:\Users\C27Brandon.Sweitzer\workspace\ece383_wksp\lab2\lab2\lab2.srcs\sources_1\imports\lab2_code_for_cadets_2026\ece383_pkg.vhd:]
WARNING: [filemgmt 56-199] Attempt to get parsing info during refresh. "On-the-fly" syntax checking information may be incorrect. [C:\Users\C27Brandon.Sweitzer\workspace\ece383_wksp\lab2\lab2\lab2.srcs\sources_1\imports\lab2_code_for_cadets_2026\ece383_pkg.vhd:]
WARNING: [filemgmt 56-199] Attempt to get parsing info during refresh. "On-the-fly" syntax checking information may be incorrect. [C:\Users\C27Brandon.Sweitzer\workspace\ece383_wksp\lab2\lab2\lab2.srcs\sources_1\imports\Downloads\Lab02_cadet_code\lab2_code_for_cadets_2026\lab2.vhd:]
WARNING: [filemgmt 56-199] Attempt to get parsing info during refresh. "On-the-fly" syntax checking information may be incorrect. [C:\Users\C27Brandon.Sweitzer\workspace\ece383_wksp\lab2\lab2\lab2.srcs\sources_1\imports\Downloads\Lab02_cadet_code\lab2_code_for_cadets_2026\lab2_datapath.vhdl:]
WARNING: [filemgmt 56-199] Attempt to get parsing info during refresh. "On-the-fly" syntax checking information may be incorrect. [C:\Users\C27Brandon.Sweitzer\workspace\ece383_wksp\lab2\lab2\lab2.srcs\sources_1\imports\Downloads\Lab02_cadet_code\lab2_code_for_cadets_2026\lab2_fsm.vhdl:]
WARNING: [filemgmt 56-199] Attempt to get parsing info during refresh. "On-the-fly" syntax checking information may be incorrect. [C:\Users\C27Brandon.Sweitzer\workspace\ece383_wksp\lab2\lab2\lab2.srcs\sources_1\imports\Downloads\Lab02_cadet_code\lab2_code_for_cadets_2026\trigger_detector.vhd:]
WARNING: [filemgmt 56-199] Attempt to get parsing info during refresh. "On-the-fly" syntax checking information may be incorrect. [C:\Users\C27Brandon.Sweitzer\workspace\ece383_wksp\lab2\lab2\lab2.srcs\sources_1\imports\lab2_code_for_cadets_2026\ece383_pkg.vhd:]
WARNING: [filemgmt 56-199] Attempt to get parsing info during refresh. "On-the-fly" syntax checking information may be incorrect. [C:\Users\C27Brandon.Sweitzer\workspace\ece383_wksp\lab2\lab2\lab2.srcs\sources_1\imports\Downloads\Lab02_cadet_code\lab2_code_for_cadets_2026\lab2_datapath.vhdl:]
WARNING: [filemgmt 56-199] Attempt to get parsing info during refresh. "On-the-fly" syntax checking information may be incorrect. [C:\Users\C27Brandon.Sweitzer\workspace\ece383_wksp\lab2\lab2\lab2.srcs\sources_1\imports\Downloads\Lab02_cadet_code\lab2_code_for_cadets_2026\lab2_datapath.vhdl:]
WARNING: [filemgmt 56-199] Attempt to get parsing info during refresh. "On-the-fly" syntax checking information may be incorrect. [C:\Users\C27Brandon.Sweitzer\workspace\ece383_wksp\lab2\lab2\lab2.srcs\sources_1\imports\Downloads\Lab02_cadet_code\lab2_code_for_cadets_2026\lab2.vhd:]
WARNING: [filemgmt 56-199] Attempt to get parsing info during refresh. "On-the-fly" syntax checking information may be incorrect. [C:\Users\C27Brandon.Sweitzer\workspace\ece383_wksp\lab2\lab2\lab2.srcs\sources_1\imports\Downloads\Lab02_cadet_code\lab2_code_for_cadets_2026\lab2_datapath.vhdl:]
WARNING: [filemgmt 56-199] Attempt to get parsing info during refresh. "On-the-fly" syntax checking information may be incorrect. [C:\Users\C27Brandon.Sweitzer\workspace\ece383_wksp\lab2\lab2\lab2.srcs\sources_1\imports\Downloads\Lab02_cadet_code\lab2_code_for_cadets_2026\lab2_fsm.vhdl:]
WARNING: [filemgmt 56-199] Attempt to get parsing info during refresh. "On-the-fly" syntax checking information may be incorrect. [C:\Users\C27Brandon.Sweitzer\workspace\ece383_wksp\lab2\lab2\lab2.srcs\sources_1\imports\Downloads\Lab02_cadet_code\lab2_code_for_cadets_2026\trigger_detector.vhd:]
WARNING: [filemgmt 56-199] Attempt to get parsing info during refresh. "On-the-fly" syntax checking information may be incorrect. [C:\Users\C27Brandon.Sweitzer\workspace\ece383_wksp\lab2\lab2\lab2.srcs\sources_1\imports\lab2_code_for_cadets_2026\ece383_pkg.vhd:]
WARNING: [filemgmt 56-199] Attempt to get parsing info during refresh. "On-the-fly" syntax checking information may be incorrect. [C:\Users\C27Brandon.Sweitzer\workspace\ece383_wksp\lab2\lab2\lab2.srcs\sources_1\imports\Downloads\Lab02_cadet_code\lab2_code_for_cadets_2026\trigger_detector.vhd:]
WARNING: [filemgmt 56-199] Attempt to get parsing info during refresh. "On-the-fly" syntax checking information may be incorrect. [C:\Users\C27Brandon.Sweitzer\workspace\ece383_wksp\lab2\lab2\lab2.srcs\sources_1\imports\Downloads\Lab02_cadet_code\lab2_code_for_cadets_2026\trigger_detector.vhd:]
reset_run synth_1
launch_runs synth_1 -jobs 8
WARNING: [filemgmt 56-199] Attempt to get parsing info during refresh. "On-the-fly" syntax checking information may be incorrect. [C:\Users\C27Brandon.Sweitzer\workspace\ece383_wksp\lab2\lab2\lab2.srcs\sources_1\imports\Downloads\Lab02_cadet_code\lab2_code_for_cadets_2026\lab2.vhd:]
WARNING: [filemgmt 56-199] Attempt to get parsing info during refresh. "On-the-fly" syntax checking information may be incorrect. [C:\Users\C27Brandon.Sweitzer\workspace\ece383_wksp\lab2\lab2\lab2.srcs\sources_1\imports\Downloads\Lab02_cadet_code\lab2_code_for_cadets_2026\lab2_datapath.vhdl:]
WARNING: [filemgmt 56-199] Attempt to get parsing info during refresh. "On-the-fly" syntax checking information may be incorrect. [C:\Users\C27Brandon.Sweitzer\workspace\ece383_wksp\lab2\lab2\lab2.srcs\sources_1\imports\Downloads\Lab02_cadet_code\lab2_code_for_cadets_2026\lab2_fsm.vhdl:]
WARNING: [filemgmt 56-199] Attempt to get parsing info during refresh. "On-the-fly" syntax checking information may be incorrect. [C:\Users\C27Brandon.Sweitzer\workspace\ece383_wksp\lab2\lab2\lab2.srcs\sources_1\imports\Downloads\Lab02_cadet_code\lab2_code_for_cadets_2026\trigger_detector.vhd:]
WARNING: [filemgmt 56-199] Attempt to get parsing info during refresh. "On-the-fly" syntax checking information may be incorrect. [C:\Users\C27Brandon.Sweitzer\workspace\ece383_wksp\lab2\lab2\lab2.srcs\sources_1\imports\lab2_code_for_cadets_2026\ece383_pkg.vhd:]
WARNING: [filemgmt 56-199] Attempt to get parsing info during refresh. "On-the-fly" syntax checking information may be incorrect. [C:\Users\C27Brandon.Sweitzer\workspace\ece383_wksp\lab2\lab2\lab2.srcs\sources_1\imports\Downloads\Lab02_cadet_code\lab2_code_for_cadets_2026\lab2_fsm.vhdl:]
WARNING: [filemgmt 56-199] Attempt to get parsing info during refresh. "On-the-fly" syntax checking information may be incorrect. [C:\Users\C27Brandon.Sweitzer\workspace\ece383_wksp\lab2\lab2\lab2.srcs\sources_1\imports\Downloads\Lab02_cadet_code\lab2_code_for_cadets_2026\lab2_fsm.vhdl:]
WARNING: [filemgmt 56-199] Attempt to get parsing info during refresh. "On-the-fly" syntax checking information may be incorrect. [C:\Users\C27Brandon.Sweitzer\workspace\ece383_wksp\lab2\lab2\lab2.srcs\sources_1\imports\Downloads\Lab02_cadet_code\lab2_code_for_cadets_2026\lab2.vhd:]
WARNING: [filemgmt 56-199] Attempt to get parsing info during refresh. "On-the-fly" syntax checking information may be incorrect. [C:\Users\C27Brandon.Sweitzer\workspace\ece383_wksp\lab2\lab2\lab2.srcs\sources_1\imports\Downloads\Lab02_cadet_code\lab2_code_for_cadets_2026\lab2_datapath.vhdl:]
WARNING: [filemgmt 56-199] Attempt to get parsing info during refresh. "On-the-fly" syntax checking information may be incorrect. [C:\Users\C27Brandon.Sweitzer\workspace\ece383_wksp\lab2\lab2\lab2.srcs\sources_1\imports\Downloads\Lab02_cadet_code\lab2_code_for_cadets_2026\lab2_fsm.vhdl:]
WARNING: [filemgmt 56-199] Attempt to get parsing info during refresh. "On-the-fly" syntax checking information may be incorrect. [C:\Users\C27Brandon.Sweitzer\workspace\ece383_wksp\lab2\lab2\lab2.srcs\sources_1\imports\Downloads\Lab02_cadet_code\lab2_code_for_cadets_2026\trigger_detector.vhd:]
WARNING: [filemgmt 56-199] Attempt to get parsing info during refresh. "On-the-fly" syntax checking information may be incorrect. [C:\Users\C27Brandon.Sweitzer\workspace\ece383_wksp\lab2\lab2\lab2.srcs\sources_1\imports\lab2_code_for_cadets_2026\ece383_pkg.vhd:]
WARNING: [filemgmt 56-199] Attempt to get parsing info during refresh. "On-the-fly" syntax checking information may be incorrect. [C:\Users\C27Brandon.Sweitzer\workspace\ece383_wksp\lab2\lab2\lab2.srcs\sources_1\imports\lab2_code_for_cadets_2026\ece383_pkg.vhd:]
WARNING: [filemgmt 56-199] Attempt to get parsing info during refresh. "On-the-fly" syntax checking information may be incorrect. [C:\Users\C27Brandon.Sweitzer\workspace\ece383_wksp\lab2\lab2\lab2.srcs\sources_1\imports\lab2_code_for_cadets_2026\ece383_pkg.vhd:]
WARNING: [filemgmt 56-199] Attempt to get parsing info during refresh. "On-the-fly" syntax checking information may be incorrect. [C:\Users\C27Brandon.Sweitzer\workspace\ece383_wksp\lab2\lab2\lab2.srcs\sources_1\imports\Downloads\Lab02_cadet_code\lab2_code_for_cadets_2026\lab2.vhd:]
WARNING: [filemgmt 56-199] Attempt to get parsing info during refresh. "On-the-fly" syntax checking information may be incorrect. [C:\Users\C27Brandon.Sweitzer\workspace\ece383_wksp\lab2\lab2\lab2.srcs\sources_1\imports\Downloads\Lab02_cadet_code\lab2_code_for_cadets_2026\lab2_datapath.vhdl:]
WARNING: [filemgmt 56-199] Attempt to get parsing info during refresh. "On-the-fly" syntax checking information may be incorrect. [C:\Users\C27Brandon.Sweitzer\workspace\ece383_wksp\lab2\lab2\lab2.srcs\sources_1\imports\Downloads\Lab02_cadet_code\lab2_code_for_cadets_2026\lab2_fsm.vhdl:]
WARNING: [filemgmt 56-199] Attempt to get parsing info during refresh. "On-the-fly" syntax checking information may be incorrect. [C:\Users\C27Brandon.Sweitzer\workspace\ece383_wksp\lab2\lab2\lab2.srcs\sources_1\imports\Downloads\Lab02_cadet_code\lab2_code_for_cadets_2026\trigger_detector.vhd:]
WARNING: [filemgmt 56-199] Attempt to get parsing info during refresh. "On-the-fly" syntax checking information may be incorrect. [C:\Users\C27Brandon.Sweitzer\workspace\ece383_wksp\lab2\lab2\lab2.srcs\sources_1\imports\lab2_code_for_cadets_2026\ece383_pkg.vhd:]
WARNING: [filemgmt 56-199] Attempt to get parsing info during refresh. "On-the-fly" syntax checking information may be incorrect. [C:\Users\C27Brandon.Sweitzer\workspace\ece383_wksp\lab2\lab2\lab2.srcs\sources_1\imports\Downloads\Lab02_cadet_code\lab2_code_for_cadets_2026\lab2_datapath.vhdl:]
WARNING: [filemgmt 56-199] Attempt to get parsing info during refresh. "On-the-fly" syntax checking information may be incorrect. [C:\Users\C27Brandon.Sweitzer\workspace\ece383_wksp\lab2\lab2\lab2.srcs\sources_1\imports\Downloads\Lab02_cadet_code\lab2_code_for_cadets_2026\lab2_datapath.vhdl:]
WARNING: [filemgmt 56-199] Attempt to get parsing info during refresh. "On-the-fly" syntax checking information may be incorrect. [C:\Users\C27Brandon.Sweitzer\workspace\ece383_wksp\lab2\lab2\lab2.srcs\sources_1\imports\Downloads\Lab02_cadet_code\lab2_code_for_cadets_2026\lab2.vhd:]
WARNING: [filemgmt 56-199] Attempt to get parsing info during refresh. "On-the-fly" syntax checking information may be incorrect. [C:\Users\C27Brandon.Sweitzer\workspace\ece383_wksp\lab2\lab2\lab2.srcs\sources_1\imports\Downloads\Lab02_cadet_code\lab2_code_for_cadets_2026\lab2_datapath.vhdl:]
WARNING: [filemgmt 56-199] Attempt to get parsing info during refresh. "On-the-fly" syntax checking information may be incorrect. [C:\Users\C27Brandon.Sweitzer\workspace\ece383_wksp\lab2\lab2\lab2.srcs\sources_1\imports\Downloads\Lab02_cadet_code\lab2_code_for_cadets_2026\lab2_fsm.vhdl:]
WARNING: [filemgmt 56-199] Attempt to get parsing info during refresh. "On-the-fly" syntax checking information may be incorrect. [C:\Users\C27Brandon.Sweitzer\workspace\ece383_wksp\lab2\lab2\lab2.srcs\sources_1\imports\Downloads\Lab02_cadet_code\lab2_code_for_cadets_2026\trigger_detector.vhd:]
WARNING: [filemgmt 56-199] Attempt to get parsing info during refresh. "On-the-fly" syntax checking information may be incorrect. [C:\Users\C27Brandon.Sweitzer\workspace\ece383_wksp\lab2\lab2\lab2.srcs\sources_1\imports\lab2_code_for_cadets_2026\ece383_pkg.vhd:]
WARNING: [filemgmt 56-199] Attempt to get parsing info during refresh. "On-the-fly" syntax checking information may be incorrect. [C:\Users\C27Brandon.Sweitzer\workspace\ece383_wksp\lab2\lab2\lab2.srcs\sources_1\imports\Downloads\Lab02_cadet_code\lab2_code_for_cadets_2026\trigger_detector.vhd:]
WARNING: [filemgmt 56-199] Attempt to get parsing info during refresh. "On-the-fly" syntax checking information may be incorrect. [C:\Users\C27Brandon.Sweitzer\workspace\ece383_wksp\lab2\lab2\lab2.srcs\sources_1\imports\Downloads\Lab02_cadet_code\lab2_code_for_cadets_2026\trigger_detector.vhd:]
WARNING: [filemgmt 20-1318] Duplicate Design Unit 'TDMS_encoder(Behavioral)' found in library 'xil_defaultlib'
	(Active) Duplicate found at line 22 of file C:/Users/C27Brandon.Sweitzer/workspace/ece383_wksp/lab2/lab2/lab2.srcs/sources_1/imports/Downloads/Lab02_cadet_code/lab2_code_for_cadets_2026/tdms.vhdl
Duplicate found in file C:/Users/C27Brandon.Sweitzer/workspace/ece383_wksp/lab2/lab2/lab2.srcs/sources_1/imports/imports/Lab1_Cadet_Code_2026/tdms.vhdl
[Wed Mar  4 23:39:14 2026] Launched synth_1...
Run output will be captured here: C:/Users/C27Brandon.Sweitzer/workspace/ece383_wksp/lab2/lab2/lab2.runs/synth_1/runme.log
WARNING: [filemgmt 56-199] Attempt to get parsing info during refresh. "On-the-fly" syntax checking information may be incorrect. [C:\Users\C27Brandon.Sweitzer\workspace\ece383_wksp\lab2\lab2\lab2.srcs\sources_1\imports\Downloads\Lab02_cadet_code\lab2_code_for_cadets_2026\lab2.vhd:]
WARNING: [filemgmt 56-199] Attempt to get parsing info during refresh. "On-the-fly" syntax checking information may be incorrect. [C:\Users\C27Brandon.Sweitzer\workspace\ece383_wksp\lab2\lab2\lab2.srcs\sources_1\imports\Downloads\Lab02_cadet_code\lab2_code_for_cadets_2026\lab2_datapath.vhdl:]
WARNING: [filemgmt 56-199] Attempt to get parsing info during refresh. "On-the-fly" syntax checking information may be incorrect. [C:\Users\C27Brandon.Sweitzer\workspace\ece383_wksp\lab2\lab2\lab2.srcs\sources_1\imports\Downloads\Lab02_cadet_code\lab2_code_for_cadets_2026\lab2_fsm.vhdl:]
WARNING: [filemgmt 56-199] Attempt to get parsing info during refresh. "On-the-fly" syntax checking information may be incorrect. [C:\Users\C27Brandon.Sweitzer\workspace\ece383_wksp\lab2\lab2\lab2.srcs\sources_1\imports\Downloads\Lab02_cadet_code\lab2_code_for_cadets_2026\trigger_detector.vhd:]
WARNING: [filemgmt 56-199] Attempt to get parsing info during refresh. "On-the-fly" syntax checking information may be incorrect. [C:\Users\C27Brandon.Sweitzer\workspace\ece383_wksp\lab2\lab2\lab2.srcs\sources_1\imports\lab2_code_for_cadets_2026\ece383_pkg.vhd:]
WARNING: [filemgmt 56-199] Attempt to get parsing info during refresh. "On-the-fly" syntax checking information may be incorrect. [C:\Users\C27Brandon.Sweitzer\workspace\ece383_wksp\lab2\lab2\lab2.srcs\sources_1\imports\Downloads\Lab02_cadet_code\lab2_code_for_cadets_2026\lab2_fsm.vhdl:]
WARNING: [filemgmt 56-199] Attempt to get parsing info during refresh. "On-the-fly" syntax checking information may be incorrect. [C:\Users\C27Brandon.Sweitzer\workspace\ece383_wksp\lab2\lab2\lab2.srcs\sources_1\imports\Downloads\Lab02_cadet_code\lab2_code_for_cadets_2026\lab2_fsm.vhdl:]
WARNING: [filemgmt 56-199] Attempt to get parsing info during refresh. "On-the-fly" syntax checking information may be incorrect. [C:\Users\C27Brandon.Sweitzer\workspace\ece383_wksp\lab2\lab2\lab2.srcs\sources_1\imports\Downloads\Lab02_cadet_code\lab2_code_for_cadets_2026\lab2.vhd:]
WARNING: [filemgmt 56-199] Attempt to get parsing info during refresh. "On-the-fly" syntax checking information may be incorrect. [C:\Users\C27Brandon.Sweitzer\workspace\ece383_wksp\lab2\lab2\lab2.srcs\sources_1\imports\Downloads\Lab02_cadet_code\lab2_code_for_cadets_2026\lab2_datapath.vhdl:]
WARNING: [filemgmt 56-199] Attempt to get parsing info during refresh. "On-the-fly" syntax checking information may be incorrect. [C:\Users\C27Brandon.Sweitzer\workspace\ece383_wksp\lab2\lab2\lab2.srcs\sources_1\imports\Downloads\Lab02_cadet_code\lab2_code_for_cadets_2026\lab2_fsm.vhdl:]
WARNING: [filemgmt 56-199] Attempt to get parsing info during refresh. "On-the-fly" syntax checking information may be incorrect. [C:\Users\C27Brandon.Sweitzer\workspace\ece383_wksp\lab2\lab2\lab2.srcs\sources_1\imports\Downloads\Lab02_cadet_code\lab2_code_for_cadets_2026\trigger_detector.vhd:]
WARNING: [filemgmt 56-199] Attempt to get parsing info during refresh. "On-the-fly" syntax checking information may be incorrect. [C:\Users\C27Brandon.Sweitzer\workspace\ece383_wksp\lab2\lab2\lab2.srcs\sources_1\imports\lab2_code_for_cadets_2026\ece383_pkg.vhd:]
WARNING: [filemgmt 56-199] Attempt to get parsing info during refresh. "On-the-fly" syntax checking information may be incorrect. [C:\Users\C27Brandon.Sweitzer\workspace\ece383_wksp\lab2\lab2\lab2.srcs\sources_1\imports\lab2_code_for_cadets_2026\ece383_pkg.vhd:]
WARNING: [filemgmt 56-199] Attempt to get parsing info during refresh. "On-the-fly" syntax checking information may be incorrect. [C:\Users\C27Brandon.Sweitzer\workspace\ece383_wksp\lab2\lab2\lab2.srcs\sources_1\imports\lab2_code_for_cadets_2026\ece383_pkg.vhd:]
WARNING: [filemgmt 56-199] Attempt to get parsing info during refresh. "On-the-fly" syntax checking information may be incorrect. [C:\Users\C27Brandon.Sweitzer\workspace\ece383_wksp\lab2\lab2\lab2.srcs\sources_1\imports\Downloads\Lab02_cadet_code\lab2_code_for_cadets_2026\lab2.vhd:]
WARNING: [filemgmt 56-199] Attempt to get parsing info during refresh. "On-the-fly" syntax checking information may be incorrect. [C:\Users\C27Brandon.Sweitzer\workspace\ece383_wksp\lab2\lab2\lab2.srcs\sources_1\imports\Downloads\Lab02_cadet_code\lab2_code_for_cadets_2026\lab2_datapath.vhdl:]
WARNING: [filemgmt 56-199] Attempt to get parsing info during refresh. "On-the-fly" syntax checking information may be incorrect. [C:\Users\C27Brandon.Sweitzer\workspace\ece383_wksp\lab2\lab2\lab2.srcs\sources_1\imports\Downloads\Lab02_cadet_code\lab2_code_for_cadets_2026\lab2_fsm.vhdl:]
WARNING: [filemgmt 56-199] Attempt to get parsing info during refresh. "On-the-fly" syntax checking information may be incorrect. [C:\Users\C27Brandon.Sweitzer\workspace\ece383_wksp\lab2\lab2\lab2.srcs\sources_1\imports\Downloads\Lab02_cadet_code\lab2_code_for_cadets_2026\trigger_detector.vhd:]
WARNING: [filemgmt 56-199] Attempt to get parsing info during refresh. "On-the-fly" syntax checking information may be incorrect. [C:\Users\C27Brandon.Sweitzer\workspace\ece383_wksp\lab2\lab2\lab2.srcs\sources_1\imports\lab2_code_for_cadets_2026\ece383_pkg.vhd:]
WARNING: [filemgmt 56-199] Attempt to get parsing info during refresh. "On-the-fly" syntax checking information may be incorrect. [C:\Users\C27Brandon.Sweitzer\workspace\ece383_wksp\lab2\lab2\lab2.srcs\sources_1\imports\Downloads\Lab02_cadet_code\lab2_code_for_cadets_2026\lab2.vhd:]
WARNING: [filemgmt 56-199] Attempt to get parsing info during refresh. "On-the-fly" syntax checking information may be incorrect. [C:\Users\C27Brandon.Sweitzer\workspace\ece383_wksp\lab2\lab2\lab2.srcs\sources_1\imports\Downloads\Lab02_cadet_code\lab2_code_for_cadets_2026\lab2.vhd:]
WARNING: [filemgmt 56-199] Attempt to get parsing info during refresh. "On-the-fly" syntax checking information may be incorrect. [C:\Users\C27Brandon.Sweitzer\workspace\ece383_wksp\lab2\lab2\lab2.srcs\sources_1\imports\Downloads\Lab02_cadet_code\lab2_code_for_cadets_2026\lab2.vhd:]
WARNING: [filemgmt 56-199] Attempt to get parsing info during refresh. "On-the-fly" syntax checking information may be incorrect. [C:\Users\C27Brandon.Sweitzer\workspace\ece383_wksp\lab2\lab2\lab2.srcs\sources_1\imports\Downloads\Lab02_cadet_code\lab2_code_for_cadets_2026\lab2_datapath.vhdl:]
WARNING: [filemgmt 56-199] Attempt to get parsing info during refresh. "On-the-fly" syntax checking information may be incorrect. [C:\Users\C27Brandon.Sweitzer\workspace\ece383_wksp\lab2\lab2\lab2.srcs\sources_1\imports\Downloads\Lab02_cadet_code\lab2_code_for_cadets_2026\lab2_fsm.vhdl:]
WARNING: [filemgmt 56-199] Attempt to get parsing info during refresh. "On-the-fly" syntax checking information may be incorrect. [C:\Users\C27Brandon.Sweitzer\workspace\ece383_wksp\lab2\lab2\lab2.srcs\sources_1\imports\Downloads\Lab02_cadet_code\lab2_code_for_cadets_2026\trigger_detector.vhd:]
WARNING: [filemgmt 56-199] Attempt to get parsing info during refresh. "On-the-fly" syntax checking information may be incorrect. [C:\Users\C27Brandon.Sweitzer\workspace\ece383_wksp\lab2\lab2\lab2.srcs\sources_1\imports\lab2_code_for_cadets_2026\ece383_pkg.vhd:]
WARNING: [filemgmt 56-199] Attempt to get parsing info during refresh. "On-the-fly" syntax checking information may be incorrect. [C:\Users\C27Brandon.Sweitzer\workspace\ece383_wksp\lab2\lab2\lab2.srcs\sources_1\imports\Downloads\Lab02_cadet_code\lab2_code_for_cadets_2026\trigger_detector.vhd:]
WARNING: [filemgmt 56-199] Attempt to get parsing info during refresh. "On-the-fly" syntax checking information may be incorrect. [C:\Users\C27Brandon.Sweitzer\workspace\ece383_wksp\lab2\lab2\lab2.srcs\sources_1\imports\Downloads\Lab02_cadet_code\lab2_code_for_cadets_2026\trigger_detector.vhd:]
WARNING: [filemgmt 56-199] Attempt to get parsing info during refresh. "On-the-fly" syntax checking information may be incorrect. [C:\Users\C27Brandon.Sweitzer\workspace\ece383_wksp\lab2\lab2\lab2.srcs\sources_1\imports\Downloads\Lab02_cadet_code\lab2_code_for_cadets_2026\lab2.vhd:]
WARNING: [filemgmt 56-199] Attempt to get parsing info during refresh. "On-the-fly" syntax checking information may be incorrect. [C:\Users\C27Brandon.Sweitzer\workspace\ece383_wksp\lab2\lab2\lab2.srcs\sources_1\imports\Downloads\Lab02_cadet_code\lab2_code_for_cadets_2026\lab2_datapath.vhdl:]
WARNING: [filemgmt 56-199] Attempt to get parsing info during refresh. "On-the-fly" syntax checking information may be incorrect. [C:\Users\C27Brandon.Sweitzer\workspace\ece383_wksp\lab2\lab2\lab2.srcs\sources_1\imports\Downloads\Lab02_cadet_code\lab2_code_for_cadets_2026\lab2_fsm.vhdl:]
WARNING: [filemgmt 56-199] Attempt to get parsing info during refresh. "On-the-fly" syntax checking information may be incorrect. [C:\Users\C27Brandon.Sweitzer\workspace\ece383_wksp\lab2\lab2\lab2.srcs\sources_1\imports\Downloads\Lab02_cadet_code\lab2_code_for_cadets_2026\trigger_detector.vhd:]
WARNING: [filemgmt 56-199] Attempt to get parsing info during refresh. "On-the-fly" syntax checking information may be incorrect. [C:\Users\C27Brandon.Sweitzer\workspace\ece383_wksp\lab2\lab2\lab2.srcs\sources_1\imports\lab2_code_for_cadets_2026\ece383_pkg.vhd:]
WARNING: [filemgmt 56-199] Attempt to get parsing info during refresh. "On-the-fly" syntax checking information may be incorrect. [C:\Users\C27Brandon.Sweitzer\workspace\ece383_wksp\lab2\lab2\lab2.srcs\sources_1\imports\Downloads\Lab02_cadet_code\lab2_code_for_cadets_2026\lab2_fsm.vhdl:]
WARNING: [filemgmt 56-199] Attempt to get parsing info during refresh. "On-the-fly" syntax checking information may be incorrect. [C:\Users\C27Brandon.Sweitzer\workspace\ece383_wksp\lab2\lab2\lab2.srcs\sources_1\imports\Downloads\Lab02_cadet_code\lab2_code_for_cadets_2026\lab2_fsm.vhdl:]
WARNING: [filemgmt 56-199] Attempt to get parsing info during refresh. "On-the-fly" syntax checking information may be incorrect. [C:\Users\C27Brandon.Sweitzer\workspace\ece383_wksp\lab2\lab2\lab2.srcs\sources_1\imports\Downloads\Lab02_cadet_code\lab2_code_for_cadets_2026\lab2.vhd:]
WARNING: [filemgmt 56-199] Attempt to get parsing info during refresh. "On-the-fly" syntax checking information may be incorrect. [C:\Users\C27Brandon.Sweitzer\workspace\ece383_wksp\lab2\lab2\lab2.srcs\sources_1\imports\Downloads\Lab02_cadet_code\lab2_code_for_cadets_2026\lab2_datapath.vhdl:]
WARNING: [filemgmt 56-199] Attempt to get parsing info during refresh. "On-the-fly" syntax checking information may be incorrect. [C:\Users\C27Brandon.Sweitzer\workspace\ece383_wksp\lab2\lab2\lab2.srcs\sources_1\imports\Downloads\Lab02_cadet_code\lab2_code_for_cadets_2026\lab2_fsm.vhdl:]
WARNING: [filemgmt 56-199] Attempt to get parsing info during refresh. "On-the-fly" syntax checking information may be incorrect. [C:\Users\C27Brandon.Sweitzer\workspace\ece383_wksp\lab2\lab2\lab2.srcs\sources_1\imports\Downloads\Lab02_cadet_code\lab2_code_for_cadets_2026\trigger_detector.vhd:]
WARNING: [filemgmt 56-199] Attempt to get parsing info during refresh. "On-the-fly" syntax checking information may be incorrect. [C:\Users\C27Brandon.Sweitzer\workspace\ece383_wksp\lab2\lab2\lab2.srcs\sources_1\imports\lab2_code_for_cadets_2026\ece383_pkg.vhd:]
WARNING: [filemgmt 56-199] Attempt to get parsing info during refresh. "On-the-fly" syntax checking information may be incorrect. [C:\Users\C27Brandon.Sweitzer\workspace\ece383_wksp\lab2\lab2\lab2.srcs\sources_1\imports\lab2_code_for_cadets_2026\ece383_pkg.vhd:]
WARNING: [filemgmt 56-199] Attempt to get parsing info during refresh. "On-the-fly" syntax checking information may be incorrect. [C:\Users\C27Brandon.Sweitzer\workspace\ece383_wksp\lab2\lab2\lab2.srcs\sources_1\imports\lab2_code_for_cadets_2026\ece383_pkg.vhd:]
WARNING: [filemgmt 56-199] Attempt to get parsing info during refresh. "On-the-fly" syntax checking information may be incorrect. [C:\Users\C27Brandon.Sweitzer\workspace\ece383_wksp\lab2\lab2\lab2.srcs\sources_1\imports\Downloads\Lab02_cadet_code\lab2_code_for_cadets_2026\lab2.vhd:]
WARNING: [filemgmt 56-199] Attempt to get parsing info during refresh. "On-the-fly" syntax checking information may be incorrect. [C:\Users\C27Brandon.Sweitzer\workspace\ece383_wksp\lab2\lab2\lab2.srcs\sources_1\imports\Downloads\Lab02_cadet_code\lab2_code_for_cadets_2026\lab2_datapath.vhdl:]
WARNING: [filemgmt 56-199] Attempt to get parsing info during refresh. "On-the-fly" syntax checking information may be incorrect. [C:\Users\C27Brandon.Sweitzer\workspace\ece383_wksp\lab2\lab2\lab2.srcs\sources_1\imports\Downloads\Lab02_cadet_code\lab2_code_for_cadets_2026\lab2_fsm.vhdl:]
WARNING: [filemgmt 56-199] Attempt to get parsing info during refresh. "On-the-fly" syntax checking information may be incorrect. [C:\Users\C27Brandon.Sweitzer\workspace\ece383_wksp\lab2\lab2\lab2.srcs\sources_1\imports\Downloads\Lab02_cadet_code\lab2_code_for_cadets_2026\trigger_detector.vhd:]
WARNING: [filemgmt 56-199] Attempt to get parsing info during refresh. "On-the-fly" syntax checking information may be incorrect. [C:\Users\C27Brandon.Sweitzer\workspace\ece383_wksp\lab2\lab2\lab2.srcs\sources_1\imports\lab2_code_for_cadets_2026\ece383_pkg.vhd:]
WARNING: [filemgmt 56-199] Attempt to get parsing info during refresh. "On-the-fly" syntax checking information may be incorrect. [C:\Users\C27Brandon.Sweitzer\workspace\ece383_wksp\lab2\lab2\lab2.srcs\sources_1\imports\Downloads\Lab02_cadet_code\lab2_code_for_cadets_2026\lab2.vhd:]
WARNING: [filemgmt 56-199] Attempt to get parsing info during refresh. "On-the-fly" syntax checking information may be incorrect. [C:\Users\C27Brandon.Sweitzer\workspace\ece383_wksp\lab2\lab2\lab2.srcs\sources_1\imports\Downloads\Lab02_cadet_code\lab2_code_for_cadets_2026\lab2.vhd:]
WARNING: [filemgmt 56-199] Attempt to get parsing info during refresh. "On-the-fly" syntax checking information may be incorrect. [C:\Users\C27Brandon.Sweitzer\workspace\ece383_wksp\lab2\lab2\lab2.srcs\sources_1\imports\Downloads\Lab02_cadet_code\lab2_code_for_cadets_2026\lab2.vhd:]
WARNING: [filemgmt 56-199] Attempt to get parsing info during refresh. "On-the-fly" syntax checking information may be incorrect. [C:\Users\C27Brandon.Sweitzer\workspace\ece383_wksp\lab2\lab2\lab2.srcs\sources_1\imports\Downloads\Lab02_cadet_code\lab2_code_for_cadets_2026\lab2_datapath.vhdl:]
WARNING: [filemgmt 56-199] Attempt to get parsing info during refresh. "On-the-fly" syntax checking information may be incorrect. [C:\Users\C27Brandon.Sweitzer\workspace\ece383_wksp\lab2\lab2\lab2.srcs\sources_1\imports\Downloads\Lab02_cadet_code\lab2_code_for_cadets_2026\lab2_fsm.vhdl:]
WARNING: [filemgmt 56-199] Attempt to get parsing info during refresh. "On-the-fly" syntax checking information may be incorrect. [C:\Users\C27Brandon.Sweitzer\workspace\ece383_wksp\lab2\lab2\lab2.srcs\sources_1\imports\Downloads\Lab02_cadet_code\lab2_code_for_cadets_2026\trigger_detector.vhd:]
WARNING: [filemgmt 56-199] Attempt to get parsing info during refresh. "On-the-fly" syntax checking information may be incorrect. [C:\Users\C27Brandon.Sweitzer\workspace\ece383_wksp\lab2\lab2\lab2.srcs\sources_1\imports\lab2_code_for_cadets_2026\ece383_pkg.vhd:]
WARNING: [filemgmt 56-199] Attempt to get parsing info during refresh. "On-the-fly" syntax checking information may be incorrect. [C:\Users\C27Brandon.Sweitzer\workspace\ece383_wksp\lab2\lab2\lab2.srcs\sources_1\imports\Downloads\Lab02_cadet_code\lab2_code_for_cadets_2026\trigger_detector.vhd:]
WARNING: [filemgmt 56-199] Attempt to get parsing info during refresh. "On-the-fly" syntax checking information may be incorrect. [C:\Users\C27Brandon.Sweitzer\workspace\ece383_wksp\lab2\lab2\lab2.srcs\sources_1\imports\Downloads\Lab02_cadet_code\lab2_code_for_cadets_2026\trigger_detector.vhd:]
reset_run synth_1
launch_runs synth_1 -jobs 8
WARNING: [filemgmt 20-1318] Duplicate Design Unit 'TDMS_encoder(Behavioral)' found in library 'xil_defaultlib'
	(Active) Duplicate found at line 22 of file C:/Users/C27Brandon.Sweitzer/workspace/ece383_wksp/lab2/lab2/lab2.srcs/sources_1/imports/Downloads/Lab02_cadet_code/lab2_code_for_cadets_2026/tdms.vhdl
Duplicate found in file C:/Users/C27Brandon.Sweitzer/workspace/ece383_wksp/lab2/lab2/lab2.srcs/sources_1/imports/imports/Lab1_Cadet_Code_2026/tdms.vhdl
[Wed Mar  4 23:42:11 2026] Launched synth_1...
Run output will be captured here: C:/Users/C27Brandon.Sweitzer/workspace/ece383_wksp/lab2/lab2/lab2.runs/synth_1/runme.log
reset_run synth_1
WARNING: [Vivado 12-1017] Problems encountered:
1. Failed to delete one or more files in run directory C:/Users/C27Brandon.Sweitzer/workspace/ece383_wksp/lab2/lab2/lab2.runs/synth_1

WARNING: [filemgmt 56-199] Attempt to get parsing info during refresh. "On-the-fly" syntax checking information may be incorrect. [C:\Users\C27Brandon.Sweitzer\workspace\ece383_wksp\lab2\lab2\lab2.srcs\sources_1\imports\Downloads\Lab02_cadet_code\lab2_code_for_cadets_2026\lab2.vhd:]
WARNING: [filemgmt 56-199] Attempt to get parsing info during refresh. "On-the-fly" syntax checking information may be incorrect. [C:\Users\C27Brandon.Sweitzer\workspace\ece383_wksp\lab2\lab2\lab2.srcs\sources_1\imports\Downloads\Lab02_cadet_code\lab2_code_for_cadets_2026\lab2_datapath.vhdl:]
WARNING: [filemgmt 56-199] Attempt to get parsing info during refresh. "On-the-fly" syntax checking information may be incorrect. [C:\Users\C27Brandon.Sweitzer\workspace\ece383_wksp\lab2\lab2\lab2.srcs\sources_1\imports\Downloads\Lab02_cadet_code\lab2_code_for_cadets_2026\lab2_fsm.vhdl:]
WARNING: [filemgmt 56-199] Attempt to get parsing info during refresh. "On-the-fly" syntax checking information may be incorrect. [C:\Users\C27Brandon.Sweitzer\workspace\ece383_wksp\lab2\lab2\lab2.srcs\sources_1\imports\Downloads\Lab02_cadet_code\lab2_code_for_cadets_2026\trigger_detector.vhd:]
WARNING: [filemgmt 56-199] Attempt to get parsing info during refresh. "On-the-fly" syntax checking information may be incorrect. [C:\Users\C27Brandon.Sweitzer\workspace\ece383_wksp\lab2\lab2\lab2.srcs\sources_1\imports\lab2_code_for_cadets_2026\ece383_pkg.vhd:]
WARNING: [filemgmt 56-199] Attempt to get parsing info during refresh. "On-the-fly" syntax checking information may be incorrect. [C:\Users\C27Brandon.Sweitzer\workspace\ece383_wksp\lab2\lab2\lab2.srcs\sources_1\imports\Downloads\Lab02_cadet_code\lab2_code_for_cadets_2026\lab2_fsm.vhdl:]
WARNING: [filemgmt 56-199] Attempt to get parsing info during refresh. "On-the-fly" syntax checking information may be incorrect. [C:\Users\C27Brandon.Sweitzer\workspace\ece383_wksp\lab2\lab2\lab2.srcs\sources_1\imports\Downloads\Lab02_cadet_code\lab2_code_for_cadets_2026\lab2_fsm.vhdl:]
WARNING: [filemgmt 56-199] Attempt to get parsing info during refresh. "On-the-fly" syntax checking information may be incorrect. [C:\Users\C27Brandon.Sweitzer\workspace\ece383_wksp\lab2\lab2\lab2.srcs\sources_1\imports\Downloads\Lab02_cadet_code\lab2_code_for_cadets_2026\lab2.vhd:]
WARNING: [filemgmt 56-199] Attempt to get parsing info during refresh. "On-the-fly" syntax checking information may be incorrect. [C:\Users\C27Brandon.Sweitzer\workspace\ece383_wksp\lab2\lab2\lab2.srcs\sources_1\imports\Downloads\Lab02_cadet_code\lab2_code_for_cadets_2026\lab2_datapath.vhdl:]
WARNING: [filemgmt 56-199] Attempt to get parsing info during refresh. "On-the-fly" syntax checking information may be incorrect. [C:\Users\C27Brandon.Sweitzer\workspace\ece383_wksp\lab2\lab2\lab2.srcs\sources_1\imports\Downloads\Lab02_cadet_code\lab2_code_for_cadets_2026\lab2_fsm.vhdl:]
WARNING: [filemgmt 56-199] Attempt to get parsing info during refresh. "On-the-fly" syntax checking information may be incorrect. [C:\Users\C27Brandon.Sweitzer\workspace\ece383_wksp\lab2\lab2\lab2.srcs\sources_1\imports\Downloads\Lab02_cadet_code\lab2_code_for_cadets_2026\trigger_detector.vhd:]
WARNING: [filemgmt 56-199] Attempt to get parsing info during refresh. "On-the-fly" syntax checking information may be incorrect. [C:\Users\C27Brandon.Sweitzer\workspace\ece383_wksp\lab2\lab2\lab2.srcs\sources_1\imports\lab2_code_for_cadets_2026\ece383_pkg.vhd:]
WARNING: [filemgmt 56-199] Attempt to get parsing info during refresh. "On-the-fly" syntax checking information may be incorrect. [C:\Users\C27Brandon.Sweitzer\workspace\ece383_wksp\lab2\lab2\lab2.srcs\sources_1\imports\lab2_code_for_cadets_2026\ece383_pkg.vhd:]
WARNING: [filemgmt 56-199] Attempt to get parsing info during refresh. "On-the-fly" syntax checking information may be incorrect. [C:\Users\C27Brandon.Sweitzer\workspace\ece383_wksp\lab2\lab2\lab2.srcs\sources_1\imports\lab2_code_for_cadets_2026\ece383_pkg.vhd:]
WARNING: [filemgmt 56-199] Attempt to get parsing info during refresh. "On-the-fly" syntax checking information may be incorrect. [C:\Users\C27Brandon.Sweitzer\workspace\ece383_wksp\lab2\lab2\lab2.srcs\sources_1\imports\Downloads\Lab02_cadet_code\lab2_code_for_cadets_2026\lab2.vhd:]
WARNING: [filemgmt 56-199] Attempt to get parsing info during refresh. "On-the-fly" syntax checking information may be incorrect. [C:\Users\C27Brandon.Sweitzer\workspace\ece383_wksp\lab2\lab2\lab2.srcs\sources_1\imports\Downloads\Lab02_cadet_code\lab2_code_for_cadets_2026\lab2_datapath.vhdl:]
WARNING: [filemgmt 56-199] Attempt to get parsing info during refresh. "On-the-fly" syntax checking information may be incorrect. [C:\Users\C27Brandon.Sweitzer\workspace\ece383_wksp\lab2\lab2\lab2.srcs\sources_1\imports\Downloads\Lab02_cadet_code\lab2_code_for_cadets_2026\lab2_fsm.vhdl:]
WARNING: [filemgmt 56-199] Attempt to get parsing info during refresh. "On-the-fly" syntax checking information may be incorrect. [C:\Users\C27Brandon.Sweitzer\workspace\ece383_wksp\lab2\lab2\lab2.srcs\sources_1\imports\Downloads\Lab02_cadet_code\lab2_code_for_cadets_2026\trigger_detector.vhd:]
WARNING: [filemgmt 56-199] Attempt to get parsing info during refresh. "On-the-fly" syntax checking information may be incorrect. [C:\Users\C27Brandon.Sweitzer\workspace\ece383_wksp\lab2\lab2\lab2.srcs\sources_1\imports\lab2_code_for_cadets_2026\ece383_pkg.vhd:]
WARNING: [filemgmt 56-199] Attempt to get parsing info during refresh. "On-the-fly" syntax checking information may be incorrect. [C:\Users\C27Brandon.Sweitzer\workspace\ece383_wksp\lab2\lab2\lab2.srcs\sources_1\imports\Downloads\Lab02_cadet_code\lab2_code_for_cadets_2026\lab2.vhd:]
WARNING: [filemgmt 56-199] Attempt to get parsing info during refresh. "On-the-fly" syntax checking information may be incorrect. [C:\Users\C27Brandon.Sweitzer\workspace\ece383_wksp\lab2\lab2\lab2.srcs\sources_1\imports\Downloads\Lab02_cadet_code\lab2_code_for_cadets_2026\lab2.vhd:]
WARNING: [filemgmt 56-199] Attempt to get parsing info during refresh. "On-the-fly" syntax checking information may be incorrect. [C:\Users\C27Brandon.Sweitzer\workspace\ece383_wksp\lab2\lab2\lab2.srcs\sources_1\imports\Downloads\Lab02_cadet_code\lab2_code_for_cadets_2026\lab2.vhd:]
WARNING: [filemgmt 56-199] Attempt to get parsing info during refresh. "On-the-fly" syntax checking information may be incorrect. [C:\Users\C27Brandon.Sweitzer\workspace\ece383_wksp\lab2\lab2\lab2.srcs\sources_1\imports\Downloads\Lab02_cadet_code\lab2_code_for_cadets_2026\lab2_datapath.vhdl:]
WARNING: [filemgmt 56-199] Attempt to get parsing info during refresh. "On-the-fly" syntax checking information may be incorrect. [C:\Users\C27Brandon.Sweitzer\workspace\ece383_wksp\lab2\lab2\lab2.srcs\sources_1\imports\Downloads\Lab02_cadet_code\lab2_code_for_cadets_2026\lab2_fsm.vhdl:]
WARNING: [filemgmt 56-199] Attempt to get parsing info during refresh. "On-the-fly" syntax checking information may be incorrect. [C:\Users\C27Brandon.Sweitzer\workspace\ece383_wksp\lab2\lab2\lab2.srcs\sources_1\imports\Downloads\Lab02_cadet_code\lab2_code_for_cadets_2026\trigger_detector.vhd:]
WARNING: [filemgmt 56-199] Attempt to get parsing info during refresh. "On-the-fly" syntax checking information may be incorrect. [C:\Users\C27Brandon.Sweitzer\workspace\ece383_wksp\lab2\lab2\lab2.srcs\sources_1\imports\lab2_code_for_cadets_2026\ece383_pkg.vhd:]
WARNING: [filemgmt 56-199] Attempt to get parsing info during refresh. "On-the-fly" syntax checking information may be incorrect. [C:\Users\C27Brandon.Sweitzer\workspace\ece383_wksp\lab2\lab2\lab2.srcs\sources_1\imports\Downloads\Lab02_cadet_code\lab2_code_for_cadets_2026\trigger_detector.vhd:]
WARNING: [filemgmt 56-199] Attempt to get parsing info during refresh. "On-the-fly" syntax checking information may be incorrect. [C:\Users\C27Brandon.Sweitzer\workspace\ece383_wksp\lab2\lab2\lab2.srcs\sources_1\imports\Downloads\Lab02_cadet_code\lab2_code_for_cadets_2026\trigger_detector.vhd:]
launch_runs synth_1 -jobs 8
WARNING: [filemgmt 20-1318] Duplicate Design Unit 'TDMS_encoder(Behavioral)' found in library 'xil_defaultlib'
	(Active) Duplicate found at line 22 of file C:/Users/C27Brandon.Sweitzer/workspace/ece383_wksp/lab2/lab2/lab2.srcs/sources_1/imports/Downloads/Lab02_cadet_code/lab2_code_for_cadets_2026/tdms.vhdl
Duplicate found in file C:/Users/C27Brandon.Sweitzer/workspace/ece383_wksp/lab2/lab2/lab2.srcs/sources_1/imports/imports/Lab1_Cadet_Code_2026/tdms.vhdl
[Wed Mar  4 23:42:54 2026] Launched synth_1...
Run output will be captured here: C:/Users/C27Brandon.Sweitzer/workspace/ece383_wksp/lab2/lab2/lab2.runs/synth_1/runme.log
WARNING: [filemgmt 56-199] Attempt to get parsing info during refresh. "On-the-fly" syntax checking information may be incorrect. [C:\Users\C27Brandon.Sweitzer\workspace\ece383_wksp\lab2\lab2\lab2.srcs\sources_1\imports\Downloads\Lab02_cadet_code\lab2_code_for_cadets_2026\lab2.vhd:]
WARNING: [filemgmt 56-199] Attempt to get parsing info during refresh. "On-the-fly" syntax checking information may be incorrect. [C:\Users\C27Brandon.Sweitzer\workspace\ece383_wksp\lab2\lab2\lab2.srcs\sources_1\imports\Downloads\Lab02_cadet_code\lab2_code_for_cadets_2026\lab2_datapath.vhdl:]
WARNING: [filemgmt 56-199] Attempt to get parsing info during refresh. "On-the-fly" syntax checking information may be incorrect. [C:\Users\C27Brandon.Sweitzer\workspace\ece383_wksp\lab2\lab2\lab2.srcs\sources_1\imports\Downloads\Lab02_cadet_code\lab2_code_for_cadets_2026\lab2_fsm.vhdl:]
WARNING: [filemgmt 56-199] Attempt to get parsing info during refresh. "On-the-fly" syntax checking information may be incorrect. [C:\Users\C27Brandon.Sweitzer\workspace\ece383_wksp\lab2\lab2\lab2.srcs\sources_1\imports\Downloads\Lab02_cadet_code\lab2_code_for_cadets_2026\trigger_detector.vhd:]
WARNING: [filemgmt 56-199] Attempt to get parsing info during refresh. "On-the-fly" syntax checking information may be incorrect. [C:\Users\C27Brandon.Sweitzer\workspace\ece383_wksp\lab2\lab2\lab2.srcs\sources_1\imports\lab2_code_for_cadets_2026\ece383_pkg.vhd:]
WARNING: [filemgmt 56-199] Attempt to get parsing info during refresh. "On-the-fly" syntax checking information may be incorrect. [C:\Users\C27Brandon.Sweitzer\workspace\ece383_wksp\lab2\lab2\lab2.srcs\sources_1\imports\Downloads\Lab02_cadet_code\lab2_code_for_cadets_2026\lab2_fsm.vhdl:]
WARNING: [filemgmt 56-199] Attempt to get parsing info during refresh. "On-the-fly" syntax checking information may be incorrect. [C:\Users\C27Brandon.Sweitzer\workspace\ece383_wksp\lab2\lab2\lab2.srcs\sources_1\imports\Downloads\Lab02_cadet_code\lab2_code_for_cadets_2026\lab2_fsm.vhdl:]
WARNING: [filemgmt 56-199] Attempt to get parsing info during refresh. "On-the-fly" syntax checking information may be incorrect. [C:\Users\C27Brandon.Sweitzer\workspace\ece383_wksp\lab2\lab2\lab2.srcs\sources_1\imports\Downloads\Lab02_cadet_code\lab2_code_for_cadets_2026\lab2.vhd:]
WARNING: [filemgmt 56-199] Attempt to get parsing info during refresh. "On-the-fly" syntax checking information may be incorrect. [C:\Users\C27Brandon.Sweitzer\workspace\ece383_wksp\lab2\lab2\lab2.srcs\sources_1\imports\Downloads\Lab02_cadet_code\lab2_code_for_cadets_2026\lab2_datapath.vhdl:]
WARNING: [filemgmt 56-199] Attempt to get parsing info during refresh. "On-the-fly" syntax checking information may be incorrect. [C:\Users\C27Brandon.Sweitzer\workspace\ece383_wksp\lab2\lab2\lab2.srcs\sources_1\imports\Downloads\Lab02_cadet_code\lab2_code_for_cadets_2026\lab2_fsm.vhdl:]
WARNING: [filemgmt 56-199] Attempt to get parsing info during refresh. "On-the-fly" syntax checking information may be incorrect. [C:\Users\C27Brandon.Sweitzer\workspace\ece383_wksp\lab2\lab2\lab2.srcs\sources_1\imports\Downloads\Lab02_cadet_code\lab2_code_for_cadets_2026\trigger_detector.vhd:]
WARNING: [filemgmt 56-199] Attempt to get parsing info during refresh. "On-the-fly" syntax checking information may be incorrect. [C:\Users\C27Brandon.Sweitzer\workspace\ece383_wksp\lab2\lab2\lab2.srcs\sources_1\imports\lab2_code_for_cadets_2026\ece383_pkg.vhd:]
WARNING: [filemgmt 56-199] Attempt to get parsing info during refresh. "On-the-fly" syntax checking information may be incorrect. [C:\Users\C27Brandon.Sweitzer\workspace\ece383_wksp\lab2\lab2\lab2.srcs\sources_1\imports\lab2_code_for_cadets_2026\ece383_pkg.vhd:]
WARNING: [filemgmt 56-199] Attempt to get parsing info during refresh. "On-the-fly" syntax checking information may be incorrect. [C:\Users\C27Brandon.Sweitzer\workspace\ece383_wksp\lab2\lab2\lab2.srcs\sources_1\imports\lab2_code_for_cadets_2026\ece383_pkg.vhd:]
WARNING: [filemgmt 56-199] Attempt to get parsing info during refresh. "On-the-fly" syntax checking information may be incorrect. [C:\Users\C27Brandon.Sweitzer\workspace\ece383_wksp\lab2\lab2\lab2.srcs\sources_1\imports\Downloads\Lab02_cadet_code\lab2_code_for_cadets_2026\lab2.vhd:]
WARNING: [filemgmt 56-199] Attempt to get parsing info during refresh. "On-the-fly" syntax checking information may be incorrect. [C:\Users\C27Brandon.Sweitzer\workspace\ece383_wksp\lab2\lab2\lab2.srcs\sources_1\imports\Downloads\Lab02_cadet_code\lab2_code_for_cadets_2026\lab2_datapath.vhdl:]
WARNING: [filemgmt 56-199] Attempt to get parsing info during refresh. "On-the-fly" syntax checking information may be incorrect. [C:\Users\C27Brandon.Sweitzer\workspace\ece383_wksp\lab2\lab2\lab2.srcs\sources_1\imports\Downloads\Lab02_cadet_code\lab2_code_for_cadets_2026\lab2_fsm.vhdl:]
WARNING: [filemgmt 56-199] Attempt to get parsing info during refresh. "On-the-fly" syntax checking information may be incorrect. [C:\Users\C27Brandon.Sweitzer\workspace\ece383_wksp\lab2\lab2\lab2.srcs\sources_1\imports\Downloads\Lab02_cadet_code\lab2_code_for_cadets_2026\trigger_detector.vhd:]
WARNING: [filemgmt 56-199] Attempt to get parsing info during refresh. "On-the-fly" syntax checking information may be incorrect. [C:\Users\C27Brandon.Sweitzer\workspace\ece383_wksp\lab2\lab2\lab2.srcs\sources_1\imports\lab2_code_for_cadets_2026\ece383_pkg.vhd:]
WARNING: [filemgmt 56-199] Attempt to get parsing info during refresh. "On-the-fly" syntax checking information may be incorrect. [C:\Users\C27Brandon.Sweitzer\workspace\ece383_wksp\lab2\lab2\lab2.srcs\sources_1\imports\Downloads\Lab02_cadet_code\lab2_code_for_cadets_2026\lab2.vhd:]
WARNING: [filemgmt 56-199] Attempt to get parsing info during refresh. "On-the-fly" syntax checking information may be incorrect. [C:\Users\C27Brandon.Sweitzer\workspace\ece383_wksp\lab2\lab2\lab2.srcs\sources_1\imports\Downloads\Lab02_cadet_code\lab2_code_for_cadets_2026\lab2.vhd:]
WARNING: [filemgmt 56-199] Attempt to get parsing info during refresh. "On-the-fly" syntax checking information may be incorrect. [C:\Users\C27Brandon.Sweitzer\workspace\ece383_wksp\lab2\lab2\lab2.srcs\sources_1\imports\Downloads\Lab02_cadet_code\lab2_code_for_cadets_2026\lab2.vhd:]
WARNING: [filemgmt 56-199] Attempt to get parsing info during refresh. "On-the-fly" syntax checking information may be incorrect. [C:\Users\C27Brandon.Sweitzer\workspace\ece383_wksp\lab2\lab2\lab2.srcs\sources_1\imports\Downloads\Lab02_cadet_code\lab2_code_for_cadets_2026\lab2_datapath.vhdl:]
WARNING: [filemgmt 56-199] Attempt to get parsing info during refresh. "On-the-fly" syntax checking information may be incorrect. [C:\Users\C27Brandon.Sweitzer\workspace\ece383_wksp\lab2\lab2\lab2.srcs\sources_1\imports\Downloads\Lab02_cadet_code\lab2_code_for_cadets_2026\lab2_fsm.vhdl:]
WARNING: [filemgmt 56-199] Attempt to get parsing info during refresh. "On-the-fly" syntax checking information may be incorrect. [C:\Users\C27Brandon.Sweitzer\workspace\ece383_wksp\lab2\lab2\lab2.srcs\sources_1\imports\Downloads\Lab02_cadet_code\lab2_code_for_cadets_2026\trigger_detector.vhd:]
WARNING: [filemgmt 56-199] Attempt to get parsing info during refresh. "On-the-fly" syntax checking information may be incorrect. [C:\Users\C27Brandon.Sweitzer\workspace\ece383_wksp\lab2\lab2\lab2.srcs\sources_1\imports\lab2_code_for_cadets_2026\ece383_pkg.vhd:]
WARNING: [filemgmt 56-199] Attempt to get parsing info during refresh. "On-the-fly" syntax checking information may be incorrect. [C:\Users\C27Brandon.Sweitzer\workspace\ece383_wksp\lab2\lab2\lab2.srcs\sources_1\imports\Downloads\Lab02_cadet_code\lab2_code_for_cadets_2026\trigger_detector.vhd:]
WARNING: [filemgmt 56-199] Attempt to get parsing info during refresh. "On-the-fly" syntax checking information may be incorrect. [C:\Users\C27Brandon.Sweitzer\workspace\ece383_wksp\lab2\lab2\lab2.srcs\sources_1\imports\Downloads\Lab02_cadet_code\lab2_code_for_cadets_2026\trigger_detector.vhd:]
WARNING: [filemgmt 56-199] Attempt to get parsing info during refresh. "On-the-fly" syntax checking information may be incorrect. [C:\Users\C27Brandon.Sweitzer\workspace\ece383_wksp\lab2\lab2\lab2.srcs\sources_1\imports\Downloads\Lab02_cadet_code\lab2_code_for_cadets_2026\lab2.vhd:]
WARNING: [filemgmt 56-199] Attempt to get parsing info during refresh. "On-the-fly" syntax checking information may be incorrect. [C:\Users\C27Brandon.Sweitzer\workspace\ece383_wksp\lab2\lab2\lab2.srcs\sources_1\imports\Downloads\Lab02_cadet_code\lab2_code_for_cadets_2026\lab2_datapath.vhdl:]
WARNING: [filemgmt 56-199] Attempt to get parsing info during refresh. "On-the-fly" syntax checking information may be incorrect. [C:\Users\C27Brandon.Sweitzer\workspace\ece383_wksp\lab2\lab2\lab2.srcs\sources_1\imports\Downloads\Lab02_cadet_code\lab2_code_for_cadets_2026\lab2_fsm.vhdl:]
WARNING: [filemgmt 56-199] Attempt to get parsing info during refresh. "On-the-fly" syntax checking information may be incorrect. [C:\Users\C27Brandon.Sweitzer\workspace\ece383_wksp\lab2\lab2\lab2.srcs\sources_1\imports\Downloads\Lab02_cadet_code\lab2_code_for_cadets_2026\trigger_detector.vhd:]
WARNING: [filemgmt 56-199] Attempt to get parsing info during refresh. "On-the-fly" syntax checking information may be incorrect. [C:\Users\C27Brandon.Sweitzer\workspace\ece383_wksp\lab2\lab2\lab2.srcs\sources_1\imports\lab2_code_for_cadets_2026\ece383_pkg.vhd:]
WARNING: [filemgmt 56-199] Attempt to get parsing info during refresh. "On-the-fly" syntax checking information may be incorrect. [C:\Users\C27Brandon.Sweitzer\workspace\ece383_wksp\lab2\lab2\lab2.srcs\sources_1\imports\Downloads\Lab02_cadet_code\lab2_code_for_cadets_2026\lab2_fsm.vhdl:]
WARNING: [filemgmt 56-199] Attempt to get parsing info during refresh. "On-the-fly" syntax checking information may be incorrect. [C:\Users\C27Brandon.Sweitzer\workspace\ece383_wksp\lab2\lab2\lab2.srcs\sources_1\imports\Downloads\Lab02_cadet_code\lab2_code_for_cadets_2026\lab2_fsm.vhdl:]
WARNING: [filemgmt 56-199] Attempt to get parsing info during refresh. "On-the-fly" syntax checking information may be incorrect. [C:\Users\C27Brandon.Sweitzer\workspace\ece383_wksp\lab2\lab2\lab2.srcs\sources_1\imports\Downloads\Lab02_cadet_code\lab2_code_for_cadets_2026\lab2.vhd:]
WARNING: [filemgmt 56-199] Attempt to get parsing info during refresh. "On-the-fly" syntax checking information may be incorrect. [C:\Users\C27Brandon.Sweitzer\workspace\ece383_wksp\lab2\lab2\lab2.srcs\sources_1\imports\Downloads\Lab02_cadet_code\lab2_code_for_cadets_2026\lab2_datapath.vhdl:]
WARNING: [filemgmt 56-199] Attempt to get parsing info during refresh. "On-the-fly" syntax checking information may be incorrect. [C:\Users\C27Brandon.Sweitzer\workspace\ece383_wksp\lab2\lab2\lab2.srcs\sources_1\imports\Downloads\Lab02_cadet_code\lab2_code_for_cadets_2026\lab2_fsm.vhdl:]
WARNING: [filemgmt 56-199] Attempt to get parsing info during refresh. "On-the-fly" syntax checking information may be incorrect. [C:\Users\C27Brandon.Sweitzer\workspace\ece383_wksp\lab2\lab2\lab2.srcs\sources_1\imports\Downloads\Lab02_cadet_code\lab2_code_for_cadets_2026\trigger_detector.vhd:]
WARNING: [filemgmt 56-199] Attempt to get parsing info during refresh. "On-the-fly" syntax checking information may be incorrect. [C:\Users\C27Brandon.Sweitzer\workspace\ece383_wksp\lab2\lab2\lab2.srcs\sources_1\imports\lab2_code_for_cadets_2026\ece383_pkg.vhd:]
WARNING: [filemgmt 56-199] Attempt to get parsing info during refresh. "On-the-fly" syntax checking information may be incorrect. [C:\Users\C27Brandon.Sweitzer\workspace\ece383_wksp\lab2\lab2\lab2.srcs\sources_1\imports\lab2_code_for_cadets_2026\ece383_pkg.vhd:]
WARNING: [filemgmt 56-199] Attempt to get parsing info during refresh. "On-the-fly" syntax checking information may be incorrect. [C:\Users\C27Brandon.Sweitzer\workspace\ece383_wksp\lab2\lab2\lab2.srcs\sources_1\imports\lab2_code_for_cadets_2026\ece383_pkg.vhd:]
WARNING: [filemgmt 56-199] Attempt to get parsing info during refresh. "On-the-fly" syntax checking information may be incorrect. [C:\Users\C27Brandon.Sweitzer\workspace\ece383_wksp\lab2\lab2\lab2.srcs\sources_1\imports\Downloads\Lab02_cadet_code\lab2_code_for_cadets_2026\lab2.vhd:]
WARNING: [filemgmt 56-199] Attempt to get parsing info during refresh. "On-the-fly" syntax checking information may be incorrect. [C:\Users\C27Brandon.Sweitzer\workspace\ece383_wksp\lab2\lab2\lab2.srcs\sources_1\imports\Downloads\Lab02_cadet_code\lab2_code_for_cadets_2026\lab2_datapath.vhdl:]
WARNING: [filemgmt 56-199] Attempt to get parsing info during refresh. "On-the-fly" syntax checking information may be incorrect. [C:\Users\C27Brandon.Sweitzer\workspace\ece383_wksp\lab2\lab2\lab2.srcs\sources_1\imports\Downloads\Lab02_cadet_code\lab2_code_for_cadets_2026\lab2_fsm.vhdl:]
WARNING: [filemgmt 56-199] Attempt to get parsing info during refresh. "On-the-fly" syntax checking information may be incorrect. [C:\Users\C27Brandon.Sweitzer\workspace\ece383_wksp\lab2\lab2\lab2.srcs\sources_1\imports\Downloads\Lab02_cadet_code\lab2_code_for_cadets_2026\trigger_detector.vhd:]
WARNING: [filemgmt 56-199] Attempt to get parsing info during refresh. "On-the-fly" syntax checking information may be incorrect. [C:\Users\C27Brandon.Sweitzer\workspace\ece383_wksp\lab2\lab2\lab2.srcs\sources_1\imports\lab2_code_for_cadets_2026\ece383_pkg.vhd:]
WARNING: [filemgmt 56-199] Attempt to get parsing info during refresh. "On-the-fly" syntax checking information may be incorrect. [C:\Users\C27Brandon.Sweitzer\workspace\ece383_wksp\lab2\lab2\lab2.srcs\sources_1\imports\Downloads\Lab02_cadet_code\lab2_code_for_cadets_2026\trigger_detector.vhd:]
WARNING: [filemgmt 56-199] Attempt to get parsing info during refresh. "On-the-fly" syntax checking information may be incorrect. [C:\Users\C27Brandon.Sweitzer\workspace\ece383_wksp\lab2\lab2\lab2.srcs\sources_1\imports\Downloads\Lab02_cadet_code\lab2_code_for_cadets_2026\trigger_detector.vhd:]
WARNING: [filemgmt 56-199] Attempt to get parsing info during refresh. "On-the-fly" syntax checking information may be incorrect. [C:\Users\C27Brandon.Sweitzer\workspace\ece383_wksp\lab2\lab2\lab2.srcs\sources_1\imports\Downloads\Lab02_cadet_code\lab2_code_for_cadets_2026\lab2.vhd:]
WARNING: [filemgmt 56-199] Attempt to get parsing info during refresh. "On-the-fly" syntax checking information may be incorrect. [C:\Users\C27Brandon.Sweitzer\workspace\ece383_wksp\lab2\lab2\lab2.srcs\sources_1\imports\Downloads\Lab02_cadet_code\lab2_code_for_cadets_2026\lab2_datapath.vhdl:]
WARNING: [filemgmt 56-199] Attempt to get parsing info during refresh. "On-the-fly" syntax checking information may be incorrect. [C:\Users\C27Brandon.Sweitzer\workspace\ece383_wksp\lab2\lab2\lab2.srcs\sources_1\imports\Downloads\Lab02_cadet_code\lab2_code_for_cadets_2026\lab2_fsm.vhdl:]
WARNING: [filemgmt 56-199] Attempt to get parsing info during refresh. "On-the-fly" syntax checking information may be incorrect. [C:\Users\C27Brandon.Sweitzer\workspace\ece383_wksp\lab2\lab2\lab2.srcs\sources_1\imports\Downloads\Lab02_cadet_code\lab2_code_for_cadets_2026\trigger_detector.vhd:]
WARNING: [filemgmt 56-199] Attempt to get parsing info during refresh. "On-the-fly" syntax checking information may be incorrect. [C:\Users\C27Brandon.Sweitzer\workspace\ece383_wksp\lab2\lab2\lab2.srcs\sources_1\imports\lab2_code_for_cadets_2026\ece383_pkg.vhd:]
WARNING: [filemgmt 56-199] Attempt to get parsing info during refresh. "On-the-fly" syntax checking information may be incorrect. [C:\Users\C27Brandon.Sweitzer\workspace\ece383_wksp\lab2\lab2\lab2.srcs\sources_1\imports\Downloads\Lab02_cadet_code\lab2_code_for_cadets_2026\lab2_datapath.vhdl:]
WARNING: [filemgmt 56-199] Attempt to get parsing info during refresh. "On-the-fly" syntax checking information may be incorrect. [C:\Users\C27Brandon.Sweitzer\workspace\ece383_wksp\lab2\lab2\lab2.srcs\sources_1\imports\Downloads\Lab02_cadet_code\lab2_code_for_cadets_2026\lab2_datapath.vhdl:]
reset_run synth_1
launch_runs synth_1 -jobs 8
WARNING: [filemgmt 20-1318] Duplicate Design Unit 'TDMS_encoder(Behavioral)' found in library 'xil_defaultlib'
	(Active) Duplicate found at line 22 of file C:/Users/C27Brandon.Sweitzer/workspace/ece383_wksp/lab2/lab2/lab2.srcs/sources_1/imports/Downloads/Lab02_cadet_code/lab2_code_for_cadets_2026/tdms.vhdl
Duplicate found in file C:/Users/C27Brandon.Sweitzer/workspace/ece383_wksp/lab2/lab2/lab2.srcs/sources_1/imports/imports/Lab1_Cadet_Code_2026/tdms.vhdl
[Wed Mar  4 23:49:01 2026] Launched synth_1...
Run output will be captured here: C:/Users/C27Brandon.Sweitzer/workspace/ece383_wksp/lab2/lab2/lab2.runs/synth_1/runme.log
reset_run synth_1
WARNING: [filemgmt 56-199] Attempt to get parsing info during refresh. "On-the-fly" syntax checking information may be incorrect. [C:\Users\C27Brandon.Sweitzer\workspace\ece383_wksp\lab2\lab2\lab2.srcs\sources_1\imports\Downloads\Lab02_cadet_code\lab2_code_for_cadets_2026\lab2.vhd:]
WARNING: [filemgmt 56-199] Attempt to get parsing info during refresh. "On-the-fly" syntax checking information may be incorrect. [C:\Users\C27Brandon.Sweitzer\workspace\ece383_wksp\lab2\lab2\lab2.srcs\sources_1\imports\Downloads\Lab02_cadet_code\lab2_code_for_cadets_2026\lab2_datapath.vhdl:]
WARNING: [filemgmt 56-199] Attempt to get parsing info during refresh. "On-the-fly" syntax checking information may be incorrect. [C:\Users\C27Brandon.Sweitzer\workspace\ece383_wksp\lab2\lab2\lab2.srcs\sources_1\imports\Downloads\Lab02_cadet_code\lab2_code_for_cadets_2026\lab2_fsm.vhdl:]
WARNING: [filemgmt 56-199] Attempt to get parsing info during refresh. "On-the-fly" syntax checking information may be incorrect. [C:\Users\C27Brandon.Sweitzer\workspace\ece383_wksp\lab2\lab2\lab2.srcs\sources_1\imports\Downloads\Lab02_cadet_code\lab2_code_for_cadets_2026\trigger_detector.vhd:]
WARNING: [filemgmt 56-199] Attempt to get parsing info during refresh. "On-the-fly" syntax checking information may be incorrect. [C:\Users\C27Brandon.Sweitzer\workspace\ece383_wksp\lab2\lab2\lab2.srcs\sources_1\imports\lab2_code_for_cadets_2026\ece383_pkg.vhd:]
WARNING: [filemgmt 56-199] Attempt to get parsing info during refresh. "On-the-fly" syntax checking information may be incorrect. [C:\Users\C27Brandon.Sweitzer\workspace\ece383_wksp\lab2\lab2\lab2.srcs\sources_1\imports\Downloads\Lab02_cadet_code\lab2_code_for_cadets_2026\lab2_fsm.vhdl:]
WARNING: [filemgmt 56-199] Attempt to get parsing info during refresh. "On-the-fly" syntax checking information may be incorrect. [C:\Users\C27Brandon.Sweitzer\workspace\ece383_wksp\lab2\lab2\lab2.srcs\sources_1\imports\Downloads\Lab02_cadet_code\lab2_code_for_cadets_2026\lab2_fsm.vhdl:]
WARNING: [filemgmt 56-199] Attempt to get parsing info during refresh. "On-the-fly" syntax checking information may be incorrect. [C:\Users\C27Brandon.Sweitzer\workspace\ece383_wksp\lab2\lab2\lab2.srcs\sources_1\imports\Downloads\Lab02_cadet_code\lab2_code_for_cadets_2026\lab2.vhd:]
WARNING: [filemgmt 56-199] Attempt to get parsing info during refresh. "On-the-fly" syntax checking information may be incorrect. [C:\Users\C27Brandon.Sweitzer\workspace\ece383_wksp\lab2\lab2\lab2.srcs\sources_1\imports\Downloads\Lab02_cadet_code\lab2_code_for_cadets_2026\lab2_datapath.vhdl:]
WARNING: [filemgmt 56-199] Attempt to get parsing info during refresh. "On-the-fly" syntax checking information may be incorrect. [C:\Users\C27Brandon.Sweitzer\workspace\ece383_wksp\lab2\lab2\lab2.srcs\sources_1\imports\Downloads\Lab02_cadet_code\lab2_code_for_cadets_2026\lab2_fsm.vhdl:]
WARNING: [filemgmt 56-199] Attempt to get parsing info during refresh. "On-the-fly" syntax checking information may be incorrect. [C:\Users\C27Brandon.Sweitzer\workspace\ece383_wksp\lab2\lab2\lab2.srcs\sources_1\imports\Downloads\Lab02_cadet_code\lab2_code_for_cadets_2026\trigger_detector.vhd:]
WARNING: [filemgmt 56-199] Attempt to get parsing info during refresh. "On-the-fly" syntax checking information may be incorrect. [C:\Users\C27Brandon.Sweitzer\workspace\ece383_wksp\lab2\lab2\lab2.srcs\sources_1\imports\lab2_code_for_cadets_2026\ece383_pkg.vhd:]
WARNING: [filemgmt 56-199] Attempt to get parsing info during refresh. "On-the-fly" syntax checking information may be incorrect. [C:\Users\C27Brandon.Sweitzer\workspace\ece383_wksp\lab2\lab2\lab2.srcs\sources_1\imports\lab2_code_for_cadets_2026\ece383_pkg.vhd:]
WARNING: [filemgmt 56-199] Attempt to get parsing info during refresh. "On-the-fly" syntax checking information may be incorrect. [C:\Users\C27Brandon.Sweitzer\workspace\ece383_wksp\lab2\lab2\lab2.srcs\sources_1\imports\lab2_code_for_cadets_2026\ece383_pkg.vhd:]
launch_runs synth_1 -jobs 8
WARNING: [filemgmt 20-1318] Duplicate Design Unit 'TDMS_encoder(Behavioral)' found in library 'xil_defaultlib'
	(Active) Duplicate found at line 22 of file C:/Users/C27Brandon.Sweitzer/workspace/ece383_wksp/lab2/lab2/lab2.srcs/sources_1/imports/Downloads/Lab02_cadet_code/lab2_code_for_cadets_2026/tdms.vhdl
Duplicate found in file C:/Users/C27Brandon.Sweitzer/workspace/ece383_wksp/lab2/lab2/lab2.srcs/sources_1/imports/imports/Lab1_Cadet_Code_2026/tdms.vhdl
[Wed Mar  4 23:52:18 2026] Launched synth_1...
Run output will be captured here: C:/Users/C27Brandon.Sweitzer/workspace/ece383_wksp/lab2/lab2/lab2.runs/synth_1/runme.log
WARNING: [filemgmt 56-199] Attempt to get parsing info during refresh. "On-the-fly" syntax checking information may be incorrect. [C:\Users\C27Brandon.Sweitzer\workspace\ece383_wksp\lab2\lab2\lab2.srcs\sources_1\imports\Downloads\Lab02_cadet_code\lab2_code_for_cadets_2026\lab2.vhd:]
WARNING: [filemgmt 56-199] Attempt to get parsing info during refresh. "On-the-fly" syntax checking information may be incorrect. [C:\Users\C27Brandon.Sweitzer\workspace\ece383_wksp\lab2\lab2\lab2.srcs\sources_1\imports\Downloads\Lab02_cadet_code\lab2_code_for_cadets_2026\lab2_datapath.vhdl:]
WARNING: [filemgmt 56-199] Attempt to get parsing info during refresh. "On-the-fly" syntax checking information may be incorrect. [C:\Users\C27Brandon.Sweitzer\workspace\ece383_wksp\lab2\lab2\lab2.srcs\sources_1\imports\Downloads\Lab02_cadet_code\lab2_code_for_cadets_2026\lab2_fsm.vhdl:]
WARNING: [filemgmt 56-199] Attempt to get parsing info during refresh. "On-the-fly" syntax checking information may be incorrect. [C:\Users\C27Brandon.Sweitzer\workspace\ece383_wksp\lab2\lab2\lab2.srcs\sources_1\imports\Downloads\Lab02_cadet_code\lab2_code_for_cadets_2026\trigger_detector.vhd:]
WARNING: [filemgmt 56-199] Attempt to get parsing info during refresh. "On-the-fly" syntax checking information may be incorrect. [C:\Users\C27Brandon.Sweitzer\workspace\ece383_wksp\lab2\lab2\lab2.srcs\sources_1\imports\lab2_code_for_cadets_2026\ece383_pkg.vhd:]
WARNING: [filemgmt 56-199] Attempt to get parsing info during refresh. "On-the-fly" syntax checking information may be incorrect. [C:\Users\C27Brandon.Sweitzer\workspace\ece383_wksp\lab2\lab2\lab2.srcs\sources_1\imports\Downloads\Lab02_cadet_code\lab2_code_for_cadets_2026\lab2.vhd:]
WARNING: [filemgmt 56-199] Attempt to get parsing info during refresh. "On-the-fly" syntax checking information may be incorrect. [C:\Users\C27Brandon.Sweitzer\workspace\ece383_wksp\lab2\lab2\lab2.srcs\sources_1\imports\Downloads\Lab02_cadet_code\lab2_code_for_cadets_2026\lab2.vhd:]
WARNING: [filemgmt 56-199] Attempt to get parsing info during refresh. "On-the-fly" syntax checking information may be incorrect. [C:\Users\C27Brandon.Sweitzer\workspace\ece383_wksp\lab2\lab2\lab2.srcs\sources_1\imports\Downloads\Lab02_cadet_code\lab2_code_for_cadets_2026\lab2.vhd:]
WARNING: [filemgmt 56-199] Attempt to get parsing info during refresh. "On-the-fly" syntax checking information may be incorrect. [C:\Users\C27Brandon.Sweitzer\workspace\ece383_wksp\lab2\lab2\lab2.srcs\sources_1\imports\Downloads\Lab02_cadet_code\lab2_code_for_cadets_2026\lab2_datapath.vhdl:]
WARNING: [filemgmt 56-199] Attempt to get parsing info during refresh. "On-the-fly" syntax checking information may be incorrect. [C:\Users\C27Brandon.Sweitzer\workspace\ece383_wksp\lab2\lab2\lab2.srcs\sources_1\imports\Downloads\Lab02_cadet_code\lab2_code_for_cadets_2026\lab2_fsm.vhdl:]
WARNING: [filemgmt 56-199] Attempt to get parsing info during refresh. "On-the-fly" syntax checking information may be incorrect. [C:\Users\C27Brandon.Sweitzer\workspace\ece383_wksp\lab2\lab2\lab2.srcs\sources_1\imports\Downloads\Lab02_cadet_code\lab2_code_for_cadets_2026\trigger_detector.vhd:]
WARNING: [filemgmt 56-199] Attempt to get parsing info during refresh. "On-the-fly" syntax checking information may be incorrect. [C:\Users\C27Brandon.Sweitzer\workspace\ece383_wksp\lab2\lab2\lab2.srcs\sources_1\imports\lab2_code_for_cadets_2026\ece383_pkg.vhd:]
WARNING: [filemgmt 56-199] Attempt to get parsing info during refresh. "On-the-fly" syntax checking information may be incorrect. [C:\Users\C27Brandon.Sweitzer\workspace\ece383_wksp\lab2\lab2\lab2.srcs\sources_1\imports\Downloads\Lab02_cadet_code\lab2_code_for_cadets_2026\trigger_detector.vhd:]
WARNING: [filemgmt 56-199] Attempt to get parsing info during refresh. "On-the-fly" syntax checking information may be incorrect. [C:\Users\C27Brandon.Sweitzer\workspace\ece383_wksp\lab2\lab2\lab2.srcs\sources_1\imports\Downloads\Lab02_cadet_code\lab2_code_for_cadets_2026\trigger_detector.vhd:]
reset_run synth_1
WARNING: [Vivado 12-1017] Problems encountered:
1. Failed to delete one or more files in run directory C:/Users/C27Brandon.Sweitzer/workspace/ece383_wksp/lab2/lab2/lab2.runs/synth_1

WARNING: [filemgmt 56-199] Attempt to get parsing info during refresh. "On-the-fly" syntax checking information may be incorrect. [C:\Users\C27Brandon.Sweitzer\workspace\ece383_wksp\lab2\lab2\lab2.srcs\sources_1\imports\Downloads\Lab02_cadet_code\lab2_code_for_cadets_2026\lab2.vhd:]
WARNING: [filemgmt 56-199] Attempt to get parsing info during refresh. "On-the-fly" syntax checking information may be incorrect. [C:\Users\C27Brandon.Sweitzer\workspace\ece383_wksp\lab2\lab2\lab2.srcs\sources_1\imports\Downloads\Lab02_cadet_code\lab2_code_for_cadets_2026\lab2_datapath.vhdl:]
WARNING: [filemgmt 56-199] Attempt to get parsing info during refresh. "On-the-fly" syntax checking information may be incorrect. [C:\Users\C27Brandon.Sweitzer\workspace\ece383_wksp\lab2\lab2\lab2.srcs\sources_1\imports\Downloads\Lab02_cadet_code\lab2_code_for_cadets_2026\lab2_fsm.vhdl:]
WARNING: [filemgmt 56-199] Attempt to get parsing info during refresh. "On-the-fly" syntax checking information may be incorrect. [C:\Users\C27Brandon.Sweitzer\workspace\ece383_wksp\lab2\lab2\lab2.srcs\sources_1\imports\Downloads\Lab02_cadet_code\lab2_code_for_cadets_2026\trigger_detector.vhd:]
WARNING: [filemgmt 56-199] Attempt to get parsing info during refresh. "On-the-fly" syntax checking information may be incorrect. [C:\Users\C27Brandon.Sweitzer\workspace\ece383_wksp\lab2\lab2\lab2.srcs\sources_1\imports\lab2_code_for_cadets_2026\ece383_pkg.vhd:]
WARNING: [filemgmt 56-199] Attempt to get parsing info during refresh. "On-the-fly" syntax checking information may be incorrect. [C:\Users\C27Brandon.Sweitzer\workspace\ece383_wksp\lab2\lab2\lab2.srcs\sources_1\imports\Downloads\Lab02_cadet_code\lab2_code_for_cadets_2026\lab2_fsm.vhdl:]
WARNING: [filemgmt 56-199] Attempt to get parsing info during refresh. "On-the-fly" syntax checking information may be incorrect. [C:\Users\C27Brandon.Sweitzer\workspace\ece383_wksp\lab2\lab2\lab2.srcs\sources_1\imports\Downloads\Lab02_cadet_code\lab2_code_for_cadets_2026\lab2_fsm.vhdl:]
WARNING: [filemgmt 56-199] Attempt to get parsing info during refresh. "On-the-fly" syntax checking information may be incorrect. [C:\Users\C27Brandon.Sweitzer\workspace\ece383_wksp\lab2\lab2\lab2.srcs\sources_1\imports\Downloads\Lab02_cadet_code\lab2_code_for_cadets_2026\lab2.vhd:]
WARNING: [filemgmt 56-199] Attempt to get parsing info during refresh. "On-the-fly" syntax checking information may be incorrect. [C:\Users\C27Brandon.Sweitzer\workspace\ece383_wksp\lab2\lab2\lab2.srcs\sources_1\imports\Downloads\Lab02_cadet_code\lab2_code_for_cadets_2026\lab2_datapath.vhdl:]
WARNING: [filemgmt 56-199] Attempt to get parsing info during refresh. "On-the-fly" syntax checking information may be incorrect. [C:\Users\C27Brandon.Sweitzer\workspace\ece383_wksp\lab2\lab2\lab2.srcs\sources_1\imports\Downloads\Lab02_cadet_code\lab2_code_for_cadets_2026\lab2_fsm.vhdl:]
WARNING: [filemgmt 56-199] Attempt to get parsing info during refresh. "On-the-fly" syntax checking information may be incorrect. [C:\Users\C27Brandon.Sweitzer\workspace\ece383_wksp\lab2\lab2\lab2.srcs\sources_1\imports\Downloads\Lab02_cadet_code\lab2_code_for_cadets_2026\trigger_detector.vhd:]
WARNING: [filemgmt 56-199] Attempt to get parsing info during refresh. "On-the-fly" syntax checking information may be incorrect. [C:\Users\C27Brandon.Sweitzer\workspace\ece383_wksp\lab2\lab2\lab2.srcs\sources_1\imports\lab2_code_for_cadets_2026\ece383_pkg.vhd:]
WARNING: [filemgmt 56-199] Attempt to get parsing info during refresh. "On-the-fly" syntax checking information may be incorrect. [C:\Users\C27Brandon.Sweitzer\workspace\ece383_wksp\lab2\lab2\lab2.srcs\sources_1\imports\lab2_code_for_cadets_2026\ece383_pkg.vhd:]
WARNING: [filemgmt 56-199] Attempt to get parsing info during refresh. "On-the-fly" syntax checking information may be incorrect. [C:\Users\C27Brandon.Sweitzer\workspace\ece383_wksp\lab2\lab2\lab2.srcs\sources_1\imports\lab2_code_for_cadets_2026\ece383_pkg.vhd:]
WARNING: [filemgmt 56-199] Attempt to get parsing info during refresh. "On-the-fly" syntax checking information may be incorrect. [C:\Users\C27Brandon.Sweitzer\workspace\ece383_wksp\lab2\lab2\lab2.srcs\sources_1\imports\Downloads\Lab02_cadet_code\lab2_code_for_cadets_2026\lab2.vhd:]
WARNING: [filemgmt 56-199] Attempt to get parsing info during refresh. "On-the-fly" syntax checking information may be incorrect. [C:\Users\C27Brandon.Sweitzer\workspace\ece383_wksp\lab2\lab2\lab2.srcs\sources_1\imports\Downloads\Lab02_cadet_code\lab2_code_for_cadets_2026\lab2_datapath.vhdl:]
WARNING: [filemgmt 56-199] Attempt to get parsing info during refresh. "On-the-fly" syntax checking information may be incorrect. [C:\Users\C27Brandon.Sweitzer\workspace\ece383_wksp\lab2\lab2\lab2.srcs\sources_1\imports\Downloads\Lab02_cadet_code\lab2_code_for_cadets_2026\lab2_fsm.vhdl:]
WARNING: [filemgmt 56-199] Attempt to get parsing info during refresh. "On-the-fly" syntax checking information may be incorrect. [C:\Users\C27Brandon.Sweitzer\workspace\ece383_wksp\lab2\lab2\lab2.srcs\sources_1\imports\Downloads\Lab02_cadet_code\lab2_code_for_cadets_2026\trigger_detector.vhd:]
WARNING: [filemgmt 56-199] Attempt to get parsing info during refresh. "On-the-fly" syntax checking information may be incorrect. [C:\Users\C27Brandon.Sweitzer\workspace\ece383_wksp\lab2\lab2\lab2.srcs\sources_1\imports\lab2_code_for_cadets_2026\ece383_pkg.vhd:]
WARNING: [filemgmt 56-199] Attempt to get parsing info during refresh. "On-the-fly" syntax checking information may be incorrect. [C:\Users\C27Brandon.Sweitzer\workspace\ece383_wksp\lab2\lab2\lab2.srcs\sources_1\imports\Downloads\Lab02_cadet_code\lab2_code_for_cadets_2026\lab2_datapath.vhdl:]
WARNING: [filemgmt 56-199] Attempt to get parsing info during refresh. "On-the-fly" syntax checking information may be incorrect. [C:\Users\C27Brandon.Sweitzer\workspace\ece383_wksp\lab2\lab2\lab2.srcs\sources_1\imports\Downloads\Lab02_cadet_code\lab2_code_for_cadets_2026\lab2_datapath.vhdl:]
WARNING: [filemgmt 56-199] Attempt to get parsing info during refresh. "On-the-fly" syntax checking information may be incorrect. [C:\Users\C27Brandon.Sweitzer\workspace\ece383_wksp\lab2\lab2\lab2.srcs\sources_1\imports\Downloads\Lab02_cadet_code\lab2_code_for_cadets_2026\lab2.vhd:]
WARNING: [filemgmt 56-199] Attempt to get parsing info during refresh. "On-the-fly" syntax checking information may be incorrect. [C:\Users\C27Brandon.Sweitzer\workspace\ece383_wksp\lab2\lab2\lab2.srcs\sources_1\imports\Downloads\Lab02_cadet_code\lab2_code_for_cadets_2026\lab2_datapath.vhdl:]
WARNING: [filemgmt 56-199] Attempt to get parsing info during refresh. "On-the-fly" syntax checking information may be incorrect. [C:\Users\C27Brandon.Sweitzer\workspace\ece383_wksp\lab2\lab2\lab2.srcs\sources_1\imports\Downloads\Lab02_cadet_code\lab2_code_for_cadets_2026\lab2_fsm.vhdl:]
WARNING: [filemgmt 56-199] Attempt to get parsing info during refresh. "On-the-fly" syntax checking information may be incorrect. [C:\Users\C27Brandon.Sweitzer\workspace\ece383_wksp\lab2\lab2\lab2.srcs\sources_1\imports\Downloads\Lab02_cadet_code\lab2_code_for_cadets_2026\trigger_detector.vhd:]
WARNING: [filemgmt 56-199] Attempt to get parsing info during refresh. "On-the-fly" syntax checking information may be incorrect. [C:\Users\C27Brandon.Sweitzer\workspace\ece383_wksp\lab2\lab2\lab2.srcs\sources_1\imports\lab2_code_for_cadets_2026\ece383_pkg.vhd:]
WARNING: [filemgmt 56-199] Attempt to get parsing info during refresh. "On-the-fly" syntax checking information may be incorrect. [C:\Users\C27Brandon.Sweitzer\workspace\ece383_wksp\lab2\lab2\lab2.srcs\sources_1\imports\Downloads\Lab02_cadet_code\lab2_code_for_cadets_2026\trigger_detector.vhd:]
WARNING: [filemgmt 56-199] Attempt to get parsing info during refresh. "On-the-fly" syntax checking information may be incorrect. [C:\Users\C27Brandon.Sweitzer\workspace\ece383_wksp\lab2\lab2\lab2.srcs\sources_1\imports\Downloads\Lab02_cadet_code\lab2_code_for_cadets_2026\trigger_detector.vhd:]
launch_runs synth_1 -jobs 8
WARNING: [filemgmt 20-1318] Duplicate Design Unit 'TDMS_encoder(Behavioral)' found in library 'xil_defaultlib'
	(Active) Duplicate found at line 22 of file C:/Users/C27Brandon.Sweitzer/workspace/ece383_wksp/lab2/lab2/lab2.srcs/sources_1/imports/Downloads/Lab02_cadet_code/lab2_code_for_cadets_2026/tdms.vhdl
Duplicate found in file C:/Users/C27Brandon.Sweitzer/workspace/ece383_wksp/lab2/lab2/lab2.srcs/sources_1/imports/imports/Lab1_Cadet_Code_2026/tdms.vhdl
[Wed Mar  4 23:52:42 2026] Launched synth_1...
Run output will be captured here: C:/Users/C27Brandon.Sweitzer/workspace/ece383_wksp/lab2/lab2/lab2.runs/synth_1/runme.log
launch_runs impl_1 -jobs 8
[Wed Mar  4 23:54:33 2026] Launched impl_1...
Run output will be captured here: C:/Users/C27Brandon.Sweitzer/workspace/ece383_wksp/lab2/lab2/lab2.runs/impl_1/runme.log
launch_runs impl_1 -to_step write_bitstream -jobs 8
[Wed Mar  4 23:57:39 2026] Launched impl_1...
Run output will be captured here: C:/Users/C27Brandon.Sweitzer/workspace/ece383_wksp/lab2/lab2/lab2.runs/impl_1/runme.log
open_hw_manager
connect_hw_server -allow_non_jtag
INFO: [Labtools 27-2285] Connecting to hw_server url TCP:localhost:3121
INFO: [Labtools 27-2222] Launching hw_server...
INFO: [Labtools 27-2221] Launch Output:

****** Xilinx hw_server v2024.2
  **** Build date : Oct 29 2024 at 10:25:41
    ** Copyright 1986-2022 Xilinx, Inc. All Rights Reserved.


INFO: [Labtools 27-3415] Connecting to cs_server url TCP:localhost:0
INFO: [Labtools 27-3417] Launching cs_server...
INFO: [Labtools 27-2221] Launch Output:


******** Xilinx cs_server v2024.2.0
  ****** Build date   : Oct 30 2024-12:19:07
    **** Build number : 2024.2.1730312347
      ** Copyright 2017-2022 Xilinx, Inc. All Rights Reserved.
      ** Copyright 2022-2026 Advanced Micro Devices, Inc. All Rights Reserved.



connect_hw_server: Time (s): cpu = 00:00:00 ; elapsed = 00:00:17 . Memory (MB): peak = 1206.090 ; gain = 16.309
open_hw_target
INFO: [Labtoolstcl 44-466] Opening hw_target localhost:3121/xilinx_tcf/Digilent/210276B7D0EDB
set_property PROGRAM.FILE {C:/Users/C27Brandon.Sweitzer/workspace/ece383_wksp/lab2/lab2/lab2.runs/impl_1/lab2.bit} [get_hw_devices xc7a200t_0]
current_hw_device [get_hw_devices xc7a200t_0]
refresh_hw_device -update_hw_probes false [lindex [get_hw_devices xc7a200t_0] 0]
INFO: [Labtools 27-2302] Device xc7a200t (JTAG device index = 0) is programmed with a design that has 2 ILA core(s).
set_property PROBES.FILE {} [get_hw_devices xc7a200t_0]
set_property FULL_PROBES.FILE {} [get_hw_devices xc7a200t_0]
set_property PROGRAM.FILE {C:/Users/C27Brandon.Sweitzer/workspace/ece383_wksp/lab2/lab2/lab2.runs/impl_1/lab2.bit} [get_hw_devices xc7a200t_0]
program_hw_devices [get_hw_devices xc7a200t_0]
INFO: [Labtools 27-3164] End of startup status: HIGH
program_hw_devices: Time (s): cpu = 00:00:05 ; elapsed = 00:00:06 . Memory (MB): peak = 1285.691 ; gain = 0.000
refresh_hw_device [lindex [get_hw_devices xc7a200t_0] 0]
INFO: [Labtools 27-1434] Device xc7a200t (JTAG device index = 0) is programmed with a design that has no supported debug core(s) in it.
ERROR: [Labtoolstcl 44-513] HW Target shutdown. Closing target: localhost:3121/xilinx_tcf/Digilent/210276B7D0EDB
WARNING: [filemgmt 56-199] Attempt to get parsing info during refresh. "On-the-fly" syntax checking information may be incorrect. [C:\Users\C27Brandon.Sweitzer\workspace\ece383_wksp\lab2\lab2\lab2.srcs\sources_1\imports\Downloads\Lab02_cadet_code\lab2_code_for_cadets_2026\lab2.vhd:]
WARNING: [filemgmt 56-199] Attempt to get parsing info during refresh. "On-the-fly" syntax checking information may be incorrect. [C:\Users\C27Brandon.Sweitzer\workspace\ece383_wksp\lab2\lab2\lab2.srcs\sources_1\imports\Downloads\Lab02_cadet_code\lab2_code_for_cadets_2026\lab2_datapath.vhdl:]
WARNING: [filemgmt 56-199] Attempt to get parsing info during refresh. "On-the-fly" syntax checking information may be incorrect. [C:\Users\C27Brandon.Sweitzer\workspace\ece383_wksp\lab2\lab2\lab2.srcs\sources_1\imports\Downloads\Lab02_cadet_code\lab2_code_for_cadets_2026\lab2_fsm.vhdl:]
WARNING: [filemgmt 56-199] Attempt to get parsing info during refresh. "On-the-fly" syntax checking information may be incorrect. [C:\Users\C27Brandon.Sweitzer\workspace\ece383_wksp\lab2\lab2\lab2.srcs\sources_1\imports\Downloads\Lab02_cadet_code\lab2_code_for_cadets_2026\trigger_detector.vhd:]
WARNING: [filemgmt 56-199] Attempt to get parsing info during refresh. "On-the-fly" syntax checking information may be incorrect. [C:\Users\C27Brandon.Sweitzer\workspace\ece383_wksp\lab2\lab2\lab2.srcs\sources_1\imports\lab2_code_for_cadets_2026\ece383_pkg.vhd:]
WARNING: [filemgmt 56-199] Attempt to get parsing info during refresh. "On-the-fly" syntax checking information may be incorrect. [C:\Users\C27Brandon.Sweitzer\workspace\ece383_wksp\lab2\lab2\lab2.srcs\sources_1\imports\Downloads\Lab02_cadet_code\lab2_code_for_cadets_2026\lab2_fsm.vhdl:]
WARNING: [filemgmt 56-199] Attempt to get parsing info during refresh. "On-the-fly" syntax checking information may be incorrect. [C:\Users\C27Brandon.Sweitzer\workspace\ece383_wksp\lab2\lab2\lab2.srcs\sources_1\imports\Downloads\Lab02_cadet_code\lab2_code_for_cadets_2026\lab2_fsm.vhdl:]
WARNING: [filemgmt 56-199] Attempt to get parsing info during refresh. "On-the-fly" syntax checking information may be incorrect. [C:\Users\C27Brandon.Sweitzer\workspace\ece383_wksp\lab2\lab2\lab2.srcs\sources_1\imports\Downloads\Lab02_cadet_code\lab2_code_for_cadets_2026\lab2.vhd:]
WARNING: [filemgmt 56-199] Attempt to get parsing info during refresh. "On-the-fly" syntax checking information may be incorrect. [C:\Users\C27Brandon.Sweitzer\workspace\ece383_wksp\lab2\lab2\lab2.srcs\sources_1\imports\Downloads\Lab02_cadet_code\lab2_code_for_cadets_2026\lab2_datapath.vhdl:]
WARNING: [filemgmt 56-199] Attempt to get parsing info during refresh. "On-the-fly" syntax checking information may be incorrect. [C:\Users\C27Brandon.Sweitzer\workspace\ece383_wksp\lab2\lab2\lab2.srcs\sources_1\imports\Downloads\Lab02_cadet_code\lab2_code_for_cadets_2026\lab2_fsm.vhdl:]
WARNING: [filemgmt 56-199] Attempt to get parsing info during refresh. "On-the-fly" syntax checking information may be incorrect. [C:\Users\C27Brandon.Sweitzer\workspace\ece383_wksp\lab2\lab2\lab2.srcs\sources_1\imports\Downloads\Lab02_cadet_code\lab2_code_for_cadets_2026\trigger_detector.vhd:]
WARNING: [filemgmt 56-199] Attempt to get parsing info during refresh. "On-the-fly" syntax checking information may be incorrect. [C:\Users\C27Brandon.Sweitzer\workspace\ece383_wksp\lab2\lab2\lab2.srcs\sources_1\imports\lab2_code_for_cadets_2026\ece383_pkg.vhd:]
WARNING: [filemgmt 56-199] Attempt to get parsing info during refresh. "On-the-fly" syntax checking information may be incorrect. [C:\Users\C27Brandon.Sweitzer\workspace\ece383_wksp\lab2\lab2\lab2.srcs\sources_1\imports\lab2_code_for_cadets_2026\ece383_pkg.vhd:]
WARNING: [filemgmt 56-199] Attempt to get parsing info during refresh. "On-the-fly" syntax checking information may be incorrect. [C:\Users\C27Brandon.Sweitzer\workspace\ece383_wksp\lab2\lab2\lab2.srcs\sources_1\imports\lab2_code_for_cadets_2026\ece383_pkg.vhd:]
WARNING: [filemgmt 56-199] Attempt to get parsing info during refresh. "On-the-fly" syntax checking information may be incorrect. [C:\Users\C27Brandon.Sweitzer\workspace\ece383_wksp\lab2\lab2\lab2.srcs\sources_1\imports\Downloads\Lab02_cadet_code\lab2_code_for_cadets_2026\lab2.vhd:]
WARNING: [filemgmt 56-199] Attempt to get parsing info during refresh. "On-the-fly" syntax checking information may be incorrect. [C:\Users\C27Brandon.Sweitzer\workspace\ece383_wksp\lab2\lab2\lab2.srcs\sources_1\imports\Downloads\Lab02_cadet_code\lab2_code_for_cadets_2026\lab2_datapath.vhdl:]
WARNING: [filemgmt 56-199] Attempt to get parsing info during refresh. "On-the-fly" syntax checking information may be incorrect. [C:\Users\C27Brandon.Sweitzer\workspace\ece383_wksp\lab2\lab2\lab2.srcs\sources_1\imports\Downloads\Lab02_cadet_code\lab2_code_for_cadets_2026\lab2_fsm.vhdl:]
WARNING: [filemgmt 56-199] Attempt to get parsing info during refresh. "On-the-fly" syntax checking information may be incorrect. [C:\Users\C27Brandon.Sweitzer\workspace\ece383_wksp\lab2\lab2\lab2.srcs\sources_1\imports\Downloads\Lab02_cadet_code\lab2_code_for_cadets_2026\trigger_detector.vhd:]
WARNING: [filemgmt 56-199] Attempt to get parsing info during refresh. "On-the-fly" syntax checking information may be incorrect. [C:\Users\C27Brandon.Sweitzer\workspace\ece383_wksp\lab2\lab2\lab2.srcs\sources_1\imports\lab2_code_for_cadets_2026\ece383_pkg.vhd:]
WARNING: [filemgmt 56-199] Attempt to get parsing info during refresh. "On-the-fly" syntax checking information may be incorrect. [C:\Users\C27Brandon.Sweitzer\workspace\ece383_wksp\lab2\lab2\lab2.srcs\sources_1\imports\Downloads\Lab02_cadet_code\lab2_code_for_cadets_2026\lab2.vhd:]
WARNING: [filemgmt 56-199] Attempt to get parsing info during refresh. "On-the-fly" syntax checking information may be incorrect. [C:\Users\C27Brandon.Sweitzer\workspace\ece383_wksp\lab2\lab2\lab2.srcs\sources_1\imports\Downloads\Lab02_cadet_code\lab2_code_for_cadets_2026\lab2.vhd:]
WARNING: [filemgmt 56-199] Attempt to get parsing info during refresh. "On-the-fly" syntax checking information may be incorrect. [C:\Users\C27Brandon.Sweitzer\workspace\ece383_wksp\lab2\lab2\lab2.srcs\sources_1\imports\Downloads\Lab02_cadet_code\lab2_code_for_cadets_2026\lab2.vhd:]
WARNING: [filemgmt 56-199] Attempt to get parsing info during refresh. "On-the-fly" syntax checking information may be incorrect. [C:\Users\C27Brandon.Sweitzer\workspace\ece383_wksp\lab2\lab2\lab2.srcs\sources_1\imports\Downloads\Lab02_cadet_code\lab2_code_for_cadets_2026\lab2_datapath.vhdl:]
WARNING: [filemgmt 56-199] Attempt to get parsing info during refresh. "On-the-fly" syntax checking information may be incorrect. [C:\Users\C27Brandon.Sweitzer\workspace\ece383_wksp\lab2\lab2\lab2.srcs\sources_1\imports\Downloads\Lab02_cadet_code\lab2_code_for_cadets_2026\lab2_fsm.vhdl:]
WARNING: [filemgmt 56-199] Attempt to get parsing info during refresh. "On-the-fly" syntax checking information may be incorrect. [C:\Users\C27Brandon.Sweitzer\workspace\ece383_wksp\lab2\lab2\lab2.srcs\sources_1\imports\Downloads\Lab02_cadet_code\lab2_code_for_cadets_2026\trigger_detector.vhd:]
WARNING: [filemgmt 56-199] Attempt to get parsing info during refresh. "On-the-fly" syntax checking information may be incorrect. [C:\Users\C27Brandon.Sweitzer\workspace\ece383_wksp\lab2\lab2\lab2.srcs\sources_1\imports\lab2_code_for_cadets_2026\ece383_pkg.vhd:]
WARNING: [filemgmt 56-199] Attempt to get parsing info during refresh. "On-the-fly" syntax checking information may be incorrect. [C:\Users\C27Brandon.Sweitzer\workspace\ece383_wksp\lab2\lab2\lab2.srcs\sources_1\imports\Downloads\Lab02_cadet_code\lab2_code_for_cadets_2026\lab2_datapath.vhdl:]
WARNING: [filemgmt 56-199] Attempt to get parsing info during refresh. "On-the-fly" syntax checking information may be incorrect. [C:\Users\C27Brandon.Sweitzer\workspace\ece383_wksp\lab2\lab2\lab2.srcs\sources_1\imports\Downloads\Lab02_cadet_code\lab2_code_for_cadets_2026\lab2_datapath.vhdl:]
WARNING: [filemgmt 56-199] Attempt to get parsing info during refresh. "On-the-fly" syntax checking information may be incorrect. [C:\Users\C27Brandon.Sweitzer\workspace\ece383_wksp\lab2\lab2\lab2.srcs\sources_1\imports\Downloads\Lab02_cadet_code\lab2_code_for_cadets_2026\lab2.vhd:]
WARNING: [filemgmt 56-199] Attempt to get parsing info during refresh. "On-the-fly" syntax checking information may be incorrect. [C:\Users\C27Brandon.Sweitzer\workspace\ece383_wksp\lab2\lab2\lab2.srcs\sources_1\imports\Downloads\Lab02_cadet_code\lab2_code_for_cadets_2026\lab2_datapath.vhdl:]
WARNING: [filemgmt 56-199] Attempt to get parsing info during refresh. "On-the-fly" syntax checking information may be incorrect. [C:\Users\C27Brandon.Sweitzer\workspace\ece383_wksp\lab2\lab2\lab2.srcs\sources_1\imports\Downloads\Lab02_cadet_code\lab2_code_for_cadets_2026\lab2_fsm.vhdl:]
WARNING: [filemgmt 56-199] Attempt to get parsing info during refresh. "On-the-fly" syntax checking information may be incorrect. [C:\Users\C27Brandon.Sweitzer\workspace\ece383_wksp\lab2\lab2\lab2.srcs\sources_1\imports\Downloads\Lab02_cadet_code\lab2_code_for_cadets_2026\trigger_detector.vhd:]
WARNING: [filemgmt 56-199] Attempt to get parsing info during refresh. "On-the-fly" syntax checking information may be incorrect. [C:\Users\C27Brandon.Sweitzer\workspace\ece383_wksp\lab2\lab2\lab2.srcs\sources_1\imports\lab2_code_for_cadets_2026\ece383_pkg.vhd:]
WARNING: [filemgmt 56-199] Attempt to get parsing info during refresh. "On-the-fly" syntax checking information may be incorrect. [C:\Users\C27Brandon.Sweitzer\workspace\ece383_wksp\lab2\lab2\lab2.srcs\sources_1\new\color_mapper.vhd:]
WARNING: [filemgmt 56-199] Attempt to get parsing info during refresh. "On-the-fly" syntax checking information may be incorrect. [C:\Users\C27Brandon.Sweitzer\workspace\ece383_wksp\lab2\lab2\lab2.srcs\sources_1\imports\Downloads\Lab02_cadet_code\lab2_code_for_cadets_2026\lab2_fsm.vhdl:]
WARNING: [filemgmt 56-199] Attempt to get parsing info during refresh. "On-the-fly" syntax checking information may be incorrect. [C:\Users\C27Brandon.Sweitzer\workspace\ece383_wksp\lab2\lab2\lab2.srcs\sources_1\imports\Downloads\Lab02_cadet_code\lab2_code_for_cadets_2026\lab2_fsm.vhdl:]
WARNING: [filemgmt 56-199] Attempt to get parsing info during refresh. "On-the-fly" syntax checking information may be incorrect. [C:\Users\C27Brandon.Sweitzer\workspace\ece383_wksp\lab2\lab2\lab2.srcs\sources_1\imports\Downloads\Lab02_cadet_code\lab2_code_for_cadets_2026\lab2.vhd:]
WARNING: [filemgmt 56-199] Attempt to get parsing info during refresh. "On-the-fly" syntax checking information may be incorrect. [C:\Users\C27Brandon.Sweitzer\workspace\ece383_wksp\lab2\lab2\lab2.srcs\sources_1\imports\Downloads\Lab02_cadet_code\lab2_code_for_cadets_2026\lab2_datapath.vhdl:]
WARNING: [filemgmt 56-199] Attempt to get parsing info during refresh. "On-the-fly" syntax checking information may be incorrect. [C:\Users\C27Brandon.Sweitzer\workspace\ece383_wksp\lab2\lab2\lab2.srcs\sources_1\imports\Downloads\Lab02_cadet_code\lab2_code_for_cadets_2026\lab2_fsm.vhdl:]
WARNING: [filemgmt 56-199] Attempt to get parsing info during refresh. "On-the-fly" syntax checking information may be incorrect. [C:\Users\C27Brandon.Sweitzer\workspace\ece383_wksp\lab2\lab2\lab2.srcs\sources_1\imports\Downloads\Lab02_cadet_code\lab2_code_for_cadets_2026\trigger_detector.vhd:]
WARNING: [filemgmt 56-199] Attempt to get parsing info during refresh. "On-the-fly" syntax checking information may be incorrect. [C:\Users\C27Brandon.Sweitzer\workspace\ece383_wksp\lab2\lab2\lab2.srcs\sources_1\imports\lab2_code_for_cadets_2026\ece383_pkg.vhd:]
WARNING: [filemgmt 56-199] Attempt to get parsing info during refresh. "On-the-fly" syntax checking information may be incorrect. [C:\Users\C27Brandon.Sweitzer\workspace\ece383_wksp\lab2\lab2\lab2.srcs\sources_1\new\color_mapper.vhd:]
WARNING: [filemgmt 56-199] Attempt to get parsing info during refresh. "On-the-fly" syntax checking information may be incorrect. [C:\Users\C27Brandon.Sweitzer\workspace\ece383_wksp\lab2\lab2\lab2.srcs\sources_1\imports\Downloads\Lab02_cadet_code\lab2_code_for_cadets_2026\trigger_detector.vhd:]
WARNING: [filemgmt 56-199] Attempt to get parsing info during refresh. "On-the-fly" syntax checking information may be incorrect. [C:\Users\C27Brandon.Sweitzer\workspace\ece383_wksp\lab2\lab2\lab2.srcs\sources_1\imports\Downloads\Lab02_cadet_code\lab2_code_for_cadets_2026\trigger_detector.vhd:]
WARNING: [filemgmt 56-199] Attempt to get parsing info during refresh. "On-the-fly" syntax checking information may be incorrect. [C:\Users\C27Brandon.Sweitzer\workspace\ece383_wksp\lab2\lab2\lab2.srcs\sources_1\imports\Downloads\Lab02_cadet_code\lab2_code_for_cadets_2026\lab2.vhd:]
WARNING: [filemgmt 56-199] Attempt to get parsing info during refresh. "On-the-fly" syntax checking information may be incorrect. [C:\Users\C27Brandon.Sweitzer\workspace\ece383_wksp\lab2\lab2\lab2.srcs\sources_1\imports\Downloads\Lab02_cadet_code\lab2_code_for_cadets_2026\lab2_datapath.vhdl:]
WARNING: [filemgmt 56-199] Attempt to get parsing info during refresh. "On-the-fly" syntax checking information may be incorrect. [C:\Users\C27Brandon.Sweitzer\workspace\ece383_wksp\lab2\lab2\lab2.srcs\sources_1\imports\Downloads\Lab02_cadet_code\lab2_code_for_cadets_2026\lab2_fsm.vhdl:]
WARNING: [filemgmt 56-199] Attempt to get parsing info during refresh. "On-the-fly" syntax checking information may be incorrect. [C:\Users\C27Brandon.Sweitzer\workspace\ece383_wksp\lab2\lab2\lab2.srcs\sources_1\imports\Downloads\Lab02_cadet_code\lab2_code_for_cadets_2026\trigger_detector.vhd:]
WARNING: [filemgmt 56-199] Attempt to get parsing info during refresh. "On-the-fly" syntax checking information may be incorrect. [C:\Users\C27Brandon.Sweitzer\workspace\ece383_wksp\lab2\lab2\lab2.srcs\sources_1\imports\lab2_code_for_cadets_2026\ece383_pkg.vhd:]
WARNING: [filemgmt 56-199] Attempt to get parsing info during refresh. "On-the-fly" syntax checking information may be incorrect. [C:\Users\C27Brandon.Sweitzer\workspace\ece383_wksp\lab2\lab2\lab2.srcs\sources_1\new\color_mapper.vhd:]
WARNING: [filemgmt 56-199] Attempt to get parsing info during refresh. "On-the-fly" syntax checking information may be incorrect. [C:\Users\C27Brandon.Sweitzer\workspace\ece383_wksp\lab2\lab2\lab2.srcs\sources_1\new\color_mapper.vhd:]
WARNING: [filemgmt 56-199] Attempt to get parsing info during refresh. "On-the-fly" syntax checking information may be incorrect. [C:\Users\C27Brandon.Sweitzer\workspace\ece383_wksp\lab2\lab2\lab2.srcs\sources_1\new\color_mapper.vhd:]
ERROR: [Common 17-180] Spawn failed: No error
WARNING: [filemgmt 56-199] Attempt to get parsing info during refresh. "On-the-fly" syntax checking information may be incorrect. [C:\Users\C27Brandon.Sweitzer\workspace\ece383_wksp\lab2\lab2\lab2.srcs\sources_1\imports\Downloads\Lab02_cadet_code\lab2_code_for_cadets_2026\lab2.vhd:]
WARNING: [filemgmt 56-199] Attempt to get parsing info during refresh. "On-the-fly" syntax checking information may be incorrect. [C:\Users\C27Brandon.Sweitzer\workspace\ece383_wksp\lab2\lab2\lab2.srcs\sources_1\imports\Downloads\Lab02_cadet_code\lab2_code_for_cadets_2026\lab2_datapath.vhdl:]
WARNING: [filemgmt 56-199] Attempt to get parsing info during refresh. "On-the-fly" syntax checking information may be incorrect. [C:\Users\C27Brandon.Sweitzer\workspace\ece383_wksp\lab2\lab2\lab2.srcs\sources_1\imports\Downloads\Lab02_cadet_code\lab2_code_for_cadets_2026\lab2_fsm.vhdl:]
WARNING: [filemgmt 56-199] Attempt to get parsing info during refresh. "On-the-fly" syntax checking information may be incorrect. [C:\Users\C27Brandon.Sweitzer\workspace\ece383_wksp\lab2\lab2\lab2.srcs\sources_1\imports\Downloads\Lab02_cadet_code\lab2_code_for_cadets_2026\trigger_detector.vhd:]
WARNING: [filemgmt 56-199] Attempt to get parsing info during refresh. "On-the-fly" syntax checking information may be incorrect. [C:\Users\C27Brandon.Sweitzer\workspace\ece383_wksp\lab2\lab2\lab2.srcs\sources_1\imports\lab2_code_for_cadets_2026\ece383_pkg.vhd:]
WARNING: [filemgmt 56-199] Attempt to get parsing info during refresh. "On-the-fly" syntax checking information may be incorrect. [C:\Users\C27Brandon.Sweitzer\workspace\ece383_wksp\lab2\lab2\lab2.srcs\sources_1\new\color_mapper.vhd:]
WARNING: [filemgmt 56-199] Attempt to get parsing info during refresh. "On-the-fly" syntax checking information may be incorrect. [C:\Users\C27Brandon.Sweitzer\workspace\ece383_wksp\lab2\lab2\lab2.srcs\sources_1\imports\Downloads\Lab02_cadet_code\lab2_code_for_cadets_2026\lab2.vhd:]
WARNING: [filemgmt 56-199] Attempt to get parsing info during refresh. "On-the-fly" syntax checking information may be incorrect. [C:\Users\C27Brandon.Sweitzer\workspace\ece383_wksp\lab2\lab2\lab2.srcs\sources_1\imports\Downloads\Lab02_cadet_code\lab2_code_for_cadets_2026\lab2.vhd:]
ERROR: [Common 17-180] Spawn failed: No error
WARNING: [filemgmt 56-199] Attempt to get parsing info during refresh. "On-the-fly" syntax checking information may be incorrect. [C:\Users\C27Brandon.Sweitzer\workspace\ece383_wksp\lab2\lab2\lab2.srcs\sources_1\imports\Downloads\Lab02_cadet_code\lab2_code_for_cadets_2026\lab2.vhd:]
WARNING: [filemgmt 56-199] Attempt to get parsing info during refresh. "On-the-fly" syntax checking information may be incorrect. [C:\Users\C27Brandon.Sweitzer\workspace\ece383_wksp\lab2\lab2\lab2.srcs\sources_1\imports\Downloads\Lab02_cadet_code\lab2_code_for_cadets_2026\lab2_datapath.vhdl:]
WARNING: [filemgmt 56-199] Attempt to get parsing info during refresh. "On-the-fly" syntax checking information may be incorrect. [C:\Users\C27Brandon.Sweitzer\workspace\ece383_wksp\lab2\lab2\lab2.srcs\sources_1\imports\Downloads\Lab02_cadet_code\lab2_code_for_cadets_2026\lab2_fsm.vhdl:]
WARNING: [filemgmt 56-199] Attempt to get parsing info during refresh. "On-the-fly" syntax checking information may be incorrect. [C:\Users\C27Brandon.Sweitzer\workspace\ece383_wksp\lab2\lab2\lab2.srcs\sources_1\imports\Downloads\Lab02_cadet_code\lab2_code_for_cadets_2026\trigger_detector.vhd:]
WARNING: [filemgmt 56-199] Attempt to get parsing info during refresh. "On-the-fly" syntax checking information may be incorrect. [C:\Users\C27Brandon.Sweitzer\workspace\ece383_wksp\lab2\lab2\lab2.srcs\sources_1\imports\lab2_code_for_cadets_2026\ece383_pkg.vhd:]
WARNING: [filemgmt 56-199] Attempt to get parsing info during refresh. "On-the-fly" syntax checking information may be incorrect. [C:\Users\C27Brandon.Sweitzer\workspace\ece383_wksp\lab2\lab2\lab2.srcs\sources_1\new\color_mapper.vhd:]
WARNING: [filemgmt 56-199] Attempt to get parsing info during refresh. "On-the-fly" syntax checking information may be incorrect. [C:\Users\C27Brandon.Sweitzer\workspace\ece383_wksp\lab2\lab2\lab2.srcs\sources_1\imports\Downloads\Lab02_cadet_code\lab2_code_for_cadets_2026\lab2_datapath.vhdl:]
WARNING: [filemgmt 56-199] Attempt to get parsing info during refresh. "On-the-fly" syntax checking information may be incorrect. [C:\Users\C27Brandon.Sweitzer\workspace\ece383_wksp\lab2\lab2\lab2.srcs\sources_1\imports\Downloads\Lab02_cadet_code\lab2_code_for_cadets_2026\lab2_datapath.vhdl:]
ERROR: [Common 17-180] Spawn failed: No error
reset_run synth_1
INFO: [Project 1-1161] Replacing file C:/Users/C27Brandon.Sweitzer/workspace/ece383_wksp/lab2/lab2/lab2.srcs/utils_1/imports/synth_1/lab2.dcp with file C:/Users/C27Brandon.Sweitzer/workspace/ece383_wksp/lab2/lab2/lab2.runs/synth_1/lab2.dcp
launch_runs impl_1 -to_step write_bitstream -jobs 8
WARNING: [filemgmt 56-199] Attempt to get parsing info during refresh. "On-the-fly" syntax checking information may be incorrect. [C:\Users\C27Brandon.Sweitzer\workspace\ece383_wksp\lab2\lab2\lab2.srcs\sources_1\imports\Downloads\Lab02_cadet_code\lab2_code_for_cadets_2026\lab2.vhd:]
WARNING: [filemgmt 56-199] Attempt to get parsing info during refresh. "On-the-fly" syntax checking information may be incorrect. [C:\Users\C27Brandon.Sweitzer\workspace\ece383_wksp\lab2\lab2\lab2.srcs\sources_1\imports\Downloads\Lab02_cadet_code\lab2_code_for_cadets_2026\lab2_datapath.vhdl:]
WARNING: [filemgmt 56-199] Attempt to get parsing info during refresh. "On-the-fly" syntax checking information may be incorrect. [C:\Users\C27Brandon.Sweitzer\workspace\ece383_wksp\lab2\lab2\lab2.srcs\sources_1\imports\Downloads\Lab02_cadet_code\lab2_code_for_cadets_2026\lab2_fsm.vhdl:]
WARNING: [filemgmt 56-199] Attempt to get parsing info during refresh. "On-the-fly" syntax checking information may be incorrect. [C:\Users\C27Brandon.Sweitzer\workspace\ece383_wksp\lab2\lab2\lab2.srcs\sources_1\imports\Downloads\Lab02_cadet_code\lab2_code_for_cadets_2026\trigger_detector.vhd:]
WARNING: [filemgmt 56-199] Attempt to get parsing info during refresh. "On-the-fly" syntax checking information may be incorrect. [C:\Users\C27Brandon.Sweitzer\workspace\ece383_wksp\lab2\lab2\lab2.srcs\sources_1\imports\lab2_code_for_cadets_2026\ece383_pkg.vhd:]
WARNING: [filemgmt 56-199] Attempt to get parsing info during refresh. "On-the-fly" syntax checking information may be incorrect. [C:\Users\C27Brandon.Sweitzer\workspace\ece383_wksp\lab2\lab2\lab2.srcs\sources_1\new\color_mapper.vhd:]
WARNING: [filemgmt 56-199] Attempt to get parsing info during refresh. "On-the-fly" syntax checking information may be incorrect. [C:\Users\C27Brandon.Sweitzer\workspace\ece383_wksp\lab2\lab2\lab2.srcs\sources_1\imports\Downloads\Lab02_cadet_code\lab2_code_for_cadets_2026\lab2_fsm.vhdl:]
WARNING: [filemgmt 56-199] Attempt to get parsing info during refresh. "On-the-fly" syntax checking information may be incorrect. [C:\Users\C27Brandon.Sweitzer\workspace\ece383_wksp\lab2\lab2\lab2.srcs\sources_1\imports\Downloads\Lab02_cadet_code\lab2_code_for_cadets_2026\lab2_fsm.vhdl:]
WARNING: [filemgmt 56-199] Attempt to get parsing info during refresh. "On-the-fly" syntax checking information may be incorrect. [C:\Users\C27Brandon.Sweitzer\workspace\ece383_wksp\lab2\lab2\lab2.srcs\sources_1\imports\Downloads\Lab02_cadet_code\lab2_code_for_cadets_2026\lab2.vhd:]
WARNING: [filemgmt 56-199] Attempt to get parsing info during refresh. "On-the-fly" syntax checking information may be incorrect. [C:\Users\C27Brandon.Sweitzer\workspace\ece383_wksp\lab2\lab2\lab2.srcs\sources_1\imports\Downloads\Lab02_cadet_code\lab2_code_for_cadets_2026\lab2_datapath.vhdl:]
WARNING: [filemgmt 56-199] Attempt to get parsing info during refresh. "On-the-fly" syntax checking information may be incorrect. [C:\Users\C27Brandon.Sweitzer\workspace\ece383_wksp\lab2\lab2\lab2.srcs\sources_1\imports\Downloads\Lab02_cadet_code\lab2_code_for_cadets_2026\lab2_fsm.vhdl:]
WARNING: [filemgmt 56-199] Attempt to get parsing info during refresh. "On-the-fly" syntax checking information may be incorrect. [C:\Users\C27Brandon.Sweitzer\workspace\ece383_wksp\lab2\lab2\lab2.srcs\sources_1\imports\Downloads\Lab02_cadet_code\lab2_code_for_cadets_2026\trigger_detector.vhd:]
WARNING: [filemgmt 56-199] Attempt to get parsing info during refresh. "On-the-fly" syntax checking information may be incorrect. [C:\Users\C27Brandon.Sweitzer\workspace\ece383_wksp\lab2\lab2\lab2.srcs\sources_1\imports\lab2_code_for_cadets_2026\ece383_pkg.vhd:]
WARNING: [filemgmt 56-199] Attempt to get parsing info during refresh. "On-the-fly" syntax checking information may be incorrect. [C:\Users\C27Brandon.Sweitzer\workspace\ece383_wksp\lab2\lab2\lab2.srcs\sources_1\new\color_mapper.vhd:]
WARNING: [filemgmt 56-199] Attempt to get parsing info during refresh. "On-the-fly" syntax checking information may be incorrect. [C:\Users\C27Brandon.Sweitzer\workspace\ece383_wksp\lab2\lab2\lab2.srcs\sources_1\imports\lab2_code_for_cadets_2026\ece383_pkg.vhd:]
WARNING: [filemgmt 56-199] Attempt to get parsing info during refresh. "On-the-fly" syntax checking information may be incorrect. [C:\Users\C27Brandon.Sweitzer\workspace\ece383_wksp\lab2\lab2\lab2.srcs\sources_1\imports\lab2_code_for_cadets_2026\ece383_pkg.vhd:]
WARNING: [filemgmt 56-199] Attempt to get parsing info during refresh. "On-the-fly" syntax checking information may be incorrect. [C:\Users\C27Brandon.Sweitzer\workspace\ece383_wksp\lab2\lab2\lab2.srcs\sources_1\imports\Downloads\Lab02_cadet_code\lab2_code_for_cadets_2026\lab2.vhd:]
WARNING: [filemgmt 56-199] Attempt to get parsing info during refresh. "On-the-fly" syntax checking information may be incorrect. [C:\Users\C27Brandon.Sweitzer\workspace\ece383_wksp\lab2\lab2\lab2.srcs\sources_1\imports\Downloads\Lab02_cadet_code\lab2_code_for_cadets_2026\lab2_datapath.vhdl:]
WARNING: [filemgmt 56-199] Attempt to get parsing info during refresh. "On-the-fly" syntax checking information may be incorrect. [C:\Users\C27Brandon.Sweitzer\workspace\ece383_wksp\lab2\lab2\lab2.srcs\sources_1\imports\Downloads\Lab02_cadet_code\lab2_code_for_cadets_2026\lab2_fsm.vhdl:]
WARNING: [filemgmt 56-199] Attempt to get parsing info during refresh. "On-the-fly" syntax checking information may be incorrect. [C:\Users\C27Brandon.Sweitzer\workspace\ece383_wksp\lab2\lab2\lab2.srcs\sources_1\imports\Downloads\Lab02_cadet_code\lab2_code_for_cadets_2026\trigger_detector.vhd:]
WARNING: [filemgmt 56-199] Attempt to get parsing info during refresh. "On-the-fly" syntax checking information may be incorrect. [C:\Users\C27Brandon.Sweitzer\workspace\ece383_wksp\lab2\lab2\lab2.srcs\sources_1\imports\lab2_code_for_cadets_2026\ece383_pkg.vhd:]
WARNING: [filemgmt 56-199] Attempt to get parsing info during refresh. "On-the-fly" syntax checking information may be incorrect. [C:\Users\C27Brandon.Sweitzer\workspace\ece383_wksp\lab2\lab2\lab2.srcs\sources_1\new\color_mapper.vhd:]
WARNING: [filemgmt 56-199] Attempt to get parsing info during refresh. "On-the-fly" syntax checking information may be incorrect. [C:\Users\C27Brandon.Sweitzer\workspace\ece383_wksp\lab2\lab2\lab2.srcs\sources_1\new\color_mapper.vhd:]
WARNING: [filemgmt 56-199] Attempt to get parsing info during refresh. "On-the-fly" syntax checking information may be incorrect. [C:\Users\C27Brandon.Sweitzer\workspace\ece383_wksp\lab2\lab2\lab2.srcs\sources_1\new\color_mapper.vhd:]
[Thu Mar  5 00:10:01 2026] Launched synth_1...
Run output will be captured here: C:/Users/C27Brandon.Sweitzer/workspace/ece383_wksp/lab2/lab2/lab2.runs/synth_1/runme.log
[Thu Mar  5 00:10:01 2026] Launched impl_1...
Run output will be captured here: C:/Users/C27Brandon.Sweitzer/workspace/ece383_wksp/lab2/lab2/lab2.runs/impl_1/runme.log
ERROR: [Common 17-180] Spawn failed: No error
WARNING: [filemgmt 56-199] Attempt to get parsing info during refresh. "On-the-fly" syntax checking information may be incorrect. [C:\Users\C27Brandon.Sweitzer\workspace\ece383_wksp\lab2\lab2\lab2.srcs\sources_1\imports\Downloads\Lab02_cadet_code\lab2_code_for_cadets_2026\lab2.vhd:]
WARNING: [filemgmt 56-199] Attempt to get parsing info during refresh. "On-the-fly" syntax checking information may be incorrect. [C:\Users\C27Brandon.Sweitzer\workspace\ece383_wksp\lab2\lab2\lab2.srcs\sources_1\imports\Downloads\Lab02_cadet_code\lab2_code_for_cadets_2026\lab2_datapath.vhdl:]
WARNING: [filemgmt 56-199] Attempt to get parsing info during refresh. "On-the-fly" syntax checking information may be incorrect. [C:\Users\C27Brandon.Sweitzer\workspace\ece383_wksp\lab2\lab2\lab2.srcs\sources_1\imports\Downloads\Lab02_cadet_code\lab2_code_for_cadets_2026\lab2_fsm.vhdl:]
WARNING: [filemgmt 56-199] Attempt to get parsing info during refresh. "On-the-fly" syntax checking information may be incorrect. [C:\Users\C27Brandon.Sweitzer\workspace\ece383_wksp\lab2\lab2\lab2.srcs\sources_1\imports\Downloads\Lab02_cadet_code\lab2_code_for_cadets_2026\trigger_detector.vhd:]
WARNING: [filemgmt 56-199] Attempt to get parsing info during refresh. "On-the-fly" syntax checking information may be incorrect. [C:\Users\C27Brandon.Sweitzer\workspace\ece383_wksp\lab2\lab2\lab2.srcs\sources_1\imports\lab2_code_for_cadets_2026\ece383_pkg.vhd:]
WARNING: [filemgmt 56-199] Attempt to get parsing info during refresh. "On-the-fly" syntax checking information may be incorrect. [C:\Users\C27Brandon.Sweitzer\workspace\ece383_wksp\lab2\lab2\lab2.srcs\sources_1\new\color_mapper.vhd:]
WARNING: [filemgmt 56-199] Attempt to get parsing info during refresh. "On-the-fly" syntax checking information may be incorrect. [C:\Users\C27Brandon.Sweitzer\workspace\ece383_wksp\lab2\lab2\lab2.srcs\sources_1\imports\Downloads\Lab02_cadet_code\lab2_code_for_cadets_2026\lab2.vhd:]
WARNING: [filemgmt 56-199] Attempt to get parsing info during refresh. "On-the-fly" syntax checking information may be incorrect. [C:\Users\C27Brandon.Sweitzer\workspace\ece383_wksp\lab2\lab2\lab2.srcs\sources_1\imports\Downloads\Lab02_cadet_code\lab2_code_for_cadets_2026\lab2.vhd:]
ERROR: [Common 17-180] Spawn failed: No error
WARNING: [filemgmt 56-199] Attempt to get parsing info during refresh. "On-the-fly" syntax checking information may be incorrect. [C:\Users\C27Brandon.Sweitzer\workspace\ece383_wksp\lab2\lab2\lab2.srcs\sources_1\imports\Downloads\Lab02_cadet_code\lab2_code_for_cadets_2026\lab2.vhd:]
WARNING: [filemgmt 56-199] Attempt to get parsing info during refresh. "On-the-fly" syntax checking information may be incorrect. [C:\Users\C27Brandon.Sweitzer\workspace\ece383_wksp\lab2\lab2\lab2.srcs\sources_1\imports\Downloads\Lab02_cadet_code\lab2_code_for_cadets_2026\lab2_datapath.vhdl:]
WARNING: [filemgmt 56-199] Attempt to get parsing info during refresh. "On-the-fly" syntax checking information may be incorrect. [C:\Users\C27Brandon.Sweitzer\workspace\ece383_wksp\lab2\lab2\lab2.srcs\sources_1\imports\Downloads\Lab02_cadet_code\lab2_code_for_cadets_2026\lab2_fsm.vhdl:]
WARNING: [filemgmt 56-199] Attempt to get parsing info during refresh. "On-the-fly" syntax checking information may be incorrect. [C:\Users\C27Brandon.Sweitzer\workspace\ece383_wksp\lab2\lab2\lab2.srcs\sources_1\imports\Downloads\Lab02_cadet_code\lab2_code_for_cadets_2026\trigger_detector.vhd:]
WARNING: [filemgmt 56-199] Attempt to get parsing info during refresh. "On-the-fly" syntax checking information may be incorrect. [C:\Users\C27Brandon.Sweitzer\workspace\ece383_wksp\lab2\lab2\lab2.srcs\sources_1\imports\lab2_code_for_cadets_2026\ece383_pkg.vhd:]
WARNING: [filemgmt 56-199] Attempt to get parsing info during refresh. "On-the-fly" syntax checking information may be incorrect. [C:\Users\C27Brandon.Sweitzer\workspace\ece383_wksp\lab2\lab2\lab2.srcs\sources_1\new\color_mapper.vhd:]
WARNING: [filemgmt 56-199] Attempt to get parsing info during refresh. "On-the-fly" syntax checking information may be incorrect. [C:\Users\C27Brandon.Sweitzer\workspace\ece383_wksp\lab2\lab2\lab2.srcs\sources_1\imports\Downloads\Lab02_cadet_code\lab2_code_for_cadets_2026\lab2_datapath.vhdl:]
WARNING: [filemgmt 56-199] Attempt to get parsing info during refresh. "On-the-fly" syntax checking information may be incorrect. [C:\Users\C27Brandon.Sweitzer\workspace\ece383_wksp\lab2\lab2\lab2.srcs\sources_1\imports\Downloads\Lab02_cadet_code\lab2_code_for_cadets_2026\lab2_datapath.vhdl:]
ERROR: [Common 17-180] Spawn failed: No error
WARNING: [filemgmt 56-199] Attempt to get parsing info during refresh. "On-the-fly" syntax checking information may be incorrect. [C:\Users\C27Brandon.Sweitzer\workspace\ece383_wksp\lab2\lab2\lab2.srcs\sources_1\imports\Downloads\Lab02_cadet_code\lab2_code_for_cadets_2026\lab2.vhd:]
WARNING: [filemgmt 56-199] Attempt to get parsing info during refresh. "On-the-fly" syntax checking information may be incorrect. [C:\Users\C27Brandon.Sweitzer\workspace\ece383_wksp\lab2\lab2\lab2.srcs\sources_1\imports\Downloads\Lab02_cadet_code\lab2_code_for_cadets_2026\lab2_datapath.vhdl:]
WARNING: [filemgmt 56-199] Attempt to get parsing info during refresh. "On-the-fly" syntax checking information may be incorrect. [C:\Users\C27Brandon.Sweitzer\workspace\ece383_wksp\lab2\lab2\lab2.srcs\sources_1\imports\Downloads\Lab02_cadet_code\lab2_code_for_cadets_2026\lab2_fsm.vhdl:]
WARNING: [filemgmt 56-199] Attempt to get parsing info during refresh. "On-the-fly" syntax checking information may be incorrect. [C:\Users\C27Brandon.Sweitzer\workspace\ece383_wksp\lab2\lab2\lab2.srcs\sources_1\imports\Downloads\Lab02_cadet_code\lab2_code_for_cadets_2026\trigger_detector.vhd:]
WARNING: [filemgmt 56-199] Attempt to get parsing info during refresh. "On-the-fly" syntax checking information may be incorrect. [C:\Users\C27Brandon.Sweitzer\workspace\ece383_wksp\lab2\lab2\lab2.srcs\sources_1\imports\lab2_code_for_cadets_2026\ece383_pkg.vhd:]
WARNING: [filemgmt 56-199] Attempt to get parsing info during refresh. "On-the-fly" syntax checking information may be incorrect. [C:\Users\C27Brandon.Sweitzer\workspace\ece383_wksp\lab2\lab2\lab2.srcs\sources_1\new\color_mapper.vhd:]
WARNING: [filemgmt 56-199] Attempt to get parsing info during refresh. "On-the-fly" syntax checking information may be incorrect. [C:\Users\C27Brandon.Sweitzer\workspace\ece383_wksp\lab2\lab2\lab2.srcs\sources_1\imports\Downloads\Lab02_cadet_code\lab2_code_for_cadets_2026\lab2_fsm.vhdl:]
WARNING: [filemgmt 56-199] Attempt to get parsing info during refresh. "On-the-fly" syntax checking information may be incorrect. [C:\Users\C27Brandon.Sweitzer\workspace\ece383_wksp\lab2\lab2\lab2.srcs\sources_1\imports\Downloads\Lab02_cadet_code\lab2_code_for_cadets_2026\lab2_fsm.vhdl:]
WARNING: [filemgmt 56-199] Attempt to get parsing info during refresh. "On-the-fly" syntax checking information may be incorrect. [C:\Users\C27Brandon.Sweitzer\workspace\ece383_wksp\lab2\lab2\lab2.srcs\sources_1\imports\Downloads\Lab02_cadet_code\lab2_code_for_cadets_2026\lab2.vhd:]
WARNING: [filemgmt 56-199] Attempt to get parsing info during refresh. "On-the-fly" syntax checking information may be incorrect. [C:\Users\C27Brandon.Sweitzer\workspace\ece383_wksp\lab2\lab2\lab2.srcs\sources_1\imports\Downloads\Lab02_cadet_code\lab2_code_for_cadets_2026\lab2_datapath.vhdl:]
WARNING: [filemgmt 56-199] Attempt to get parsing info during refresh. "On-the-fly" syntax checking information may be incorrect. [C:\Users\C27Brandon.Sweitzer\workspace\ece383_wksp\lab2\lab2\lab2.srcs\sources_1\imports\Downloads\Lab02_cadet_code\lab2_code_for_cadets_2026\lab2_fsm.vhdl:]
WARNING: [filemgmt 56-199] Attempt to get parsing info during refresh. "On-the-fly" syntax checking information may be incorrect. [C:\Users\C27Brandon.Sweitzer\workspace\ece383_wksp\lab2\lab2\lab2.srcs\sources_1\imports\Downloads\Lab02_cadet_code\lab2_code_for_cadets_2026\trigger_detector.vhd:]
WARNING: [filemgmt 56-199] Attempt to get parsing info during refresh. "On-the-fly" syntax checking information may be incorrect. [C:\Users\C27Brandon.Sweitzer\workspace\ece383_wksp\lab2\lab2\lab2.srcs\sources_1\imports\lab2_code_for_cadets_2026\ece383_pkg.vhd:]
WARNING: [filemgmt 56-199] Attempt to get parsing info during refresh. "On-the-fly" syntax checking information may be incorrect. [C:\Users\C27Brandon.Sweitzer\workspace\ece383_wksp\lab2\lab2\lab2.srcs\sources_1\new\color_mapper.vhd:]
WARNING: [filemgmt 56-199] Attempt to get parsing info during refresh. "On-the-fly" syntax checking information may be incorrect. [C:\Users\C27Brandon.Sweitzer\workspace\ece383_wksp\lab2\lab2\lab2.srcs\sources_1\imports\lab2_code_for_cadets_2026\ece383_pkg.vhd:]
WARNING: [filemgmt 56-199] Attempt to get parsing info during refresh. "On-the-fly" syntax checking information may be incorrect. [C:\Users\C27Brandon.Sweitzer\workspace\ece383_wksp\lab2\lab2\lab2.srcs\sources_1\imports\lab2_code_for_cadets_2026\ece383_pkg.vhd:]
WARNING: [filemgmt 56-199] Attempt to get parsing info during refresh. "On-the-fly" syntax checking information may be incorrect. [C:\Users\C27Brandon.Sweitzer\workspace\ece383_wksp\lab2\lab2\lab2.srcs\sources_1\imports\Downloads\Lab02_cadet_code\lab2_code_for_cadets_2026\lab2.vhd:]
WARNING: [filemgmt 56-199] Attempt to get parsing info during refresh. "On-the-fly" syntax checking information may be incorrect. [C:\Users\C27Brandon.Sweitzer\workspace\ece383_wksp\lab2\lab2\lab2.srcs\sources_1\imports\Downloads\Lab02_cadet_code\lab2_code_for_cadets_2026\lab2_datapath.vhdl:]
WARNING: [filemgmt 56-199] Attempt to get parsing info during refresh. "On-the-fly" syntax checking information may be incorrect. [C:\Users\C27Brandon.Sweitzer\workspace\ece383_wksp\lab2\lab2\lab2.srcs\sources_1\imports\Downloads\Lab02_cadet_code\lab2_code_for_cadets_2026\lab2_fsm.vhdl:]
WARNING: [filemgmt 56-199] Attempt to get parsing info during refresh. "On-the-fly" syntax checking information may be incorrect. [C:\Users\C27Brandon.Sweitzer\workspace\ece383_wksp\lab2\lab2\lab2.srcs\sources_1\imports\Downloads\Lab02_cadet_code\lab2_code_for_cadets_2026\trigger_detector.vhd:]
WARNING: [filemgmt 56-199] Attempt to get parsing info during refresh. "On-the-fly" syntax checking information may be incorrect. [C:\Users\C27Brandon.Sweitzer\workspace\ece383_wksp\lab2\lab2\lab2.srcs\sources_1\imports\lab2_code_for_cadets_2026\ece383_pkg.vhd:]
WARNING: [filemgmt 56-199] Attempt to get parsing info during refresh. "On-the-fly" syntax checking information may be incorrect. [C:\Users\C27Brandon.Sweitzer\workspace\ece383_wksp\lab2\lab2\lab2.srcs\sources_1\new\color_mapper.vhd:]
WARNING: [filemgmt 56-199] Attempt to get parsing info during refresh. "On-the-fly" syntax checking information may be incorrect. [C:\Users\C27Brandon.Sweitzer\workspace\ece383_wksp\lab2\lab2\lab2.srcs\sources_1\new\color_mapper.vhd:]
WARNING: [filemgmt 56-199] Attempt to get parsing info during refresh. "On-the-fly" syntax checking information may be incorrect. [C:\Users\C27Brandon.Sweitzer\workspace\ece383_wksp\lab2\lab2\lab2.srcs\sources_1\new\color_mapper.vhd:]
reset_run synth_1
launch_runs impl_1 -to_step write_bitstream -jobs 8
ERROR: [Common 17-180] Spawn failed: No error
WARNING: [filemgmt 56-199] Attempt to get parsing info during refresh. "On-the-fly" syntax checking information may be incorrect. [C:\Users\C27Brandon.Sweitzer\workspace\ece383_wksp\lab2\lab2\lab2.srcs\sources_1\imports\Downloads\Lab02_cadet_code\lab2_code_for_cadets_2026\lab2.vhd:]
WARNING: [filemgmt 56-199] Attempt to get parsing info during refresh. "On-the-fly" syntax checking information may be incorrect. [C:\Users\C27Brandon.Sweitzer\workspace\ece383_wksp\lab2\lab2\lab2.srcs\sources_1\imports\Downloads\Lab02_cadet_code\lab2_code_for_cadets_2026\lab2_datapath.vhdl:]
WARNING: [filemgmt 56-199] Attempt to get parsing info during refresh. "On-the-fly" syntax checking information may be incorrect. [C:\Users\C27Brandon.Sweitzer\workspace\ece383_wksp\lab2\lab2\lab2.srcs\sources_1\imports\Downloads\Lab02_cadet_code\lab2_code_for_cadets_2026\lab2_fsm.vhdl:]
WARNING: [filemgmt 56-199] Attempt to get parsing info during refresh. "On-the-fly" syntax checking information may be incorrect. [C:\Users\C27Brandon.Sweitzer\workspace\ece383_wksp\lab2\lab2\lab2.srcs\sources_1\imports\Downloads\Lab02_cadet_code\lab2_code_for_cadets_2026\trigger_detector.vhd:]
WARNING: [filemgmt 56-199] Attempt to get parsing info during refresh. "On-the-fly" syntax checking information may be incorrect. [C:\Users\C27Brandon.Sweitzer\workspace\ece383_wksp\lab2\lab2\lab2.srcs\sources_1\imports\lab2_code_for_cadets_2026\ece383_pkg.vhd:]
WARNING: [filemgmt 56-199] Attempt to get parsing info during refresh. "On-the-fly" syntax checking information may be incorrect. [C:\Users\C27Brandon.Sweitzer\workspace\ece383_wksp\lab2\lab2\lab2.srcs\sources_1\new\color_mapper.vhd:]
WARNING: [filemgmt 56-199] Attempt to get parsing info during refresh. "On-the-fly" syntax checking information may be incorrect. [C:\Users\C27Brandon.Sweitzer\workspace\ece383_wksp\lab2\lab2\lab2.srcs\sources_1\imports\Downloads\Lab02_cadet_code\lab2_code_for_cadets_2026\lab2.vhd:]
WARNING: [filemgmt 56-199] Attempt to get parsing info during refresh. "On-the-fly" syntax checking information may be incorrect. [C:\Users\C27Brandon.Sweitzer\workspace\ece383_wksp\lab2\lab2\lab2.srcs\sources_1\imports\Downloads\Lab02_cadet_code\lab2_code_for_cadets_2026\lab2.vhd:]
ERROR: [Common 17-180] Spawn failed: No error
ERROR: [Common 17-180] Spawn failed: No error
WARNING: [filemgmt 56-199] Attempt to get parsing info during refresh. "On-the-fly" syntax checking information may be incorrect. [C:\Users\C27Brandon.Sweitzer\workspace\ece383_wksp\lab2\lab2\lab2.srcs\sources_1\imports\Downloads\Lab02_cadet_code\lab2_code_for_cadets_2026\lab2.vhd:]
WARNING: [filemgmt 56-199] Attempt to get parsing info during refresh. "On-the-fly" syntax checking information may be incorrect. [C:\Users\C27Brandon.Sweitzer\workspace\ece383_wksp\lab2\lab2\lab2.srcs\sources_1\imports\Downloads\Lab02_cadet_code\lab2_code_for_cadets_2026\lab2_datapath.vhdl:]
ERROR: [Vivado 12-4756] Launch of runs aborted due to earlier errors while preparing sub-designs for run execution.
launch_runs impl_1 -to_step write_bitstream -jobs 8
[Thu Mar  5 00:12:53 2026] Launched synth_1...
Run output will be captured here: C:/Users/C27Brandon.Sweitzer/workspace/ece383_wksp/lab2/lab2/lab2.runs/synth_1/runme.log
[Thu Mar  5 00:12:53 2026] Launched impl_1...
Run output will be captured here: C:/Users/C27Brandon.Sweitzer/workspace/ece383_wksp/lab2/lab2/lab2.runs/impl_1/runme.log
WARNING: [filemgmt 56-199] Attempt to get parsing info during refresh. "On-the-fly" syntax checking information may be incorrect. [C:\Users\C27Brandon.Sweitzer\workspace\ece383_wksp\lab2\lab2\lab2.srcs\sources_1\imports\Downloads\Lab02_cadet_code\lab2_code_for_cadets_2026\lab2.vhd:]
WARNING: [filemgmt 56-199] Attempt to get parsing info during refresh. "On-the-fly" syntax checking information may be incorrect. [C:\Users\C27Brandon.Sweitzer\workspace\ece383_wksp\lab2\lab2\lab2.srcs\sources_1\imports\Downloads\Lab02_cadet_code\lab2_code_for_cadets_2026\lab2_datapath.vhdl:]
WARNING: [filemgmt 56-199] Attempt to get parsing info during refresh. "On-the-fly" syntax checking information may be incorrect. [C:\Users\C27Brandon.Sweitzer\workspace\ece383_wksp\lab2\lab2\lab2.srcs\sources_1\imports\Downloads\Lab02_cadet_code\lab2_code_for_cadets_2026\lab2_fsm.vhdl:]
WARNING: [filemgmt 56-199] Attempt to get parsing info during refresh. "On-the-fly" syntax checking information may be incorrect. [C:\Users\C27Brandon.Sweitzer\workspace\ece383_wksp\lab2\lab2\lab2.srcs\sources_1\imports\Downloads\Lab02_cadet_code\lab2_code_for_cadets_2026\trigger_detector.vhd:]
WARNING: [filemgmt 56-199] Attempt to get parsing info during refresh. "On-the-fly" syntax checking information may be incorrect. [C:\Users\C27Brandon.Sweitzer\workspace\ece383_wksp\lab2\lab2\lab2.srcs\sources_1\imports\lab2_code_for_cadets_2026\ece383_pkg.vhd:]
WARNING: [filemgmt 56-199] Attempt to get parsing info during refresh. "On-the-fly" syntax checking information may be incorrect. [C:\Users\C27Brandon.Sweitzer\workspace\ece383_wksp\lab2\lab2\lab2.srcs\sources_1\new\color_mapper.vhd:]
WARNING: [filemgmt 56-199] Attempt to get parsing info during refresh. "On-the-fly" syntax checking information may be incorrect. [C:\Users\C27Brandon.Sweitzer\workspace\ece383_wksp\lab2\lab2\lab2.srcs\sources_1\imports\Downloads\Lab02_cadet_code\lab2_code_for_cadets_2026\lab2_fsm.vhdl:]
WARNING: [filemgmt 56-199] Attempt to get parsing info during refresh. "On-the-fly" syntax checking information may be incorrect. [C:\Users\C27Brandon.Sweitzer\workspace\ece383_wksp\lab2\lab2\lab2.srcs\sources_1\imports\Downloads\Lab02_cadet_code\lab2_code_for_cadets_2026\lab2_fsm.vhdl:]
WARNING: [filemgmt 56-199] Attempt to get parsing info during refresh. "On-the-fly" syntax checking information may be incorrect. [C:\Users\C27Brandon.Sweitzer\workspace\ece383_wksp\lab2\lab2\lab2.srcs\sources_1\imports\Downloads\Lab02_cadet_code\lab2_code_for_cadets_2026\lab2.vhd:]
WARNING: [filemgmt 56-199] Attempt to get parsing info during refresh. "On-the-fly" syntax checking information may be incorrect. [C:\Users\C27Brandon.Sweitzer\workspace\ece383_wksp\lab2\lab2\lab2.srcs\sources_1\imports\Downloads\Lab02_cadet_code\lab2_code_for_cadets_2026\lab2_datapath.vhdl:]
WARNING: [filemgmt 56-199] Attempt to get parsing info during refresh. "On-the-fly" syntax checking information may be incorrect. [C:\Users\C27Brandon.Sweitzer\workspace\ece383_wksp\lab2\lab2\lab2.srcs\sources_1\imports\Downloads\Lab02_cadet_code\lab2_code_for_cadets_2026\lab2_fsm.vhdl:]
WARNING: [filemgmt 56-199] Attempt to get parsing info during refresh. "On-the-fly" syntax checking information may be incorrect. [C:\Users\C27Brandon.Sweitzer\workspace\ece383_wksp\lab2\lab2\lab2.srcs\sources_1\imports\Downloads\Lab02_cadet_code\lab2_code_for_cadets_2026\trigger_detector.vhd:]
WARNING: [filemgmt 56-199] Attempt to get parsing info during refresh. "On-the-fly" syntax checking information may be incorrect. [C:\Users\C27Brandon.Sweitzer\workspace\ece383_wksp\lab2\lab2\lab2.srcs\sources_1\imports\lab2_code_for_cadets_2026\ece383_pkg.vhd:]
WARNING: [filemgmt 56-199] Attempt to get parsing info during refresh. "On-the-fly" syntax checking information may be incorrect. [C:\Users\C27Brandon.Sweitzer\workspace\ece383_wksp\lab2\lab2\lab2.srcs\sources_1\new\color_mapper.vhd:]
WARNING: [filemgmt 56-199] Attempt to get parsing info during refresh. "On-the-fly" syntax checking information may be incorrect. [C:\Users\C27Brandon.Sweitzer\workspace\ece383_wksp\lab2\lab2\lab2.srcs\sources_1\imports\lab2_code_for_cadets_2026\ece383_pkg.vhd:]
WARNING: [filemgmt 56-199] Attempt to get parsing info during refresh. "On-the-fly" syntax checking information may be incorrect. [C:\Users\C27Brandon.Sweitzer\workspace\ece383_wksp\lab2\lab2\lab2.srcs\sources_1\imports\lab2_code_for_cadets_2026\ece383_pkg.vhd:]
WARNING: [filemgmt 56-199] Attempt to get parsing info during refresh. "On-the-fly" syntax checking information may be incorrect. [C:\Users\C27Brandon.Sweitzer\workspace\ece383_wksp\lab2\lab2\lab2.srcs\sources_1\imports\Downloads\Lab02_cadet_code\lab2_code_for_cadets_2026\lab2.vhd:]
WARNING: [filemgmt 56-199] Attempt to get parsing info during refresh. "On-the-fly" syntax checking information may be incorrect. [C:\Users\C27Brandon.Sweitzer\workspace\ece383_wksp\lab2\lab2\lab2.srcs\sources_1\imports\Downloads\Lab02_cadet_code\lab2_code_for_cadets_2026\lab2_datapath.vhdl:]
WARNING: [filemgmt 56-199] Attempt to get parsing info during refresh. "On-the-fly" syntax checking information may be incorrect. [C:\Users\C27Brandon.Sweitzer\workspace\ece383_wksp\lab2\lab2\lab2.srcs\sources_1\imports\Downloads\Lab02_cadet_code\lab2_code_for_cadets_2026\lab2_fsm.vhdl:]
WARNING: [filemgmt 56-199] Attempt to get parsing info during refresh. "On-the-fly" syntax checking information may be incorrect. [C:\Users\C27Brandon.Sweitzer\workspace\ece383_wksp\lab2\lab2\lab2.srcs\sources_1\imports\Downloads\Lab02_cadet_code\lab2_code_for_cadets_2026\trigger_detector.vhd:]
WARNING: [filemgmt 56-199] Attempt to get parsing info during refresh. "On-the-fly" syntax checking information may be incorrect. [C:\Users\C27Brandon.Sweitzer\workspace\ece383_wksp\lab2\lab2\lab2.srcs\sources_1\imports\lab2_code_for_cadets_2026\ece383_pkg.vhd:]
WARNING: [filemgmt 56-199] Attempt to get parsing info during refresh. "On-the-fly" syntax checking information may be incorrect. [C:\Users\C27Brandon.Sweitzer\workspace\ece383_wksp\lab2\lab2\lab2.srcs\sources_1\new\color_mapper.vhd:]
WARNING: [filemgmt 56-199] Attempt to get parsing info during refresh. "On-the-fly" syntax checking information may be incorrect. [C:\Users\C27Brandon.Sweitzer\workspace\ece383_wksp\lab2\lab2\lab2.srcs\sources_1\new\color_mapper.vhd:]
WARNING: [filemgmt 56-199] Attempt to get parsing info during refresh. "On-the-fly" syntax checking information may be incorrect. [C:\Users\C27Brandon.Sweitzer\workspace\ece383_wksp\lab2\lab2\lab2.srcs\sources_1\new\color_mapper.vhd:]
ERROR: [Common 17-180] Spawn failed: No error
ERROR: [Common 17-180] Spawn failed: No error
WARNING: [filemgmt 56-199] Attempt to get parsing info during refresh. "On-the-fly" syntax checking information may be incorrect. [C:\Users\C27Brandon.Sweitzer\workspace\ece383_wksp\lab2\lab2\lab2.srcs\sources_1\imports\Downloads\Lab02_cadet_code\lab2_code_for_cadets_2026\lab2.vhd:]
WARNING: [filemgmt 56-199] Attempt to get parsing info during refresh. "On-the-fly" syntax checking information may be incorrect. [C:\Users\C27Brandon.Sweitzer\workspace\ece383_wksp\lab2\lab2\lab2.srcs\sources_1\imports\Downloads\Lab02_cadet_code\lab2_code_for_cadets_2026\lab2_datapath.vhdl:]
WARNING: [filemgmt 56-199] Attempt to get parsing info during refresh. "On-the-fly" syntax checking information may be incorrect. [C:\Users\C27Brandon.Sweitzer\workspace\ece383_wksp\lab2\lab2\lab2.srcs\sources_1\imports\Downloads\Lab02_cadet_code\lab2_code_for_cadets_2026\lab2_fsm.vhdl:]
WARNING: [filemgmt 56-199] Attempt to get parsing info during refresh. "On-the-fly" syntax checking information may be incorrect. [C:\Users\C27Brandon.Sweitzer\workspace\ece383_wksp\lab2\lab2\lab2.srcs\sources_1\imports\Downloads\Lab02_cadet_code\lab2_code_for_cadets_2026\trigger_detector.vhd:]
WARNING: [filemgmt 56-199] Attempt to get parsing info during refresh. "On-the-fly" syntax checking information may be incorrect. [C:\Users\C27Brandon.Sweitzer\workspace\ece383_wksp\lab2\lab2\lab2.srcs\sources_1\imports\lab2_code_for_cadets_2026\ece383_pkg.vhd:]
WARNING: [filemgmt 56-199] Attempt to get parsing info during refresh. "On-the-fly" syntax checking information may be incorrect. [C:\Users\C27Brandon.Sweitzer\workspace\ece383_wksp\lab2\lab2\lab2.srcs\sources_1\new\color_mapper.vhd:]
WARNING: [filemgmt 56-199] Attempt to get parsing info during refresh. "On-the-fly" syntax checking information may be incorrect. [C:\Users\C27Brandon.Sweitzer\workspace\ece383_wksp\lab2\lab2\lab2.srcs\sources_1\imports\Downloads\Lab02_cadet_code\lab2_code_for_cadets_2026\lab2.vhd:]
WARNING: [filemgmt 56-199] Attempt to get parsing info during refresh. "On-the-fly" syntax checking information may be incorrect. [C:\Users\C27Brandon.Sweitzer\workspace\ece383_wksp\lab2\lab2\lab2.srcs\sources_1\imports\Downloads\Lab02_cadet_code\lab2_code_for_cadets_2026\lab2.vhd:]
WARNING: [filemgmt 56-199] Attempt to get parsing info during refresh. "On-the-fly" syntax checking information may be incorrect. [C:\Users\C27Brandon.Sweitzer\workspace\ece383_wksp\lab2\lab2\lab2.srcs\sources_1\imports\Downloads\Lab02_cadet_code\lab2_code_for_cadets_2026\lab2.vhd:]
WARNING: [filemgmt 56-199] Attempt to get parsing info during refresh. "On-the-fly" syntax checking information may be incorrect. [C:\Users\C27Brandon.Sweitzer\workspace\ece383_wksp\lab2\lab2\lab2.srcs\sources_1\imports\Downloads\Lab02_cadet_code\lab2_code_for_cadets_2026\lab2_datapath.vhdl:]
WARNING: [filemgmt 56-199] Attempt to get parsing info during refresh. "On-the-fly" syntax checking information may be incorrect. [C:\Users\C27Brandon.Sweitzer\workspace\ece383_wksp\lab2\lab2\lab2.srcs\sources_1\imports\Downloads\Lab02_cadet_code\lab2_code_for_cadets_2026\lab2_fsm.vhdl:]
WARNING: [filemgmt 56-199] Attempt to get parsing info during refresh. "On-the-fly" syntax checking information may be incorrect. [C:\Users\C27Brandon.Sweitzer\workspace\ece383_wksp\lab2\lab2\lab2.srcs\sources_1\imports\Downloads\Lab02_cadet_code\lab2_code_for_cadets_2026\trigger_detector.vhd:]
WARNING: [filemgmt 56-199] Attempt to get parsing info during refresh. "On-the-fly" syntax checking information may be incorrect. [C:\Users\C27Brandon.Sweitzer\workspace\ece383_wksp\lab2\lab2\lab2.srcs\sources_1\imports\lab2_code_for_cadets_2026\ece383_pkg.vhd:]
WARNING: [filemgmt 56-199] Attempt to get parsing info during refresh. "On-the-fly" syntax checking information may be incorrect. [C:\Users\C27Brandon.Sweitzer\workspace\ece383_wksp\lab2\lab2\lab2.srcs\sources_1\new\color_mapper.vhd:]
WARNING: [filemgmt 56-199] Attempt to get parsing info during refresh. "On-the-fly" syntax checking information may be incorrect. [C:\Users\C27Brandon.Sweitzer\workspace\ece383_wksp\lab2\lab2\lab2.srcs\sources_1\imports\Downloads\Lab02_cadet_code\lab2_code_for_cadets_2026\lab2_datapath.vhdl:]
WARNING: [filemgmt 56-199] Attempt to get parsing info during refresh. "On-the-fly" syntax checking information may be incorrect. [C:\Users\C27Brandon.Sweitzer\workspace\ece383_wksp\lab2\lab2\lab2.srcs\sources_1\imports\Downloads\Lab02_cadet_code\lab2_code_for_cadets_2026\lab2_datapath.vhdl:]
ERROR: [Common 17-180] Spawn failed: No error
reset_run synth_1
launch_runs impl_1 -to_step write_bitstream -jobs 8
[Thu Mar  5 00:14:20 2026] Launched synth_1...
Run output will be captured here: C:/Users/C27Brandon.Sweitzer/workspace/ece383_wksp/lab2/lab2/lab2.runs/synth_1/runme.log
[Thu Mar  5 00:14:20 2026] Launched impl_1...
Run output will be captured here: C:/Users/C27Brandon.Sweitzer/workspace/ece383_wksp/lab2/lab2/lab2.runs/impl_1/runme.log
INFO: [Labtoolstcl 44-466] Opening hw_target localhost:3121/xilinx_tcf/Digilent/210276B7D0EDB
INFO: [Labtools 27-1434] Device xc7a200t (JTAG device index = 0) is programmed with a design that has no supported debug core(s) in it.
WARNING: [Labtoolstcl 44-129] No matching hw_ila_data was found.
set_property PROBES.FILE {} [get_hw_devices xc7a200t_0]
set_property FULL_PROBES.FILE {} [get_hw_devices xc7a200t_0]
set_property PROGRAM.FILE {C:/Users/C27Brandon.Sweitzer/workspace/ece383_wksp/lab2/lab2/lab2.runs/impl_1/lab2.bit} [get_hw_devices xc7a200t_0]
program_hw_devices [get_hw_devices xc7a200t_0]
INFO: [Labtools 27-3164] End of startup status: HIGH
program_hw_devices: Time (s): cpu = 00:00:05 ; elapsed = 00:00:06 . Memory (MB): peak = 1305.758 ; gain = 0.000
refresh_hw_device [lindex [get_hw_devices xc7a200t_0] 0]
INFO: [Labtools 27-1434] Device xc7a200t (JTAG device index = 0) is programmed with a design that has no supported debug core(s) in it.
ERROR: [Labtoolstcl 44-513] HW Target shutdown. Closing target: localhost:3121/xilinx_tcf/Digilent/210276B7D0EDB
WARNING: [filemgmt 56-199] Attempt to get parsing info during refresh. "On-the-fly" syntax checking information may be incorrect. [C:\Users\C27Brandon.Sweitzer\workspace\ece383_wksp\lab2\lab2\lab2.srcs\sources_1\imports\Downloads\Lab02_cadet_code\lab2_code_for_cadets_2026\lab2.vhd:]
WARNING: [filemgmt 56-199] Attempt to get parsing info during refresh. "On-the-fly" syntax checking information may be incorrect. [C:\Users\C27Brandon.Sweitzer\workspace\ece383_wksp\lab2\lab2\lab2.srcs\sources_1\imports\Downloads\Lab02_cadet_code\lab2_code_for_cadets_2026\lab2_datapath.vhdl:]
WARNING: [filemgmt 56-199] Attempt to get parsing info during refresh. "On-the-fly" syntax checking information may be incorrect. [C:\Users\C27Brandon.Sweitzer\workspace\ece383_wksp\lab2\lab2\lab2.srcs\sources_1\imports\Downloads\Lab02_cadet_code\lab2_code_for_cadets_2026\lab2_fsm.vhdl:]
WARNING: [filemgmt 56-199] Attempt to get parsing info during refresh. "On-the-fly" syntax checking information may be incorrect. [C:\Users\C27Brandon.Sweitzer\workspace\ece383_wksp\lab2\lab2\lab2.srcs\sources_1\imports\Downloads\Lab02_cadet_code\lab2_code_for_cadets_2026\trigger_detector.vhd:]
WARNING: [filemgmt 56-199] Attempt to get parsing info during refresh. "On-the-fly" syntax checking information may be incorrect. [C:\Users\C27Brandon.Sweitzer\workspace\ece383_wksp\lab2\lab2\lab2.srcs\sources_1\imports\lab2_code_for_cadets_2026\ece383_pkg.vhd:]
WARNING: [filemgmt 56-199] Attempt to get parsing info during refresh. "On-the-fly" syntax checking information may be incorrect. [C:\Users\C27Brandon.Sweitzer\workspace\ece383_wksp\lab2\lab2\lab2.srcs\sources_1\new\color_mapper.vhd:]
WARNING: [filemgmt 56-199] Attempt to get parsing info during refresh. "On-the-fly" syntax checking information may be incorrect. [C:\Users\C27Brandon.Sweitzer\workspace\ece383_wksp\lab2\lab2\lab2.srcs\sources_1\imports\Downloads\Lab02_cadet_code\lab2_code_for_cadets_2026\lab2_fsm.vhdl:]
WARNING: [filemgmt 56-199] Attempt to get parsing info during refresh. "On-the-fly" syntax checking information may be incorrect. [C:\Users\C27Brandon.Sweitzer\workspace\ece383_wksp\lab2\lab2\lab2.srcs\sources_1\imports\Downloads\Lab02_cadet_code\lab2_code_for_cadets_2026\lab2_fsm.vhdl:]
WARNING: [filemgmt 56-199] Attempt to get parsing info during refresh. "On-the-fly" syntax checking information may be incorrect. [C:\Users\C27Brandon.Sweitzer\workspace\ece383_wksp\lab2\lab2\lab2.srcs\sources_1\imports\Downloads\Lab02_cadet_code\lab2_code_for_cadets_2026\lab2.vhd:]
WARNING: [filemgmt 56-199] Attempt to get parsing info during refresh. "On-the-fly" syntax checking information may be incorrect. [C:\Users\C27Brandon.Sweitzer\workspace\ece383_wksp\lab2\lab2\lab2.srcs\sources_1\imports\Downloads\Lab02_cadet_code\lab2_code_for_cadets_2026\lab2_datapath.vhdl:]
WARNING: [filemgmt 56-199] Attempt to get parsing info during refresh. "On-the-fly" syntax checking information may be incorrect. [C:\Users\C27Brandon.Sweitzer\workspace\ece383_wksp\lab2\lab2\lab2.srcs\sources_1\imports\Downloads\Lab02_cadet_code\lab2_code_for_cadets_2026\lab2_fsm.vhdl:]
WARNING: [filemgmt 56-199] Attempt to get parsing info during refresh. "On-the-fly" syntax checking information may be incorrect. [C:\Users\C27Brandon.Sweitzer\workspace\ece383_wksp\lab2\lab2\lab2.srcs\sources_1\imports\Downloads\Lab02_cadet_code\lab2_code_for_cadets_2026\trigger_detector.vhd:]
WARNING: [filemgmt 56-199] Attempt to get parsing info during refresh. "On-the-fly" syntax checking information may be incorrect. [C:\Users\C27Brandon.Sweitzer\workspace\ece383_wksp\lab2\lab2\lab2.srcs\sources_1\imports\lab2_code_for_cadets_2026\ece383_pkg.vhd:]
WARNING: [filemgmt 56-199] Attempt to get parsing info during refresh. "On-the-fly" syntax checking information may be incorrect. [C:\Users\C27Brandon.Sweitzer\workspace\ece383_wksp\lab2\lab2\lab2.srcs\sources_1\new\color_mapper.vhd:]
WARNING: [filemgmt 56-199] Attempt to get parsing info during refresh. "On-the-fly" syntax checking information may be incorrect. [C:\Users\C27Brandon.Sweitzer\workspace\ece383_wksp\lab2\lab2\lab2.srcs\sources_1\imports\lab2_code_for_cadets_2026\ece383_pkg.vhd:]
WARNING: [filemgmt 56-199] Attempt to get parsing info during refresh. "On-the-fly" syntax checking information may be incorrect. [C:\Users\C27Brandon.Sweitzer\workspace\ece383_wksp\lab2\lab2\lab2.srcs\sources_1\imports\lab2_code_for_cadets_2026\ece383_pkg.vhd:]
WARNING: [filemgmt 56-199] Attempt to get parsing info during refresh. "On-the-fly" syntax checking information may be incorrect. [C:\Users\C27Brandon.Sweitzer\workspace\ece383_wksp\lab2\lab2\lab2.srcs\sources_1\imports\Downloads\Lab02_cadet_code\lab2_code_for_cadets_2026\lab2.vhd:]
WARNING: [filemgmt 56-199] Attempt to get parsing info during refresh. "On-the-fly" syntax checking information may be incorrect. [C:\Users\C27Brandon.Sweitzer\workspace\ece383_wksp\lab2\lab2\lab2.srcs\sources_1\imports\Downloads\Lab02_cadet_code\lab2_code_for_cadets_2026\lab2_datapath.vhdl:]
WARNING: [filemgmt 56-199] Attempt to get parsing info during refresh. "On-the-fly" syntax checking information may be incorrect. [C:\Users\C27Brandon.Sweitzer\workspace\ece383_wksp\lab2\lab2\lab2.srcs\sources_1\imports\Downloads\Lab02_cadet_code\lab2_code_for_cadets_2026\lab2_fsm.vhdl:]
WARNING: [filemgmt 56-199] Attempt to get parsing info during refresh. "On-the-fly" syntax checking information may be incorrect. [C:\Users\C27Brandon.Sweitzer\workspace\ece383_wksp\lab2\lab2\lab2.srcs\sources_1\imports\Downloads\Lab02_cadet_code\lab2_code_for_cadets_2026\trigger_detector.vhd:]
WARNING: [filemgmt 56-199] Attempt to get parsing info during refresh. "On-the-fly" syntax checking information may be incorrect. [C:\Users\C27Brandon.Sweitzer\workspace\ece383_wksp\lab2\lab2\lab2.srcs\sources_1\imports\lab2_code_for_cadets_2026\ece383_pkg.vhd:]
WARNING: [filemgmt 56-199] Attempt to get parsing info during refresh. "On-the-fly" syntax checking information may be incorrect. [C:\Users\C27Brandon.Sweitzer\workspace\ece383_wksp\lab2\lab2\lab2.srcs\sources_1\new\color_mapper.vhd:]
WARNING: [filemgmt 56-199] Attempt to get parsing info during refresh. "On-the-fly" syntax checking information may be incorrect. [C:\Users\C27Brandon.Sweitzer\workspace\ece383_wksp\lab2\lab2\lab2.srcs\sources_1\new\color_mapper.vhd:]
WARNING: [filemgmt 56-199] Attempt to get parsing info during refresh. "On-the-fly" syntax checking information may be incorrect. [C:\Users\C27Brandon.Sweitzer\workspace\ece383_wksp\lab2\lab2\lab2.srcs\sources_1\new\color_mapper.vhd:]
ERROR: [Common 17-180] Spawn failed: No error
WARNING: [filemgmt 56-199] Attempt to get parsing info during refresh. "On-the-fly" syntax checking information may be incorrect. [C:\Users\C27Brandon.Sweitzer\workspace\ece383_wksp\lab2\lab2\lab2.srcs\sources_1\imports\Downloads\Lab02_cadet_code\lab2_code_for_cadets_2026\lab2.vhd:]
WARNING: [filemgmt 56-199] Attempt to get parsing info during refresh. "On-the-fly" syntax checking information may be incorrect. [C:\Users\C27Brandon.Sweitzer\workspace\ece383_wksp\lab2\lab2\lab2.srcs\sources_1\imports\Downloads\Lab02_cadet_code\lab2_code_for_cadets_2026\lab2_datapath.vhdl:]
WARNING: [filemgmt 56-199] Attempt to get parsing info during refresh. "On-the-fly" syntax checking information may be incorrect. [C:\Users\C27Brandon.Sweitzer\workspace\ece383_wksp\lab2\lab2\lab2.srcs\sources_1\imports\Downloads\Lab02_cadet_code\lab2_code_for_cadets_2026\lab2_fsm.vhdl:]
WARNING: [filemgmt 56-199] Attempt to get parsing info during refresh. "On-the-fly" syntax checking information may be incorrect. [C:\Users\C27Brandon.Sweitzer\workspace\ece383_wksp\lab2\lab2\lab2.srcs\sources_1\imports\Downloads\Lab02_cadet_code\lab2_code_for_cadets_2026\trigger_detector.vhd:]
WARNING: [filemgmt 56-199] Attempt to get parsing info during refresh. "On-the-fly" syntax checking information may be incorrect. [C:\Users\C27Brandon.Sweitzer\workspace\ece383_wksp\lab2\lab2\lab2.srcs\sources_1\imports\lab2_code_for_cadets_2026\ece383_pkg.vhd:]
WARNING: [filemgmt 56-199] Attempt to get parsing info during refresh. "On-the-fly" syntax checking information may be incorrect. [C:\Users\C27Brandon.Sweitzer\workspace\ece383_wksp\lab2\lab2\lab2.srcs\sources_1\new\color_mapper.vhd:]
WARNING: [filemgmt 56-199] Attempt to get parsing info during refresh. "On-the-fly" syntax checking information may be incorrect. [C:\Users\C27Brandon.Sweitzer\workspace\ece383_wksp\lab2\lab2\lab2.srcs\sources_1\imports\Downloads\Lab02_cadet_code\lab2_code_for_cadets_2026\lab2.vhd:]
WARNING: [filemgmt 56-199] Attempt to get parsing info during refresh. "On-the-fly" syntax checking information may be incorrect. [C:\Users\C27Brandon.Sweitzer\workspace\ece383_wksp\lab2\lab2\lab2.srcs\sources_1\imports\Downloads\Lab02_cadet_code\lab2_code_for_cadets_2026\lab2.vhd:]
ERROR: [Common 17-180] Spawn failed: No error
WARNING: [filemgmt 56-199] Attempt to get parsing info during refresh. "On-the-fly" syntax checking information may be incorrect. [C:\Users\C27Brandon.Sweitzer\workspace\ece383_wksp\lab2\lab2\lab2.srcs\sources_1\imports\Downloads\Lab02_cadet_code\lab2_code_for_cadets_2026\lab2.vhd:]
WARNING: [filemgmt 56-199] Attempt to get parsing info during refresh. "On-the-fly" syntax checking information may be incorrect. [C:\Users\C27Brandon.Sweitzer\workspace\ece383_wksp\lab2\lab2\lab2.srcs\sources_1\imports\Downloads\Lab02_cadet_code\lab2_code_for_cadets_2026\lab2_datapath.vhdl:]
WARNING: [filemgmt 56-199] Attempt to get parsing info during refresh. "On-the-fly" syntax checking information may be incorrect. [C:\Users\C27Brandon.Sweitzer\workspace\ece383_wksp\lab2\lab2\lab2.srcs\sources_1\imports\Downloads\Lab02_cadet_code\lab2_code_for_cadets_2026\lab2_fsm.vhdl:]
WARNING: [filemgmt 56-199] Attempt to get parsing info during refresh. "On-the-fly" syntax checking information may be incorrect. [C:\Users\C27Brandon.Sweitzer\workspace\ece383_wksp\lab2\lab2\lab2.srcs\sources_1\imports\Downloads\Lab02_cadet_code\lab2_code_for_cadets_2026\trigger_detector.vhd:]
WARNING: [filemgmt 56-199] Attempt to get parsing info during refresh. "On-the-fly" syntax checking information may be incorrect. [C:\Users\C27Brandon.Sweitzer\workspace\ece383_wksp\lab2\lab2\lab2.srcs\sources_1\imports\lab2_code_for_cadets_2026\ece383_pkg.vhd:]
WARNING: [filemgmt 56-199] Attempt to get parsing info during refresh. "On-the-fly" syntax checking information may be incorrect. [C:\Users\C27Brandon.Sweitzer\workspace\ece383_wksp\lab2\lab2\lab2.srcs\sources_1\new\color_mapper.vhd:]
WARNING: [filemgmt 56-199] Attempt to get parsing info during refresh. "On-the-fly" syntax checking information may be incorrect. [C:\Users\C27Brandon.Sweitzer\workspace\ece383_wksp\lab2\lab2\lab2.srcs\sources_1\imports\Downloads\Lab02_cadet_code\lab2_code_for_cadets_2026\lab2_datapath.vhdl:]
WARNING: [filemgmt 56-199] Attempt to get parsing info during refresh. "On-the-fly" syntax checking information may be incorrect. [C:\Users\C27Brandon.Sweitzer\workspace\ece383_wksp\lab2\lab2\lab2.srcs\sources_1\imports\Downloads\Lab02_cadet_code\lab2_code_for_cadets_2026\lab2_datapath.vhdl:]
ERROR: [Common 17-180] Spawn failed: No error
WARNING: [filemgmt 56-199] Attempt to get parsing info during refresh. "On-the-fly" syntax checking information may be incorrect. [C:\Users\C27Brandon.Sweitzer\workspace\ece383_wksp\lab2\lab2\lab2.srcs\sources_1\imports\Downloads\Lab02_cadet_code\lab2_code_for_cadets_2026\lab2.vhd:]
WARNING: [filemgmt 56-199] Attempt to get parsing info during refresh. "On-the-fly" syntax checking information may be incorrect. [C:\Users\C27Brandon.Sweitzer\workspace\ece383_wksp\lab2\lab2\lab2.srcs\sources_1\imports\Downloads\Lab02_cadet_code\lab2_code_for_cadets_2026\lab2_datapath.vhdl:]
WARNING: [filemgmt 56-199] Attempt to get parsing info during refresh. "On-the-fly" syntax checking information may be incorrect. [C:\Users\C27Brandon.Sweitzer\workspace\ece383_wksp\lab2\lab2\lab2.srcs\sources_1\imports\Downloads\Lab02_cadet_code\lab2_code_for_cadets_2026\lab2_fsm.vhdl:]
WARNING: [filemgmt 56-199] Attempt to get parsing info during refresh. "On-the-fly" syntax checking information may be incorrect. [C:\Users\C27Brandon.Sweitzer\workspace\ece383_wksp\lab2\lab2\lab2.srcs\sources_1\imports\Downloads\Lab02_cadet_code\lab2_code_for_cadets_2026\trigger_detector.vhd:]
WARNING: [filemgmt 56-199] Attempt to get parsing info during refresh. "On-the-fly" syntax checking information may be incorrect. [C:\Users\C27Brandon.Sweitzer\workspace\ece383_wksp\lab2\lab2\lab2.srcs\sources_1\imports\lab2_code_for_cadets_2026\ece383_pkg.vhd:]
WARNING: [filemgmt 56-199] Attempt to get parsing info during refresh. "On-the-fly" syntax checking information may be incorrect. [C:\Users\C27Brandon.Sweitzer\workspace\ece383_wksp\lab2\lab2\lab2.srcs\sources_1\new\color_mapper.vhd:]
WARNING: [filemgmt 56-199] Attempt to get parsing info during refresh. "On-the-fly" syntax checking information may be incorrect. [C:\Users\C27Brandon.Sweitzer\workspace\ece383_wksp\lab2\lab2\lab2.srcs\sources_1\imports\new\lec10.vhdl:]
WARNING: [filemgmt 56-199] Attempt to get parsing info during refresh. "On-the-fly" syntax checking information may be incorrect. [C:\Users\C27Brandon.Sweitzer\workspace\ece383_wksp\lab2\lab2\lab2.srcs\sources_1\imports\Downloads\Lab02_cadet_code\lab2_code_for_cadets_2026\lab2_fsm.vhdl:]
WARNING: [filemgmt 56-199] Attempt to get parsing info during refresh. "On-the-fly" syntax checking information may be incorrect. [C:\Users\C27Brandon.Sweitzer\workspace\ece383_wksp\lab2\lab2\lab2.srcs\sources_1\imports\Downloads\Lab02_cadet_code\lab2_code_for_cadets_2026\lab2_fsm.vhdl:]
WARNING: [filemgmt 56-199] Attempt to get parsing info during refresh. "On-the-fly" syntax checking information may be incorrect. [C:\Users\C27Brandon.Sweitzer\workspace\ece383_wksp\lab2\lab2\lab2.srcs\sources_1\imports\Downloads\Lab02_cadet_code\lab2_code_for_cadets_2026\lab2.vhd:]
WARNING: [filemgmt 56-199] Attempt to get parsing info during refresh. "On-the-fly" syntax checking information may be incorrect. [C:\Users\C27Brandon.Sweitzer\workspace\ece383_wksp\lab2\lab2\lab2.srcs\sources_1\imports\Downloads\Lab02_cadet_code\lab2_code_for_cadets_2026\lab2_datapath.vhdl:]
WARNING: [filemgmt 56-199] Attempt to get parsing info during refresh. "On-the-fly" syntax checking information may be incorrect. [C:\Users\C27Brandon.Sweitzer\workspace\ece383_wksp\lab2\lab2\lab2.srcs\sources_1\imports\Downloads\Lab02_cadet_code\lab2_code_for_cadets_2026\lab2_fsm.vhdl:]
WARNING: [filemgmt 56-199] Attempt to get parsing info during refresh. "On-the-fly" syntax checking information may be incorrect. [C:\Users\C27Brandon.Sweitzer\workspace\ece383_wksp\lab2\lab2\lab2.srcs\sources_1\imports\Downloads\Lab02_cadet_code\lab2_code_for_cadets_2026\trigger_detector.vhd:]
WARNING: [filemgmt 56-199] Attempt to get parsing info during refresh. "On-the-fly" syntax checking information may be incorrect. [C:\Users\C27Brandon.Sweitzer\workspace\ece383_wksp\lab2\lab2\lab2.srcs\sources_1\imports\lab2_code_for_cadets_2026\ece383_pkg.vhd:]
WARNING: [filemgmt 56-199] Attempt to get parsing info during refresh. "On-the-fly" syntax checking information may be incorrect. [C:\Users\C27Brandon.Sweitzer\workspace\ece383_wksp\lab2\lab2\lab2.srcs\sources_1\new\color_mapper.vhd:]
WARNING: [filemgmt 56-199] Attempt to get parsing info during refresh. "On-the-fly" syntax checking information may be incorrect. [C:\Users\C27Brandon.Sweitzer\workspace\ece383_wksp\lab2\lab2\lab2.srcs\sources_1\imports\new\lec10.vhdl:]
WARNING: [filemgmt 56-199] Attempt to get parsing info during refresh. "On-the-fly" syntax checking information may be incorrect. [C:\Users\C27Brandon.Sweitzer\workspace\ece383_wksp\lab2\lab2\lab2.srcs\sources_1\imports\lab2_code_for_cadets_2026\ece383_pkg.vhd:]
WARNING: [filemgmt 56-199] Attempt to get parsing info during refresh. "On-the-fly" syntax checking information may be incorrect. [C:\Users\C27Brandon.Sweitzer\workspace\ece383_wksp\lab2\lab2\lab2.srcs\sources_1\imports\lab2_code_for_cadets_2026\ece383_pkg.vhd:]
WARNING: [filemgmt 56-199] Attempt to get parsing info during refresh. "On-the-fly" syntax checking information may be incorrect. [C:\Users\C27Brandon.Sweitzer\workspace\ece383_wksp\lab2\lab2\lab2.srcs\sources_1\imports\Downloads\Lab02_cadet_code\lab2_code_for_cadets_2026\lab2.vhd:]
WARNING: [filemgmt 56-199] Attempt to get parsing info during refresh. "On-the-fly" syntax checking information may be incorrect. [C:\Users\C27Brandon.Sweitzer\workspace\ece383_wksp\lab2\lab2\lab2.srcs\sources_1\imports\Downloads\Lab02_cadet_code\lab2_code_for_cadets_2026\lab2_datapath.vhdl:]
WARNING: [filemgmt 56-199] Attempt to get parsing info during refresh. "On-the-fly" syntax checking information may be incorrect. [C:\Users\C27Brandon.Sweitzer\workspace\ece383_wksp\lab2\lab2\lab2.srcs\sources_1\imports\Downloads\Lab02_cadet_code\lab2_code_for_cadets_2026\lab2_fsm.vhdl:]
WARNING: [filemgmt 56-199] Attempt to get parsing info during refresh. "On-the-fly" syntax checking information may be incorrect. [C:\Users\C27Brandon.Sweitzer\workspace\ece383_wksp\lab2\lab2\lab2.srcs\sources_1\imports\Downloads\Lab02_cadet_code\lab2_code_for_cadets_2026\trigger_detector.vhd:]
WARNING: [filemgmt 56-199] Attempt to get parsing info during refresh. "On-the-fly" syntax checking information may be incorrect. [C:\Users\C27Brandon.Sweitzer\workspace\ece383_wksp\lab2\lab2\lab2.srcs\sources_1\imports\lab2_code_for_cadets_2026\ece383_pkg.vhd:]
WARNING: [filemgmt 56-199] Attempt to get parsing info during refresh. "On-the-fly" syntax checking information may be incorrect. [C:\Users\C27Brandon.Sweitzer\workspace\ece383_wksp\lab2\lab2\lab2.srcs\sources_1\new\color_mapper.vhd:]
WARNING: [filemgmt 56-199] Attempt to get parsing info during refresh. "On-the-fly" syntax checking information may be incorrect. [C:\Users\C27Brandon.Sweitzer\workspace\ece383_wksp\lab2\lab2\lab2.srcs\sources_1\imports\new\lec10.vhdl:]
WARNING: [filemgmt 56-199] Attempt to get parsing info during refresh. "On-the-fly" syntax checking information may be incorrect. [C:\Users\C27Brandon.Sweitzer\workspace\ece383_wksp\lab2\lab2\lab2.srcs\sources_1\new\color_mapper.vhd:]
WARNING: [filemgmt 56-199] Attempt to get parsing info during refresh. "On-the-fly" syntax checking information may be incorrect. [C:\Users\C27Brandon.Sweitzer\workspace\ece383_wksp\lab2\lab2\lab2.srcs\sources_1\new\color_mapper.vhd:]
WARNING: [filemgmt 56-199] Attempt to get parsing info during refresh. "On-the-fly" syntax checking information may be incorrect. [C:\Users\C27Brandon.Sweitzer\workspace\ece383_wksp\lab2\lab2\lab2.srcs\sources_1\imports\Downloads\Lab02_cadet_code\lab2_code_for_cadets_2026\lab2.vhd:]
WARNING: [filemgmt 56-199] Attempt to get parsing info during refresh. "On-the-fly" syntax checking information may be incorrect. [C:\Users\C27Brandon.Sweitzer\workspace\ece383_wksp\lab2\lab2\lab2.srcs\sources_1\imports\Downloads\Lab02_cadet_code\lab2_code_for_cadets_2026\lab2_datapath.vhdl:]
WARNING: [filemgmt 56-199] Attempt to get parsing info during refresh. "On-the-fly" syntax checking information may be incorrect. [C:\Users\C27Brandon.Sweitzer\workspace\ece383_wksp\lab2\lab2\lab2.srcs\sources_1\imports\Downloads\Lab02_cadet_code\lab2_code_for_cadets_2026\lab2_fsm.vhdl:]
WARNING: [filemgmt 56-199] Attempt to get parsing info during refresh. "On-the-fly" syntax checking information may be incorrect. [C:\Users\C27Brandon.Sweitzer\workspace\ece383_wksp\lab2\lab2\lab2.srcs\sources_1\imports\Downloads\Lab02_cadet_code\lab2_code_for_cadets_2026\trigger_detector.vhd:]
WARNING: [filemgmt 56-199] Attempt to get parsing info during refresh. "On-the-fly" syntax checking information may be incorrect. [C:\Users\C27Brandon.Sweitzer\workspace\ece383_wksp\lab2\lab2\lab2.srcs\sources_1\imports\lab2_code_for_cadets_2026\ece383_pkg.vhd:]
WARNING: [filemgmt 56-199] Attempt to get parsing info during refresh. "On-the-fly" syntax checking information may be incorrect. [C:\Users\C27Brandon.Sweitzer\workspace\ece383_wksp\lab2\lab2\lab2.srcs\sources_1\new\color_mapper.vhd:]
WARNING: [filemgmt 56-199] Attempt to get parsing info during refresh. "On-the-fly" syntax checking information may be incorrect. [C:\Users\C27Brandon.Sweitzer\workspace\ece383_wksp\lab2\lab2\lab2.srcs\sources_1\imports\new\lec10.vhdl:]
WARNING: [filemgmt 56-199] Attempt to get parsing info during refresh. "On-the-fly" syntax checking information may be incorrect. [C:\Users\C27Brandon.Sweitzer\workspace\ece383_wksp\lab2\lab2\lab2.srcs\sources_1\imports\new\lec10.vhdl:]
WARNING: [filemgmt 56-199] Attempt to get parsing info during refresh. "On-the-fly" syntax checking information may be incorrect. [C:\Users\C27Brandon.Sweitzer\workspace\ece383_wksp\lab2\lab2\lab2.srcs\sources_1\imports\new\lec10.vhdl:]
WARNING: [filemgmt 56-199] Attempt to get parsing info during refresh. "On-the-fly" syntax checking information may be incorrect. [C:\Users\C27Brandon.Sweitzer\workspace\ece383_wksp\lab2\lab2\lab2.srcs\sources_1\imports\Downloads\Lab02_cadet_code\lab2_code_for_cadets_2026\lab2.vhd:]
WARNING: [filemgmt 56-199] Attempt to get parsing info during refresh. "On-the-fly" syntax checking information may be incorrect. [C:\Users\C27Brandon.Sweitzer\workspace\ece383_wksp\lab2\lab2\lab2.srcs\sources_1\imports\Downloads\Lab02_cadet_code\lab2_code_for_cadets_2026\lab2_datapath.vhdl:]
WARNING: [filemgmt 56-199] Attempt to get parsing info during refresh. "On-the-fly" syntax checking information may be incorrect. [C:\Users\C27Brandon.Sweitzer\workspace\ece383_wksp\lab2\lab2\lab2.srcs\sources_1\imports\Downloads\Lab02_cadet_code\lab2_code_for_cadets_2026\lab2_fsm.vhdl:]
WARNING: [filemgmt 56-199] Attempt to get parsing info during refresh. "On-the-fly" syntax checking information may be incorrect. [C:\Users\C27Brandon.Sweitzer\workspace\ece383_wksp\lab2\lab2\lab2.srcs\sources_1\imports\Downloads\Lab02_cadet_code\lab2_code_for_cadets_2026\trigger_detector.vhd:]
WARNING: [filemgmt 56-199] Attempt to get parsing info during refresh. "On-the-fly" syntax checking information may be incorrect. [C:\Users\C27Brandon.Sweitzer\workspace\ece383_wksp\lab2\lab2\lab2.srcs\sources_1\imports\lab2_code_for_cadets_2026\ece383_pkg.vhd:]
WARNING: [filemgmt 56-199] Attempt to get parsing info during refresh. "On-the-fly" syntax checking information may be incorrect. [C:\Users\C27Brandon.Sweitzer\workspace\ece383_wksp\lab2\lab2\lab2.srcs\sources_1\new\color_mapper.vhd:]
WARNING: [filemgmt 56-199] Attempt to get parsing info during refresh. "On-the-fly" syntax checking information may be incorrect. [C:\Users\C27Brandon.Sweitzer\workspace\ece383_wksp\lab2\lab2\lab2.srcs\sources_1\imports\new\lec10.vhdl:]
WARNING: [filemgmt 56-199] Attempt to get parsing info during refresh. "On-the-fly" syntax checking information may be incorrect. [C:\Users\C27Brandon.Sweitzer\workspace\ece383_wksp\lab2\lab2\lab2.srcs\sources_1\imports\Downloads\Lab02_cadet_code\lab2_code_for_cadets_2026\trigger_detector.vhd:]
WARNING: [filemgmt 56-199] Attempt to get parsing info during refresh. "On-the-fly" syntax checking information may be incorrect. [C:\Users\C27Brandon.Sweitzer\workspace\ece383_wksp\lab2\lab2\lab2.srcs\sources_1\imports\Downloads\Lab02_cadet_code\lab2_code_for_cadets_2026\trigger_detector.vhd:]
WARNING: [filemgmt 56-199] Attempt to get parsing info during refresh. "On-the-fly" syntax checking information may be incorrect. [C:\Users\C27Brandon.Sweitzer\workspace\ece383_wksp\lab2\lab2\lab2.srcs\sources_1\imports\Downloads\Lab02_cadet_code\lab2_code_for_cadets_2026\lab2.vhd:]
WARNING: [filemgmt 56-199] Attempt to get parsing info during refresh. "On-the-fly" syntax checking information may be incorrect. [C:\Users\C27Brandon.Sweitzer\workspace\ece383_wksp\lab2\lab2\lab2.srcs\sources_1\imports\Downloads\Lab02_cadet_code\lab2_code_for_cadets_2026\lab2_datapath.vhdl:]
WARNING: [filemgmt 56-199] Attempt to get parsing info during refresh. "On-the-fly" syntax checking information may be incorrect. [C:\Users\C27Brandon.Sweitzer\workspace\ece383_wksp\lab2\lab2\lab2.srcs\sources_1\imports\Downloads\Lab02_cadet_code\lab2_code_for_cadets_2026\lab2_fsm.vhdl:]
WARNING: [filemgmt 56-199] Attempt to get parsing info during refresh. "On-the-fly" syntax checking information may be incorrect. [C:\Users\C27Brandon.Sweitzer\workspace\ece383_wksp\lab2\lab2\lab2.srcs\sources_1\imports\Downloads\Lab02_cadet_code\lab2_code_for_cadets_2026\trigger_detector.vhd:]
WARNING: [filemgmt 56-199] Attempt to get parsing info during refresh. "On-the-fly" syntax checking information may be incorrect. [C:\Users\C27Brandon.Sweitzer\workspace\ece383_wksp\lab2\lab2\lab2.srcs\sources_1\imports\lab2_code_for_cadets_2026\ece383_pkg.vhd:]
WARNING: [filemgmt 56-199] Attempt to get parsing info during refresh. "On-the-fly" syntax checking information may be incorrect. [C:\Users\C27Brandon.Sweitzer\workspace\ece383_wksp\lab2\lab2\lab2.srcs\sources_1\new\color_mapper.vhd:]
WARNING: [filemgmt 56-199] Attempt to get parsing info during refresh. "On-the-fly" syntax checking information may be incorrect. [C:\Users\C27Brandon.Sweitzer\workspace\ece383_wksp\lab2\lab2\lab2.srcs\sources_1\imports\new\lec10.vhdl:]
WARNING: [filemgmt 56-199] Attempt to get parsing info during refresh. "On-the-fly" syntax checking information may be incorrect. [C:\Users\C27Brandon.Sweitzer\workspace\ece383_wksp\lab2\lab2\lab2.srcs\sources_1\imports\Downloads\Lab02_cadet_code\lab2_code_for_cadets_2026\lab2_datapath.vhdl:]
WARNING: [filemgmt 56-199] Attempt to get parsing info during refresh. "On-the-fly" syntax checking information may be incorrect. [C:\Users\C27Brandon.Sweitzer\workspace\ece383_wksp\lab2\lab2\lab2.srcs\sources_1\imports\Downloads\Lab02_cadet_code\lab2_code_for_cadets_2026\lab2_datapath.vhdl:]
reset_run synth_1
INFO: [Project 1-1161] Replacing file C:/Users/C27Brandon.Sweitzer/workspace/ece383_wksp/lab2/lab2/lab2.srcs/utils_1/imports/synth_1/lab2.dcp with file C:/Users/C27Brandon.Sweitzer/workspace/ece383_wksp/lab2/lab2/lab2.runs/synth_1/lab2.dcp
launch_runs impl_1 -to_step write_bitstream -jobs 8
WARNING: [filemgmt 56-199] Attempt to get parsing info during refresh. "On-the-fly" syntax checking information may be incorrect. [C:\Users\C27Brandon.Sweitzer\workspace\ece383_wksp\lab2\lab2\lab2.srcs\sources_1\imports\Downloads\Lab02_cadet_code\lab2_code_for_cadets_2026\lab2.vhd:]
WARNING: [filemgmt 56-199] Attempt to get parsing info during refresh. "On-the-fly" syntax checking information may be incorrect. [C:\Users\C27Brandon.Sweitzer\workspace\ece383_wksp\lab2\lab2\lab2.srcs\sources_1\imports\Downloads\Lab02_cadet_code\lab2_code_for_cadets_2026\lab2_datapath.vhdl:]
WARNING: [filemgmt 56-199] Attempt to get parsing info during refresh. "On-the-fly" syntax checking information may be incorrect. [C:\Users\C27Brandon.Sweitzer\workspace\ece383_wksp\lab2\lab2\lab2.srcs\sources_1\imports\Downloads\Lab02_cadet_code\lab2_code_for_cadets_2026\lab2_fsm.vhdl:]
WARNING: [filemgmt 56-199] Attempt to get parsing info during refresh. "On-the-fly" syntax checking information may be incorrect. [C:\Users\C27Brandon.Sweitzer\workspace\ece383_wksp\lab2\lab2\lab2.srcs\sources_1\imports\Downloads\Lab02_cadet_code\lab2_code_for_cadets_2026\trigger_detector.vhd:]
WARNING: [filemgmt 56-199] Attempt to get parsing info during refresh. "On-the-fly" syntax checking information may be incorrect. [C:\Users\C27Brandon.Sweitzer\workspace\ece383_wksp\lab2\lab2\lab2.srcs\sources_1\imports\lab2_code_for_cadets_2026\ece383_pkg.vhd:]
WARNING: [filemgmt 56-199] Attempt to get parsing info during refresh. "On-the-fly" syntax checking information may be incorrect. [C:\Users\C27Brandon.Sweitzer\workspace\ece383_wksp\lab2\lab2\lab2.srcs\sources_1\new\color_mapper.vhd:]
WARNING: [filemgmt 56-199] Attempt to get parsing info during refresh. "On-the-fly" syntax checking information may be incorrect. [C:\Users\C27Brandon.Sweitzer\workspace\ece383_wksp\lab2\lab2\lab2.srcs\sources_1\imports\new\lec10.vhdl:]
WARNING: [filemgmt 56-199] Attempt to get parsing info during refresh. "On-the-fly" syntax checking information may be incorrect. [C:\Users\C27Brandon.Sweitzer\workspace\ece383_wksp\lab2\lab2\lab2.srcs\sources_1\imports\Downloads\Lab02_cadet_code\lab2_code_for_cadets_2026\lab2_fsm.vhdl:]
WARNING: [filemgmt 56-199] Attempt to get parsing info during refresh. "On-the-fly" syntax checking information may be incorrect. [C:\Users\C27Brandon.Sweitzer\workspace\ece383_wksp\lab2\lab2\lab2.srcs\sources_1\imports\Downloads\Lab02_cadet_code\lab2_code_for_cadets_2026\lab2_fsm.vhdl:]
WARNING: [filemgmt 56-199] Attempt to get parsing info during refresh. "On-the-fly" syntax checking information may be incorrect. [C:\Users\C27Brandon.Sweitzer\workspace\ece383_wksp\lab2\lab2\lab2.srcs\sources_1\imports\Downloads\Lab02_cadet_code\lab2_code_for_cadets_2026\lab2.vhd:]
WARNING: [filemgmt 56-199] Attempt to get parsing info during refresh. "On-the-fly" syntax checking information may be incorrect. [C:\Users\C27Brandon.Sweitzer\workspace\ece383_wksp\lab2\lab2\lab2.srcs\sources_1\imports\Downloads\Lab02_cadet_code\lab2_code_for_cadets_2026\lab2_datapath.vhdl:]
WARNING: [filemgmt 56-199] Attempt to get parsing info during refresh. "On-the-fly" syntax checking information may be incorrect. [C:\Users\C27Brandon.Sweitzer\workspace\ece383_wksp\lab2\lab2\lab2.srcs\sources_1\imports\Downloads\Lab02_cadet_code\lab2_code_for_cadets_2026\lab2_fsm.vhdl:]
WARNING: [filemgmt 56-199] Attempt to get parsing info during refresh. "On-the-fly" syntax checking information may be incorrect. [C:\Users\C27Brandon.Sweitzer\workspace\ece383_wksp\lab2\lab2\lab2.srcs\sources_1\imports\Downloads\Lab02_cadet_code\lab2_code_for_cadets_2026\trigger_detector.vhd:]
WARNING: [filemgmt 56-199] Attempt to get parsing info during refresh. "On-the-fly" syntax checking information may be incorrect. [C:\Users\C27Brandon.Sweitzer\workspace\ece383_wksp\lab2\lab2\lab2.srcs\sources_1\imports\lab2_code_for_cadets_2026\ece383_pkg.vhd:]
WARNING: [filemgmt 56-199] Attempt to get parsing info during refresh. "On-the-fly" syntax checking information may be incorrect. [C:\Users\C27Brandon.Sweitzer\workspace\ece383_wksp\lab2\lab2\lab2.srcs\sources_1\new\color_mapper.vhd:]
WARNING: [filemgmt 56-199] Attempt to get parsing info during refresh. "On-the-fly" syntax checking information may be incorrect. [C:\Users\C27Brandon.Sweitzer\workspace\ece383_wksp\lab2\lab2\lab2.srcs\sources_1\imports\new\lec10.vhdl:]
WARNING: [filemgmt 56-199] Attempt to get parsing info during refresh. "On-the-fly" syntax checking information may be incorrect. [C:\Users\C27Brandon.Sweitzer\workspace\ece383_wksp\lab2\lab2\lab2.srcs\sources_1\imports\lab2_code_for_cadets_2026\ece383_pkg.vhd:]
WARNING: [filemgmt 56-199] Attempt to get parsing info during refresh. "On-the-fly" syntax checking information may be incorrect. [C:\Users\C27Brandon.Sweitzer\workspace\ece383_wksp\lab2\lab2\lab2.srcs\sources_1\imports\lab2_code_for_cadets_2026\ece383_pkg.vhd:]
WARNING: [filemgmt 56-199] Attempt to get parsing info during refresh. "On-the-fly" syntax checking information may be incorrect. [C:\Users\C27Brandon.Sweitzer\workspace\ece383_wksp\lab2\lab2\lab2.srcs\sources_1\imports\Downloads\Lab02_cadet_code\lab2_code_for_cadets_2026\lab2.vhd:]
WARNING: [filemgmt 56-199] Attempt to get parsing info during refresh. "On-the-fly" syntax checking information may be incorrect. [C:\Users\C27Brandon.Sweitzer\workspace\ece383_wksp\lab2\lab2\lab2.srcs\sources_1\imports\Downloads\Lab02_cadet_code\lab2_code_for_cadets_2026\lab2_datapath.vhdl:]
WARNING: [filemgmt 56-199] Attempt to get parsing info during refresh. "On-the-fly" syntax checking information may be incorrect. [C:\Users\C27Brandon.Sweitzer\workspace\ece383_wksp\lab2\lab2\lab2.srcs\sources_1\imports\Downloads\Lab02_cadet_code\lab2_code_for_cadets_2026\lab2_fsm.vhdl:]
WARNING: [filemgmt 56-199] Attempt to get parsing info during refresh. "On-the-fly" syntax checking information may be incorrect. [C:\Users\C27Brandon.Sweitzer\workspace\ece383_wksp\lab2\lab2\lab2.srcs\sources_1\imports\Downloads\Lab02_cadet_code\lab2_code_for_cadets_2026\trigger_detector.vhd:]
WARNING: [filemgmt 56-199] Attempt to get parsing info during refresh. "On-the-fly" syntax checking information may be incorrect. [C:\Users\C27Brandon.Sweitzer\workspace\ece383_wksp\lab2\lab2\lab2.srcs\sources_1\imports\lab2_code_for_cadets_2026\ece383_pkg.vhd:]
WARNING: [filemgmt 56-199] Attempt to get parsing info during refresh. "On-the-fly" syntax checking information may be incorrect. [C:\Users\C27Brandon.Sweitzer\workspace\ece383_wksp\lab2\lab2\lab2.srcs\sources_1\new\color_mapper.vhd:]
WARNING: [filemgmt 56-199] Attempt to get parsing info during refresh. "On-the-fly" syntax checking information may be incorrect. [C:\Users\C27Brandon.Sweitzer\workspace\ece383_wksp\lab2\lab2\lab2.srcs\sources_1\imports\new\lec10.vhdl:]
WARNING: [filemgmt 56-199] Attempt to get parsing info during refresh. "On-the-fly" syntax checking information may be incorrect. [C:\Users\C27Brandon.Sweitzer\workspace\ece383_wksp\lab2\lab2\lab2.srcs\sources_1\new\color_mapper.vhd:]
WARNING: [filemgmt 56-199] Attempt to get parsing info during refresh. "On-the-fly" syntax checking information may be incorrect. [C:\Users\C27Brandon.Sweitzer\workspace\ece383_wksp\lab2\lab2\lab2.srcs\sources_1\new\color_mapper.vhd:]
WARNING: [filemgmt 56-199] Attempt to get parsing info during refresh. "On-the-fly" syntax checking information may be incorrect. [C:\Users\C27Brandon.Sweitzer\workspace\ece383_wksp\lab2\lab2\lab2.srcs\sources_1\imports\Downloads\Lab02_cadet_code\lab2_code_for_cadets_2026\lab2.vhd:]
WARNING: [filemgmt 56-199] Attempt to get parsing info during refresh. "On-the-fly" syntax checking information may be incorrect. [C:\Users\C27Brandon.Sweitzer\workspace\ece383_wksp\lab2\lab2\lab2.srcs\sources_1\imports\Downloads\Lab02_cadet_code\lab2_code_for_cadets_2026\lab2_datapath.vhdl:]
WARNING: [filemgmt 56-199] Attempt to get parsing info during refresh. "On-the-fly" syntax checking information may be incorrect. [C:\Users\C27Brandon.Sweitzer\workspace\ece383_wksp\lab2\lab2\lab2.srcs\sources_1\imports\Downloads\Lab02_cadet_code\lab2_code_for_cadets_2026\lab2_fsm.vhdl:]
WARNING: [filemgmt 56-199] Attempt to get parsing info during refresh. "On-the-fly" syntax checking information may be incorrect. [C:\Users\C27Brandon.Sweitzer\workspace\ece383_wksp\lab2\lab2\lab2.srcs\sources_1\imports\Downloads\Lab02_cadet_code\lab2_code_for_cadets_2026\trigger_detector.vhd:]
WARNING: [filemgmt 56-199] Attempt to get parsing info during refresh. "On-the-fly" syntax checking information may be incorrect. [C:\Users\C27Brandon.Sweitzer\workspace\ece383_wksp\lab2\lab2\lab2.srcs\sources_1\imports\lab2_code_for_cadets_2026\ece383_pkg.vhd:]
WARNING: [filemgmt 56-199] Attempt to get parsing info during refresh. "On-the-fly" syntax checking information may be incorrect. [C:\Users\C27Brandon.Sweitzer\workspace\ece383_wksp\lab2\lab2\lab2.srcs\sources_1\new\color_mapper.vhd:]
WARNING: [filemgmt 56-199] Attempt to get parsing info during refresh. "On-the-fly" syntax checking information may be incorrect. [C:\Users\C27Brandon.Sweitzer\workspace\ece383_wksp\lab2\lab2\lab2.srcs\sources_1\imports\new\lec10.vhdl:]
WARNING: [filemgmt 56-199] Attempt to get parsing info during refresh. "On-the-fly" syntax checking information may be incorrect. [C:\Users\C27Brandon.Sweitzer\workspace\ece383_wksp\lab2\lab2\lab2.srcs\sources_1\imports\Downloads\Lab02_cadet_code\lab2_code_for_cadets_2026\lab2.vhd:]
WARNING: [filemgmt 56-199] Attempt to get parsing info during refresh. "On-the-fly" syntax checking information may be incorrect. [C:\Users\C27Brandon.Sweitzer\workspace\ece383_wksp\lab2\lab2\lab2.srcs\sources_1\imports\Downloads\Lab02_cadet_code\lab2_code_for_cadets_2026\lab2.vhd:]
WARNING: [filemgmt 56-199] Attempt to get parsing info during refresh. "On-the-fly" syntax checking information may be incorrect. [C:\Users\C27Brandon.Sweitzer\workspace\ece383_wksp\lab2\lab2\lab2.srcs\sources_1\imports\Downloads\Lab02_cadet_code\lab2_code_for_cadets_2026\lab2.vhd:]
WARNING: [filemgmt 56-199] Attempt to get parsing info during refresh. "On-the-fly" syntax checking information may be incorrect. [C:\Users\C27Brandon.Sweitzer\workspace\ece383_wksp\lab2\lab2\lab2.srcs\sources_1\imports\Downloads\Lab02_cadet_code\lab2_code_for_cadets_2026\lab2_datapath.vhdl:]
WARNING: [filemgmt 56-199] Attempt to get parsing info during refresh. "On-the-fly" syntax checking information may be incorrect. [C:\Users\C27Brandon.Sweitzer\workspace\ece383_wksp\lab2\lab2\lab2.srcs\sources_1\imports\Downloads\Lab02_cadet_code\lab2_code_for_cadets_2026\lab2_fsm.vhdl:]
WARNING: [filemgmt 56-199] Attempt to get parsing info during refresh. "On-the-fly" syntax checking information may be incorrect. [C:\Users\C27Brandon.Sweitzer\workspace\ece383_wksp\lab2\lab2\lab2.srcs\sources_1\imports\Downloads\Lab02_cadet_code\lab2_code_for_cadets_2026\trigger_detector.vhd:]
WARNING: [filemgmt 56-199] Attempt to get parsing info during refresh. "On-the-fly" syntax checking information may be incorrect. [C:\Users\C27Brandon.Sweitzer\workspace\ece383_wksp\lab2\lab2\lab2.srcs\sources_1\imports\lab2_code_for_cadets_2026\ece383_pkg.vhd:]
WARNING: [filemgmt 56-199] Attempt to get parsing info during refresh. "On-the-fly" syntax checking information may be incorrect. [C:\Users\C27Brandon.Sweitzer\workspace\ece383_wksp\lab2\lab2\lab2.srcs\sources_1\new\color_mapper.vhd:]
WARNING: [filemgmt 56-199] Attempt to get parsing info during refresh. "On-the-fly" syntax checking information may be incorrect. [C:\Users\C27Brandon.Sweitzer\workspace\ece383_wksp\lab2\lab2\lab2.srcs\sources_1\imports\new\lec10.vhdl:]
WARNING: [filemgmt 56-199] Attempt to get parsing info during refresh. "On-the-fly" syntax checking information may be incorrect. [C:\Users\C27Brandon.Sweitzer\workspace\ece383_wksp\lab2\lab2\lab2.srcs\sources_1\imports\Downloads\Lab02_cadet_code\lab2_code_for_cadets_2026\lab2_datapath.vhdl:]
WARNING: [filemgmt 56-199] Attempt to get parsing info during refresh. "On-the-fly" syntax checking information may be incorrect. [C:\Users\C27Brandon.Sweitzer\workspace\ece383_wksp\lab2\lab2\lab2.srcs\sources_1\imports\Downloads\Lab02_cadet_code\lab2_code_for_cadets_2026\lab2_datapath.vhdl:]
WARNING: [filemgmt 56-199] Attempt to get parsing info during refresh. "On-the-fly" syntax checking information may be incorrect. [C:\Users\C27Brandon.Sweitzer\workspace\ece383_wksp\lab2\lab2\lab2.srcs\sources_1\imports\Downloads\Lab02_cadet_code\lab2_code_for_cadets_2026\lab2.vhd:]
WARNING: [filemgmt 56-199] Attempt to get parsing info during refresh. "On-the-fly" syntax checking information may be incorrect. [C:\Users\C27Brandon.Sweitzer\workspace\ece383_wksp\lab2\lab2\lab2.srcs\sources_1\imports\Downloads\Lab02_cadet_code\lab2_code_for_cadets_2026\lab2_datapath.vhdl:]
WARNING: [filemgmt 56-199] Attempt to get parsing info during refresh. "On-the-fly" syntax checking information may be incorrect. [C:\Users\C27Brandon.Sweitzer\workspace\ece383_wksp\lab2\lab2\lab2.srcs\sources_1\imports\Downloads\Lab02_cadet_code\lab2_code_for_cadets_2026\lab2_fsm.vhdl:]
WARNING: [filemgmt 56-199] Attempt to get parsing info during refresh. "On-the-fly" syntax checking information may be incorrect. [C:\Users\C27Brandon.Sweitzer\workspace\ece383_wksp\lab2\lab2\lab2.srcs\sources_1\imports\Downloads\Lab02_cadet_code\lab2_code_for_cadets_2026\trigger_detector.vhd:]
WARNING: [filemgmt 56-199] Attempt to get parsing info during refresh. "On-the-fly" syntax checking information may be incorrect. [C:\Users\C27Brandon.Sweitzer\workspace\ece383_wksp\lab2\lab2\lab2.srcs\sources_1\imports\lab2_code_for_cadets_2026\ece383_pkg.vhd:]
WARNING: [filemgmt 56-199] Attempt to get parsing info during refresh. "On-the-fly" syntax checking information may be incorrect. [C:\Users\C27Brandon.Sweitzer\workspace\ece383_wksp\lab2\lab2\lab2.srcs\sources_1\new\color_mapper.vhd:]
WARNING: [filemgmt 56-199] Attempt to get parsing info during refresh. "On-the-fly" syntax checking information may be incorrect. [C:\Users\C27Brandon.Sweitzer\workspace\ece383_wksp\lab2\lab2\lab2.srcs\sources_1\imports\new\lec10.vhdl:]
WARNING: [filemgmt 56-199] Attempt to get parsing info during refresh. "On-the-fly" syntax checking information may be incorrect. [C:\Users\C27Brandon.Sweitzer\workspace\ece383_wksp\lab2\lab2\lab2.srcs\sources_1\imports\Downloads\Lab02_cadet_code\lab2_code_for_cadets_2026\trigger_detector.vhd:]
WARNING: [filemgmt 56-199] Attempt to get parsing info during refresh. "On-the-fly" syntax checking information may be incorrect. [C:\Users\C27Brandon.Sweitzer\workspace\ece383_wksp\lab2\lab2\lab2.srcs\sources_1\imports\Downloads\Lab02_cadet_code\lab2_code_for_cadets_2026\trigger_detector.vhd:]
WARNING: [filemgmt 56-199] Attempt to get parsing info during refresh. "On-the-fly" syntax checking information may be incorrect. [C:\Users\C27Brandon.Sweitzer\workspace\ece383_wksp\lab2\lab2\lab2.srcs\sources_1\imports\Downloads\Lab02_cadet_code\lab2_code_for_cadets_2026\lab2.vhd:]
WARNING: [filemgmt 56-199] Attempt to get parsing info during refresh. "On-the-fly" syntax checking information may be incorrect. [C:\Users\C27Brandon.Sweitzer\workspace\ece383_wksp\lab2\lab2\lab2.srcs\sources_1\imports\Downloads\Lab02_cadet_code\lab2_code_for_cadets_2026\lab2_datapath.vhdl:]
WARNING: [filemgmt 56-199] Attempt to get parsing info during refresh. "On-the-fly" syntax checking information may be incorrect. [C:\Users\C27Brandon.Sweitzer\workspace\ece383_wksp\lab2\lab2\lab2.srcs\sources_1\imports\Downloads\Lab02_cadet_code\lab2_code_for_cadets_2026\lab2_fsm.vhdl:]
WARNING: [filemgmt 56-199] Attempt to get parsing info during refresh. "On-the-fly" syntax checking information may be incorrect. [C:\Users\C27Brandon.Sweitzer\workspace\ece383_wksp\lab2\lab2\lab2.srcs\sources_1\imports\Downloads\Lab02_cadet_code\lab2_code_for_cadets_2026\trigger_detector.vhd:]
WARNING: [filemgmt 56-199] Attempt to get parsing info during refresh. "On-the-fly" syntax checking information may be incorrect. [C:\Users\C27Brandon.Sweitzer\workspace\ece383_wksp\lab2\lab2\lab2.srcs\sources_1\imports\lab2_code_for_cadets_2026\ece383_pkg.vhd:]
WARNING: [filemgmt 56-199] Attempt to get parsing info during refresh. "On-the-fly" syntax checking information may be incorrect. [C:\Users\C27Brandon.Sweitzer\workspace\ece383_wksp\lab2\lab2\lab2.srcs\sources_1\new\color_mapper.vhd:]
WARNING: [filemgmt 56-199] Attempt to get parsing info during refresh. "On-the-fly" syntax checking information may be incorrect. [C:\Users\C27Brandon.Sweitzer\workspace\ece383_wksp\lab2\lab2\lab2.srcs\sources_1\imports\new\lec10.vhdl:]
WARNING: [filemgmt 56-199] Attempt to get parsing info during refresh. "On-the-fly" syntax checking information may be incorrect. [C:\Users\C27Brandon.Sweitzer\workspace\ece383_wksp\lab2\lab2\lab2.srcs\sources_1\imports\new\lec10.vhdl:]
WARNING: [filemgmt 56-199] Attempt to get parsing info during refresh. "On-the-fly" syntax checking information may be incorrect. [C:\Users\C27Brandon.Sweitzer\workspace\ece383_wksp\lab2\lab2\lab2.srcs\sources_1\imports\new\lec10.vhdl:]
WARNING: [filemgmt 56-199] Attempt to get parsing info during refresh. "On-the-fly" syntax checking information may be incorrect. [C:\Users\C27Brandon.Sweitzer\workspace\ece383_wksp\lab2\lab2\lab2.srcs\sources_1\imports\Downloads\Lab02_cadet_code\lab2_code_for_cadets_2026\lab2.vhd:]
WARNING: [filemgmt 56-199] Attempt to get parsing info during refresh. "On-the-fly" syntax checking information may be incorrect. [C:\Users\C27Brandon.Sweitzer\workspace\ece383_wksp\lab2\lab2\lab2.srcs\sources_1\imports\Downloads\Lab02_cadet_code\lab2_code_for_cadets_2026\lab2_datapath.vhdl:]
WARNING: [filemgmt 56-199] Attempt to get parsing info during refresh. "On-the-fly" syntax checking information may be incorrect. [C:\Users\C27Brandon.Sweitzer\workspace\ece383_wksp\lab2\lab2\lab2.srcs\sources_1\imports\Downloads\Lab02_cadet_code\lab2_code_for_cadets_2026\lab2_fsm.vhdl:]
WARNING: [filemgmt 56-199] Attempt to get parsing info during refresh. "On-the-fly" syntax checking information may be incorrect. [C:\Users\C27Brandon.Sweitzer\workspace\ece383_wksp\lab2\lab2\lab2.srcs\sources_1\imports\Downloads\Lab02_cadet_code\lab2_code_for_cadets_2026\trigger_detector.vhd:]
WARNING: [filemgmt 56-199] Attempt to get parsing info during refresh. "On-the-fly" syntax checking information may be incorrect. [C:\Users\C27Brandon.Sweitzer\workspace\ece383_wksp\lab2\lab2\lab2.srcs\sources_1\imports\lab2_code_for_cadets_2026\ece383_pkg.vhd:]
WARNING: [filemgmt 56-199] Attempt to get parsing info during refresh. "On-the-fly" syntax checking information may be incorrect. [C:\Users\C27Brandon.Sweitzer\workspace\ece383_wksp\lab2\lab2\lab2.srcs\sources_1\new\color_mapper.vhd:]
WARNING: [filemgmt 56-199] Attempt to get parsing info during refresh. "On-the-fly" syntax checking information may be incorrect. [C:\Users\C27Brandon.Sweitzer\workspace\ece383_wksp\lab2\lab2\lab2.srcs\sources_1\imports\new\lec10.vhdl:]
WARNING: [filemgmt 56-199] Attempt to get parsing info during refresh. "On-the-fly" syntax checking information may be incorrect. [C:\Users\C27Brandon.Sweitzer\workspace\ece383_wksp\lab2\lab2\lab2.srcs\sources_1\imports\Downloads\Lab02_cadet_code\lab2_code_for_cadets_2026\trigger_detector.vhd:]
WARNING: [filemgmt 56-199] Attempt to get parsing info during refresh. "On-the-fly" syntax checking information may be incorrect. [C:\Users\C27Brandon.Sweitzer\workspace\ece383_wksp\lab2\lab2\lab2.srcs\sources_1\imports\Downloads\Lab02_cadet_code\lab2_code_for_cadets_2026\trigger_detector.vhd:]
WARNING: [filemgmt 56-199] Attempt to get parsing info during refresh. "On-the-fly" syntax checking information may be incorrect. [C:\Users\C27Brandon.Sweitzer\workspace\ece383_wksp\lab2\lab2\lab2.srcs\sources_1\imports\Downloads\Lab02_cadet_code\lab2_code_for_cadets_2026\lab2.vhd:]
WARNING: [filemgmt 56-199] Attempt to get parsing info during refresh. "On-the-fly" syntax checking information may be incorrect. [C:\Users\C27Brandon.Sweitzer\workspace\ece383_wksp\lab2\lab2\lab2.srcs\sources_1\imports\Downloads\Lab02_cadet_code\lab2_code_for_cadets_2026\lab2_datapath.vhdl:]
WARNING: [filemgmt 56-199] Attempt to get parsing info during refresh. "On-the-fly" syntax checking information may be incorrect. [C:\Users\C27Brandon.Sweitzer\workspace\ece383_wksp\lab2\lab2\lab2.srcs\sources_1\imports\Downloads\Lab02_cadet_code\lab2_code_for_cadets_2026\lab2_fsm.vhdl:]
WARNING: [filemgmt 56-199] Attempt to get parsing info during refresh. "On-the-fly" syntax checking information may be incorrect. [C:\Users\C27Brandon.Sweitzer\workspace\ece383_wksp\lab2\lab2\lab2.srcs\sources_1\imports\Downloads\Lab02_cadet_code\lab2_code_for_cadets_2026\trigger_detector.vhd:]
WARNING: [filemgmt 56-199] Attempt to get parsing info during refresh. "On-the-fly" syntax checking information may be incorrect. [C:\Users\C27Brandon.Sweitzer\workspace\ece383_wksp\lab2\lab2\lab2.srcs\sources_1\imports\lab2_code_for_cadets_2026\ece383_pkg.vhd:]
WARNING: [filemgmt 56-199] Attempt to get parsing info during refresh. "On-the-fly" syntax checking information may be incorrect. [C:\Users\C27Brandon.Sweitzer\workspace\ece383_wksp\lab2\lab2\lab2.srcs\sources_1\new\color_mapper.vhd:]
WARNING: [filemgmt 56-199] Attempt to get parsing info during refresh. "On-the-fly" syntax checking information may be incorrect. [C:\Users\C27Brandon.Sweitzer\workspace\ece383_wksp\lab2\lab2\lab2.srcs\sources_1\imports\new\lec10.vhdl:]
WARNING: [filemgmt 56-199] Attempt to get parsing info during refresh. "On-the-fly" syntax checking information may be incorrect. [C:\Users\C27Brandon.Sweitzer\workspace\ece383_wksp\lab2\lab2\lab2.srcs\sources_1\imports\Downloads\Lab02_cadet_code\lab2_code_for_cadets_2026\lab2_datapath.vhdl:]
WARNING: [filemgmt 56-199] Attempt to get parsing info during refresh. "On-the-fly" syntax checking information may be incorrect. [C:\Users\C27Brandon.Sweitzer\workspace\ece383_wksp\lab2\lab2\lab2.srcs\sources_1\imports\Downloads\Lab02_cadet_code\lab2_code_for_cadets_2026\lab2_datapath.vhdl:]
WARNING: [filemgmt 56-199] Attempt to get parsing info during refresh. "On-the-fly" syntax checking information may be incorrect. [C:\Users\C27Brandon.Sweitzer\workspace\ece383_wksp\lab2\lab2\lab2.srcs\sources_1\imports\Downloads\Lab02_cadet_code\lab2_code_for_cadets_2026\lab2.vhd:]
WARNING: [filemgmt 56-199] Attempt to get parsing info during refresh. "On-the-fly" syntax checking information may be incorrect. [C:\Users\C27Brandon.Sweitzer\workspace\ece383_wksp\lab2\lab2\lab2.srcs\sources_1\imports\Downloads\Lab02_cadet_code\lab2_code_for_cadets_2026\lab2_datapath.vhdl:]
WARNING: [filemgmt 56-199] Attempt to get parsing info during refresh. "On-the-fly" syntax checking information may be incorrect. [C:\Users\C27Brandon.Sweitzer\workspace\ece383_wksp\lab2\lab2\lab2.srcs\sources_1\imports\Downloads\Lab02_cadet_code\lab2_code_for_cadets_2026\lab2_fsm.vhdl:]
WARNING: [filemgmt 56-199] Attempt to get parsing info during refresh. "On-the-fly" syntax checking information may be incorrect. [C:\Users\C27Brandon.Sweitzer\workspace\ece383_wksp\lab2\lab2\lab2.srcs\sources_1\imports\Downloads\Lab02_cadet_code\lab2_code_for_cadets_2026\trigger_detector.vhd:]
WARNING: [filemgmt 56-199] Attempt to get parsing info during refresh. "On-the-fly" syntax checking information may be incorrect. [C:\Users\C27Brandon.Sweitzer\workspace\ece383_wksp\lab2\lab2\lab2.srcs\sources_1\imports\lab2_code_for_cadets_2026\ece383_pkg.vhd:]
WARNING: [filemgmt 56-199] Attempt to get parsing info during refresh. "On-the-fly" syntax checking information may be incorrect. [C:\Users\C27Brandon.Sweitzer\workspace\ece383_wksp\lab2\lab2\lab2.srcs\sources_1\new\color_mapper.vhd:]
WARNING: [filemgmt 56-199] Attempt to get parsing info during refresh. "On-the-fly" syntax checking information may be incorrect. [C:\Users\C27Brandon.Sweitzer\workspace\ece383_wksp\lab2\lab2\lab2.srcs\sources_1\imports\new\lec10.vhdl:]
WARNING: [filemgmt 56-199] Attempt to get parsing info during refresh. "On-the-fly" syntax checking information may be incorrect. [C:\Users\C27Brandon.Sweitzer\workspace\ece383_wksp\lab2\lab2\lab2.srcs\sources_1\imports\new\lec10.vhdl:]
WARNING: [filemgmt 56-199] Attempt to get parsing info during refresh. "On-the-fly" syntax checking information may be incorrect. [C:\Users\C27Brandon.Sweitzer\workspace\ece383_wksp\lab2\lab2\lab2.srcs\sources_1\imports\new\lec10.vhdl:]
ERROR: [Common 17-180] Spawn failed: No error
WARNING: [filemgmt 56-199] Attempt to get parsing info during refresh. "On-the-fly" syntax checking information may be incorrect. [C:\Users\C27Brandon.Sweitzer\workspace\ece383_wksp\lab2\lab2\lab2.srcs\sources_1\imports\Downloads\Lab02_cadet_code\lab2_code_for_cadets_2026\lab2.vhd:]
WARNING: [filemgmt 56-199] Attempt to get parsing info during refresh. "On-the-fly" syntax checking information may be incorrect. [C:\Users\C27Brandon.Sweitzer\workspace\ece383_wksp\lab2\lab2\lab2.srcs\sources_1\imports\Downloads\Lab02_cadet_code\lab2_code_for_cadets_2026\lab2_datapath.vhdl:]
WARNING: [filemgmt 56-199] Attempt to get parsing info during refresh. "On-the-fly" syntax checking information may be incorrect. [C:\Users\C27Brandon.Sweitzer\workspace\ece383_wksp\lab2\lab2\lab2.srcs\sources_1\imports\Downloads\Lab02_cadet_code\lab2_code_for_cadets_2026\lab2_fsm.vhdl:]
WARNING: [filemgmt 56-199] Attempt to get parsing info during refresh. "On-the-fly" syntax checking information may be incorrect. [C:\Users\C27Brandon.Sweitzer\workspace\ece383_wksp\lab2\lab2\lab2.srcs\sources_1\imports\Downloads\Lab02_cadet_code\lab2_code_for_cadets_2026\trigger_detector.vhd:]
WARNING: [filemgmt 56-199] Attempt to get parsing info during refresh. "On-the-fly" syntax checking information may be incorrect. [C:\Users\C27Brandon.Sweitzer\workspace\ece383_wksp\lab2\lab2\lab2.srcs\sources_1\imports\lab2_code_for_cadets_2026\ece383_pkg.vhd:]
WARNING: [filemgmt 56-199] Attempt to get parsing info during refresh. "On-the-fly" syntax checking information may be incorrect. [C:\Users\C27Brandon.Sweitzer\workspace\ece383_wksp\lab2\lab2\lab2.srcs\sources_1\new\color_mapper.vhd:]
WARNING: [filemgmt 56-199] Attempt to get parsing info during refresh. "On-the-fly" syntax checking information may be incorrect. [C:\Users\C27Brandon.Sweitzer\workspace\ece383_wksp\lab2\lab2\lab2.srcs\sources_1\imports\new\lec10.vhdl:]
WARNING: [filemgmt 56-199] Attempt to get parsing info during refresh. "On-the-fly" syntax checking information may be incorrect. [C:\Users\C27Brandon.Sweitzer\workspace\ece383_wksp\lab2\lab2\lab2.srcs\sources_1\imports\Downloads\Lab02_cadet_code\lab2_code_for_cadets_2026\lab2_fsm.vhdl:]
WARNING: [filemgmt 56-199] Attempt to get parsing info during refresh. "On-the-fly" syntax checking information may be incorrect. [C:\Users\C27Brandon.Sweitzer\workspace\ece383_wksp\lab2\lab2\lab2.srcs\sources_1\imports\Downloads\Lab02_cadet_code\lab2_code_for_cadets_2026\lab2_fsm.vhdl:]
ERROR: [Common 17-180] Spawn failed: No error
WARNING: [filemgmt 56-199] Attempt to get parsing info during refresh. "On-the-fly" syntax checking information may be incorrect. [C:\Users\C27Brandon.Sweitzer\workspace\ece383_wksp\lab2\lab2\lab2.srcs\sources_1\imports\Downloads\Lab02_cadet_code\lab2_code_for_cadets_2026\lab2.vhd:]
INFO: [Common 17-14] Message 'filemgmt 56-199' appears 100 times and further instances of the messages will be disabled. Use the Tcl command set_msg_config to change the current settings.
ERROR: [Common 17-180] Spawn failed: No error
ERROR: [Vivado 12-4756] Launch of runs aborted due to earlier errors while preparing sub-designs for run execution.
launch_runs impl_1 -to_step write_bitstream -jobs 8
[Thu Mar  5 00:43:11 2026] Launched synth_1...
Run output will be captured here: C:/Users/C27Brandon.Sweitzer/workspace/ece383_wksp/lab2/lab2/lab2.runs/synth_1/runme.log
[Thu Mar  5 00:43:11 2026] Launched impl_1...
Run output will be captured here: C:/Users/C27Brandon.Sweitzer/workspace/ece383_wksp/lab2/lab2/lab2.runs/impl_1/runme.log
INFO: [Labtoolstcl 44-466] Opening hw_target localhost:3121/xilinx_tcf/Digilent/210276B7D0EDB
INFO: [Labtools 27-1434] Device xc7a200t (JTAG device index = 0) is programmed with a design that has no supported debug core(s) in it.
WARNING: [Labtoolstcl 44-129] No matching hw_ila_data was found.
set_property PROBES.FILE {} [get_hw_devices xc7a200t_0]
set_property FULL_PROBES.FILE {} [get_hw_devices xc7a200t_0]
set_property PROGRAM.FILE {C:/Users/C27Brandon.Sweitzer/workspace/ece383_wksp/lab2/lab2/lab2.runs/impl_1/lab2.bit} [get_hw_devices xc7a200t_0]
program_hw_devices [get_hw_devices xc7a200t_0]
INFO: [Labtools 27-3164] End of startup status: HIGH
program_hw_devices: Time (s): cpu = 00:00:04 ; elapsed = 00:00:06 . Memory (MB): peak = 1305.758 ; gain = 0.000
refresh_hw_device [lindex [get_hw_devices xc7a200t_0] 0]
INFO: [Labtools 27-1434] Device xc7a200t (JTAG device index = 0) is programmed with a design that has no supported debug core(s) in it.
ERROR: [Labtoolstcl 44-513] HW Target shutdown. Closing target: localhost:3121/xilinx_tcf/Digilent/210276B7D0EDB
